cruise;day;st;Longitude;Latitude;presion;depth;temp;sal;fluo;turb;par;oxig;PARsurf
ENVI;8;3;8.956;42;-5;4.961;13.0595;31.7994;2.3001;2.7233;0.19879;2.4286;2.297
ENVI;8;3;8.956;42;-6;5.953;13.1765;32.3111;2.2827;2.647;0.1006;2.512;2.3109
ENVI;8;3;8.956;42;-7;6.945;13.4829;33.6731;3.0435;2.9936;0.073504;2.5136;2.2809
ENVI;8;3;8.956;42;-8;7.937;13.4166;33.4046;3.8328;2.578;0.033348;2.5225;2.3144
ENVI;8;3;8.956;42;-9;8.929;13.55;34.0662;4.0882;2.4296;0.0065272;2.5221;2.0591
ENVI;8;3;8.956;42;-10;9.921;13.5733;34.519;6.0806;1.8128;0.00015747;2.5263;2.1822
ENVI;8;3;8.956;42;-11;10.913;13.4785;34.7621;6.3067;2.0627;1.00E-12;2.5571;2.487
ENVI;8;3;8.956;42;-12;11.905;13.4681;34.8581;6.8864;1.9701;1.00E-12;2.5825;2.297
ENVI;8;3;8.956;42;-13;12.897;13.4688;34.9245;7.6148;2.1063;1.00E-12;2.5982;2.306
ENVI;8;3;8.956;42;-14;13.89;13.4683;34.9392;7.5157;1.8095;1.00E-12;2.6014;2.2609
ENVI;8;3;8.956;42;-15;14.882;13.467;34.968;7.6377;1.7043;1.00E-12;2.6016;3.1711
ENVI;8;3;8.956;42;-16;15.874;13.4642;35.054;7.0836;1.5375;1.00E-12;2.6011;3.1348
ENVI;8;3;8.956;42;-17;16.866;13.4522;35.1158;7.9628;1.7778;1.00E-12;2.5956;2.6603
ENVI;8;3;8.956;42;-18;17.858;13.4543;35.14;9.0378;1.3292;1.00E-12;2.5811;2.6998
ENVI;8;3;8.956;42;-19;18.85;13.4625;35.164;7.2483;1.3978;1.00E-12;2.5664;2.686
ENVI;8;3;8.956;42;-20;19.842;13.4744;35.1829;6.7425;1.2293;1.00E-12;2.5497;3.741
ENVI;8;3;8.956;42;-21;20.834;13.4845;35.1995;6.7912;1.4178;1.00E-12;2.543;2.6606
ENVI;8;3;8.956;42;-22;21.826;13.4852;35.2142;6.8759;1.5571;1.00E-12;2.5357;2.2361
ENVI;8;3;8.956;42;-23;22.818;13.5057;35.2858;8.0683;1.9248;1.00E-12;2.5223;2.8915
ENVI;8;3;8.956;42;-24;23.81;13.5364;35.3811;6.3809;1.686;1.00E-12;2.4902;2.6573
ENVI;8;3;8.956;42;-25;24.802;13.5772;35.4897;4.8671;1.7894;1.00E-12;2.4529;2.742
ENVI;8;3;8.956;42;-26;25.794;13.6118;35.5651;3.026;1.6117;1.00E-12;2.4144;2.9089
ENVI;8;3;8.956;42;-27;26.786;13.6256;35.5841;2.158;1.4951;1.00E-12;2.3779;3.126
ENVI;8;3;8.956;42;-28;27.778;13.683;35.6133;1.7049;1.4083;1.00E-12;2.3601;3.0287
ENVI;8;3;8.956;42;-29;28.77;13.7138;35.6737;1.1613;1.4695;1.00E-12;2.3512;3.0862
ENVI;8;3;8.956;42;-30;29.762;13.6136;35.6293;0.6772;2.3145;1.00E-12;2.3154;3.7202
ENVI;8;3;8.956;42;-31;30.754;13.5617;35.7018;0.8218;2.4804;1.00E-12;2.3218;3.0821
ENVI;8;3;8.956;42;-32;31.746;13.5451;35.7023;0.4366;3.4435;1.00E-12;2.3132;2.7968
ENVI;8;3;8.956;42;-33;32.738;13.5149;35.7028;0.3907;3.6341;1.00E-12;2.277;3.6991
ENVI;8;3;8.956;42;-34;33.73;13.4811;35.7011;0.3427;3.4767;1.00E-12;2.2508;3.5501
ENVI;8;3;8.956;42;-35;34.722;13.4424;35.6972;0.2964;3.5843;1.00E-12;2.2345;3.5977
ENVI;8;3;8.956;42;-36;35.714;13.4403;35.6958;0.274;3.3818;1.00E-12;2.2227;3.5898
ENVI;8;3;8.956;42;-37;36.706;13.4269;35.6948;0.3214;3.8737;1.00E-12;2.2219;3.448
ENVI;8;3;8.956;42;-38;37.698;13.4242;35.6948;0.3076;4.0519;1.00E-12;2.2203;3.47
ENVI;8;3;8.956;42;-39;38.69;13.4176;35.695;0.2979;4.1697;1.00E-12;2.2191;3.3277
ENVI;8;3;8.956;42;-40;39.682;13.4154;35.6946;0.2872;3.4096;1.00E-12;2.2158;3.8295
ENVI;8;3;8.956;42;-41;40.674;13.4065;35.6954;0.2943;3.551;1.00E-12;2.2151;3.6386
ENVI;8;3;8.956;42;-42;41.666;13.3729;35.6998;0.2863;4.0378;1.00E-12;2.2146;3.5755
ENVI;8;3;8.956;42;-43;42.658;13.36;35.7009;0.2684;3.8787;1.00E-12;2.2119;3.6164
ENVI;8;3;8.956;42;-44;43.65;13.3302;35.7033;0.2765;3.7906;1.00E-12;2.2088;3.7661
ENVI;8;3;8.956;42;-45;44.642;13.3271;35.7026;0.2223;3.1002;1.00E-12;2.2034;3.782
ENVI;8;3;8.956;42;-46;45.633;13.3243;35.7033;0.2599;3.6233;1.00E-12;2.2024;3.91
ENVI;8;3;8.956;42;-47;46.625;13.3244;35.7032;0.2658;4.0309;1.00E-12;2.202;3.9231
ENVI;8;3;8.956;42;-48;47.617;13.3247;35.7029;0.2577;3.6637;1.00E-12;2.2011;3.8923
ENVI;8;3;8.956;42;-49;48.609;13.325;35.7027;0.2423;3.467;1.00E-12;2.2008;3.8167
ENVI;8;3;8.956;42;-50;49.601;13.3255;35.7025;0.2637;3.8045;1.00E-12;2.2004;3.9025
ENVI;8;3;8.956;42;-51;50.593;13.3266;35.7024;0.2412;3.6776;1.00E-12;2.201;3.9553
ENVI;8;3;8.956;42;-52;51.585;13.3279;35.7024;0.2661;3.9584;1.00E-12;2.2012;3.9278
ENVI;8;3;8.956;42;-53;52.577;13.3274;35.7022;0.2604;4.1604;1.00E-12;2.2003;3.9879
ENVI;8;3;8.956;42;-54;53.569;13.3263;35.7023;0.2596;3.8398;1.00E-12;2.1998;3.7553
ENVI;8;3;8.956;42;-55;54.561;13.3264;35.7022;0.2333;3.5048;1.00E-12;2.2002;3.9239
ENVI;8;3;8.956;42;-56;55.552;13.3263;35.7024;0.2661;3.7839;1.00E-12;2.2003;3.9923
ENVI;8;3;8.956;42;-57;56.544;13.3058;35.7031;0.2764;3.8322;1.00E-12;2.1988;3.99
ENVI;8;3;8.956;42;-58;57.536;13.1115;35.7039;0.2944;3.8949;1.00E-12;2.1974;3.7259
ENVI;8;3;8.956;42;-59;58.528;12.9039;35.7146;0.3785;3.3276;1.00E-12;2.1931;3.9787
ENVI;8;3;8.956;42;-60;59.52;12.855;35.7128;0.2783;2.7739;1.00E-12;2.1739;3.9546
ENVI;8;3;8.956;42;-61;60.512;12.8141;35.7059;0.3189;2.8707;1.00E-12;2.1602;3.9261
ENVI;8;3;8.956;42;-62;61.504;12.7606;35.7001;0.3084;2.4504;1.00E-12;2.1586;3.9907
ENVI;8;3;8.956;42;-63;62.496;12.721;35.7013;0.2324;1.736;1.00E-12;2.1584;3.9593
ENVI;8;3;8.956;42;-64;63.487;12.6281;35.7017;0.191;1.5465;1.00E-12;2.1607;3.8575
ENVI;8;3;8.956;42;-65;64.479;12.5503;35.6992;0.1558;1.5587;1.00E-12;2.1579;3.9857
ENVI;8;3;8.956;42;-66;65.471;12.5208;35.6984;0.1584;1.5902;1.00E-12;2.1537;3.99
ENVI;8;3;8.956;42;-67;66.463;12.4945;35.6986;0.1552;1.8169;1.00E-12;2.1404;3.99
ENVI;8;3;8.956;42;-68;67.455;12.4511;35.7001;0.1726;3.2855;1.00E-12;2.1355;3.99
ENVI;8;3;8.956;42;-69;68.447;12.452;35.7;0.1531;3.9837;1.00E-12;2.1307;3.99
ENVI;8;3;8.956;42;-70;69.438;12.452;35.6998;0.1705;4.3291;1.00E-12;2.1254;3.99
ENVI;8;3;8.956;42;-71;70.43;12.4519;35.6994;0.1672;4.8089;1.00E-12;2.1194;3.99
ENVI;8;3;8.956;42;-72;71.422;12.4524;35.6987;0.1614;3.6278;1.00E-12;2.1101;3.99
ENVI;8;3;8.956;42;-73;72.414;12.4463;35.6983;0.1881;4.0914;1.00E-12;2.1088;3.9311
ENVI;8;3;8.956;42;-74;73.406;12.4392;35.6978;0.1714;4.9563;1.00E-12;2.1078;3.9881
ENVI;8;3;8.956;42;-75;74.397;12.4352;35.6971;0.1889;5.0796;1.00E-12;2.1071;3.99
ENVI;8;3;8.956;42;-76;75.389;12.4323;35.6966;0.1583;4.9218;1.00E-12;2.1062;3.99
ENVI;8;3;8.956;42;-77;76.381;12.4264;35.6966;0.1626;4.9373;1.00E-12;2.1057;3.99
ENVI;8;3;8.956;42;-78;77.373;12.4226;35.6966;0.1946;4.9931;1.00E-12;2.1051;3.99
ENVI;8;3;8.956;42;-79;78.364;12.4178;35.6963;0.1962;5.276;1.00E-12;2.1052;3.99
ENVI;8;3;8.956;42;-80;79.356;12.4083;35.6956;0.1644;4.3168;1.00E-12;2.1036;3.99
ENVI;8;3;8.956;42;-81;80.348;12.3971;35.6956;0.1928;4.4976;1.00E-12;2.1016;3.99
ENVI;8;3;8.956;42;-82;81.34;12.3953;35.6954;0.165;4.5224;1.00E-12;2.0997;3.99
ENVI;8;3;8.956;42;-83;82.331;12.3823;35.6954;0.1759;4.0915;1.00E-12;2.0955;3.7943
ENVI;8;2;8.9145;42;-3;2.976;13.0314;31.0458;2.1412;2.7417;6.9504;2.3753;36.94
ENVI;8;2;8.9145;42;-4;3.969;13.1618;32.3644;2.1319;2.6418;4.5053;2.5786;38.353
ENVI;8;2;8.9145;42;-5;4.961;13.15;32.0849;2.1785;3.1737;3.9941;2.5256;37.904
ENVI;8;2;8.9145;42;-6;5.953;13.357;33.0216;2.1242;3.5513;2.8192;2.5271;37.905
ENVI;8;2;8.9145;42;-7;6.945;13.4471;33.5287;2.7534;2.9064;1.6775;2.5347;37.905
ENVI;8;2;8.9145;42;-8;7.937;13.4843;33.6071;2.8659;2.5782;1.0182;2.5336;37.905
ENVI;8;2;8.9145;42;-9;8.929;13.5316;33.7436;2.7699;2.5013;0.91738;2.525;37.905
ENVI;8;2;8.9145;42;-10;9.921;13.568;33.9483;2.9079;2.4726;0.60053;2.5142;37.933
ENVI;8;2;8.9145;42;-11;10.913;13.6384;34.3704;3.2858;1.8837;0.43021;2.512;37.904
ENVI;8;2;8.9145;42;-12;11.905;13.6548;34.4529;2.9762;2.0403;0.31678;2.5189;37.95
ENVI;8;2;8.9145;42;-13;12.898;13.661;34.4822;2.8407;2.2063;0.23283;2.5111;38.768
ENVI;8;2;8.9145;42;-14;13.89;13.6692;34.5095;2.7501;2.2794;0.14818;2.4996;39.198
ENVI;8;2;8.9145;42;-15;14.882;13.6966;34.6234;2.3647;2.3626;0.097921;2.4865;39.478
ENVI;8;2;8.9145;42;-16;15.874;13.7261;34.7891;1.9216;2.0729;0.071956;2.4557;39.059
ENVI;8;2;8.9145;42;-17;16.866;13.7621;35.0099;1.5559;2.6682;0.057223;2.4411;38.695
ENVI;8;2;8.9145;42;-18;17.858;13.748;35.0836;1.277;2.8466;0.039793;2.4239;39.257
ENVI;8;2;8.9145;42;-19;18.85;13.7308;35.1291;1.1826;2.875;0.015443;2.3986;39.883
ENVI;8;2;8.9145;42;-20;19.842;13.6886;35.2801;0.9532;2.7131;-0.0002106;2.3651;39.9
ENVI;8;2;8.9145;42;-21;20.834;13.6849;35.3898;0.7962;2.5516;1.00E-12;2.331;39.566
ENVI;8;2;8.9145;42;-22;21.826;13.7121;35.4439;0.7839;3.0075;1.00E-12;2.3241;39.295
ENVI;8;2;8.9145;42;-23;22.818;13.6979;35.5111;0.7683;3.3323;1.00E-12;2.3205;39.788
ENVI;8;2;8.9145;42;-24;23.81;13.6636;35.5726;0.6307;3.6008;1.00E-12;2.3168;39.896
ENVI;8;2;8.9145;42;-25;24.802;13.6589;35.5653;0.4634;3.1398;1.00E-12;2.2945;39.9
ENVI;8;2;8.9145;42;-26;25.794;13.6469;35.585;0.4681;3.4574;1.00E-12;2.2848;39.9
ENVI;8;2;8.9145;42;-27;26.786;13.6385;35.5919;0.4635;3.4928;1.00E-12;2.2806;39.9
ENVI;8;2;8.9145;42;-28;27.778;13.6334;35.6023;0.4421;3.7047;1.00E-12;2.277;39.9
ENVI;8;2;8.9145;42;-29;28.77;13.6378;35.5937;0.4546;2.741;1.00E-12;2.269;39.9
ENVI;8;2;8.9145;42;-30;29.762;13.6304;35.6125;0.4208;3.2147;1.00E-12;2.2687;39.9
ENVI;8;2;8.9145;42;-31;30.754;13.6284;35.6161;0.4026;3.4828;1.00E-12;2.2687;39.9
ENVI;8;2;8.9145;42;-32;31.746;13.6274;35.6191;0.411;3.4632;1.00E-12;2.2669;39.9
ENVI;8;2;8.9145;42;-33;32.738;13.6269;35.6202;0.4345;2.6138;1.00E-12;2.2635;39.9
ENVI;8;2;8.9145;42;-34;33.73;13.6183;35.6238;0.3905;3.3528;1.00E-12;2.2634;39.9
ENVI;8;2;8.9145;42;-35;34.722;13.5916;35.6319;0.3659;3.6212;1.00E-12;2.2624;39.9
ENVI;8;2;8.9145;42;-36;35.714;13.509;35.654;0.3613;3.7185;1.00E-12;2.2604;39.9
ENVI;8;2;8.9145;42;-37;36.706;13.4178;35.6598;0.2948;3.4132;1.00E-12;2.2465;39.9
ENVI;8;2;8.9145;42;-38;37.698;13.3741;35.6669;0.2965;4.1324;1.00E-12;2.2438;39.9
ENVI;8;2;8.9145;42;-39;38.69;13.3592;35.6646;0.307;3.8715;1.00E-12;2.225;39.9
ENVI;8;2;8.9145;42;-40;39.682;13.3473;35.6614;0.2754;3.718;1.00E-12;2.207;39.9
ENVI;8;2;8.9145;42;-41;40.674;13.3314;35.6593;0.2814;4.6149;1.00E-12;2.2054;39.9
ENVI;8;2;8.9145;42;-42;41.666;13.3087;35.6583;0.2813;4.907;1.00E-12;2.2033;39.9
ENVI;8;2;8.9145;42;-43;42.658;13.2922;35.658;0.2784;4.9321;1.00E-12;2.2002;40.277
ENVI;8;2;8.9145;42;-44;43.65;13.2747;35.6587;0.2737;3.5329;1.00E-12;2.1902;41.986
ENVI;8;2;8.9145;42;-45;44.642;13.2584;35.6604;0.2652;4.4256;1.00E-12;2.1882;41.273
ENVI;8;2;8.9145;42;-46;45.633;13.2479;35.6635;0.2574;5.1722;1.00E-12;2.1869;41.7
ENVI;8;2;8.9145;42;-47;46.625;13.2407;35.6639;0.2419;5.3054;1.00E-12;2.1853;41.881
ENVI;8;2;8.9145;42;-48;47.617;13.2341;35.6643;0.2672;4.8963;1.00E-12;2.182;41.895
ENVI;8;2;8.9145;42;-49;48.609;13.2223;35.6659;0.2806;4.303;1.00E-12;2.1778;41.895
ENVI;8;2;8.9145;42;-50;49.601;13.2013;35.6693;0.2662;4.9444;1.00E-12;2.174;41.895
ENVI;8;2;8.9145;42;-51;50.593;13.1867;35.6721;0.2772;5.1941;1.00E-12;2.1663;41.895
ENVI;8;2;8.9145;42;-52;51.585;13.1509;35.6754;0.3157;5.817;1.00E-12;2.1528;41.895
ENVI;8;2;8.9145;42;-53;52.577;13.0915;35.6757;0.3439;7.8106;1.00E-12;2.1357;42.008
ENVI;8;31;9.0395;42;-6;5.953;13.0284;31.829;2.9595;3.5973;9.5575;2.3251;344.76
ENVI;8;31;9.0395;42;-7;6.945;13.253;33.2857;2.9609;4.2174;7.1604;2.4874;280.91
ENVI;8;31;9.0395;42;-8;7.937;13.4485;34.4971;3.2553;3.1463;5.0969;2.5004;295.66
ENVI;8;31;9.0395;42;-9;8.929;13.4758;34.7836;5.4931;2.1276;3.366;2.506;308.26
ENVI;8;31;9.0395;42;-10;9.921;13.512;34.8451;6.5383;1.8771;1.8195;2.5293;290.84
ENVI;8;31;9.0395;42;-11;10.913;13.6572;35.0602;6.3124;2.1502;1.3114;2.5459;264.74
ENVI;8;31;9.0395;42;-12;11.905;13.9226;35.3856;4.5915;1.9312;0.96595;2.5373;270.57
ENVI;8;31;9.0395;42;-13;12.897;13.9634;35.4902;1.5099;1.1665;0.76459;2.4531;271.37
ENVI;8;31;9.0395;42;-14;13.889;13.7693;35.5774;1.66;1.4229;0.67024;2.4003;255.75
ENVI;8;31;9.0395;42;-15;14.882;13.5955;35.6157;1.012;2.107;0.56458;2.3806;270.1
ENVI;8;31;9.0395;42;-16;15.874;13.5067;35.6588;0.2642;2.7149;0.35517;2.2949;291.01
ENVI;8;31;9.0395;42;-17;16.866;13.5182;35.6481;0.3806;2.8424;0.20845;2.274;242.51
ENVI;8;31;9.0395;42;-18;17.858;13.5108;35.6487;0.3746;2.9131;0.18091;2.2655;243.49
ENVI;8;31;9.0395;42;-19;18.85;13.5082;35.6493;0.3581;3.0026;0.17895;2.2599;265.35
ENVI;8;31;9.0395;42;-20;19.842;13.512;35.6506;0.3356;2.7006;0.13651;2.2529;275.4
ENVI;8;31;9.0395;42;-21;20.834;13.5126;35.6532;0.336;2.7452;0.073644;2.2497;276.04
ENVI;8;31;9.0395;42;-22;21.826;13.4779;35.662;0.3142;3.0157;0.041998;2.249;263.85
ENVI;8;31;9.0395;42;-23;22.818;13.4618;35.6661;0.273;3.2636;0.028881;2.2462;248.5
ENVI;8;31;9.0395;42;-24;23.81;13.4766;35.6795;0.2738;3.3255;0.020219;2.243;250.63
ENVI;8;31;9.0395;42;-25;24.802;13.4749;35.6833;0.2929;3.1042;0.0097288;2.2401;266.01
ENVI;8;31;9.0395;42;-26;25.794;13.4651;35.6883;0.2544;2.4758;0.0011923;2.2375;271.12
ENVI;8;31;9.0395;42;-27;26.786;13.4447;35.691;0.2494;2.619;-0.00008095;2.2351;249.96
ENVI;8;31;9.0395;42;-28;27.778;13.4349;35.693;0.2484;2.9601;1.00E-12;2.2332;259.81
ENVI;8;31;9.0395;42;-29;28.77;13.4333;35.695;0.2735;3.11;1.00E-12;2.2322;261.79
ENVI;8;31;9.0395;42;-30;29.762;13.4369;35.6972;0.2703;3.0728;1.00E-12;2.2303;246.97
ENVI;8;31;9.0395;42;-31;30.754;13.4297;35.6996;0.2622;3.0134;1.00E-12;2.2289;243.23
ENVI;8;31;9.0395;42;-32;31.746;13.3933;35.702;0.2543;2.6922;1.00E-12;2.2254;269.22
ENVI;8;31;9.0395;42;-33;32.738;13.3556;35.7041;0.2585;3.0866;1.00E-12;2.2227;251
ENVI;8;31;9.0395;42;-34;33.73;13.2292;35.7097;0.2431;3.2738;1.00E-12;2.2191;253.56
ENVI;8;31;9.0395;42;-35;34.722;13.1417;35.7145;0.1712;3.0811;1.00E-12;2.2082;240.24
ENVI;8;31;9.0395;42;-36;35.714;13.1265;35.7161;0.1695;3.2147;1.00E-12;2.2002;235.11
ENVI;8;31;9.0395;42;-37;36.706;13.1172;35.7161;0.1708;3.4115;1.00E-12;2.1939;241.54
ENVI;8;31;9.0395;42;-38;37.698;13.1158;35.7147;0.1445;3.0504;1.00E-12;2.1815;257.15
ENVI;8;31;9.0395;42;-39;38.69;13.1162;35.7145;0.1614;3.3269;1.00E-12;2.1789;236.6
ENVI;8;31;9.0395;42;-40;39.682;13.1144;35.7144;0.1571;3.4182;1.00E-12;2.1783;242.87
ENVI;8;31;9.0395;42;-41;40.674;13.1124;35.7142;0.1674;3.283;1.00E-12;2.1771;246.66
ENVI;8;31;9.0395;42;-42;41.666;13.1072;35.714;0.1485;2.4743;1.00E-12;2.176;248.51
ENVI;8;31;9.0395;42;-43;42.658;13.1083;35.7138;0.1529;2.9242;1.00E-12;2.1755;241.62
ENVI;8;31;9.0395;42;-44;43.65;13.1118;35.7136;0.1635;3.0882;1.00E-12;2.1746;238.88
ENVI;8;31;9.0395;42;-45;44.642;13.1108;35.7136;0.1564;3.3012;1.00E-12;2.1746;247.8
ENVI;8;31;9.0395;42;-46;45.633;13.1092;35.7136;0.15;3.0752;1.00E-12;2.1742;248.51
ENVI;8;31;9.0395;42;-47;46.625;13.1054;35.7136;0.1253;2.5564;1.00E-12;2.1736;245.58
ENVI;8;31;9.0395;42;-48;47.617;13.0974;35.7133;0.153;2.9149;1.00E-12;2.1735;231.77
ENVI;8;31;9.0395;42;-49;48.609;13.0893;35.7125;0.1503;3.3275;1.00E-12;2.173;228.6
ENVI;8;31;9.0395;42;-50;49.601;13.0874;35.7123;0.1889;3.4177;1.00E-12;2.1725;236.59
ENVI;8;31;9.0395;42;-51;50.593;13.0829;35.7113;0.1824;2.9762;1.00E-12;2.1723;246.41
ENVI;8;31;9.0395;42;-52;51.585;13.0809;35.711;0.1955;3.1103;1.00E-12;2.1721;233.23
ENVI;8;31;9.0395;42;-53;52.577;13.0772;35.7105;0.1914;3.287;1.00E-12;2.1719;235.4
ENVI;8;31;9.0395;42;-54;53.569;13.0474;35.7082;0.169;3.4174;1.00E-12;2.1711;244.33
ENVI;8;31;9.0395;42;-55;54.561;12.9748;35.7018;0.1393;2.5906;1.00E-12;2.1696;240.42
ENVI;8;31;9.0395;42;-56;55.553;12.9508;35.7017;0.1463;2.4892;1.00E-12;2.1663;243.32
ENVI;8;31;9.0395;42;-57;56.544;12.8;35.704;0.1572;2.9139;1.00E-12;2.1637;244.17
ENVI;8;31;9.0395;42;-58;57.536;12.682;35.7077;0.1372;3.0123;1.00E-12;2.1552;228.81
ENVI;8;31;9.0395;42;-59;58.528;12.6585;35.7095;0.1173;3.1913;1.00E-12;2.149;227.82
ENVI;8;31;9.0395;42;-60;59.52;12.6529;35.7092;0.1316;3.4083;1.00E-12;2.1439;232.22
ENVI;8;31;9.0395;42;-61;60.512;12.6535;35.7083;0.1387;3.4612;1.00E-12;2.1373;241.72
ENVI;8;31;9.0395;42;-62;61.504;12.6533;35.7064;0.0923;2.6506;1.00E-12;2.1219;234.14
ENVI;8;31;9.0395;42;-63;62.495;12.6527;35.7065;0.1176;2.9721;1.00E-12;2.1215;229.36
ENVI;8;31;9.0395;42;-64;63.487;12.6509;35.7069;0.1345;3.3028;1.00E-12;2.1212;231.44
ENVI;8;31;9.0395;42;-65;64.479;12.6514;35.7067;0.1263;3.4625;1.00E-12;2.1205;232.74
ENVI;8;31;9.0395;42;-66;65.471;12.647;35.7064;0.1277;3.361;1.00E-12;2.1184;238.05
ENVI;8;31;9.0395;42;-67;66.463;12.6367;35.7063;0.1269;3.2523;1.00E-12;2.1181;237.77
ENVI;8;31;9.0395;42;-68;67.455;12.6285;35.7064;0.1231;3.405;1.00E-12;2.1174;233.97
ENVI;8;31;9.0395;42;-69;68.447;12.6264;35.7057;0.1111;2.4588;1.00E-12;2.1126;233.19
ENVI;8;31;9.0395;42;-70;69.438;12.6255;35.706;0.1176;3.0836;1.00E-12;2.1126;216.18
ENVI;8;31;9.0395;42;-71;70.43;12.6197;35.7059;0.1336;3.4654;1.00E-12;2.1122;219.79
ENVI;8;31;9.0395;42;-72;71.422;12.6094;35.7054;0.1195;4.1354;1.00E-12;2.1121;229.76
ENVI;8;31;9.0395;42;-73;72.414;12.5859;35.7056;0.1232;4.1864;1.00E-12;2.1115;241.51
ENVI;8;31;9.0395;42;-74;73.405;12.568;35.7045;0.1174;2.956;1.00E-12;2.1088;242.61
ENVI;8;31;9.0395;42;-75;74.397;12.5454;35.7027;0.1243;2.8674;1.00E-12;2.1081;230.7
ENVI;8;31;9.0395;42;-76;75.389;12.5145;35.7009;0.1259;3.3987;1.00E-12;2.1075;229.44
ENVI;8;31;9.0395;42;-77;76.381;12.4651;35.6977;0.1265;3.7477;1.00E-12;2.1067;231.61
ENVI;8;31;9.0395;42;-78;77.373;12.411;35.6984;0.1065;3.4305;1.00E-12;2.1048;235.29
ENVI;8;31;9.0395;42;-79;78.364;12.4032;35.6995;0.1108;3.5357;1.00E-12;2.1032;238.3
ENVI;8;31;9.0395;42;-80;79.356;12.4262;35.6986;0.1145;2.8541;1.00E-12;2.0986;244.48
ENVI;8;31;9.0395;42;-81;80.348;12.3957;35.6988;0.1243;2.8372;1.00E-12;2.0974;230.02
ENVI;8;31;9.0395;42;-82;81.34;12.3921;35.6992;0.1244;3.4021;1.00E-12;2.0956;235.84
ENVI;8;31;9.0395;42;-83;82.331;12.392;35.6989;0.1292;3.8484;1.00E-12;2.0933;244.1
ENVI;8;31;9.0395;42;-84;83.323;12.3914;35.6987;0.123;3.9364;1.00E-12;2.0893;247.48
ENVI;8;31;9.0395;42;-85;84.315;12.3918;35.6995;0.1222;3.7073;1.00E-12;2.0845;238.79
ENVI;8;31;9.0395;42;-86;85.307;12.3906;35.6986;0.1298;4.2815;1.00E-12;2.0836;231.59
ENVI;8;31;9.0395;42;-87;86.298;12.3891;35.6986;0.1226;4.4495;1.00E-12;2.083;238.84
ENVI;8;31;9.0395;42;-88;87.29;12.392;35.6983;0.1081;3.1138;1.00E-12;2.0832;240.14
ENVI;8;31;9.0395;42;-89;88.282;12.3815;35.6982;0.1144;4.1391;1.00E-12;2.0827;237.73
ENVI;8;31;9.0395;42;-90;89.274;12.366;35.6979;0.1273;4.1163;1.00E-12;2.0816;241.67
ENVI;8;31;9.0395;42;-91;90.265;12.3564;35.6972;0.1254;4.1943;1.00E-12;2.0804;244.54
ENVI;8;31;9.0395;42;-92;91.257;12.3408;35.6965;0.1236;4.0876;1.00E-12;2.0785;246.7
ENVI;8;31;9.0395;42;-93;92.249;12.3052;35.6952;0.1371;3.1131;1.00E-12;2.0769;241.81
ENVI;8;31;9.0395;42;-94;93.24;12.2771;35.6952;0.111;3.8319;1.00E-12;2.0756;233.76
ENVI;8;31;9.0395;42;-95;94.232;12.2791;35.6945;0.1117;3.6406;1.00E-12;2.0723;248.15
ENVI;8;31;9.0395;42;-96;95.224;12.2664;35.6942;0.1038;3.4086;1.00E-12;2.0708;235.01
ENVI;8;31;9.0395;42;-97;96.215;12.2527;35.6937;0.1055;3.9456;1.00E-12;2.0704;233.4
ENVI;8;31;9.0395;42;-98;97.207;12.2029;35.6913;0.0894;4.06;1.00E-12;2.0695;235.04
ENVI;8;31;9.0395;42;-99;98.198;12.1745;35.6909;0.0605;3.8373;1.00E-12;2.0678;237.57
ENVI;8;31;9.0395;42;-100;99.19;12.1789;35.6905;0.0536;3.7262;1.00E-12;2.0656;240.42
ENVI;8;31;9.0395;42;-101;100.182;12.1921;35.6898;0.0949;3.147;1.00E-12;2.0652;246.31
ENVI;8;31;9.0395;42;-102;101.174;12.1842;35.6895;0.0933;3.4789;1.00E-12;2.0658;241.84
ENVI;8;31;9.0395;42;-103;102.165;12.1658;35.6891;0.0999;3.9048;1.00E-12;2.0648;247.16
ENVI;8;31;9.0395;42;-104;103.157;12.1666;35.6894;0.0896;4.0156;1.00E-12;2.0644;247.67
ENVI;8;31;9.0395;42;-105;104.149;12.1575;35.6886;0.0814;4.0511;1.00E-12;2.0633;240.9
ENVI;8;31;9.0395;42;-106;105.14;12.1208;35.6871;0.0821;3.9312;1.00E-12;2.0617;234.47
ENVI;8;31;9.0395;42;-107;106.132;12.1078;35.6865;0.0852;3.1209;1.00E-12;2.0581;242.61
ENVI;8;31;9.0395;42;-108;107.123;12.0816;35.6852;0.0567;3.6424;1.00E-12;2.0584;238.39
ENVI;8;31;9.0395;42;-109;108.115;12.0807;35.6854;0.0709;4.05;1.00E-12;2.0574;241.18
ENVI;8;31;9.0395;42;-110;109.107;12.0766;35.6848;0.0807;3.9022;1.00E-12;2.0565;245.31
ENVI;8;31;9.0395;42;-111;110.098;12.075;35.6846;0.0856;3.8196;1.00E-12;2.0556;248.83
ENVI;8;31;9.0395;42;-112;111.09;12.0761;35.6843;0.0903;3.4645;1.00E-12;2.0538;238.54
ENVI;8;31;9.0395;42;-113;112.082;12.073;35.6839;0.0856;3.0796;1.00E-12;2.0513;249.12
ENVI;8;31;9.0395;42;-114;113.073;12.0703;35.6844;0.1005;3.7565;1.00E-12;2.0512;235.09
ENVI;8;31;9.0395;42;-115;114.065;12.0629;35.6844;0.0893;4.1757;1.00E-12;2.0502;236.73
ENVI;8;31;9.0395;42;-116;115.056;12.0606;35.6843;0.0977;4.3352;1.00E-12;2.0486;243.39
ENVI;8;31;9.0395;42;-117;116.048;12.0579;35.6836;0.0927;3.5722;1.00E-12;2.0426;249.25
ENVI;8;31;9.0395;42;-118;117.04;12.0383;35.6828;0.0863;3.7393;1.00E-12;2.0397;234.87
ENVI;8;31;9.0395;42;-119;118.031;12.0376;35.6827;0.083;3.6214;1.00E-12;2.036;240.55
ENVI;8;31;9.0395;42;-120;119.023;12.0402;35.6824;0.1009;3.9646;1.00E-12;2.0332;248.52
ENVI;8;32;9.1246;42;-6;5.953;13.4866;34.8084;4.1796;0.6711;58.993;2.4552;386.2
ENVI;8;32;9.1246;42;-7;6.945;13.4971;35.6648;4.1145;0.6775;52.273;2.502;403.58
ENVI;8;32;9.1246;42;-8;7.937;13.4961;35.5696;4.0598;0.6946;45.104;2.4946;399.15
ENVI;8;32;9.1246;42;-9;8.929;13.4956;35.5692;4.1451;0.6932;38.016;2.4945;401.8
ENVI;8;32;9.1246;42;-10;9.921;13.495;35.569;4.0269;0.7087;32.821;2.4955;405.65
ENVI;8;32;9.1246;42;-11;10.913;13.4949;35.5689;4.0148;0.6639;24.658;2.4952;410.85
ENVI;8;32;9.1246;42;-12;11.905;13.494;35.569;3.9748;0.6654;21.182;2.4941;399.83
ENVI;8;32;9.1246;42;-13;12.898;13.494;35.5691;3.8466;0.9597;19.926;2.4933;399.15
ENVI;8;32;9.1246;42;-14;13.89;13.4942;35.5695;3.971;0.7254;17.463;2.493;408.24
ENVI;8;32;9.1246;42;-15;14.882;13.4928;35.5688;3.9456;0.7015;13.92;2.4929;415.57
ENVI;8;32;9.1246;42;-16;15.874;13.4926;35.5686;3.8538;0.6619;11.198;2.4928;414.82
ENVI;8;32;9.1246;42;-17;16.866;13.4923;35.5689;3.8354;0.6485;9.6478;2.492;415.95
ENVI;8;32;9.1246;42;-18;17.858;13.492;35.5691;3.7148;0.6843;8.1007;2.4912;411.86
ENVI;8;32;9.1246;42;-19;18.85;13.4923;35.5692;3.8345;0.6787;7.3198;2.4911;417.42
ENVI;8;32;9.1246;42;-20;19.842;13.4931;35.5693;3.9072;0.7025;6.5554;2.492;419.53
ENVI;8;32;9.1246;42;-21;20.834;13.4924;35.569;3.881;0.704;5.2314;2.4927;416.17
ENVI;8;32;9.1246;42;-22;21.826;13.4922;35.5694;3.8851;0.6127;4.5426;2.4933;426.62
ENVI;8;32;9.1246;42;-23;22.818;13.4934;35.5691;3.972;0.6951;3.8462;2.4926;421.18
ENVI;8;32;9.1246;42;-24;23.81;13.4938;35.5692;3.7044;0.6603;3.334;2.4916;423.72
ENVI;8;32;9.1246;42;-25;24.802;13.4948;35.5701;3.7412;0.6829;3.0293;2.4909;424.97
ENVI;8;32;9.1246;42;-26;25.794;13.4962;35.571;3.7867;0.6815;2.4401;2.4903;429.07
ENVI;8;32;9.1246;42;-27;26.786;13.4985;35.5727;3.8153;0.5808;2.003;2.4899;428.79
ENVI;8;32;9.1246;42;-28;27.778;13.4942;35.5699;3.678;0.6632;1.8943;2.4887;426.73
ENVI;8;32;9.1246;42;-29;28.77;13.5072;35.5791;3.9284;0.6883;1.7642;2.4881;431.31
ENVI;8;32;9.1246;42;-30;29.762;13.5146;35.5844;3.2787;0.6607;1.5004;2.4881;434.85
ENVI;8;32;9.1246;42;-31;30.754;13.5342;35.5992;2.6689;0.5583;1.1764;2.4756;438.32
ENVI;8;32;9.1246;42;-32;31.746;13.5412;35.6075;2.1688;0.5202;0.97127;2.4581;430.25
ENVI;8;32;9.1246;42;-33;32.738;13.5455;35.6125;2.1178;0.5273;0.99111;2.4547;430.47
ENVI;8;32;9.1246;42;-34;33.73;13.5476;35.6156;2.1032;0.538;0.92709;2.4519;435.13
ENVI;8;32;9.1246;42;-35;34.722;13.5506;35.6207;2.0403;0.5911;0.82905;2.4493;438.5
ENVI;8;32;9.1246;42;-36;35.714;13.5521;35.6223;1.8372;0.5421;0.73242;2.4465;440.98
ENVI;8;32;9.1246;42;-37;36.706;13.5522;35.6245;1.5255;0.4773;0.58921;2.4355;443.89
ENVI;8;32;9.1246;42;-38;37.698;13.5492;35.6277;1.5569;0.4875;0.54927;2.4291;439.71
ENVI;8;32;9.1246;42;-39;38.69;13.5466;35.6285;1.451;0.522;0.50791;2.4266;443.28
ENVI;8;32;9.1246;42;-40;39.682;13.5439;35.6297;1.2979;0.5114;0.46661;2.4245;447.66
ENVI;8;32;9.1246;42;-41;40.674;13.5402;35.6317;1.245;0.4579;0.41905;2.4239;450.53
ENVI;8;32;9.1246;42;-42;41.666;13.5388;35.6319;1.1533;0.4148;0.34597;2.4229;455.2
ENVI;8;32;9.1246;42;-43;42.658;13.5319;35.6323;1.2048;0.4177;0.29608;2.4218;448.43
ENVI;8;32;9.1246;42;-44;43.65;13.5299;35.6358;1.1229;0.4255;0.28381;2.4207;452.24
ENVI;8;32;9.1246;42;-45;44.642;13.5299;35.6384;1.1113;0.4233;0.26761;2.4208;455.98
ENVI;8;32;9.1246;42;-46;45.633;13.5316;35.6402;1.0741;0.4137;0.24726;2.4201;457.13
ENVI;8;32;9.1246;42;-47;46.625;13.55;35.6513;0.9687;0.4054;0.22168;2.4184;460.47
ENVI;8;32;9.1246;42;-48;47.618;13.5599;35.6575;0.715;0.3518;0.19567;2.4134;462.22
ENVI;8;32;9.1246;42;-49;48.609;13.5684;35.6617;0.5194;0.3155;0.1596;2.4013;461.77
ENVI;8;32;9.1246;42;-50;49.601;13.5817;35.6748;0.5456;0.3363;0.14419;2.3976;461.39
ENVI;8;32;9.1246;42;-51;50.593;13.5716;35.6732;0.4805;0.333;0.13964;2.3984;460.66
ENVI;8;32;9.1246;42;-52;51.585;13.5682;35.6728;0.5019;0.3609;0.14001;2.3952;462.06
ENVI;8;32;9.1246;42;-53;52.577;13.5648;35.6736;0.5019;0.3522;0.13563;2.3914;464.31
ENVI;8;32;9.1246;42;-54;53.569;13.568;35.6758;0.4909;0.3513;0.12249;2.3887;466.16
ENVI;8;32;9.1246;42;-55;54.561;13.5655;35.6765;0.4629;0.3475;0.10539;2.3873;469.37
ENVI;8;32;9.1246;42;-56;55.553;13.5649;35.6763;0.4395;0.3203;0.08137;2.3861;465.32
ENVI;8;32;9.1246;42;-57;56.544;13.5497;35.6759;0.4409;0.3197;0.081434;2.3854;467.24
ENVI;8;32;9.1246;42;-58;57.536;13.5356;35.6739;0.4565;0.3246;0.0812;2.3838;473.76
ENVI;8;32;9.1246;42;-59;58.528;13.529;35.6739;0.4688;0.3439;0.07797;2.3822;477.09
ENVI;8;32;9.1246;42;-60;59.52;13.5271;35.6741;0.4734;0.346;0.068399;2.3814;472.63
ENVI;8;32;9.1246;42;-61;60.512;13.5303;35.6739;0.4705;0.3141;0.045685;2.3833;476.4
ENVI;8;32;9.1246;42;-62;61.504;13.5256;35.6759;0.434;0.3274;0.045973;2.3829;476.6
ENVI;8;32;9.1246;42;-63;62.495;13.5365;35.683;0.4407;0.3258;0.042137;2.3825;476.81
ENVI;8;32;9.1246;42;-64;63.487;13.5505;35.6878;0.4012;0.3278;0.038952;2.3815;475.09
ENVI;8;32;9.1246;42;-65;64.479;13.5472;35.6875;0.377;0.3304;0.034716;2.3798;476.07
ENVI;8;32;9.1246;42;-66;65.471;13.542;35.6874;0.3696;0.3344;0.027815;2.3768;478.68
ENVI;8;32;9.1246;42;-67;66.463;13.6094;35.714;0.3105;0.319;0.024642;2.3742;480.02
ENVI;8;32;9.1246;42;-68;67.454;13.6394;35.7279;0.1298;0.2711;0.013776;2.3685;480.02
ENVI;8;32;9.1246;42;-69;68.446;13.6732;35.7492;0.103;0.2656;0.012888;2.365;482.59
ENVI;8;32;9.1246;42;-70;69.438;13.6575;35.7496;0.0741;0.2732;0.0096038;2.3542;487.94
ENVI;8;32;9.1246;42;-71;70.43;13.6495;35.75;0.0959;0.2886;0.0044265;2.3397;492.18
ENVI;8;32;9.1246;42;-72;71.422;13.6482;35.75;0.1054;0.2815;0.0018016;2.3211;488.94
ENVI;8;32;9.1246;42;-73;72.414;13.6279;35.749;0.0918;0.2721;0.000073167;2.312;481.26
ENVI;8;32;9.1246;42;-74;73.405;13.5911;35.7484;0.0661;0.2734;4.62E-06;2.3083;481.36
ENVI;8;32;9.1246;42;-75;74.397;13.5874;35.7479;0.0585;0.2744;1.00E-12;2.3003;490.08
ENVI;8;32;9.1246;42;-76;75.389;13.5384;35.7469;0.0411;0.2851;1.00E-12;2.2972;492.4
ENVI;8;32;9.1246;42;-77;76.381;13.4321;35.7378;0.0397;0.3134;1.00E-12;2.2932;494.37
ENVI;8;32;9.1246;42;-78;77.373;13.3909;35.7374;0.0417;0.2823;1.00E-12;2.2884;492.1
ENVI;8;32;9.1246;42;-79;78.365;13.3827;35.7363;0.0525;0.2879;1.00E-12;2.2843;489.86
ENVI;8;32;9.1246;42;-80;79.356;13.376;35.7357;0.0403;0.2947;1.00E-12;2.2812;488.83
ENVI;8;32;9.1246;42;-81;80.348;13.3861;35.7353;0.0335;0.2911;1.00E-12;2.2758;500.31
ENVI;8;32;9.1246;42;-82;81.34;13.3519;35.7372;0.0288;0.3111;1.00E-12;2.2742;498.49
ENVI;8;32;9.1246;42;-83;82.331;13.3398;35.7429;0.0093;0.3137;1.00E-12;2.273;500.74
ENVI;8;32;9.1246;42;-84;83.323;13.3264;35.7498;-0.0204;0.3131;1.00E-12;2.2712;500.75
ENVI;8;32;9.1246;42;-85;84.315;13.3123;35.7553;0.0025;0.4134;1.00E-12;2.2681;498.86
ENVI;8;32;9.1246;42;-86;85.307;13.313;35.7525;-0.0067;0.3621;1.00E-12;2.246;504.46
ENVI;8;32;9.1246;42;-87;86.298;13.2045;35.7533;-0.0264;0.4704;1.00E-12;2.2267;506.28
ENVI;8;32;9.1246;42;-88;87.29;13.1845;35.752;-0.0301;0.4727;1.00E-12;2.206;506.7
ENVI;8;32;9.1246;42;-89;88.282;13.182;35.7514;-0.0401;0.5161;1.00E-12;2.2003;506.73
ENVI;8;32;9.1246;42;-90;89.273;13.1476;35.7473;-0.0328;0.5854;1.00E-12;2.1978;506.73
ENVI;8;32;9.1246;42;-91;90.265;13.0706;35.741;-0.0322;0.6309;1.00E-12;2.1953;508.25
ENVI;8;32;9.1246;42;-92;91.257;13.0744;35.7395;-0.0132;0.5742;1.00E-12;2.1907;513.67
ENVI;8;32;9.1246;42;-93;92.248;13.0253;35.7346;-0.0199;0.5536;1.00E-12;2.1897;515.79
ENVI;8;32;9.1246;42;-94;93.24;13.0142;35.733;-0.0097;0.5333;1.00E-12;2.1877;509.67
ENVI;8;32;9.1246;42;-95;94.232;12.9868;35.7285;-0.031;0.5486;1.00E-12;2.187;515.81
ENVI;8;32;9.1246;42;-96;95.224;12.9444;35.7236;-0.0083;0.5397;1.00E-12;2.1862;512.98
ENVI;8;32;9.1246;42;-97;96.215;12.8848;35.7191;0.0198;0.5988;1.00E-12;2.1859;512.6
ENVI;8;32;9.1246;42;-98;97.207;12.863;35.7191;0.0064;0.6419;1.00E-12;2.1852;517.73
ENVI;8;32;9.1246;42;-99;98.199;12.8398;35.7173;-0.0062;0.6664;1.00E-12;2.1841;521.39
ENVI;8;32;9.1246;42;-100;99.19;12.8583;35.7168;-0.0046;0.581;1.00E-12;2.1793;515.48
ENVI;8;32;9.1246;42;-101;100.182;12.7948;35.7109;0.0001;0.6078;1.00E-12;2.1767;521.64
ENVI;8;32;9.1246;42;-102;101.174;12.7145;35.7078;-0.0011;0.6459;1.00E-12;2.1744;520.78
ENVI;8;32;9.1246;42;-103;102.166;12.6854;35.7058;0.0015;0.6894;1.00E-12;2.172;520.15
ENVI;8;32;9.1246;42;-104;103.157;12.5923;35.7013;-0.0091;0.7462;1.00E-12;2.1686;514.87
ENVI;8;32;9.1246;42;-105;104.149;12.528;35.7017;-0.017;0.7499;1.00E-12;2.1648;512.37
ENVI;8;32;9.1246;42;-106;105.14;12.485;35.6996;-0.034;0.5336;1.00E-12;2.1472;526.43
ENVI;8;32;9.1246;42;-107;106.132;12.4302;35.7;-0.0346;0.5745;1.00E-12;2.142;517.7
ENVI;8;32;9.1246;42;-108;107.124;12.4213;35.6989;-0.0335;0.625;1.00E-12;2.1398;519.93
ENVI;8;32;9.1246;42;-109;108.115;12.4034;35.6992;-0.0392;0.6594;1.00E-12;2.1368;523.87
ENVI;8;32;9.1246;42;-110;109.107;12.3684;35.6976;-0.0567;0.5988;1.00E-12;2.1319;526.86
ENVI;8;32;9.1246;42;-111;110.098;12.3298;35.6944;-0.0699;0.6479;1.00E-12;2.1284;527.29
ENVI;8;32;9.1246;42;-112;111.09;12.2966;35.6911;-0.0656;0.7165;1.00E-12;2.1222;527.52
ENVI;8;32;9.1246;42;-113;112.082;12.2769;35.689;-0.0702;0.8275;1.00E-12;2.1172;524.58
ENVI;8;32;9.1246;42;-114;113.073;12.2558;35.6874;-0.0491;1.0343;1.00E-12;2.1158;526.49
ENVI;8;32;9.1246;42;-115;114.065;12.202;35.684;-0.0418;1.1609;1.00E-12;2.112;530.18
ENVI;8;32;9.1246;42;-116;115.056;12.1336;35.6797;-0.046;1.1369;1.00E-12;2.102;531.19
ENVI;8;32;9.1246;42;-117;116.048;12.1201;35.6793;-0.0519;1.5041;1.00E-12;2.0957;532.25
ENVI;8;32;9.1246;42;-118;117.039;12.1074;35.6785;-0.0422;1.7362;1.00E-12;2.0926;532.07
ENVI;8;32;9.1246;42;-119;118.031;12.1016;35.6779;-0.0207;1.7745;1.00E-12;2.0897;529.7
ENVI;8;32;9.1246;42;-120;119.023;12.0815;35.6768;-0.0198;1.8007;1.00E-12;2.0852;528.27
ENVI;8;32;9.1246;42;-121;120.014;12.0604;35.6763;-0.0364;1.4628;1.00E-12;2.075;538.69
ENVI;8;32;9.1246;42;-122;121.006;12.0564;35.6762;-0.0415;1.6254;1.00E-12;2.0706;528.16
ENVI;8;32;9.1246;42;-123;121.998;12.0506;35.6776;-0.0419;1.9719;1.00E-12;2.0699;530.66
ENVI;8;32;9.1246;42;-124;122.989;12.0481;35.6789;-0.0378;2.1811;1.00E-12;2.0689;535.86
ENVI;8;32;9.1246;42;-125;123.98;12.0471;35.6791;-0.0324;2.2938;1.00E-12;2.068;539.47
ENVI;8;32;9.1246;42;-126;124.972;12.0449;35.6791;0.0021;1.605;1.00E-12;2.0635;537.7
ENVI;8;32;9.1246;42;-127;125.964;12.0308;35.68;0.0003;1.9147;1.00E-12;2.0611;536.98
ENVI;8;32;9.1246;42;-128;126.955;11.9952;35.6806;-0.0001;2.0857;1.00E-12;2.0592;535.85
ENVI;8;32;9.1246;42;-129;127.946;11.9606;35.6797;0.0004;1.7964;1.00E-12;2.0495;542.7
ENVI;8;32;9.1246;42;-130;128.938;11.9251;35.6793;0.0071;2.1952;1.00E-12;2.0456;539.66
ENVI;8;32;9.1246;42;-131;129.93;11.87;35.6797;0.0053;2.4668;1.00E-12;2.0435;540.66
ENVI;8;32;9.1246;42;-132;130.921;11.843;35.6793;-0.0027;2.6815;1.00E-12;2.0397;540.65
ENVI;8;32;9.1246;42;-133;131.913;11.8128;35.6789;0.0023;2.8493;1.00E-12;2.0353;540.65
ENVI;8;32;9.1246;42;-134;132.904;11.7816;35.677;0.0349;2.3972;1.00E-12;2.0145;545.17
ENVI;8;32;9.1246;42;-135;133.896;11.7841;35.6764;0.0302;2.9117;1.00E-12;2.0063;549.4
ENVI;8;32;9.1246;42;-136;134.887;11.784;35.6762;0.0314;2.8082;1.00E-12;2.005;544.63
ENVI;8;32;9.1246;42;-137;135.879;11.7841;35.6763;0.0553;3.189;1.00E-12;2.004;539.69
ENVI;8;32;9.1246;42;-138;136.87;11.7842;35.6759;0.0669;3.5571;1.00E-12;2.0029;548.17
ENVI;8;4;9.207;42;-5;4.961;13.406;33.4085;2.3229;0.543;43.368;2.3598;349.76
ENVI;8;4;9.207;42;-6;5.953;13.5483;35.5989;2.312;0.5791;38.156;2.48;353.12
ENVI;8;4;9.207;42;-7;6.945;13.5513;35.5977;2.3669;0.6391;32.912;2.4791;354.75
ENVI;8;4;9.207;42;-8;7.937;13.5515;35.5977;2.4125;0.5915;29.136;2.4783;357.31
ENVI;8;4;9.207;42;-9;8.929;13.5463;35.5975;2.4605;0.5841;24.227;2.4778;352.99
ENVI;8;4;9.207;42;-10;9.921;13.5459;35.5974;2.4749;0.5777;21.948;2.4772;356.36
ENVI;8;4;9.207;42;-11;10.913;13.5456;35.5976;2.4971;0.5729;19.527;2.4786;353.46
ENVI;8;4;9.207;42;-12;11.905;13.5455;35.5977;2.4148;0.5934;16.873;2.4787;354.81
ENVI;8;4;9.207;42;-13;12.898;13.5457;35.5974;2.4718;0.5347;14.304;2.4772;359.54
ENVI;8;4;9.207;42;-14;13.889;13.5453;35.5977;2.549;0.6389;13.282;2.4765;354.01
ENVI;8;4;9.207;42;-15;14.882;13.5458;35.5975;2.4638;0.6115;11.654;2.476;359.82
ENVI;8;4;9.207;42;-16;15.874;13.5457;35.5975;2.4446;0.5602;9.9541;2.4772;361.06
ENVI;8;4;9.207;42;-17;16.866;13.5453;35.5977;2.4267;0.5617;9.1057;2.478;357.67
ENVI;8;4;9.207;42;-18;17.858;13.5454;35.5976;2.4378;0.5825;8.2666;2.4771;357.1
ENVI;8;4;9.207;42;-19;18.85;13.5452;35.5976;2.4632;0.5917;7.3766;2.4767;360.21
ENVI;8;4;9.207;42;-20;19.842;13.5453;35.5974;2.442;0.5685;6.338;2.4773;363.86
ENVI;8;4;9.207;42;-21;20.834;13.5454;35.5978;2.3243;0.5638;5.6573;2.4774;363.03
ENVI;8;4;9.207;42;-22;21.826;13.5472;35.5984;2.429;0.5743;5.1515;2.4768;363.09
ENVI;8;4;9.207;42;-23;22.818;13.5464;35.5976;2.4518;0.5862;4.6704;2.4756;364.41
ENVI;8;4;9.207;42;-24;23.81;13.5462;35.5975;2.427;0.5821;4.123;2.4741;363.7
ENVI;8;4;9.207;42;-25;24.802;13.5475;35.5979;2.3842;0.5635;3.6722;2.4744;365.95
ENVI;8;4;9.207;42;-26;25.794;13.5506;35.6001;2.2396;0.5632;3.2414;2.4742;367.21
ENVI;8;4;9.207;42;-27;26.786;13.5497;35.5994;2.2558;0.5263;2.8692;2.47;369.32
ENVI;8;4;9.207;42;-28;27.778;13.5485;35.5994;2.2868;0.5718;2.6536;2.4683;368.29
ENVI;8;4;9.207;42;-29;28.77;13.5476;35.5986;2.2565;0.612;2.3657;2.4674;367.07
ENVI;8;4;9.207;42;-30;29.762;13.5469;35.5983;2.291;0.668;2.1584;2.4674;368.22
ENVI;8;4;9.207;42;-31;30.754;13.5506;35.5997;2.2591;0.5862;1.882;2.4687;372.83
ENVI;8;4;9.207;42;-32;31.746;13.5512;35.6001;2.1569;0.5341;1.6234;2.4685;372.34
ENVI;8;4;9.207;42;-33;32.738;13.5512;35.6002;2.1465;0.5641;1.4662;2.4666;376.79
ENVI;8;4;9.207;42;-34;33.73;13.5544;35.6014;2.1135;0.5341;1.3679;2.4653;373.23
ENVI;8;4;9.207;42;-35;34.722;13.5609;35.6049;2.0491;0.5818;1.2396;2.4642;373.69
ENVI;8;4;9.207;42;-36;35.714;13.5649;35.6068;1.8997;0.5961;1.0965;2.4632;375.29
ENVI;8;4;9.207;42;-37;36.706;13.5676;35.6079;1.5475;0.5091;0.95144;2.4545;381.51
ENVI;8;4;9.207;42;-38;37.698;13.5858;35.6161;1.2116;0.4674;0.87834;2.4495;376.51
ENVI;8;4;9.207;42;-39;38.69;13.6011;35.6237;1.1028;0.5054;0.83206;2.4447;380.58
ENVI;8;4;9.207;42;-40;39.682;13.6175;35.6298;1.0133;0.5138;0.75561;2.4403;383.04
ENVI;8;4;9.207;42;-41;40.674;13.6269;35.6331;0.9422;0.5149;0.67613;2.4367;383.74
ENVI;8;4;9.207;42;-42;41.666;13.618;35.6298;0.7719;0.4466;0.6179;2.419;389.79
ENVI;8;4;9.207;42;-43;42.658;13.635;35.6367;0.7398;0.4643;0.56526;2.4142;389.75
ENVI;8;4;9.207;42;-44;43.65;13.6416;35.6393;0.7003;0.4652;0.54078;2.4113;392.21
ENVI;8;4;9.207;42;-45;44.642;13.6489;35.6424;0.6519;0.4752;0.50849;2.4058;391.42
ENVI;8;4;9.207;42;-46;45.634;13.6554;35.645;0.5749;0.4444;0.45759;2.4005;396.4
ENVI;8;4;9.207;42;-47;46.626;13.6571;35.6462;0.5303;0.3908;0.42239;2.3949;405.32
ENVI;8;4;9.207;42;-48;47.617;13.6573;35.6466;0.5334;0.4301;0.39271;2.3935;400.1
ENVI;8;4;9.207;42;-49;48.609;13.6564;35.6466;0.5299;0.4545;0.36923;2.3916;398.37
ENVI;8;4;9.207;42;-50;49.601;13.6551;35.6468;0.5269;0.4462;0.34308;2.3905;404.12
ENVI;8;4;9.207;42;-51;50.593;13.6531;35.6478;0.4875;0.4121;0.30458;2.389;407.83
ENVI;8;4;9.207;42;-52;51.585;13.6503;35.6494;0.4745;0.4542;0.28502;2.3881;411.92
ENVI;8;4;9.207;42;-53;52.577;13.6435;35.6554;0.4509;0.4488;0.2664;2.3873;413.96
ENVI;8;4;9.207;42;-54;53.569;13.6323;35.6592;0.3771;0.4771;0.25026;2.3861;414.94
ENVI;8;4;9.207;42;-55;54.561;13.614;35.6591;0.3282;0.4968;0.23055;2.3809;414.7
ENVI;8;4;9.207;42;-56;55.553;13.5749;35.6549;0.356;0.3949;0.20095;2.3692;426.65
ENVI;8;4;9.207;42;-57;56.544;13.5166;35.6532;0.3669;0.4638;0.18721;2.369;425.22
ENVI;8;4;9.207;42;-58;57.536;13.5003;35.6542;0.3772;0.4658;0.17685;2.3675;426.79
ENVI;8;4;9.207;42;-59;58.528;13.4976;35.6584;0.3609;0.4729;0.16399;2.3668;427.94
ENVI;8;4;9.207;42;-60;59.52;13.509;35.6669;0.2961;0.4812;0.14771;2.3677;432.55
ENVI;8;4;9.207;42;-61;60.512;13.5149;35.6722;0.1925;0.4109;0.1272;2.3629;435.85
ENVI;8;4;9.207;42;-62;61.504;13.5153;35.6752;0.1697;0.4529;0.11896;2.358;436.41
ENVI;8;4;9.207;42;-63;62.496;13.5151;35.676;0.1784;0.4682;0.10834;2.3554;436.9
ENVI;8;4;9.207;42;-64;63.487;13.5112;35.6766;0.172;0.4659;0.097281;2.3527;439.02
ENVI;8;4;9.207;42;-65;64.479;13.4927;35.6773;0.2098;0.4193;0.087818;2.3504;441.77
ENVI;8;4;9.207;42;-66;65.471;13.4679;35.6781;0.1575;0.4351;0.080113;2.3491;442.06
ENVI;8;4;9.207;42;-67;66.463;13.4355;35.6795;0.1689;0.4357;0.071588;2.3481;444.37
ENVI;8;4;9.207;42;-68;67.455;13.3978;35.6811;0.1771;0.412;0.065019;2.3475;446.91
ENVI;8;4;9.207;42;-69;68.446;13.3528;35.6871;0.1718;0.3613;0.057093;2.3483;448.89
ENVI;8;4;9.207;42;-70;69.438;13.3381;35.6892;0.1547;0.3459;0.052467;2.3476;451.55
ENVI;8;4;9.207;42;-71;70.43;13.3346;35.6894;0.1537;0.3513;0.047038;2.3476;454.43
ENVI;8;4;9.207;42;-72;71.422;13.3302;35.6897;0.1587;0.3718;0.043236;2.3484;457.65
ENVI;8;4;9.207;42;-73;72.414;13.3211;35.6906;0.1444;0.3768;0.037064;2.348;462.5
ENVI;8;4;9.207;42;-74;73.406;13.3172;35.6907;0.131;0.3735;0.030575;2.3467;464.77
ENVI;8;4;9.207;42;-75;74.397;13.3198;35.6902;0.1518;0.3181;0.025719;2.3438;474.01
ENVI;8;4;9.207;42;-76;75.389;13.3089;35.6924;0.1409;0.3589;0.025851;2.3435;474.89
ENVI;8;4;9.207;42;-77;76.381;13.3052;35.693;0.1387;0.4138;0.02121;2.3431;475.27
ENVI;8;4;9.207;42;-78;77.373;13.2939;35.6945;0.1486;0.3687;0.016514;2.3432;478.02
ENVI;8;4;9.207;42;-79;78.365;13.2921;35.6946;0.1512;0.3599;0.014092;2.3432;482.75
ENVI;8;4;9.207;42;-80;79.356;13.2929;35.6936;0.1599;0.3446;0.0077294;2.3445;505.9
ENVI;8;4;9.207;42;-81;80.348;13.2697;35.6941;0.1217;0.3434;0.0049985;2.3444;518.34
ENVI;8;4;9.207;42;-82;81.34;13.2651;35.6933;0.1007;0.3406;0.0030981;2.3436;521.44
ENVI;8;4;9.207;42;-83;82.331;13.2631;35.6935;0.0896;0.3578;0.00031804;2.3415;528.93
ENVI;8;4;9.207;42;-84;83.323;13.2606;35.6952;0.1029;0.3995;0.00037842;2.3292;576.45
ENVI;8;4;9.207;42;-85;84.315;13.2476;35.7003;0.1;0.4104;0.000058204;2.3266;608.6
ENVI;8;4;9.207;42;-86;85.307;13.2406;35.7039;0.0839;0.416;0.000001247;2.3213;653.98
ENVI;8;4;9.207;42;-87;86.298;13.2335;35.7066;0.0588;0.4018;0.00011433;2.3006;956.64
ENVI;8;4;9.207;42;-88;87.29;13.2319;35.709;0.0426;0.4404;-0.00000223;2.2896;1237.8
ENVI;8;4;9.207;42;-89;88.282;13.2218;35.7117;0.0388;0.4674;1.00E-12;2.2892;1281.1
ENVI;8;4;9.207;42;-90;89.273;13.2199;35.712;0.0304;0.4713;1.00E-12;2.2872;1338.5
ENVI;8;4;9.207;42;-91;90.265;13.2192;35.7119;0.0217;0.4792;1.00E-12;2.2848;1411.4
ENVI;8;4;9.207;42;-92;91.257;13.2188;35.7119;0.045;0.4265;1.00E-12;2.2737;1710.5
ENVI;8;4;9.207;42;-93;92.248;13.1996;35.7177;0.0456;0.4836;0.000038951;2.2697;1832.1
ENVI;8;4;9.207;42;-94;93.24;13.1987;35.7179;0.0367;0.4947;0.000090281;2.2687;1843.2
ENVI;8;4;9.207;42;-95;94.232;13.1854;35.7215;0.0276;0.4599;0.00045934;2.2662;1854.8
ENVI;8;4;9.207;42;-96;95.224;13.1765;35.7228;0.0008;0.3803;0.000004546;2.2551;1878.9
ENVI;8;4;9.207;42;-97;96.215;13.1717;35.7233;-0.0046;0.381;5.67E-06;2.2452;1883.3
ENVI;8;4;9.207;42;-98;97.207;13.1695;35.7235;-0.0148;0.3688;1.00E-12;2.2385;1875.1
ENVI;8;4;9.207;42;-99;98.199;13.1657;35.7239;-0.0086;0.3921;1.00E-12;2.2365;1874.9
ENVI;8;4;9.207;42;-100;99.19;13.1565;35.725;0.0036;0.3809;1.00E-12;2.236;1870.4
ENVI;8;4;9.207;42;-101;100.182;13.1499;35.7258;-0.0183;0.3958;1.00E-12;2.235;1864.6
ENVI;8;4;9.207;42;-102;101.174;13.1343;35.7275;-0.0007;0.4166;1.00E-12;2.2334;1863.4
ENVI;8;4;9.207;42;-103;102.165;13.0937;35.7317;-0.0236;0.3007;1.00E-12;2.2226;1863.2
ENVI;8;4;9.207;42;-104;103.157;13.0857;35.7322;-0.0553;0.2602;1.00E-12;2.2123;1885.1
ENVI;8;4;9.207;42;-105;104.149;13.0849;35.7319;-0.0447;0.2683;1.00E-12;2.2088;1888.7
ENVI;8;4;9.207;42;-106;105.14;13.0838;35.7318;-0.0357;0.281;1.00E-12;2.2078;1889.6
ENVI;8;4;9.207;42;-107;106.132;13.0811;35.7319;-0.0432;0.269;1.00E-12;2.2062;1893.2
ENVI;8;4;9.207;42;-108;107.123;13.0777;35.7322;-0.0511;0.3085;1.00E-12;2.2055;1900.6
ENVI;8;4;9.207;42;-109;108.115;13.0764;35.7321;-0.0484;0.2654;1.00E-12;2.2041;1573.6
ENVI;8;4;9.207;42;-110;109.106;13.0783;35.7321;-0.0403;0.2834;1.00E-12;2.2038;785.03
ENVI;8;4;9.207;42;-111;110.098;13.07;35.7326;-0.0426;0.303;1.00E-12;2.2034;819.56
ENVI;8;4;9.207;42;-112;111.09;13.0439;35.7356;-0.0483;0.3216;1.00E-12;2.2028;810.1
ENVI;8;4;9.207;42;-113;112.081;13.0227;35.7405;-0.059;0.3408;1.00E-12;2.2015;797.56
ENVI;8;4;9.207;42;-114;113.073;13.0102;35.7432;-0.0528;0.3124;1.00E-12;2.1962;771.97
ENVI;8;4;9.207;42;-115;114.065;12.9878;35.7465;-0.0629;0.3336;1.00E-12;2.1763;752.94
ENVI;8;4;9.207;42;-116;115.056;12.9667;35.7481;-0.0633;0.3792;1.00E-12;2.1671;786.82
ENVI;8;4;9.207;42;-117;116.048;12.9413;35.7493;-0.0696;0.4237;1.00E-12;2.1625;789.16
ENVI;8;4;9.207;42;-118;117.04;12.9228;35.7489;-0.0668;0.4722;1.00E-12;2.1585;784.14
ENVI;8;4;9.207;42;-119;118.031;12.9104;35.7481;-0.0678;0.4883;1.00E-12;2.155;775.03
ENVI;8;4;9.207;42;-120;119.023;12.8915;35.7465;-0.061;0.5097;1.00E-12;2.1512;763.76
ENVI;8;4;9.207;42;-121;120.014;12.8186;35.7404;-0.0606;0.5251;1.00E-12;2.1483;757.28
ENVI;8;4;9.207;42;-122;121.006;12.7487;35.7351;-0.06;0.611;1.00E-12;2.1401;845.85
ENVI;8;4;9.207;42;-123;121.997;12.725;35.7323;-0.0592;0.6557;1.00E-12;2.1368;1060.4
ENVI;8;4;9.207;42;-124;122.989;12.7084;35.7308;-0.056;0.7029;1.00E-12;2.1346;1119.8
ENVI;8;4;9.207;42;-125;123.98;12.6899;35.7288;-0.0512;0.7367;1.00E-12;2.1315;1197.5
ENVI;8;4;9.207;42;-126;124.972;12.6764;35.7269;-0.062;0.716;1.00E-12;2.1275;1352.9
ENVI;8;4;9.207;42;-127;125.964;12.664;35.7243;-0.0399;0.5271;1.00E-12;2.1202;1716.4
ENVI;8;4;9.207;42;-128;126.955;12.6648;35.7244;-0.0506;0.6742;1.00E-12;2.1209;1765.2
ENVI;8;4;9.207;42;-129;127.947;12.666;35.7239;-0.0276;0.5609;1.00E-12;2.1187;2061.3
ENVI;8;4;9.207;42;-130;128.938;12.6627;35.7237;-0.0584;0.6684;1.00E-12;2.1192;2014.4
ENVI;8;4;9.207;42;-131;129.93;12.662;35.7237;-0.0455;0.7505;1.00E-12;2.1188;2008.5
ENVI;8;4;9.207;42;-132;130.921;12.6574;35.7232;-0.034;0.781;1.00E-12;2.1186;2000.1
ENVI;8;4;9.207;42;-133;131.913;12.656;35.7229;-0.0228;0.8109;1.00E-12;2.118;1991.7
ENVI;8;4;9.207;42;-134;132.904;12.6519;35.7223;-0.0522;0.6725;1.00E-12;2.1164;1972.6
ENVI;8;4;9.207;42;-135;133.896;12.6375;35.7209;-0.0443;0.7803;1.00E-12;2.117;1932.5
ENVI;8;4;9.207;42;-136;134.887;12.6075;35.7184;-0.0349;0.7927;1.00E-12;2.1163;1911
ENVI;8;4;9.207;42;-137;135.879;12.5919;35.7174;-0.0351;0.8076;1.00E-12;2.1154;1887.3
ENVI;8;4;9.207;42;-138;136.87;12.5633;35.7149;-0.045;0.8386;1.00E-12;2.114;1860.7
ENVI;8;4;9.207;42;-139;137.862;12.5396;35.7124;-0.0489;0.7794;1.00E-12;2.1112;1761.8
ENVI;8;4;9.207;42;-140;138.853;12.4779;35.7064;-0.022;0.8798;1.00E-12;2.1101;1538.2
ENVI;8;4;9.207;42;-141;139.845;12.4587;35.7048;-0.0337;0.8986;1.00E-12;2.109;1468.5
ENVI;8;4;9.207;42;-142;140.836;12.452;35.7036;-0.0482;0.9147;1.00E-12;2.1074;1374.7
ENVI;8;4;9.207;42;-143;141.827;12.445;35.7027;-0.0555;0.8641;1.00E-12;2.1067;1248.4
ENVI;8;4;9.207;42;-144;142.819;12.442;35.7012;-0.0498;0.7974;1.00E-12;2.1052;1055.5
ENVI;8;4;9.207;42;-145;143.81;12.4181;35.6998;-0.0551;0.9495;1.00E-12;2.105;1101.2
ENVI;8;4;9.207;42;-146;144.802;12.4089;35.6991;-0.0319;0.9822;1.00E-12;2.1042;1130.1
ENVI;8;4;9.207;42;-147;145.793;12.4079;35.6983;-0.0195;0.7661;1.00E-12;2.1028;1100.4
ENVI;8;4;9.207;42;-148;146.785;12.398;35.6974;-0.0406;0.7553;1.00E-12;2.1016;1636.6
ENVI;8;4;9.207;42;-149;147.776;12.384;35.6961;-0.0372;0.7082;1.00E-12;2.0995;1747.7
ENVI;8;4;9.207;42;-150;148.768;12.3908;35.6962;-0.0271;0.7321;1.00E-12;2.0998;1853.9
ENVI;8;4;9.207;42;-151;149.759;12.3798;35.6953;-0.0275;0.76;1.00E-12;2.0987;1909.3
ENVI;8;4;9.207;42;-152;150.75;12.3761;35.6951;-0.0244;0.7877;1.00E-12;2.0986;1615.6
ENVI;8;4;9.207;42;-153;151.742;12.3542;35.693;-0.0516;0.95;1.00E-12;2.0985;1996.1
ENVI;8;4;9.207;42;-154;152.733;12.3375;35.692;-0.0227;0.9854;1.00E-12;2.0978;1978.7
ENVI;8;4;9.207;42;-155;153.725;12.3266;35.6909;-0.0319;0.9433;1.00E-12;2.0954;1678.7
ENVI;8;41;9.308;42;-6;5.952;13.5728;35.2233;1.9623;0.5308;74.83;2.4681;989.37
ENVI;8;41;9.308;42;-7;6.945;13.4933;35.6078;2.1025;0.5301;68.551;2.4851;1001.1
ENVI;8;41;9.308;42;-8;7.937;13.4951;35.602;2.1302;0.5215;58.222;2.4851;1010.3
ENVI;8;41;9.308;42;-9;8.929;13.4948;35.6022;2.2122;0.5207;49.085;2.4858;1012.8
ENVI;8;41;9.308;42;-10;9.921;13.4936;35.6022;2.2217;0.5631;45.96;2.4855;1015.8
ENVI;8;41;9.308;42;-11;10.913;13.4954;35.6022;2.2591;0.5418;40.894;2.485;1020.9
ENVI;8;41;9.308;42;-12;11.905;13.4928;35.6022;2.2916;0.5769;35.566;2.4851;1025.8
ENVI;8;41;9.308;42;-13;12.897;13.4929;35.6022;2.2998;0.5518;29.368;2.4851;1036.8
ENVI;8;41;9.308;42;-14;13.89;13.4905;35.6022;2.2849;0.5525;26.987;2.4846;1044.6
ENVI;8;41;9.308;42;-15;14.882;13.4913;35.6021;2.3037;0.5709;25.416;2.4836;1046.2
ENVI;8;41;9.308;42;-16;15.874;13.4916;35.602;2.389;0.5679;23.535;2.4814;1058.2
ENVI;8;41;9.308;42;-17;16.866;13.4915;35.602;2.3472;0.5338;19.938;2.4812;1074
ENVI;8;41;9.308;42;-18;17.858;13.4911;35.6021;2.3129;0.547;18.183;2.4812;1101.8
ENVI;8;41;9.308;42;-19;18.85;13.4909;35.6022;2.3753;0.5759;16.416;2.4809;1106.9
ENVI;8;41;9.308;42;-20;19.842;13.4912;35.602;2.3811;0.5881;15.051;2.48;1115.9
ENVI;8;41;9.308;42;-21;20.834;13.4913;35.6021;2.3364;0.5424;13.477;2.4794;1138.3
ENVI;8;41;9.308;42;-22;21.826;13.4905;35.6021;2.2673;0.5457;12.301;2.4802;1155.1
ENVI;8;41;9.308;42;-23;22.818;13.4918;35.6021;2.2703;0.5333;10.973;2.4795;1180.5
ENVI;8;41;9.308;42;-24;23.81;13.4894;35.6021;2.2185;0.5312;10.078;2.4793;1226.9
ENVI;8;41;9.308;42;-25;24.802;13.486;35.6023;2.221;0.5244;9.3635;2.4782;1286.9
ENVI;8;41;9.308;42;-26;25.794;13.4861;35.6023;2.2279;0.5593;8.3957;2.4772;1299.5
ENVI;8;41;9.308;42;-27;26.786;13.4862;35.6021;2.1935;0.5531;7.994;2.4752;1322.4
ENVI;8;41;9.308;42;-28;27.778;13.4863;35.6021;2.1801;0.5311;7.5138;2.4741;1350.5
ENVI;8;41;9.308;42;-29;28.77;13.4865;35.6019;2.2272;0.5329;6.6394;2.4731;1378.5
ENVI;8;41;9.308;42;-30;29.762;13.4871;35.6022;2.1152;0.5364;6.1374;2.472;1422.4
ENVI;8;41;9.308;42;-31;30.754;13.4874;35.6022;2.2139;0.6342;5.448;2.472;1441.1
ENVI;8;41;9.308;42;-32;31.746;13.4873;35.6022;2.154;0.5902;5.2199;2.4713;1468
ENVI;8;41;9.308;42;-33;32.738;13.4875;35.602;2.2077;0.5792;4.8766;2.4706;1533.7
ENVI;8;41;9.308;42;-34;33.73;13.4877;35.6021;2.0801;0.4896;4.1584;2.4717;1616.8
ENVI;8;41;9.308;42;-35;34.722;13.4876;35.6024;2.131;0.5706;3.9345;2.4712;1619.9
ENVI;8;41;9.308;42;-36;35.714;13.488;35.6023;2.1625;0.5898;3.4739;2.4702;1629.9
ENVI;8;41;9.308;42;-37;36.706;13.488;35.6022;2.1067;0.5682;3.1424;2.4695;1638
ENVI;8;41;9.308;42;-38;37.698;13.4877;35.6021;2.0958;0.488;3.0106;2.4683;1485.5
ENVI;8;41;9.308;42;-39;38.69;13.4879;35.6024;2.0776;0.5589;2.7566;2.4672;1739.1
ENVI;8;41;9.308;42;-40;39.682;13.4883;35.6025;2.1404;0.5792;2.5079;2.4671;1647
ENVI;8;41;9.308;42;-41;40.674;13.4883;35.6024;2.1836;0.5837;2.2319;2.4665;1461.2
ENVI;8;41;9.308;42;-42;41.666;13.4883;35.6022;2.0521;0.6035;1.9866;2.4658;1737.6
ENVI;8;41;9.308;42;-43;42.658;13.4889;35.6022;2.1558;0.6118;1.72;2.4662;1415.7
ENVI;8;41;9.308;42;-44;43.65;13.4894;35.6026;2.1109;0.6322;1.6386;2.4653;1626.4
ENVI;8;41;9.308;42;-45;44.642;13.4896;35.6025;2.0835;0.5474;1.5751;2.4652;1568.4
ENVI;8;41;9.308;42;-46;45.634;13.4903;35.6026;2.0593;0.4952;1.3583;2.4661;1501.8
ENVI;8;41;9.308;42;-47;46.625;13.4901;35.6027;1.998;0.5026;1.1964;2.4663;1581.5
ENVI;8;41;9.308;42;-48;47.617;13.4917;35.6037;2.0535;0.5363;1.0771;2.466;1582.6
ENVI;8;41;9.308;42;-49;48.609;13.4948;35.6052;2.0581;0.5456;0.97316;2.4655;1579.8
ENVI;8;41;9.308;42;-50;49.601;13.4959;35.6055;2.0674;0.527;0.89196;2.4637;1561.4
ENVI;8;41;9.308;42;-51;50.593;13.4988;35.6082;2.0629;0.5174;0.7879;2.4637;1566.7
ENVI;8;41;9.308;42;-52;51.585;13.5048;35.6138;1.9835;0.5269;0.6958;2.4633;1575.6
ENVI;8;41;9.308;42;-53;52.577;13.5055;35.6156;1.8078;0.4709;0.62705;2.4608;1618.4
ENVI;8;41;9.308;42;-54;53.569;13.5098;35.6204;1.7266;0.4522;0.58114;2.4583;1674.8
ENVI;8;41;9.308;42;-55;54.561;13.5056;35.6249;1.6233;0.4767;0.52745;2.4569;1685.1
ENVI;8;41;9.308;42;-56;55.552;13.5032;35.6267;1.5118;0.488;0.48074;2.4553;1688.9
ENVI;8;41;9.308;42;-57;56.544;13.5029;35.6295;1.505;0.4807;0.43771;2.4519;1687.6
ENVI;8;41;9.308;42;-58;57.536;13.5027;35.6316;1.2208;0.3879;0.38865;2.4406;1675.5
ENVI;8;41;9.308;42;-59;58.528;13.5021;35.6329;1.2107;0.4176;0.36812;2.4345;1720
ENVI;8;41;9.308;42;-60;59.52;13.5022;35.633;1.2178;0.4438;0.34129;2.4314;1760.5
ENVI;8;41;9.308;42;-61;60.512;13.5019;35.6333;1.2418;0.4779;0.31356;2.4292;1793.2
ENVI;8;41;9.308;42;-62;61.504;13.5015;35.6334;1.2002;0.4659;0.29218;2.4278;1811.2
ENVI;8;41;9.308;42;-63;62.496;13.5016;35.6335;1.1834;0.445;0.26818;2.4262;1819.6
ENVI;8;41;9.308;42;-64;63.487;13.5019;35.6337;1.1614;0.3763;0.22158;2.424;1919
ENVI;8;41;9.308;42;-65;64.479;13.5052;35.6362;1.1215;0.4456;0.20497;2.4242;1951.8
ENVI;8;41;9.308;42;-66;65.471;13.5078;35.6379;1.1033;0.4501;0.17936;2.4226;1950.4
ENVI;8;41;9.308;42;-67;66.463;13.5097;35.6391;1.0498;0.4466;0.15125;2.4216;1952.2
ENVI;8;41;9.308;42;-68;67.455;13.512;35.6405;0.9174;0.4415;0.12521;2.4198;1957.8
ENVI;8;41;9.308;42;-69;68.447;13.5112;35.6398;0.8776;0.437;0.11593;2.4174;1964.9
ENVI;8;41;9.308;42;-70;69.438;13.5137;35.6409;0.8761;0.4324;0.12703;2.4102;2017
ENVI;8;41;9.308;42;-71;70.43;13.5178;35.6434;0.8153;0.4558;0.080261;2.4087;2034.2
ENVI;8;41;9.308;42;-72;71.422;13.5137;35.6408;0.7424;0.4601;0.060005;2.4067;2015.7
ENVI;8;41;9.308;42;-73;72.414;13.5182;35.643;0.7859;0.425;0.035462;2.4034;2002.3
ENVI;8;41;9.308;42;-74;73.405;13.5343;35.6522;0.767;0.4224;0.013974;2.4012;1998.8
ENVI;8;41;9.308;42;-75;74.397;13.5392;35.6611;0.3945;0.4601;0.064726;2.3947;2028.3
ENVI;8;41;9.308;42;-76;75.389;13.5431;35.665;0.3799;0.4576;0.052795;2.3888;2026.2
ENVI;8;41;9.308;42;-77;76.381;13.5405;35.6686;0.3691;0.4507;0.041888;2.3831;2010.4
ENVI;8;41;9.308;42;-78;77.373;13.5341;35.67;0.3688;0.4421;0.03709;2.3788;1974.4
ENVI;8;41;9.308;42;-79;78.364;13.5144;35.6717;0.3158;0.3919;0.040552;2.3679;1862.5
ENVI;8;41;9.308;42;-80;79.356;13.4844;35.6731;0.2961;0.3676;0.028174;2.362;1793.9
ENVI;8;41;9.308;42;-81;80.348;13.457;35.6776;0.2918;0.3316;0.025528;2.3614;1764.1
ENVI;8;41;9.308;42;-82;81.34;13.4623;35.6784;0.3037;0.3347;0.025936;2.3616;1738.2
ENVI;8;41;9.308;42;-83;82.331;13.4646;35.679;0.2916;0.3017;0.021109;2.3654;1713.5
ENVI;8;41;9.308;42;-84;83.323;13.4683;35.68;0.2753;0.2802;0.015286;2.3689;1687.6
ENVI;8;41;9.308;42;-85;84.315;13.4669;35.6796;0.3026;0.2967;0.0093628;2.3707;1664.7
ENVI;8;41;9.308;42;-86;85.307;13.47;35.68;0.3087;0.2731;0.0020027;2.3736;1677.6
ENVI;8;41;9.308;42;-87;86.298;13.4742;35.6822;0.2961;0.2764;0.000080321;2.3746;1726.9
ENVI;8;41;9.308;42;-88;87.29;13.4799;35.6848;0.2973;0.2761;2.06E-06;2.3746;1730.9
ENVI;8;41;9.308;42;-89;88.282;13.4833;35.6876;0.3167;0.256;1.00E-12;2.3745;1723.6
ENVI;8;41;9.308;42;-90;89.273;13.4816;35.6893;0.3128;0.2403;1.00E-12;2.3749;1703
ENVI;8;41;9.308;42;-91;90.265;13.4792;35.6891;0.2952;0.2293;1.00E-12;2.3756;1687.2
ENVI;8;41;9.308;42;-92;91.257;13.4776;35.6892;0.3013;0.2113;1.00E-12;2.3761;1652.5
ENVI;8;41;9.308;42;-93;92.248;13.4765;35.6898;0.2617;0.2404;1.00E-12;2.3753;1649.1
ENVI;8;41;9.308;42;-94;93.24;13.4738;35.6903;0.2774;0.2491;1.00E-12;2.3748;1658.2
ENVI;8;41;9.308;42;-95;94.232;13.4713;35.6903;0.2523;0.2483;1.00E-12;2.373;1691.2
ENVI;8;41;9.308;42;-96;95.224;13.4707;35.6905;0.2482;0.2307;1.00E-12;2.3714;1741
ENVI;8;41;9.308;42;-97;96.215;13.4692;35.6904;0.2401;0.2241;1.00E-12;2.3708;1777.4
ENVI;8;41;9.308;42;-98;97.207;13.4698;35.6906;0.2805;0.2186;1.00E-12;2.3697;1828.4
ENVI;8;41;9.308;42;-99;98.199;13.4697;35.6908;0.2625;0.2131;1.00E-12;2.3685;1831.7
ENVI;8;41;9.308;42;-100;99.19;13.4685;35.6911;0.2348;0.2178;1.00E-12;2.3686;1839.7
ENVI;8;41;9.308;42;-101;100.182;13.4662;35.6913;0.234;0.2381;1.00E-12;2.3684;1860.3
ENVI;8;41;9.308;42;-102;101.174;13.458;35.6928;0.2352;0.2458;1.00E-12;2.3679;1877.8
ENVI;8;41;9.308;42;-103;102.165;13.4361;35.6946;0.2123;0.2459;1.00E-12;2.367;1890
ENVI;8;41;9.308;42;-104;103.157;13.4298;35.6942;0.2009;0.2623;1.00E-12;2.3655;1891.5
ENVI;8;41;9.308;42;-105;104.149;13.4252;35.6935;0.197;0.2587;1.00E-12;2.3626;1876
ENVI;8;41;9.308;42;-106;105.14;13.4203;35.6935;0.1839;0.2529;1.00E-12;2.3566;1858.2
ENVI;8;41;9.308;42;-107;106.132;13.4143;35.6937;0.1783;0.2652;1.00E-12;2.3529;1861.6
ENVI;8;41;9.308;42;-108;107.123;13.4073;35.6937;0.1862;0.3129;1.00E-12;2.3509;1865.6
ENVI;8;41;9.308;42;-109;108.115;13.3969;35.6929;0.1648;0.3013;1.00E-12;2.3487;1868.3
ENVI;8;41;9.308;42;-110;109.107;13.3871;35.6927;0.1525;0.2977;1.00E-12;2.3465;1860.4
ENVI;8;41;9.308;42;-111;110.098;13.3801;35.6922;0.1503;0.3003;1.00E-12;2.3446;1835.3
ENVI;8;41;9.308;42;-112;111.09;13.3763;35.6921;0.1588;0.317;1.00E-12;2.3432;1797.4
ENVI;8;41;9.308;42;-113;112.082;13.3661;35.691;0.1618;0.3242;1.00E-12;2.3419;1754.4
ENVI;8;41;9.308;42;-114;113.073;13.3433;35.69;0.1636;0.3222;1.00E-12;2.3401;1709.6
ENVI;8;41;9.308;42;-115;114.065;13.3344;35.69;0.1615;0.3259;1.00E-12;2.3379;1666
ENVI;8;41;9.308;42;-116;115.056;13.3283;35.6898;0.1508;0.3252;1.00E-12;2.3369;1630
ENVI;8;41;9.308;42;-117;116.048;13.3252;35.69;0.1514;0.3257;1.00E-12;2.3367;1599.3
ENVI;8;41;9.308;42;-118;117.039;13.3181;35.6911;0.1443;0.3227;1.00E-12;2.3372;1570.8
ENVI;8;41;9.308;42;-119;118.031;13.3107;35.6926;0.1303;0.3113;1.00E-12;2.3383;1539.2
ENVI;8;41;9.308;42;-120;119.023;13.3098;35.6927;0.1327;0.3098;1.00E-12;2.3389;1500.3
ENVI;8;41;9.308;42;-121;120.014;13.3097;35.6924;0.1454;0.2908;1.00E-12;2.3398;1457.1
ENVI;8;41;9.308;42;-122;121.006;13.3096;35.6923;0.1505;0.2892;1.00E-12;2.3398;1432.3
ENVI;8;41;9.308;42;-123;121.997;13.309;35.6923;0.1519;0.3018;1.00E-12;2.3389;1422.2
ENVI;8;41;9.308;42;-124;122.989;13.3074;35.6925;0.129;0.3193;1.00E-12;2.3382;1414.9
ENVI;8;41;9.308;42;-125;123.98;13.3069;35.6924;0.1324;0.3177;1.00E-12;2.3376;1404.5
ENVI;8;41;9.308;42;-126;124.972;13.306;35.6925;0.1404;0.3127;1.00E-12;2.3369;1393.7
ENVI;8;41;9.308;42;-127;125.964;13.3051;35.6926;0.1417;0.3127;1.00E-12;2.3358;1383.1
ENVI;8;41;9.308;42;-128;126.955;13.3049;35.6927;0.1343;0.3195;1.00E-12;2.3352;1375.2
ENVI;8;41;9.308;42;-129;127.947;13.3033;35.6929;0.1272;0.3341;1.00E-12;2.3348;1371.6
ENVI;8;41;9.308;42;-130;128.938;13.2995;35.693;0.1271;0.4471;1.00E-12;2.3338;1376.6
ENVI;8;41;9.308;42;-131;129.93;13.2974;35.6932;0.1281;0.3247;1.00E-12;2.3322;1437.8
ENVI;8;41;9.308;42;-132;130.921;13.2951;35.6936;0.1271;0.3322;1.00E-12;2.3318;1453.5
ENVI;8;41;9.308;42;-133;131.913;13.2856;35.6943;0.1184;0.3316;1.00E-12;2.3305;1470.5
ENVI;8;41;9.308;42;-134;132.904;13.2759;35.6954;0.1148;0.337;1.00E-12;2.3294;1490.9
ENVI;8;41;9.308;42;-135;133.896;13.2761;35.6956;0.1074;0.3436;1.00E-12;2.3275;1508.3
ENVI;8;41;9.308;42;-136;134.887;13.2773;35.6956;0.1101;0.3421;1.00E-12;2.3262;1520.8
ENVI;8;41;9.308;42;-137;135.879;13.2786;35.6954;0.1289;0.3327;1.00E-12;2.3253;1531.3
ENVI;8;41;9.308;42;-138;136.87;13.2786;35.6954;0.111;0.3363;1.00E-12;2.3248;1537.8
ENVI;8;41;9.308;42;-139;137.861;13.2787;35.6955;0.1067;0.3386;1.00E-12;2.3241;1537.4
ENVI;8;41;9.308;42;-140;138.853;13.2765;35.6956;0.1076;0.3414;1.00E-12;2.3231;1529.9
ENVI;8;41;9.308;42;-141;139.845;13.276;35.6956;0.1148;0.326;1.00E-12;2.3227;1517.5
ENVI;8;41;9.308;42;-142;140.836;13.2755;35.6956;0.1258;0.3498;1.00E-12;2.3227;1505.1
ENVI;8;41;9.308;42;-143;141.827;13.2719;35.6956;0.1121;0.3258;1.00E-12;2.3215;1480.5
ENVI;8;41;9.308;42;-144;142.819;13.2631;35.6963;0.1015;0.2948;1.00E-12;2.3205;1447.8
ENVI;8;41;9.308;42;-145;143.81;13.2601;35.6964;0.0894;0.3342;1.00E-12;2.3195;1433.8
ENVI;8;41;9.308;42;-146;144.802;13.2317;35.6978;0.0984;0.3476;1.00E-12;2.3183;1422.5
ENVI;8;41;9.308;42;-147;145.793;13.2061;35.6997;0.0952;0.3688;1.00E-12;2.3167;1413.1
ENVI;8;41;9.308;42;-148;146.785;13.1993;35.7003;0.089;0.3949;1.00E-12;2.3144;1402
ENVI;8;41;9.308;42;-149;147.776;13.1951;35.7004;0.076;0.4045;1.00E-12;2.3112;1392.7
ENVI;8;41;9.308;42;-150;148.768;13.1931;35.7005;0.0719;0.4058;1.00E-12;2.3071;1386.6
ENVI;8;41;9.308;42;-151;149.759;13.1919;35.701;0.0632;0.4057;1.00E-12;2.3016;1382.8
ENVI;8;41;9.308;42;-152;150.75;13.189;35.7064;0.0614;0.4003;1.00E-12;2.2965;1381.6
ENVI;8;41;9.308;42;-153;151.742;13.1903;35.7133;0.0269;0.386;1.00E-12;2.2834;1381.6
ENVI;8;41;9.308;42;-154;152.733;13.1608;35.7213;0.044;0.3628;1.00E-12;2.2581;1387.6
ENVI;8;41;9.308;42;-155;153.725;13.1064;35.7276;-0.0028;0.3567;1.00E-12;2.2529;1389.8
ENVI;8;41;9.308;42;-156;154.716;13.0761;35.7298;-0.0111;0.3341;1.00E-12;2.2458;1392.1
ENVI;8;41;9.308;42;-157;155.707;13.0544;35.7313;-0.0235;0.3142;1.00E-12;2.2378;1392.5
ENVI;8;41;9.308;42;-158;156.699;13.0398;35.7321;-0.0386;0.2898;1.00E-12;2.2293;1393.6
ENVI;8;41;9.308;42;-159;157.69;13.0263;35.7321;-0.0467;0.345;1.00E-12;2.2214;1395.3
ENVI;8;41;9.308;42;-160;158.682;13.0071;35.7329;-0.0511;0.3442;1.00E-12;2.2142;1400.6
ENVI;8;41;9.308;42;-161;159.673;13.0003;35.7328;-0.0585;0.3145;1.00E-12;2.2072;1407.6
ENVI;8;41;9.308;42;-162;160.664;12.9861;35.7331;-0.0528;0.2753;1.00E-12;2.1997;1418.3
ENVI;8;41;9.308;42;-163;161.656;12.967;35.7326;-0.0607;0.2576;1.00E-12;2.1892;1433.7
ENVI;8;41;9.308;42;-164;162.647;12.9592;35.7325;-0.0711;0.2296;1.00E-12;2.1836;1439.4
ENVI;8;41;9.308;42;-165;163.638;12.9456;35.7321;-0.0464;0.276;1.00E-12;2.1806;1439.1
ENVI;8;41;9.308;42;-166;164.63;12.9128;35.7318;-0.0594;0.253;1.00E-12;2.1777;1438.4
ENVI;8;41;9.308;42;-167;165.621;12.8795;35.7328;-0.0718;0.2933;1.00E-12;2.1744;1438.5
ENVI;8;41;9.308;42;-168;166.612;12.8691;35.7329;-0.0715;0.3114;1.00E-12;2.1712;1439.2
ENVI;8;41;9.308;42;-169;167.604;12.8413;35.7326;-0.0695;0.3209;1.00E-12;2.168;1441.2
ENVI;8;41;9.308;42;-170;168.595;12.8212;35.7316;-0.0703;0.3381;1.00E-12;2.1646;1443.2
ENVI;8;41;9.308;42;-171;169.586;12.7988;35.7307;-0.0788;0.3418;1.00E-12;2.1611;1447.6
ENVI;8;41;9.308;42;-172;170.578;12.7776;35.7291;-0.0597;0.29;1.00E-12;2.1471;1487.4
ENVI;8;41;9.308;42;-173;171.569;12.7616;35.7318;-0.0688;0.3475;1.00E-12;2.1433;1511.9
ENVI;8;41;9.308;42;-174;172.56;12.7577;35.7321;-0.0766;0.3832;1.00E-12;2.1414;1522.6
ENVI;8;41;9.308;42;-175;173.552;12.7583;35.7316;-0.084;0.4116;1.00E-12;2.1391;1535.5
ENVI;8;41;9.308;42;-176;174.543;12.7521;35.7312;-0.0708;0.3991;1.00E-12;2.1365;1553.7
ENVI;8;41;9.308;42;-177;175.534;12.7339;35.7304;-0.0717;0.406;1.00E-12;2.1335;1580.1
ENVI;8;41;9.308;42;-178;176.525;12.7184;35.7299;-0.0728;0.4149;1.00E-12;2.1309;1.61E+03
ENVI;8;41;9.308;42;-179;177.517;12.7072;35.7294;-0.082;0.4106;1.00E-12;2.1283;1.65E+03
ENVI;8;41;9.308;42;-180;178.508;12.6942;35.7284;-0.0823;0.4273;1.00E-12;2.1244;1.69E+03
ENVI;8;41;9.308;42;-181;179.499;12.6865;35.728;-0.0744;0.489;1.00E-12;2.1224;1.71E+03
ENVI;8;41;9.308;42;-182;180.491;12.6698;35.7267;-0.0612;0.514;1.00E-12;2.1196;1.74E+03
ENVI;8;41;9.308;42;-183;181.482;12.6526;35.7242;-0.0721;0.45;1.00E-12;2.1139;1.88E+03
ENVI;8;41;9.308;42;-184;182.473;12.6407;35.7234;-0.0559;0.5364;1.00E-12;2.1124;1.97E+03
ENVI;8;41;9.308;42;-185;183.465;12.613;35.7218;-0.0662;0.5083;1.00E-12;2.1108;1.97E+03
ENVI;8;41;9.308;42;-186;184.455;12.5594;35.718;-0.0657;0.5146;1.00E-12;2.1071;2.07E+03
ENVI;8;41;9.308;42;-187;185.447;12.5205;35.7161;-0.0688;0.649;1.00E-12;2.1069;2.08E+03
ENVI;8;41;9.308;42;-188;186.438;12.5136;35.7149;-0.066;0.7066;1.00E-12;2.1048;2.07E+03
ENVI;8;41;9.308;42;-189;187.429;12.5183;35.7138;-0.0563;0.6403;1.00E-12;2.0973;2.01E+03
ENVI;8;41;9.308;42;-190;188.42;12.4662;35.7096;-0.0567;0.6476;1.00E-12;2.0931;1.95E+03
ENVI;8;41;9.308;42;-191;189.412;12.4062;35.7065;-0.0799;0.7256;1.00E-12;2.0918;1.94E+03
ENVI;8;41;9.308;42;-192;190.403;12.3748;35.7042;-0.0527;0.9231;1.00E-12;2.0896;1.93E+03
ENVI;8;41;9.308;42;-193;191.394;12.3686;35.7034;-0.0617;0.9753;1.00E-12;2.0873;1.92E+03
ENVI;8;41;9.308;42;-194;192.385;12.3591;35.7019;-0.0676;1.0142;1.00E-12;2.0846;1.92E+03
ENVI;8;41;9.308;42;-195;193.377;12.343;35.7001;-0.0652;0.8714;1.00E-12;2.0811;1.91E+03
ENVI;8;41;9.308;42;-196;194.368;12.352;35.7002;-0.0737;0.8894;1.00E-12;2.0789;1.91E+03
ENVI;8;41;9.308;42;-197;195.359;12.3177;35.6963;-0.0654;0.9055;1.00E-12;2.0781;1.90E+03
ENVI;8;41;9.308;42;-198;196.35;12.2172;35.6868;-0.0546;1.0125;1.00E-12;2.0757;1.89E+03
ENVI;8;41;9.308;42;-199;197.341;12.1457;35.6794;-0.0407;1.08;1.00E-12;2.0731;1.84E+03
ENVI;8;41;9.308;42;-200;198.334;12.1549;35.6774;-0.0419;0.9267;1.00E-12;2.0715;1.67E+03
ENVI;8;5;9.408;42;-5;4.961;13.7312;35.0885;1.0504;0.2606;1.67E+02;2.4096;1.50E+03
ENVI;8;5;9.408;42;-6;5.953;13.7799;35.7374;0.8407;0.2757;1.62E+02;2.4361;1.48E+03
ENVI;8;5;9.408;42;-7;6.945;13.7813;35.7536;0.9681;0.2747;1.44E+02;2.437;1.47E+03
ENVI;8;5;9.408;42;-8;7.937;13.7775;35.7539;1.0082;0.2709;1.26E+02;2.4363;1.47E+03
ENVI;8;5;9.408;42;-9;8.929;13.7711;35.7535;1.196;0.2732;1.08E+02;2.437;1.48E+03
ENVI;8;5;9.408;42;-10;9.921;13.7699;35.7531;1.2567;0.2698;1.00E+02;2.4365;1.51E+03
ENVI;8;5;9.408;42;-11;10.913;13.7657;35.7528;1.4082;0.2581;9.45E+01;2.4356;1.52E+03
ENVI;8;5;9.408;42;-12;11.906;13.7624;35.7527;1.2865;0.2638;8.63E+01;2.4353;1.53E+03
ENVI;8;5;9.408;42;-13;12.897;13.7629;35.7526;1.22;0.2641;8.07E+01;2.434;1.54E+03
ENVI;8;5;9.408;42;-14;13.89;13.762;35.7523;1.3776;0.2638;7.09E+01;2.4338;1.57E+03
ENVI;8;5;9.408;42;-15;14.882;13.7555;35.7516;1.3278;0.2571;6.72E+01;2.4339;1.60E+03
ENVI;8;5;9.408;42;-16;15.874;13.7575;35.752;1.3918;0.2744;6.15E+01;2.4333;1.62E+03
ENVI;8;5;9.408;42;-17;16.866;13.7578;35.7521;1.6322;0.288;5.78E+01;2.432;1.63E+03
ENVI;8;5;9.408;42;-18;17.858;13.7607;35.7525;1.3629;0.2619;5.41E+01;2.4321;1.64E+03
ENVI;8;5;9.408;42;-19;18.85;13.7553;35.7517;1.4818;0.2801;5.09E+01;2.4319;1.65E+03
ENVI;8;5;9.408;42;-20;19.842;13.752;35.7509;1.4303;0.259;4.60E+01;2.4303;1.66E+03
ENVI;8;5;9.408;42;-21;20.834;13.7498;35.7505;1.4012;0.2522;4.59E+01;2.4298;1.64E+03
ENVI;8;5;9.408;42;-22;21.826;13.7482;35.7502;1.4323;0.2725;4.15E+01;2.4294;1.63E+03
ENVI;8;5;9.408;42;-23;22.818;13.7472;35.75;1.4084;0.2792;3.71E+01;2.4291;1.62E+03
ENVI;8;5;9.408;42;-24;23.81;13.7442;35.7493;1.4126;0.278;3.49E+01;2.4283;1.61E+03
ENVI;8;5;9.408;42;-25;24.802;13.7423;35.7486;1.417;0.2559;3.45E+01;2.4267;1.52E+03
ENVI;8;5;9.408;42;-26;25.794;13.7328;35.7467;1.2716;0.2414;3.15E+01;2.4277;1.38E+03
ENVI;8;5;9.408;42;-27;26.786;13.7301;35.7465;1.2803;0.2741;3.03E+01;2.4277;1.41E+03
ENVI;8;5;9.408;42;-28;27.778;13.7302;35.7462;1.3787;0.2826;2.82E+01;2.4275;1.42E+03
ENVI;8;5;9.408;42;-29;28.77;13.7274;35.7457;1.4549;0.2753;2.71E+01;2.427;1.42E+03
ENVI;8;5;9.408;42;-30;29.762;13.7234;35.7447;1.4285;0.2737;2.56E+01;2.4274;1.40E+03
ENVI;8;5;9.408;42;-31;30.754;13.7243;35.7447;1.2802;0.2557;2.34E+01;2.4285;1.41E+03
ENVI;8;5;9.408;42;-32;31.746;13.7243;35.7447;1.4732;0.264;2.14E+01;2.4268;1.41E+03
ENVI;8;5;9.408;42;-33;32.738;13.7244;35.7447;1.3964;0.2762;1.97E+01;2.4262;1.40E+03
ENVI;8;5;9.408;42;-34;33.73;13.7245;35.7448;1.3263;0.2599;1.95E+01;2.4258;1.38E+03
ENVI;8;5;9.408;42;-35;34.722;13.7253;35.745;1.3858;0.2472;1.85E+01;2.4261;1.34E+03
ENVI;8;5;9.408;42;-36;35.714;13.7241;35.7448;1.2645;0.2761;1.64E+01;2.4266;1.33E+03
ENVI;8;5;9.408;42;-37;36.706;13.7254;35.7448;1.4451;0.2759;1.54E+01;2.4257;1.36E+03
ENVI;8;5;9.408;42;-38;37.698;13.7249;35.7448;1.3493;0.2674;1.53E+01;2.4252;1.42E+03
ENVI;8;5;9.408;42;-39;38.69;13.7252;35.745;1.3603;0.2758;1.45E+01;2.425;1.46E+03
ENVI;8;5;9.408;42;-40;39.682;13.7241;35.7446;1.3248;0.2721;1.35E+01;2.4248;1.50E+03
ENVI;8;5;9.408;42;-41;40.674;13.7243;35.7446;1.3572;0.2643;1.24E+01;2.4246;1.55E+03
ENVI;8;5;9.408;42;-42;41.666;13.721;35.7439;1.312;0.2664;1.27E+01;2.4245;1.72E+03
ENVI;8;5;9.408;42;-43;42.658;13.7128;35.7422;1.3469;0.2618;1.24E+01;2.4252;1.77E+03
ENVI;8;5;9.408;42;-44;43.65;13.7161;35.7429;1.3934;0.2785;1.24E+01;2.4246;1.86E+03
ENVI;8;5;9.408;42;-45;44.642;13.7066;35.741;1.2467;0.2855;1.23E+01;2.4247;1.93E+03
ENVI;8;5;9.408;42;-46;45.634;13.6996;35.7394;1.261;0.2824;1.17E+01;2.4243;2.03E+03
ENVI;8;5;9.408;42;-47;46.626;13.6936;35.7382;1.2222;0.2722;1.08E+01;2.424;2.10E+03
ENVI;8;5;9.408;42;-48;47.617;13.6926;35.7378;1.2485;0.2617;9.97E+00;2.4242;2.12E+03
ENVI;8;5;9.408;42;-49;48.609;13.6907;35.7374;1.3338;0.3042;9.25E+00;2.4255;2.16E+03
ENVI;8;5;9.408;42;-50;49.601;13.6855;35.7365;1.3263;0.2877;8.20E+00;2.4248;2.16E+03
ENVI;8;5;9.408;42;-51;50.593;13.6802;35.7356;1.3287;0.2862;7.31E+00;2.4239;2.15E+03
ENVI;8;5;9.408;42;-52;51.585;13.6773;35.7351;1.3295;0.2744;7.49E+00;2.4234;2.13E+03
ENVI;8;5;9.408;42;-53;52.577;13.6768;35.7348;1.4145;0.2638;7.11E+00;2.4237;2.11E+03
ENVI;8;5;9.408;42;-54;53.569;13.6782;35.7348;1.3307;0.2684;6.53E+00;2.4234;2.11E+03
ENVI;8;5;9.408;42;-55;54.561;13.668;35.7327;1.4928;0.3076;5.96E+00;2.4244;2.09E+03
ENVI;8;5;9.408;42;-56;55.552;13.6484;35.7302;1.2192;0.2704;5.46E+00;2.4231;2.09E+03
ENVI;8;5;9.408;42;-57;56.545;13.6465;35.7296;1.264;0.2758;5.21E+00;2.4224;2.09E+03
ENVI;8;5;9.408;42;-58;57.536;13.6459;35.7293;1.2487;0.2854;5.06E+00;2.4218;2.07E+03
ENVI;8;5;9.408;42;-59;58.528;13.6477;35.7296;1.244;0.2552;4.68E+00;2.4219;2.06E+03
ENVI;8;5;9.408;42;-60;59.52;13.6514;35.7308;1.238;0.2513;4.51E+00;2.422;2.12E+03
ENVI;8;5;9.408;42;-61;60.512;13.6481;35.7302;1.2188;0.2688;3.96E+00;2.4222;2.12E+03
ENVI;8;5;9.408;42;-62;61.504;13.6448;35.7296;1.2615;0.2765;3.41E+00;2.4218;2.12E+03
ENVI;8;5;9.408;42;-63;62.496;13.6378;35.7283;1.1708;0.2761;2.93E+00;2.4209;2.12E+03
ENVI;8;5;9.408;42;-64;63.487;13.6387;35.7282;1.1227;0.2519;3.26E+00;2.418;1.95E+03
ENVI;8;5;9.408;42;-65;64.479;13.6381;35.7282;1.1895;0.2987;3.01E+00;2.4177;1.88E+03
ENVI;8;5;9.408;42;-66;65.471;13.6333;35.7274;1.2052;0.2821;2.80E+00;2.4163;1.85E+03
ENVI;8;5;9.408;42;-67;66.463;13.6291;35.7264;1.123;0.2483;2.56E+00;2.4153;1.78E+03
ENVI;8;5;9.408;42;-68;67.455;13.6284;35.7266;1.06;0.2546;2.30E+00;2.4151;1.74E+03
ENVI;8;5;9.408;42;-69;68.447;13.629;35.7267;1.0793;0.258;2.13E+00;2.415;1.76E+03
ENVI;8;5;9.408;42;-70;69.438;13.6274;35.7265;1.0981;0.3007;1.97E+00;2.4144;1.79E+03
ENVI;8;5;9.408;42;-71;70.43;13.6246;35.7258;1.1015;0.2536;1.79E+00;2.4132;1.78E+03
ENVI;8;5;9.408;42;-72;71.422;13.6263;35.7259;1.1115;0.2442;1.60E+00;2.4128;1.87E+03
ENVI;8;5;9.408;42;-73;72.414;13.621;35.725;1.0339;0.2458;1.51E+00;2.4128;1.79E+03
ENVI;8;5;9.408;42;-74;73.405;13.6192;35.7251;1.1077;0.2689;1.45E+00;2.4128;1.74E+03
ENVI;8;5;9.408;42;-75;74.397;13.6199;35.7254;1.1314;0.2579;1.35E+00;2.4129;1.77E+03
ENVI;8;5;9.408;42;-76;75.389;13.6202;35.7255;1.1428;0.2578;1.24E+00;2.4129;1.82E+03
ENVI;8;5;9.408;42;-77;76.381;13.6203;35.7254;1.1385;0.2565;1.10E+00;2.4116;1.89E+03
ENVI;8;5;9.408;42;-78;77.373;13.6203;35.7258;1.09;0.2581;9.69E-01;2.4115;1.78E+03
ENVI;8;5;9.408;42;-79;78.364;13.6196;35.7258;1.1617;0.273;8.90E-01;2.4109;1.73E+03
ENVI;8;5;9.408;42;-80;79.356;13.6193;35.726;1.1224;0.281;8.35E-01;2.4102;1.67E+03
ENVI;8;5;9.408;42;-81;80.348;13.6172;35.7255;1.0842;0.344;7.66E-01;2.409;1.59E+03
ENVI;8;5;9.408;42;-82;81.34;13.6165;35.7251;1.0283;0.243;6.39E-01;2.4088;1.40E+03
ENVI;8;5;9.408;42;-83;82.331;13.6167;35.7253;1.019;0.242;5.54E-01;2.409;1.29E+03
ENVI;8;5;9.408;42;-84;83.323;13.6108;35.7253;0.9602;0.265;5.04E-01;2.4093;1.27E+03
ENVI;8;5;9.408;42;-85;84.315;13.6025;35.7246;0.907;0.257;4.73E-01;2.4083;1.24E+03
ENVI;8;5;9.408;42;-86;85.307;13.5953;35.7236;0.9151;0.2284;4.33E-01;2.4046;1.19E+03
ENVI;8;5;9.408;42;-87;86.298;13.5912;35.7234;0.7184;0.2306;3.92E-01;2.4036;1.16E+03
ENVI;8;5;9.408;42;-88;87.29;13.5891;35.7232;0.7417;0.2392;3.60E-01;2.4019;1.15E+03
ENVI;8;5;9.408;42;-89;88.282;13.5869;35.7225;0.7627;0.2208;3.34E-01;2.3953;1.10E+03
ENVI;8;5;9.408;42;-90;89.274;13.5858;35.7227;0.6875;0.2273;3.07E-01;2.3957;1.10E+03
ENVI;8;5;9.408;42;-91;90.265;13.5856;35.7226;0.7259;0.2296;2.89E-01;2.3956;1.10E+03
ENVI;8;5;9.408;42;-92;91.257;13.5841;35.7226;0.7015;0.2326;2.65E-01;2.3948;1.10E+03
ENVI;8;5;9.408;42;-93;92.249;13.5841;35.7225;0.7057;0.2473;2.40E-01;2.394;1.10E+03
ENVI;8;5;9.408;42;-94;93.24;13.5824;35.7223;0.6978;0.2233;2.25E-01;2.3923;1.09E+03
ENVI;8;5;9.408;42;-95;94.232;13.5781;35.7218;0.6377;0.2155;2.09E-01;2.3908;1.07E+03
ENVI;8;5;9.408;42;-96;95.224;13.5708;35.7214;0.5894;0.2191;1.95E-01;2.3899;1.06E+03
ENVI;8;5;9.408;42;-97;96.215;13.561;35.7203;0.4761;0.2113;1.77E-01;2.3888;1.06E+03
ENVI;8;5;9.408;42;-98;97.207;13.5549;35.7199;0.4066;0.2091;1.62E-01;2.3863;1.05E+03
ENVI;8;5;9.408;42;-99;98.199;13.5547;35.7198;0.3634;0.2057;1.49E-01;2.3837;1.05E+03
ENVI;8;5;9.408;42;-100;99.19;13.5575;35.72;0.3726;0.2086;1.35E-01;2.3813;1.04E+03
ENVI;8;5;9.408;42;-101;100.182;13.5566;35.72;0.3981;0.2162;1.26E-01;2.3799;1.04E+03
ENVI;8;5;9.408;42;-102;101.173;13.5551;35.7197;0.3929;0.2213;1.21E-01;2.3791;1.04E+03
ENVI;8;5;9.408;42;-103;102.165;13.5513;35.7194;0.393;0.2211;1.14E-01;2.3787;1.04E+03
ENVI;8;5;9.408;42;-104;103.157;13.5509;35.7192;0.3578;0.2217;1.07E-01;2.3784;1.04E+03
ENVI;8;5;9.408;42;-105;104.149;13.5466;35.7187;0.3724;0.2214;9.64E-02;2.377;1.03E+03
ENVI;8;5;9.408;42;-106;105.14;13.5462;35.7187;0.3776;0.2098;9.06E-02;2.3759;1.03E+03
ENVI;8;5;9.408;42;-107;106.132;13.5446;35.7185;0.3306;0.2157;8.28E-02;2.3754;1.03E+03
ENVI;8;5;9.408;42;-108;107.124;13.5443;35.7184;0.2994;0.2013;7.54E-02;2.375;1.03E+03
ENVI;8;5;9.408;42;-109;108.115;13.5408;35.7181;0.2956;0.2068;6.73E-02;2.3742;1.04E+03
ENVI;8;5;9.408;42;-110;109.107;13.538;35.7179;0.2777;0.2042;6.26E-02;2.3736;1.04E+03
ENVI;8;5;9.408;42;-111;110.098;13.5363;35.7179;0.2765;0.2209;5.79E-02;2.373;1.04E+03
ENVI;8;5;9.408;42;-112;111.09;13.5365;35.7179;0.3299;0.1973;5.35E-02;2.3726;1.04E+03
ENVI;8;5;9.408;42;-113;112.082;13.5362;35.7179;0.2742;0.2087;4.69E-02;2.3722;1.04E+03
ENVI;8;5;9.408;42;-114;113.073;13.536;35.7177;0.2632;0.2129;4.36E-02;2.3714;1.04E+03
ENVI;8;5;9.408;42;-115;114.065;13.535;35.7178;0.2681;0.2078;4.05E-02;2.3702;1.04E+03
ENVI;8;5;9.408;42;-116;115.056;13.5349;35.7178;0.2842;0.1961;3.54E-02;2.3688;1.04E+03
ENVI;8;5;9.408;42;-117;116.048;13.5348;35.7178;0.2846;0.2261;3.15E-02;2.3682;1.04E+03
ENVI;8;5;9.408;42;-118;117.039;13.5343;35.7175;0.2953;0.2101;2.77E-02;2.3684;1.03E+03
ENVI;8;5;9.408;42;-119;118.031;13.5339;35.7175;0.2686;0.1991;2.16E-02;2.3688;1.03E+03
ENVI;8;5;9.408;42;-120;119.023;13.5335;35.7174;0.2327;0.1981;1.64E-02;2.3691;1.02E+03
ENVI;8;5;9.408;42;-121;120.014;13.5335;35.7175;0.2412;0.1949;1.38E-02;2.3682;1.02E+03
ENVI;8;5;9.408;42;-122;121.006;13.5335;35.7174;0.2634;0.1921;8.34E-03;2.3678;1.01E+03
ENVI;8;5;9.408;42;-123;121.997;13.5334;35.7176;0.2916;0.2043;6.13E-03;2.3673;1.01E+03
ENVI;8;5;9.408;42;-124;122.989;13.5328;35.7175;0.295;0.214;2.95E-03;2.3668;1.01E+03
ENVI;8;5;9.408;42;-125;123.98;13.5327;35.7175;0.253;0.209;4.30E-04;2.3665;1.00E+03
ENVI;8;5;9.408;42;-126;124.972;13.5327;35.7174;0.2799;0.2079;7.27E-06;2.3663;1.00E+03
ENVI;8;5;9.408;42;-127;125.964;13.533;35.7175;0.295;0.2014;-5.84E-07;2.3662;1.00E+03
ENVI;8;5;9.408;42;-128;126.955;13.533;35.7175;0.2851;0.1969;1.00E-12;2.3658;9.98E+02
ENVI;8;5;9.408;42;-129;127.946;13.5322;35.7174;0.2839;0.1981;1.00E-12;2.3656;9.96E+02
ENVI;8;5;9.408;42;-130;128.938;13.5322;35.7173;0.2887;0.2006;1.00E-12;2.3648;9.95E+02
ENVI;8;5;9.408;42;-131;129.93;13.5322;35.7174;0.299;0.2163;1.00E-12;2.3642;9.93E+02
ENVI;8;5;9.408;42;-132;130.921;13.5317;35.7172;0.291;0.2161;1.00E-12;2.3645;9.89E+02
ENVI;8;5;9.408;42;-133;131.913;13.5306;35.717;0.2863;0.1998;1.00E-12;2.3647;9.86E+02
ENVI;8;5;9.408;42;-134;132.904;13.5294;35.7167;0.2733;0.2016;1.00E-12;2.3658;9.85E+02
ENVI;8;5;9.408;42;-135;133.896;13.5242;35.7159;0.2952;0.2042;1.00E-12;2.365;9.82E+02
ENVI;8;5;9.408;42;-136;134.887;13.5238;35.7159;0.2621;0.1978;1.00E-12;2.3642;9.80E+02
ENVI;8;5;9.408;42;-137;135.879;13.5242;35.716;0.284;0.2031;1.00E-12;2.3636;9.78E+02
ENVI;8;5;9.408;42;-138;136.87;13.5243;35.7159;0.284;0.1979;1.00E-12;2.3631;9.76E+02
ENVI;8;5;9.408;42;-139;137.862;13.5241;35.7158;0.3008;0.2051;1.00E-12;2.3632;9.76E+02
ENVI;8;5;9.408;42;-140;138.853;13.5238;35.7157;0.3272;0.2033;1.00E-12;2.3628;9.76E+02
ENVI;8;5;9.408;42;-141;139.845;13.5235;35.7156;0.3299;0.2046;1.00E-12;2.3623;9.76E+02
ENVI;8;5;9.408;42;-142;140.836;13.5235;35.7158;0.2941;0.2228;1.00E-12;2.3616;9.74E+02
ENVI;8;5;9.408;42;-143;141.827;13.5233;35.7156;0.2836;0.1909;1.00E-12;2.3613;9.73E+02
ENVI;8;5;9.408;42;-144;142.819;13.522;35.7153;0.2749;0.1857;1.00E-12;2.3611;9.71E+02
ENVI;8;5;9.408;42;-145;143.81;13.5215;35.7151;0.2622;0.1852;1.00E-12;2.3608;9.69E+02
ENVI;8;5;9.408;42;-146;144.802;13.5214;35.7151;0.2492;0.1902;1.00E-12;2.3609;9.67E+02
ENVI;8;5;9.408;42;-147;145.793;13.518;35.7146;0.2422;0.1977;1.00E-12;2.3607;9.66E+02
ENVI;8;5;9.408;42;-148;146.784;13.5131;35.714;0.276;0.2144;1.00E-12;2.3606;9.65E+02
ENVI;8;5;9.408;42;-149;147.776;13.5043;35.713;0.2952;0.2242;1.00E-12;2.3601;9.65E+02
ENVI;8;5;9.408;42;-150;148.768;13.5015;35.7126;0.2758;0.2144;1.00E-12;2.359;9.63E+02
ENVI;8;5;9.408;42;-151;149.759;13.4963;35.7122;0.2469;0.1906;1.00E-12;2.358;9.62E+02
ENVI;8;5;9.408;42;-152;150.751;13.4683;35.7117;0.2765;0.1957;1.00E-12;2.3578;9.62E+02
ENVI;8;5;9.408;42;-153;151.742;13.4608;35.7121;0.2755;0.2031;1.00E-12;2.3566;9.62E+02
ENVI;8;5;9.408;42;-154;152.733;13.4503;35.7121;0.2479;0.2218;1.00E-12;2.3547;9.62E+02
ENVI;8;5;9.408;42;-155;153.725;13.444;35.7122;0.2242;0.2176;1.00E-12;2.3519;9.61E+02
ENVI;8;5;9.408;42;-156;154.716;13.4421;35.7117;0.191;0.2149;1.00E-12;2.3454;9.58E+02
ENVI;8;5;9.408;42;-157;155.707;13.4399;35.7115;0.1638;0.2152;1.00E-12;2.3404;9.56E+02
ENVI;8;5;9.408;42;-158;156.699;13.438;35.7115;0.1726;0.2168;1.00E-12;2.3374;9.56E+02
ENVI;8;5;9.408;42;-159;157.69;13.4379;35.7122;0.1648;0.2232;1.00E-12;2.3358;9.56E+02
ENVI;8;5;9.408;42;-160;158.682;13.4363;35.7122;0.1747;0.2359;1.00E-12;2.3342;9.55E+02
ENVI;8;5;9.408;42;-161;159.673;13.4159;35.7127;0.1571;0.2496;1.00E-12;2.3303;9.54E+02
ENVI;8;5;9.408;42;-162;160.664;13.3994;35.7138;0.1449;0.2503;1.00E-12;2.3243;9.53E+02
ENVI;8;5;9.408;42;-163;161.656;13.392;35.7143;0.1623;0.2584;1.00E-12;2.3204;9.53E+02
ENVI;8;5;9.408;42;-164;162.647;13.3863;35.7143;0.1494;0.2578;1.00E-12;2.3178;9.52E+02
ENVI;8;5;9.408;42;-165;163.638;13.3559;35.7159;0.1534;0.2685;1.00E-12;2.3151;9.51E+02
ENVI;8;5;9.408;42;-166;164.63;13.3291;35.7182;0.1511;0.2829;1.00E-12;2.3122;9.51E+02
ENVI;8;5;9.408;42;-167;165.621;13.3244;35.7183;0.1423;0.2977;1.00E-12;2.309;9.50E+02
ENVI;8;5;9.408;42;-168;166.612;13.3206;35.7182;0.1372;0.3017;1.00E-12;2.305;9.51E+02
ENVI;8;5;9.408;42;-169;167.604;13.2911;35.7199;0.1066;0.3001;1.00E-12;2.2972;9.49E+02
ENVI;8;5;9.408;42;-170;168.595;13.2713;35.7211;0.0818;0.2386;1.00E-12;2.2768;9.47E+02
ENVI;8;5;9.408;42;-171;169.586;13.2565;35.7217;0.0873;0.3015;1.00E-12;2.2688;9.48E+02
ENVI;8;5;9.408;42;-172;170.577;13.2431;35.7226;0.065;0.307;1.00E-12;2.2653;9.48E+02
ENVI;8;5;9.408;42;-173;171.569;13.2363;35.7228;0.0559;0.3237;1.00E-12;2.2624;9.47E+02
ENVI;8;5;9.408;42;-174;172.56;13.1999;35.7245;0.0569;0.3304;1.00E-12;2.2585;9.47E+02
ENVI;8;5;9.408;42;-175;173.552;13.1839;35.7251;0.0757;0.3262;1.00E-12;2.2547;9.47E+02
ENVI;8;5;9.408;42;-176;174.543;13.186;35.7247;0.0516;0.3383;1.00E-12;2.25;9.46E+02
ENVI;8;5;9.408;42;-177;175.534;13.1836;35.7243;0.0352;0.339;1.00E-12;2.2447;9.46E+02
ENVI;8;5;9.408;42;-178;176.525;13.1828;35.724;0.0282;0.3317;1.00E-12;2.2378;9.43E+02
ENVI;8;5;9.408;42;-179;177.517;13.1735;35.7243;0.0044;0.3242;1.00E-12;2.2329;9.41E+02
ENVI;8;5;9.408;42;-180;178.508;13.1681;35.7243;0.0088;0.3153;1.00E-12;2.2301;9.42E+02
ENVI;8;5;9.408;42;-181;179.499;13.1317;35.7251;0.0142;0.3281;1.00E-12;2.2279;9.44E+02
ENVI;8;5;9.408;42;-182;180.491;13.1107;35.7257;0.002;0.3517;1.00E-12;2.2238;9.45E+02
ENVI;8;5;9.408;42;-183;181.482;13.0671;35.7263;-0.0255;0.3175;1.00E-12;2.215;9.43E+02
ENVI;8;5;9.408;42;-184;182.473;13.0458;35.7271;-0.0281;0.347;1.00E-12;2.2082;9.42E+02
ENVI;8;5;9.408;42;-185;183.465;13.0431;35.7269;-0.0329;0.3553;1.00E-12;2.2035;9.42E+02
ENVI;8;5;9.408;42;-186;184.456;13.0313;35.7268;-0.0356;0.3544;1.00E-12;2.1997;9.42E+02
ENVI;8;5;9.408;42;-187;185.447;13.0276;35.7267;-0.0193;0.3501;1.00E-12;2.1957;9.42E+02
ENVI;8;5;9.408;42;-188;186.438;13.0082;35.7271;-0.0407;0.3339;1.00E-12;2.1931;9.42E+02
ENVI;8;5;9.408;42;-189;187.429;12.9624;35.7272;-0.0468;0.3384;1.00E-12;2.191;9.42E+02
ENVI;8;5;9.408;42;-190;188.421;12.9162;35.7287;-0.0505;0.35;1.00E-12;2.1882;9.42E+02
ENVI;8;5;9.408;42;-191;189.412;12.8926;35.7282;-0.0659;0.3365;1.00E-12;2.1845;9.40E+02
ENVI;8;5;9.408;42;-192;190.403;12.8351;35.7256;-0.0653;0.3276;1.00E-12;2.1775;9.40E+02
ENVI;8;5;9.408;42;-193;191.394;12.7796;35.7246;-0.0806;0.2659;1.00E-12;2.1658;9.41E+02
ENVI;8;5;9.408;42;-194;192.385;12.7853;35.7237;-0.0688;0.2641;1.00E-12;2.1577;9.42E+02
ENVI;8;5;9.408;42;-195;193.377;12.7848;35.7229;-0.084;0.2518;1.00E-12;2.1506;9.42E+02
ENVI;8;5;9.408;42;-196;194.368;12.7855;35.7224;-0.0766;0.2343;1.00E-12;2.1465;9.42E+02
ENVI;8;5;9.408;42;-197;195.359;12.7804;35.7224;-0.0859;0.2956;1.00E-12;2.146;9.42E+02
ENVI;8;5;9.408;42;-198;196.35;12.7801;35.7224;-0.0776;0.3001;1.00E-12;2.1453;9.42E+02
ENVI;8;5;9.408;42;-199;197.341;12.7773;35.7221;-0.0743;0.2952;1.00E-12;2.1442;9.40E+02
ENVI;8;5;9.408;42;-200;198.333;12.7753;35.7222;-0.0741;0.2765;1.00E-12;2.1428;9.39E+02
ENVI;8;5;9.408;42;-201;199.324;12.7762;35.7219;-0.0864;0.2764;1.00E-12;2.1419;9.38E+02
ENVI;8;5;9.408;42;-202;200.315;12.7859;35.7224;-0.0829;0.2838;1.00E-12;2.1412;9.40E+02
ENVI;8;5;9.408;42;-203;201.306;12.795;35.7221;-0.0753;0.2973;1.00E-12;2.1409;9.40E+02
ENVI;8;5;9.408;42;-204;202.297;12.7915;35.722;-0.074;0.2856;1.00E-12;2.1404;9.40E+02
ENVI;8;5;9.408;42;-205;203.289;12.7919;35.7216;-0.0793;0.2523;1.00E-12;2.1403;9.41E+02
ENVI;8;5;9.408;42;-206;204.279;12.7707;35.7207;-0.0735;0.2544;1.00E-12;2.14;9.43E+02
ENVI;8;5;9.408;42;-207;205.271;12.754;35.7196;-0.0861;0.2557;1.00E-12;2.1387;9.44E+02
ENVI;8;5;9.408;42;-208;206.262;12.6726;35.7178;-0.0856;0.2643;1.00E-12;2.1374;9.44E+02
ENVI;8;5;9.408;42;-209;207.253;12.6302;35.7174;-0.0782;0.2742;1.00E-12;2.136;9.44E+02
ENVI;8;5;9.408;42;-210;208.244;12.6279;35.7169;-0.0802;0.282;1.00E-12;2.1332;9.44E+02
ENVI;8;5;9.408;42;-211;209.235;12.6274;35.7163;-0.0943;0.2962;1.00E-12;2.1309;9.43E+02
ENVI;8;5;9.408;42;-212;210.226;12.6304;35.716;-0.0946;0.2944;1.00E-12;2.1283;9.44E+02
ENVI;8;5;9.408;42;-213;211.217;12.6429;35.7158;-0.0914;0.2887;1.00E-12;2.1262;9.44E+02
ENVI;8;5;9.408;42;-214;212.209;12.6062;35.7134;-0.0845;0.282;1.00E-12;2.1249;9.44E+02
ENVI;8;5;9.408;42;-215;213.2;12.5657;35.7125;-0.0884;0.2703;1.00E-12;2.1218;9.44E+02
ENVI;8;5;9.408;42;-216;214.191;12.4884;35.7089;-0.0747;0.2388;1.00E-12;2.1167;9.44E+02
ENVI;8;5;9.408;42;-217;215.182;12.5344;35.7104;-0.0879;0.2742;1.00E-12;2.1141;9.46E+02
ENVI;8;5;9.408;42;-218;216.173;12.609;35.7124;-0.0852;0.2829;1.00E-12;2.1133;9.48E+02
ENVI;8;5;9.408;42;-219;217.165;12.5836;35.7102;-0.1014;0.2834;1.00E-12;2.1132;9.48E+02
ENVI;8;5;9.408;42;-220;218.155;12.531;35.7093;-0.0942;0.299;1.00E-12;2.1128;947.63
ENVI;8;5;9.408;42;-221;219.146;12.5333;35.7099;-0.0893;0.3029;1.00E-12;2.1122;948.67
ENVI;8;5;9.408;42;-222;220.137;12.5185;35.7076;-0.0927;0.2873;1.00E-12;2.1117;949.65
ENVI;8;5;9.408;42;-223;221.128;12.4973;35.7075;-0.0835;0.2828;1.00E-12;2.1105;949.63
ENVI;8;5;9.408;42;-224;222.12;12.4816;35.7069;-0.084;0.2879;1.00E-12;2.1092;949.56
ENVI;8;5;9.408;42;-225;223.111;12.4721;35.7061;-0.0866;0.3182;1.00E-12;2.1072;948.68
ENVI;8;5;9.408;42;-226;224.102;12.4632;35.7058;-0.0854;0.2949;1.00E-12;2.1056;950.98
ENVI;8;5;9.408;42;-227;225.093;12.4654;35.7056;-0.0873;0.2849;1.00E-12;2.1043;953.58
ENVI;8;5;9.408;42;-228;226.084;12.4664;35.7052;-0.0859;0.2835;1.00E-12;2.102;954.44
ENVI;8;5;9.408;42;-229;227.075;12.4628;35.7051;-0.0911;0.3194;1.00E-12;2.1004;956.63
ENVI;8;5;9.408;42;-230;228.066;12.4657;35.7049;-0.0966;0.277;1.00E-12;2.1;958.39
ENVI;8;5;9.408;42;-231;229.057;12.4631;35.7047;-0.088;0.3075;1.00E-12;2.0998;959.61
ENVI;8;5;9.408;42;-232;230.048;12.4613;35.7047;-0.0865;0.3029;1.00E-12;2.0991;959.6
ENVI;8;5;9.408;42;-233;231.039;12.4606;35.7044;-0.0863;0.2989;1.00E-12;2.0984;959.6
ENVI;8;5;9.408;42;-234;232.03;12.459;35.7045;-0.0847;0.2884;1.00E-12;2.0975;960.11
ENVI;8;5;9.408;42;-235;233.021;12.4601;35.7044;-0.0923;0.2932;1.00E-12;2.0973;963.06
ENVI;8;5;9.408;42;-236;234.012;12.4604;35.7041;-0.0892;0.2704;1.00E-12;2.0973;968.49
ENVI;8;5;9.408;42;-237;235.003;12.4608;35.704;-0.0878;0.2742;1.00E-12;2.0974;978.8
ENVI;8;5;9.408;42;-238;235.994;12.4609;35.7041;-0.0873;0.2563;1.00E-12;2.0977;992.09
ENVI;8;5;9.408;42;-239;236.985;12.4596;35.7041;-0.0868;0.2796;1.00E-12;2.0973;997.13
ENVI;8;5;9.408;42;-240;237.976;12.4631;35.7041;-0.0808;0.291;1.00E-12;2.0973;1001.6
ENVI;8;5;9.408;42;-241;238.967;12.4634;35.704;-0.0749;0.3012;1.00E-12;2.0965;1009.5
ENVI;8;5;9.408;42;-242;239.958;12.4629;35.7038;-0.0858;0.3072;1.00E-12;2.096;1021.6
ENVI;8;5;9.408;42;-243;240.949;12.46;35.7037;-0.0797;0.3038;1.00E-12;2.0956;1037.9
ENVI;8;5;9.408;42;-244;241.94;12.4583;35.7038;-0.0732;0.3009;1.00E-12;2.0952;1059.1
ENVI;8;5;9.408;42;-245;242.931;12.4546;35.7032;-0.0868;0.3134;1.00E-12;2.0943;1083.8
ENVI;8;5;9.408;42;-246;243.922;12.4301;35.7029;-0.088;0.2758;1.00E-12;2.0923;1157.8
ENVI;8;5;9.408;42;-247;244.913;12.4201;35.7021;-0.0863;0.2457;1.00E-12;2.0915;1323
ENVI;8;5;9.408;42;-248;245.904;12.3736;35.7009;-0.0875;0.2805;1.00E-12;2.0912;1365.8
ENVI;8;5;9.408;42;-249;246.895;12.371;35.7009;-0.0863;0.3063;1.00E-12;2.0899;1416.4
ENVI;8;5;9.408;42;-250;247.886;12.3664;35.7009;-0.0876;0.3044;1.00E-12;2.0881;1461.6
ENVI;8;5;9.408;42;-251;248.877;12.321;35.6991;-0.0859;0.3381;1.00E-12;2.0855;1502.6
ENVI;8;5;9.408;42;-252;249.868;12.3147;35.6993;-0.0868;0.3543;1.00E-12;2.0824;1525.7
ENVI;8;5;9.408;42;-253;250.857;12.3038;35.6982;-0.1012;0.3174;1.00E-12;2.0789;1503.9
ENVI;8;51;9.507;42;-9;8.929;13.8286;35.7404;1.5083;0.3041;128.86;2.4814;850.96
ENVI;8;51;9.507;42;-10;9.921;13.823;35.7399;1.6443;0.3335;119.8;2.4812;849.19
ENVI;8;51;9.507;42;-11;10.913;13.8257;35.7398;1.7195;0.3135;107.88;2.4808;850.19
ENVI;8;51;9.507;42;-12;11.905;13.8191;35.7405;1.8402;0.3007;94.415;2.4797;846.64
ENVI;8;51;9.507;42;-13;12.897;13.817;35.7391;1.7983;0.2965;80.754;2.4791;842.67
ENVI;8;51;9.507;42;-14;13.89;13.7882;35.7386;1.8647;0.3057;74.968;2.4791;844.02
ENVI;8;51;9.507;42;-15;14.882;13.7672;35.7356;2.0191;0.3404;72.142;2.4781;845.46
ENVI;8;51;9.507;42;-16;15.874;13.7695;35.7351;2.1308;0.3196;60.86;2.4743;842.54
ENVI;8;51;9.507;42;-17;16.866;13.7506;35.7326;2.1917;0.3601;55.015;2.4727;840.75
ENVI;8;51;9.507;42;-18;17.858;13.7471;35.7317;3.017;0.3348;52.786;2.4703;839.7
ENVI;8;51;9.507;42;-19;18.85;13.7387;35.7301;2.129;0.3238;45.558;2.4686;838.7
ENVI;8;51;9.507;42;-20;19.842;13.7296;35.7285;2.1522;0.3022;40.911;2.4656;836.31
ENVI;8;51;9.507;42;-21;20.834;13.7112;35.7249;2.0701;0.3239;36.922;2.4625;826.88
ENVI;8;51;9.507;42;-22;21.826;13.7085;35.7244;1.8825;0.3258;34.271;2.4607;827.33
ENVI;8;51;9.507;42;-23;22.818;13.7038;35.7236;1.7986;0.2924;30.786;2.4569;829.29
ENVI;8;51;9.507;42;-24;23.81;13.6905;35.7209;1.8711;0.2878;27.366;2.4552;832.41
ENVI;8;51;9.507;42;-25;24.802;13.6854;35.7199;1.7026;0.2999;25.54;2.4534;830.24
ENVI;8;51;9.507;42;-26;25.794;13.6791;35.7182;1.7038;0.2917;23.673;2.4513;827.41
ENVI;8;51;9.507;42;-27;26.786;13.6655;35.7164;1.8264;0.312;21.027;2.45;826.87
ENVI;8;51;9.507;42;-28;27.778;13.6674;35.7162;1.651;0.3017;19.272;2.4466;818.15
ENVI;8;51;9.507;42;-29;28.77;13.6586;35.7148;1.7377;0.3155;18.151;2.4458;820.34
ENVI;8;51;9.507;42;-30;29.762;13.6554;35.7142;1.5372;0.3133;17.122;2.4447;825.57
ENVI;8;51;9.507;42;-31;30.754;13.6533;35.714;1.4875;0.3111;15.855;2.4433;827.39
ENVI;8;51;9.507;42;-32;31.746;13.6476;35.7125;1.5001;0.3075;14.1;2.4419;827.09
ENVI;8;51;9.507;42;-33;32.738;13.6502;35.7131;1.4741;0.3041;11.217;2.4393;816.94
ENVI;8;51;9.507;42;-34;33.73;13.6435;35.712;1.4531;0.3363;9.6785;2.4389;815.49
ENVI;8;51;9.507;42;-35;34.722;13.6424;35.7116;1.4444;0.3487;8.5411;2.4377;814.19
ENVI;8;51;9.507;42;-36;35.714;13.6439;35.7113;1.3419;0.3199;9.8498;2.4354;819.58
ENVI;8;51;9.507;42;-37;36.706;13.6414;35.7111;1.3618;0.2918;9.0807;2.434;815.58
ENVI;8;51;9.507;42;-38;37.698;13.642;35.7112;1.4805;0.3102;8.7605;2.4335;812.94
ENVI;8;51;9.507;42;-39;38.69;13.6411;35.7111;1.2924;0.2929;8.3708;2.432;811.77
ENVI;8;51;9.507;42;-40;39.682;13.641;35.7111;1.3264;0.3031;7.5678;2.4316;810.98
ENVI;8;51;9.507;42;-41;40.674;13.6407;35.711;1.3963;0.3057;6.6493;2.4312;812.19
ENVI;8;51;9.507;42;-42;41.666;13.6404;35.7108;1.6489;0.3675;5.8888;2.4318;810.91
ENVI;8;51;9.507;42;-43;42.658;13.6396;35.7108;1.3018;0.3091;5.4023;2.4323;815.26
ENVI;8;51;9.507;42;-44;43.65;13.6329;35.7102;1.4333;0.412;4.7321;2.4314;817.98
ENVI;8;51;9.507;42;-45;44.642;13.6312;35.7099;1.3472;0.3673;4.1942;2.4302;817.96
ENVI;8;51;9.507;42;-46;45.633;13.6345;35.7099;1.2379;0.2654;4.3958;2.4278;810.61
ENVI;8;51;9.507;42;-47;46.625;13.6273;35.7093;1.2748;0.3083;4.0701;2.4285;806.34
ENVI;8;51;9.507;42;-48;47.618;13.6219;35.7085;1.2849;0.3075;3.8038;2.4271;804.81
ENVI;8;51;9.507;42;-49;48.609;13.6203;35.7084;1.2111;0.3027;3.5994;2.4256;806.91
ENVI;8;51;9.507;42;-50;49.601;13.6195;35.7079;1.1764;0.2929;3.3038;2.4236;810.71
ENVI;8;51;9.507;42;-51;50.593;13.6206;35.7081;1.16;0.2788;2.9599;2.4222;806.84
ENVI;8;51;9.507;42;-52;51.585;13.6207;35.708;1.1887;0.2761;2.7977;2.421;806.29
ENVI;8;51;9.507;42;-53;52.577;13.6145;35.7073;1.1428;0.2772;2.578;2.4208;800.33
ENVI;8;51;9.507;42;-54;53.569;13.6144;35.7071;1.1021;0.3023;2.3177;2.4204;805.25
ENVI;8;51;9.507;42;-55;54.561;13.6089;35.7066;1.0835;0.3017;2.2216;2.4191;810
ENVI;8;51;9.507;42;-56;55.553;13.6047;35.7067;1.0603;0.2918;2.0316;2.4175;808.13
ENVI;8;51;9.507;42;-57;56.544;13.6006;35.7064;1.0018;0.2662;1.8863;2.4151;805.15
ENVI;8;51;9.507;42;-58;57.536;13.5609;35.7048;0.7543;0.2888;1.7802;2.4141;807.36
ENVI;8;51;9.507;42;-59;58.528;13.5053;35.7021;0.4905;0.2655;1.6929;2.4091;804.86
ENVI;8;51;9.507;42;-60;59.52;13.5;35.7018;0.3285;0.238;1.5785;2.3993;805.31
ENVI;8;51;9.507;42;-61;60.512;13.4987;35.7016;0.3093;0.254;1.4648;2.3912;809.69
ENVI;8;51;9.507;42;-62;61.504;13.4969;35.701;0.2978;0.2392;1.3384;2.3845;807.9
ENVI;8;51;9.507;42;-63;62.496;13.4944;35.7007;0.291;0.232;1.3062;2.3821;804.23
ENVI;8;51;9.507;42;-64;63.487;13.4868;35.6992;0.3125;0.2539;1.2492;2.3819;802.13
ENVI;8;51;9.507;42;-65;64.479;13.4827;35.6984;0.3596;0.2674;1.1688;2.3805;804.03
ENVI;8;51;9.507;42;-66;65.471;13.4771;35.6973;0.3788;0.2833;1.1017;2.3799;807.21
ENVI;8;51;9.507;42;-67;66.463;13.4817;35.6976;0.4133;0.2605;0.99537;2.3827;810.2
ENVI;8;51;9.507;42;-68;67.455;13.4727;35.6964;0.3798;0.2771;0.9254;2.3833;809.37
ENVI;8;51;9.507;42;-69;68.446;13.471;35.6964;0.4055;0.2869;0.91216;2.3822;805.46
ENVI;8;51;9.507;42;-70;69.438;13.4703;35.6963;0.3444;0.2648;0.8717;2.382;805.21
ENVI;8;51;9.507;42;-71;70.43;13.4695;35.6964;0.3545;0.2747;0.80887;2.3814;809.06
ENVI;8;51;9.507;42;-72;71.422;13.4683;35.6963;0.3485;0.2651;0.75843;2.381;811.65
ENVI;8;51;9.507;42;-73;72.414;13.4685;35.6961;0.341;0.2366;0.67014;2.3825;799.58
ENVI;8;51;9.507;42;-74;73.406;13.4653;35.6965;0.3197;0.263;0.64357;2.3832;799.37
ENVI;8;51;9.507;42;-75;74.397;13.465;35.6967;0.2949;0.2704;0.58068;2.3818;799.68
ENVI;8;51;9.507;42;-76;75.389;13.4652;35.6972;0.281;0.27;0.51285;2.3809;800.01
ENVI;8;51;9.507;42;-77;76.381;13.4657;35.6969;0.2911;0.2499;0.51873;2.3786;798.91
ENVI;8;51;9.507;42;-78;77.372;13.4652;35.6971;0.2686;0.2281;0.51748;2.3778;787.14
ENVI;8;51;9.507;42;-79;78.364;13.4655;35.6973;0.2924;0.261;0.4805;2.3776;790.76
ENVI;8;51;9.507;42;-80;79.356;13.4683;35.6987;0.2968;0.2639;0.43312;2.3771;793.41
ENVI;8;51;9.507;42;-81;80.348;13.4721;35.7005;0.2977;0.2639;0.38937;2.3762;794.88
ENVI;8;51;9.507;42;-82;81.34;13.474;35.701;0.3411;0.2443;0.38945;2.377;793.86
ENVI;8;51;9.507;42;-83;82.331;13.4795;35.7036;0.3446;0.2488;0.36404;2.3778;790.66
ENVI;8;51;9.507;42;-84;83.323;13.4894;35.7068;0.3497;0.235;0.35073;2.378;789.86
ENVI;8;51;9.507;42;-85;84.315;13.4902;35.7078;0.37;0.2471;0.32953;2.3782;790.98
ENVI;8;51;9.507;42;-86;85.306;13.5;35.711;0.4046;0.2725;0.30761;2.3778;791.77
ENVI;8;51;9.507;42;-87;86.298;13.5043;35.7122;0.4372;0.2278;0.28867;2.3784;794.37
ENVI;8;51;9.507;42;-88;87.29;13.5064;35.7141;0.388;0.2176;0.26247;2.38;793.43
ENVI;8;51;9.507;42;-89;88.282;13.5085;35.7151;0.3841;0.2257;0.24521;2.3786;789.92
ENVI;8;51;9.507;42;-90;89.274;13.5081;35.7161;0.3806;0.229;0.23558;2.3774;791.67
ENVI;8;51;9.507;42;-91;90.265;13.5065;35.7159;0.3798;0.2481;0.22329;2.3763;796.06
ENVI;8;51;9.507;42;-92;91.257;13.5058;35.7164;0.3639;0.2339;0.21054;2.3754;799.82
ENVI;8;51;9.507;42;-93;92.249;13.5043;35.716;0.3617;0.2329;0.19956;2.3745;802.7
ENVI;8;51;9.507;42;-94;93.24;13.5021;35.7154;0.3733;0.2404;0.18425;2.3731;804.67
ENVI;8;51;9.507;42;-95;94.232;13.5017;35.7163;0.3236;0.2265;0.16269;2.3726;811.14
ENVI;8;51;9.507;42;-96;95.224;13.5019;35.7172;0.3187;0.2334;0.1462;2.3728;819.66
ENVI;8;51;9.507;42;-97;96.215;13.5027;35.7176;0.3044;0.2348;0.12585;2.3719;825.36
ENVI;8;51;9.507;42;-98;97.207;13.5025;35.7171;0.3215;0.2226;0.13741;2.3699;830.15
ENVI;8;51;9.507;42;-99;98.199;13.5027;35.7173;0.3597;0.2095;0.13102;2.369;834.81
ENVI;8;51;9.507;42;-100;99.19;13.5032;35.7177;0.326;0.2233;0.11677;2.3688;838.45
ENVI;8;51;9.507;42;-101;100.182;13.5036;35.7176;0.3258;0.2239;0.10972;2.3671;841.55
ENVI;8;51;9.507;42;-102;101.174;13.5033;35.7178;0.3212;0.2393;0.1017;2.3678;849.24
ENVI;8;51;9.507;42;-103;102.165;13.5029;35.7178;0.3257;0.2433;0.091752;2.3675;854.44
ENVI;8;51;9.507;42;-104;103.157;13.5039;35.7182;0.3259;0.2418;0.077646;2.367;858.99
ENVI;8;51;9.507;42;-105;104.148;13.5059;35.7189;0.2966;0.2148;0.064095;2.366;861.27
ENVI;8;51;9.507;42;-106;105.14;13.5081;35.7196;0.2732;0.2112;0.050808;2.365;863.9
ENVI;8;51;9.507;42;-107;106.132;13.5039;35.7191;0.258;0.2089;0.034706;2.3651;867.27
ENVI;8;51;9.507;42;-108;107.124;13.4991;35.7182;0.252;0.205;0.039415;2.3646;868.72
ENVI;8;51;9.507;42;-109;108.115;13.4958;35.7175;0.255;0.1925;0.066554;2.3644;867.5
ENVI;8;51;9.507;42;-110;109.107;13.4898;35.7168;0.3007;0.2135;0.053324;2.3643;863.86
ENVI;8;51;9.507;42;-111;110.098;13.4872;35.7164;0.2922;0.2219;0.047699;2.3637;861.92
ENVI;8;51;9.507;42;-112;111.09;13.4849;35.7163;0.2479;0.2215;0.040522;2.3626;859.73
ENVI;8;51;9.507;42;-113;112.082;13.4787;35.7151;0.248;0.216;0.03891;2.362;855.01
ENVI;8;51;9.507;42;-114;113.073;13.471;35.7135;0.2545;0.2266;0.041387;2.3612;849.84
ENVI;8;51;9.507;42;-115;114.065;13.4661;35.7126;0.2371;0.2301;0.038382;2.3604;845.83
ENVI;8;51;9.507;42;-116;115.056;13.4654;35.7124;0.2117;0.2228;0.031117;2.3601;846.44
ENVI;8;51;9.507;42;-117;116.048;13.4645;35.7119;0.221;0.2257;0.029441;2.3607;851.01
ENVI;8;51;9.507;42;-118;117.04;13.4574;35.7103;0.2167;0.2272;0.025589;2.3607;854.03
ENVI;8;51;9.507;42;-119;118.031;13.4563;35.7101;0.215;0.2272;0.021403;2.3597;854.75
ENVI;8;51;9.507;42;-120;119.023;13.4567;35.7103;0.2224;0.2272;0.019091;2.3596;851.74
ENVI;8;51;9.507;42;-121;120.014;13.4575;35.7105;0.233;0.2225;0.012292;2.3585;847.4
ENVI;8;51;9.507;42;-122;121.006;13.4569;35.7106;0.2269;0.2218;0.0078156;2.358;844.35
ENVI;8;51;9.507;42;-123;121.997;13.4567;35.7103;0.252;0.2192;0.0069261;2.357;841.91
ENVI;8;51;9.507;42;-124;122.989;13.456;35.7104;0.2517;0.2134;0.0014099;2.358;845.14
ENVI;8;51;9.507;42;-125;123.981;13.4559;35.7103;0.2354;0.2216;-0.00003651;2.3577;846.93
ENVI;8;51;9.507;42;-126;124.972;13.4534;35.7099;0.2108;0.2273;1.00E-12;2.3568;846.83
ENVI;8;51;9.507;42;-127;125.964;13.4531;35.7098;0.2113;0.2515;1.00E-12;2.3558;845.43
ENVI;8;51;9.507;42;-128;126.955;13.4526;35.7096;0.212;0.2757;1.00E-12;2.355;842.85
ENVI;8;51;9.507;42;-129;127.947;13.4512;35.7096;0.1991;0.2402;1.00E-12;2.3544;839.24
ENVI;8;51;9.507;42;-130;128.938;13.4516;35.7095;0.1997;0.2286;1.00E-12;2.3533;833.19
ENVI;8;51;9.507;42;-131;129.929;13.4524;35.7098;0.2119;0.216;1.00E-12;2.3529;829.93
ENVI;8;51;9.507;42;-132;130.921;13.4527;35.7101;0.2413;0.2147;1.00E-12;2.3524;830.22
ENVI;8;51;9.507;42;-133;131.913;13.4534;35.7103;0.2506;0.2226;1.00E-12;2.3527;834.5
ENVI;8;51;9.507;42;-134;132.904;13.4523;35.7102;0.2329;0.2244;1.00E-12;2.3528;839.18
ENVI;8;51;9.507;42;-135;133.896;13.445;35.7095;0.229;0.2217;1.00E-12;2.3524;835
ENVI;8;51;9.507;42;-136;134.887;13.4431;35.7096;0.218;0.2245;1.00E-12;2.3529;830.79
ENVI;8;51;9.507;42;-137;135.879;13.4427;35.7096;0.2138;0.2289;1.00E-12;2.3524;830.23
ENVI;8;51;9.507;42;-138;136.87;13.4338;35.7091;0.2356;0.2462;1.00E-12;2.3508;833.07
ENVI;8;51;9.507;42;-139;137.862;13.423;35.709;0.1988;0.243;1.00E-12;2.3502;837.78
ENVI;8;51;9.507;42;-140;138.853;13.4181;35.7089;0.1724;0.2417;1.00E-12;2.3486;844.05
ENVI;8;51;9.507;42;-141;139.845;13.4169;35.7086;0.1493;0.2522;1.00E-12;2.3473;849.3
ENVI;8;51;9.507;42;-142;140.836;13.4147;35.7087;0.148;0.2336;1.00E-12;2.3445;850.56
ENVI;8;51;9.507;42;-143;141.827;13.4094;35.7087;0.1709;0.2291;1.00E-12;2.3414;851.09
ENVI;8;51;9.507;42;-144;142.819;13.3889;35.7093;0.1692;0.2397;1.00E-12;2.3402;850.06
ENVI;8;51;9.507;42;-145;143.81;13.3475;35.7143;0.154;0.2424;1.00E-12;2.338;848.39
ENVI;8;51;9.507;42;-146;144.802;13.3323;35.7161;0.1033;0.2577;1.00E-12;2.3349;848.35
ENVI;8;51;9.507;42;-147;145.793;13.3243;35.7173;0.0874;0.2621;1.00E-12;2.3304;848.26
ENVI;8;51;9.507;42;-148;146.785;13.3216;35.7176;0.0815;0.2678;1.00E-12;2.3228;849.23
ENVI;8;51;9.507;42;-149;147.776;13.323;35.7177;0.0807;0.2323;1.00E-12;2.2983;851.19
ENVI;8;51;9.507;42;-150;148.768;13.3171;35.721;0.075;0.242;1.00E-12;2.2964;850.82
ENVI;8;51;9.507;42;-151;149.759;13.3166;35.7224;0.061;0.2762;1.00E-12;2.2945;848.91
ENVI;8;51;9.507;42;-152;150.75;13.3151;35.7262;0.0558;0.2861;1.00E-12;2.2913;846.35
ENVI;8;51;9.507;42;-153;151.742;13.3156;35.7264;0.0495;0.2922;1.00E-12;2.2865;842.73
ENVI;8;51;9.507;42;-154;152.733;13.3167;35.7281;0.0288;0.3131;1.00E-12;2.2821;840.45
ENVI;8;51;9.507;42;-155;153.725;13.3156;35.7286;0.0457;0.3112;1.00E-12;2.2766;836.66
ENVI;8;51;9.507;42;-156;154.716;13.3119;35.7302;0.0472;0.3073;1.00E-12;2.2715;831.39
ENVI;8;51;9.507;42;-157;155.707;13.2768;35.7423;0.0062;0.2805;1.00E-12;2.2647;823.49
ENVI;8;51;9.507;42;-158;156.699;13.2533;35.7567;-0.0077;0.2604;1.00E-12;2.2536;812.91
ENVI;8;51;9.507;42;-159;157.69;13.247;35.7652;-0.0299;0.2336;1.00E-12;2.2411;805.82
ENVI;8;51;9.507;42;-160;158.682;13.2439;35.7687;-0.0414;0.2462;1.00E-12;2.2311;802.86
ENVI;8;51;9.507;42;-161;159.673;13.2397;35.7702;-0.0223;0.2368;1.00E-12;2.2232;801.9
ENVI;8;51;9.507;42;-162;160.664;13.2374;35.7705;-0.035;0.2402;1.00E-12;2.2147;800.01
ENVI;8;51;9.507;42;-163;161.656;13.2354;35.7718;-0.044;0.2319;1.00E-12;2.205;797.07
ENVI;8;51;9.507;42;-164;162.647;13.2339;35.7735;-0.0407;0.2216;1.00E-12;2.1998;794.8
ENVI;8;51;9.507;42;-165;163.638;13.2342;35.7737;-0.0482;0.228;1.00E-12;2.1968;794.52
ENVI;8;51;9.507;42;-166;164.63;13.2338;35.7736;-0.0494;0.2334;1.00E-12;2.194;795.32
ENVI;8;51;9.507;42;-167;165.621;13.2283;35.7741;-0.0636;0.2223;1.00E-12;2.1908;796
ENVI;8;51;9.507;42;-168;166.612;13.224;35.7772;-0.0564;0.224;1.00E-12;2.1889;796.28
ENVI;8;51;9.507;42;-169;167.604;13.2263;35.7788;-0.0565;0.2052;1.00E-12;2.186;796.85
ENVI;8;51;9.507;42;-170;168.595;13.2302;35.7833;-0.0424;0.1968;1.00E-12;2.1835;796
ENVI;8;51;9.507;42;-171;169.586;13.2312;35.7862;-0.0605;0.2024;1.00E-12;2.182;795.72
ENVI;8;51;9.507;42;-172;170.578;13.2357;35.7904;-0.0693;0.2072;1.00E-12;2.18;795.21
ENVI;8;51;9.507;42;-173;171.569;13.2391;35.7933;-0.0553;0.1889;1.00E-12;2.1758;794.72
ENVI;8;51;9.507;42;-174;172.56;13.2452;35.7974;-0.0652;0.1948;1.00E-12;2.1735;792.12
ENVI;8;51;9.507;42;-175;173.552;13.2459;35.7977;-0.0619;0.1897;1.00E-12;2.1718;790.04
ENVI;8;51;9.507;42;-176;174.543;13.2466;35.8014;-0.066;0.1847;1.00E-12;2.1699;790.03
ENVI;8;51;9.507;42;-177;175.534;13.2502;35.8091;-0.079;0.1804;1.00E-12;2.168;791.13
ENVI;8;51;9.507;42;-178;176.526;13.2386;35.8112;-0.0823;0.1784;1.00E-12;2.1661;792
ENVI;8;51;9.507;42;-179;177.517;13.2355;35.8114;-0.0734;0.1784;1.00E-12;2.1638;792.93
ENVI;8;51;9.507;42;-180;178.508;13.2263;35.8107;-0.08;0.1703;1.00E-12;2.1612;795.03
ENVI;8;51;9.507;42;-181;179.499;13.2088;35.8095;-0.0849;0.1665;1.00E-12;2.1566;798.82
ENVI;8;51;9.507;42;-182;180.491;13.2;35.8087;-0.086;0.174;1.00E-12;2.1517;801.42
ENVI;8;51;9.507;42;-183;181.482;13.197;35.8084;-0.085;0.1856;1.00E-12;2.149;796.79
ENVI;8;51;9.507;42;-184;182.473;13.1953;35.8081;-0.0845;0.1729;1.00E-12;2.1477;793.43
ENVI;8;51;9.507;42;-185;183.465;13.1939;35.808;-0.0851;0.1688;1.00E-12;2.1458;791.42
ENVI;8;51;9.507;42;-186;184.455;13.1695;35.8049;-0.0876;0.17;1.00E-12;2.1445;790.77
ENVI;8;51;9.507;42;-187;185.447;13.1215;35.8002;-0.087;0.1727;1.00E-12;2.143;792.29
ENVI;8;51;9.507;42;-188;186.438;13.1042;35.7987;-0.094;0.1661;1.00E-12;2.1416;795.24
ENVI;8;51;9.507;42;-189;187.429;13.0928;35.7969;-0.0885;0.1662;1.00E-12;2.1399;797.23
ENVI;8;51;9.507;42;-190;188.421;13.0899;35.7962;-0.0858;0.1596;1.00E-12;2.1386;798.68
ENVI;8;51;9.507;42;-191;189.412;13.0889;35.796;-0.0854;0.1598;1.00E-12;2.1377;799.51
ENVI;8;51;9.507;42;-192;190.403;13.0865;35.7955;-0.0846;0.1663;1.00E-12;2.1367;800.84
ENVI;8;51;9.507;42;-193;191.394;13.0825;35.7948;-0.0845;0.1662;1.00E-12;2.1361;802.57
ENVI;8;51;9.507;42;-194;192.386;13.077;35.7937;-0.0852;0.1607;1.00E-12;2.1348;804.14
ENVI;8;51;9.507;42;-195;193.377;13.0722;35.7932;-0.0846;0.1603;1.00E-12;2.1342;803.81
ENVI;8;51;9.507;42;-196;194.368;13.0645;35.792;-0.0822;0.1569;1.00E-12;2.1344;802.66
ENVI;8;51;9.507;42;-197;195.359;13.0483;35.7904;-0.0849;0.1575;1.00E-12;2.1339;801.58
ENVI;8;51;9.507;42;-198;196.35;13.0468;35.7899;-0.0854;0.1687;1.00E-12;2.133;800.06
ENVI;8;51;9.507;42;-199;197.342;13.0442;35.7892;-0.087;0.1626;1.00E-12;2.1321;801.27
ENVI;8;51;9.507;42;-200;198.333;13.0313;35.7877;-0.0839;0.1699;1.00E-12;2.1317;802.02
ENVI;8;51;9.507;42;-201;199.324;13.0194;35.7865;-0.084;0.1734;1.00E-12;2.1306;803.23
ENVI;8;51;9.507;42;-202;200.315;13.0167;35.7861;-0.0839;0.1666;1.00E-12;2.1298;804.58
ENVI;8;51;9.507;42;-203;201.306;13.0154;35.7856;-0.0849;0.1705;1.00E-12;2.1292;806.51
ENVI;8;51;9.507;42;-204;202.297;13.0141;35.7851;-0.0864;0.1732;1.00E-12;2.1284;809.56
ENVI;8;51;9.507;42;-205;203.289;13.0111;35.7846;-0.0742;0.1665;1.00E-12;2.1284;810.06
ENVI;8;51;9.507;42;-206;204.28;13.0063;35.784;-0.0839;0.1741;1.00E-12;2.1283;809.98
ENVI;8;51;9.507;42;-207;205.271;12.9894;35.7813;-0.086;0.1665;1.00E-12;2.1282;809.98
ENVI;8;51;9.507;42;-208;206.262;12.9691;35.779;-0.085;0.1632;1.00E-12;2.127;811.88
ENVI;8;51;9.507;42;-209;207.253;12.9465;35.7761;-0.0875;0.1691;1.00E-12;2.1254;812.77
ENVI;8;51;9.507;42;-210;208.244;12.9274;35.7729;-0.0895;0.1568;1.00E-12;2.1238;810.87
ENVI;8;51;9.507;42;-211;209.235;12.8869;35.7676;-0.0867;0.154;1.00E-12;2.1235;808.36
ENVI;8;51;9.507;42;-212;210.227;12.8645;35.7645;-0.0858;0.1672;1.00E-12;2.1225;808.64
ENVI;8;51;9.507;42;-213;211.218;12.8584;35.7633;-0.0834;0.1635;1.00E-12;2.1217;810.31
ENVI;8;51;9.507;42;-214;212.209;12.8536;35.7622;-0.0829;0.1516;1.00E-12;2.1209;812.47
ENVI;8;51;9.507;42;-215;213.2;12.8443;35.7604;-0.0851;0.1478;1.00E-12;2.1198;814.56
ENVI;8;51;9.507;42;-216;214.191;12.8278;35.7579;-0.0945;0.1771;1.00E-12;2.1192;815.02
ENVI;8;51;9.507;42;-217;215.182;12.8198;35.7562;-0.0939;0.1695;1.00E-12;2.1184;815.2
ENVI;8;51;9.507;42;-218;216.173;12.7838;35.7515;-0.0896;0.1662;1.00E-12;2.1183;815.16
ENVI;8;51;9.507;42;-219;217.164;12.7488;35.7464;-0.0914;0.1623;1.00E-12;2.1178;816.82
ENVI;8;51;9.507;42;-220;218.155;12.7012;35.7403;-0.0859;0.1587;1.00E-12;2.1172;818.4
ENVI;8;51;9.507;42;-221;219.146;12.6812;35.7381;-0.085;0.1485;1.00E-12;2.1161;819.49
ENVI;8;51;9.507;42;-222;220.137;12.6795;35.7377;-0.0933;0.1544;1.00E-12;2.1152;819.06
ENVI;8;51;9.507;42;-223;221.129;12.6773;35.7371;-0.0939;0.154;1.00E-12;2.1147;817.97
ENVI;8;51;9.507;42;-224;222.12;12.6735;35.7366;-0.0939;0.154;1.00E-12;2.1137;817.83
ENVI;8;51;9.507;42;-225;223.111;12.6707;35.7359;-0.0953;0.154;1.00E-12;2.1129;817.65
ENVI;8;51;9.507;42;-226;224.102;12.6682;35.7352;-0.0848;0.1506;1.00E-12;2.1117;820.12
ENVI;8;51;9.507;42;-227;225.093;12.6643;35.7345;-0.0878;0.1605;1.00E-12;2.1113;825.34
ENVI;8;51;9.507;42;-228;226.084;12.6559;35.7333;-0.0932;0.159;1.00E-12;2.1109;828.38
ENVI;8;51;9.507;42;-229;227.075;12.6495;35.7319;-0.0838;0.1567;1.00E-12;2.11;830.91
ENVI;8;51;9.507;42;-230;228.066;12.6461;35.7312;-0.0847;0.1603;1.00E-12;2.1091;832.48
ENVI;8;51;9.507;42;-231;229.057;12.6303;35.7289;-0.0882;0.1546;1.00E-12;2.1093;832.51
ENVI;8;51;9.507;42;-232;230.048;12.6261;35.7283;-0.0947;0.1478;1.00E-12;2.1088;834.05
ENVI;8;51;9.507;42;-233;231.039;12.6152;35.726;-0.0847;0.1592;1.00E-12;2.1083;835.01
ENVI;8;51;9.507;42;-234;232.03;12.5419;35.7164;-0.0857;0.1575;1.00E-12;2.108;834.29
ENVI;8;51;9.507;42;-235;233.021;12.4833;35.7108;-0.0918;0.1503;1.00E-12;2.1054;835.27
ENVI;8;51;9.507;42;-236;234.012;12.4668;35.7076;-0.0864;0.1536;1.00E-12;2.1049;838.93
ENVI;8;51;9.507;42;-237;235.003;12.4387;35.7048;-0.1026;0.1707;1.00E-12;2.1045;839.39
ENVI;8;51;9.507;42;-238;235.994;12.4318;35.7036;-0.1023;0.1665;1.00E-12;2.1046;837.88
ENVI;8;51;9.507;42;-239;236.985;12.4131;35.7005;-0.0932;0.1539;1.00E-12;2.1039;835.58
ENVI;8;51;9.507;42;-240;237.976;12.383;35.6969;-0.0953;0.154;1.00E-12;2.103;832.19
ENVI;8;51;9.507;42;-241;238.967;12.3583;35.6939;-0.0939;0.1481;1.00E-12;2.1019;830.87
ENVI;8;51;9.507;42;-242;239.958;12.3345;35.6908;-0.091;0.1479;1.00E-12;2.1023;833.33
ENVI;8;51;9.507;42;-243;240.949;12.3163;35.6888;-0.1003;0.1477;1.00E-12;2.1023;833.88
ENVI;8;51;9.507;42;-244;241.94;12.3153;35.6882;-0.0844;0.1414;1.00E-12;2.102;831.28
ENVI;8;51;9.507;42;-245;242.931;12.3122;35.6879;-0.0884;0.1418;1.00E-12;2.1013;829.45
ENVI;8;51;9.507;42;-246;243.922;12.3113;35.6876;-0.0892;0.1446;1.00E-12;2.1011;828.69
ENVI;8;51;9.507;42;-247;244.913;12.3066;35.6867;-0.0923;0.1479;1.00E-12;2.1007;827.4
ENVI;8;51;9.507;42;-248;245.904;12.3041;35.6863;-0.0845;0.1534;1.00E-12;2.0998;829.36
ENVI;8;51;9.507;42;-249;246.895;12.3023;35.686;-0.0855;0.1505;1.00E-12;2.0986;831.59
ENVI;8;51;9.507;42;-250;247.886;12.2918;35.6842;-0.0851;0.1419;1.00E-12;2.0979;834.23
ENVI;8;51;9.507;42;-251;248.877;12.28;35.6829;-0.0923;0.1524;1.00E-12;2.0974;838.25
ENVI;8;51;9.507;42;-252;249.868;12.2744;35.6819;-0.0949;0.1493;1.00E-12;2.0974;840.43
ENVI;8;51;9.507;42;-253;250.859;12.2714;35.681;-0.0871;0.1455;1.00E-12;2.0984;839.18
ENVI;8;51;9.507;42;-254;251.85;12.272;35.6806;-0.0952;0.1414;1.00E-12;2.1011;842.95
ENVI;8;51;9.507;42;-255;252.841;12.2719;35.6808;-0.095;0.1525;1.00E-12;2.1017;846.49
ENVI;8;51;9.507;42;-256;253.832;12.2728;35.6807;-0.1015;0.1506;1.00E-12;2.1016;851.37
ENVI;8;51;9.507;42;-257;254.822;12.2667;35.6799;-0.1085;0.1486;1.00E-12;2.1016;855.05
ENVI;8;51;9.507;42;-258;255.813;12.2643;35.6798;-0.0945;0.1729;1.00E-12;2.1011;858.02
ENVI;8;51;9.507;42;-259;256.804;12.2628;35.6795;-0.0939;0.1668;1.00E-12;2.1002;860.63
ENVI;8;51;9.507;42;-260;257.795;12.2532;35.6783;-0.0947;0.1511;1.00E-12;2.0989;862.12
ENVI;8;51;9.507;42;-261;258.786;12.2404;35.677;-0.103;0.1423;1.00E-12;2.0986;865.87
ENVI;8;51;9.507;42;-262;259.777;12.2312;35.6755;-0.0856;0.1445;1.00E-12;2.0991;905.41
ENVI;8;6;9.608;42;-7;6.945;14.0736;35.5603;1.6204;0.2598;140.02;2.4274;2084.6
ENVI;8;6;9.608;42;-8;7.937;14.067;35.7851;1.6038;0.3082;147.27;2.4683;2170.2
ENVI;8;6;9.608;42;-9;8.929;14.0658;35.7907;1.4837;0.2565;143.35;2.469;2154.9
ENVI;8;6;9.608;42;-10;9.921;14.0647;35.7915;1.5822;0.2669;130.47;2.4688;2237
ENVI;8;6;9.608;42;-11;10.913;14.0636;35.7919;1.6057;0.2716;149.92;2.4691;2388.9
ENVI;8;6;9.608;42;-12;11.905;14.0572;35.7927;1.6502;0.2584;115.18;2.468;2508
ENVI;8;6;9.608;42;-13;12.897;14.0527;35.7936;1.6049;0.2545;206.71;2.4669;2527.1
ENVI;8;6;9.608;42;-14;13.89;14.0577;35.7933;1.9328;0.2757;167.87;2.4667;2522.4
ENVI;8;6;9.608;42;-15;14.882;14.056;35.7937;1.8399;0.2741;135.23;2.4667;2519.4
ENVI;8;6;9.608;42;-16;15.874;14.0551;35.7937;1.8511;0.2718;103.64;2.4657;2512.5
ENVI;8;6;9.608;42;-17;16.866;14.0483;35.7936;2.021;0.2594;80.906;2.4651;2510.7
ENVI;8;6;9.608;42;-18;17.858;14.0404;35.7939;2.0182;0.2678;85.619;2.4648;2507.5
ENVI;8;6;9.608;42;-19;18.85;14.0398;35.7935;2.0903;0.2593;78.417;2.4634;2498.4
ENVI;8;6;9.608;42;-20;19.842;14.0326;35.793;2.062;0.2787;69.228;2.463;2495.7
ENVI;8;6;9.608;42;-21;20.834;14.0339;35.793;2.0301;0.27;70.188;2.4633;2498.6
ENVI;8;6;9.608;42;-22;21.826;14.0362;35.7929;2.0948;0.2583;66.316;2.4636;2495.5
ENVI;8;6;9.608;42;-23;22.818;14.0355;35.7931;1.9929;0.2734;60.755;2.4638;2499.7
ENVI;8;6;9.608;42;-24;23.81;14.0341;35.793;2.6348;0.32;56.187;2.4626;2500.8
ENVI;8;6;9.608;42;-25;24.802;14.0295;35.7921;1.8201;0.2805;45.3;2.4619;2498.9
ENVI;8;6;9.608;42;-26;25.794;14.0301;35.7915;2.0931;0.2682;50.82;2.4616;2469.2
ENVI;8;6;9.608;42;-27;26.786;14.0262;35.7918;2.2113;0.2758;56.626;2.4615;2461.3
ENVI;8;6;9.608;42;-28;27.778;14.0274;35.7917;2.1518;0.2757;49.506;2.4614;2469.1
ENVI;8;6;9.608;42;-29;28.77;14.0266;35.7915;2.0617;0.271;40.828;2.4609;2471.5
ENVI;8;6;9.608;42;-30;29.762;14.0267;35.7913;2.2057;0.2565;40.841;2.4622;2470.5
ENVI;8;6;9.608;42;-31;30.754;14.0204;35.7903;2.0923;0.2752;38.879;2.4618;2473.2
ENVI;8;6;9.608;42;-32;31.746;14.0146;35.7894;2.1607;0.338;34.093;2.4603;2471.9
ENVI;8;6;9.608;42;-33;32.738;14.0131;35.7891;2.1527;0.3144;33.093;2.459;2434.3
ENVI;8;6;9.608;42;-34;33.73;14.0132;35.7891;2.1496;0.2599;29.342;2.4593;2415.8
ENVI;8;6;9.608;42;-35;34.722;14.0128;35.789;2.1562;0.266;24.23;2.4592;2361.5
ENVI;8;6;9.608;42;-36;35.714;14.0118;35.789;2.2278;0.2573;22.903;2.4575;1904.1
ENVI;8;6;9.608;42;-37;36.706;14.0112;35.789;2.3981;0.3108;21.221;2.4572;2009.5
ENVI;8;6;9.608;42;-38;37.698;14.0118;35.789;2.2269;0.2809;19.458;2.456;2034.9
ENVI;8;6;9.608;42;-39;38.69;14.0119;35.789;2.2189;0.2796;18.392;2.4551;2032.8
ENVI;8;6;9.608;42;-40;39.682;14.0117;35.7889;2.0235;0.2586;17.633;2.4549;2058.8
ENVI;8;6;9.608;42;-41;40.674;14.0108;35.7887;2.1403;0.2495;15.405;2.4541;2348.4
ENVI;8;6;9.608;42;-42;41.666;14.0106;35.789;2.069;0.2459;14.868;2.4536;2473.8
ENVI;8;6;9.608;42;-43;42.658;14.011;35.789;2.1472;0.3226;13.611;2.453;2460.5
ENVI;8;6;9.608;42;-44;43.65;14.0108;35.789;2.1449;0.2814;12.934;2.4528;2441.9
ENVI;8;6;9.608;42;-45;44.642;14.0109;35.7888;2.2661;0.2789;11.5;2.452;2357.4
ENVI;8;6;9.608;42;-46;45.633;14.011;35.7888;2.1913;0.2872;10.305;2.4519;2341.3
ENVI;8;6;9.608;42;-47;46.625;14.0107;35.7888;1.9362;0.2427;9.5435;2.4506;2363.9
ENVI;8;6;9.608;42;-48;47.617;14.0098;35.7889;1.8704;0.2589;8.5704;2.4504;2360.1
ENVI;8;6;9.608;42;-49;48.609;14.01;35.7888;1.8624;0.281;8.0058;2.4487;2334.6
ENVI;8;6;9.608;42;-50;49.601;14.0106;35.7889;2.3675;0.2425;7.7102;2.4484;2249.6
ENVI;8;6;9.608;42;-51;50.593;14.0102;35.7891;2.2353;0.2525;6.977;2.4485;2258
ENVI;8;6;9.608;42;-52;51.585;14.0107;35.7892;1.7775;0.2572;6.3743;2.4472;2261.8
ENVI;8;6;9.608;42;-53;52.577;14.0103;35.789;1.9057;0.2784;6.09;2.4461;2259.4
ENVI;8;6;9.608;42;-54;53.569;14.0111;35.789;2.0337;0.246;5.1342;2.4441;2375.7
ENVI;8;6;9.608;42;-55;54.561;14.0111;35.7892;1.9971;0.2678;4.9834;2.4432;2322.4
ENVI;8;6;9.608;42;-56;55.553;14.011;35.789;2.0824;0.2944;4.771;2.4427;2293.9
ENVI;8;6;9.608;42;-57;56.544;14.0108;35.789;1.9792;0.2776;4.4081;2.4422;2318.9
ENVI;8;6;9.608;42;-58;57.536;14.0109;35.789;1.9141;0.2623;3.9936;2.4419;2303.1
ENVI;8;6;9.608;42;-59;58.528;14.0109;35.789;1.7975;0.2828;3.6068;2.4416;2293.2
ENVI;8;6;9.608;42;-60;59.52;14.0108;35.7888;1.9153;0.2474;3.1312;2.4416;2210.5
ENVI;8;6;9.608;42;-61;60.512;14.0116;35.7894;1.8957;0.2951;2.9427;2.4416;2075.5
ENVI;8;6;9.608;42;-62;61.504;14.0126;35.7899;1.8146;0.2854;2.7117;2.441;2067.6
ENVI;8;6;9.608;42;-63;62.496;14.0128;35.7898;1.8051;0.2793;2.5114;2.4401;2031.8
ENVI;8;6;9.608;42;-64;63.487;14.0127;35.7896;1.9159;0.2613;2.2548;2.4392;2163.3
ENVI;8;6;9.608;42;-65;64.479;14.0133;35.7901;1.8908;0.2562;1.952;2.4396;2220.7
ENVI;8;6;9.608;42;-66;65.471;14.0129;35.7897;1.8705;0.2685;1.8502;2.4398;2126.1
ENVI;8;6;9.608;42;-67;66.463;14.0135;35.7901;1.8689;0.2685;1.7221;2.4399;2177.4
ENVI;8;6;9.608;42;-68;67.455;14.0138;35.7903;1.9864;0.2746;1.5691;2.4397;2173.4
ENVI;8;6;9.608;42;-69;68.446;14.0141;35.7904;2.1355;0.3067;1.4297;2.4392;2162.7
ENVI;8;6;9.608;42;-70;69.438;14.0148;35.7903;2.0378;0.2618;1.2425;2.4388;2270.7
ENVI;8;6;9.608;42;-71;70.43;14.0148;35.7906;2.3646;0.2833;1.1141;2.4386;2351.4
ENVI;8;6;9.608;42;-72;71.422;14.0149;35.7904;2.3081;0.2724;1.0459;2.4383;2356.6
ENVI;8;6;9.608;42;-73;72.414;14.0155;35.7907;2.1722;0.2692;0.94644;2.4385;2374.3
ENVI;8;6;9.608;42;-74;73.405;14.0156;35.7906;1.9799;0.2587;0.81157;2.4382;2345.1
ENVI;8;6;9.608;42;-75;74.397;14.0155;35.7906;2.0514;0.2512;0.70556;2.4375;2269.3
ENVI;8;6;9.608;42;-76;75.389;14.0164;35.791;2.0133;0.2656;0.65689;2.4358;2187.3
ENVI;8;6;9.608;42;-77;76.381;14.019;35.7922;2.1396;0.2822;0.62841;2.4357;2084.7
ENVI;8;6;9.608;42;-78;77.373;14.019;35.7919;1.8562;0.2699;0.59788;2.4352;1987.7
ENVI;8;6;9.608;42;-79;78.364;14.0201;35.7924;2.2073;0.2503;0.57777;2.4344;1969
ENVI;8;6;9.608;42;-80;79.356;14.0207;35.7927;1.9531;0.2805;0.52886;2.4343;2172.8
ENVI;8;6;9.608;42;-81;80.348;14.0219;35.7927;1.9516;0.2642;0.49537;2.4339;2239.1
ENVI;8;6;9.608;42;-82;81.34;14.0223;35.7928;2.5368;0.3187;0.45575;2.433;2276.5
ENVI;8;6;9.608;42;-83;82.331;14.0224;35.7856;1.8506;0.2482;0.44247;2.4327;2337.8
ENVI;8;6;9.608;42;-84;83.323;14.0221;35.7931;1.7696;0.2504;0.40035;2.43;2316.3
ENVI;8;6;9.608;42;-85;84.315;14.0226;35.7932;1.775;0.2777;0.34855;2.4289;2300.8
ENVI;8;6;9.608;42;-86;85.307;14.0225;35.793;1.84;0.275;0.31306;2.4283;2279.7
ENVI;8;6;9.608;42;-87;86.298;14.022;35.7929;1.8863;0.2607;0.30093;2.4276;2283.1
ENVI;8;6;9.608;42;-88;87.29;14.0224;35.7931;2.0677;0.2643;0.26035;2.4266;2316.5
ENVI;8;6;9.608;42;-89;88.282;14.0226;35.793;1.9396;0.2825;0.23366;2.426;2316.2
ENVI;8;6;9.608;42;-90;89.273;14.0223;35.793;1.9183;0.2957;0.22946;2.4255;2316.8
ENVI;8;6;9.608;42;-91;90.265;14.0228;35.7929;1.9028;0.2358;0.20875;2.4245;2310.2
ENVI;8;6;9.608;42;-92;91.257;14.023;35.7931;1.7035;0.2507;0.19162;2.4243;2301.6
ENVI;8;6;9.608;42;-93;92.249;14.0226;35.793;1.9067;0.2805;0.18081;2.4238;2299.2
ENVI;8;6;9.608;42;-94;93.24;14.0225;35.7931;1.7382;0.2446;0.16515;2.4235;2300.5
ENVI;8;6;9.608;42;-95;94.232;14.0205;35.793;1.8186;0.2606;0.1412;2.4232;2299.3
ENVI;8;6;9.608;42;-96;95.224;14.0205;35.7928;1.86;0.2538;0.12228;2.4219;2295.2
ENVI;8;6;9.608;42;-97;96.215;14.0178;35.7926;1.5605;0.2521;0.11138;2.4195;2287.6
ENVI;8;6;9.608;42;-98;97.207;14.0169;35.7925;1.5257;0.2532;0.10681;2.4183;2283
ENVI;8;6;9.608;42;-99;98.199;14.0206;35.7929;1.4775;0.2436;0.097886;2.4172;2285.3
ENVI;8;6;9.608;42;-100;99.19;14.0185;35.7926;1.9012;0.2962;0.089299;2.4162;2286.9
ENVI;8;6;9.608;42;-101;100.182;14.0181;35.7927;1.5315;0.2548;0.07657;2.4159;2286.3
ENVI;8;6;9.608;42;-102;101.174;14.0199;35.7931;1.5703;0.2488;0.066108;2.4157;2284.3
ENVI;8;6;9.608;42;-103;102.165;14.0181;35.7929;1.3544;0.2316;0.053305;2.4148;2270.8
ENVI;8;6;9.608;42;-104;103.157;14.0157;35.7929;1.4272;0.2419;0.042779;2.4142;2272
ENVI;8;6;9.608;42;-105;104.149;14.0152;35.7926;1.3946;0.2518;0.030704;2.413;2273.9
ENVI;8;6;9.608;42;-106;105.14;14.0151;35.7925;1.2045;0.2523;0.023657;2.4123;2272.9
ENVI;8;6;9.608;42;-107;106.132;14.0135;35.792;1.2965;0.2274;0.034571;2.4091;2270.9
ENVI;8;6;9.608;42;-108;107.124;14.0076;35.791;1.2459;0.2327;0.028403;2.4071;2263.2
ENVI;8;6;9.608;42;-109;108.115;14.0039;35.7903;1.1181;0.2336;0.018443;2.4062;2263.5
ENVI;8;6;9.608;42;-110;109.107;14.0045;35.7901;1.0773;0.23;0.0054217;2.4052;2263.8
ENVI;8;6;9.608;42;-111;110.098;13.9985;35.7899;1.0992;0.2222;0.0021277;2.4037;2263.8
ENVI;8;6;9.608;42;-112;111.09;13.9767;35.7884;0.617;0.1951;0.0093764;2.4013;2262.8
ENVI;8;6;9.608;42;-113;112.082;13.9769;35.7899;0.3985;0.1855;0.0058519;2.3965;2262.5
ENVI;8;6;9.608;42;-114;113.073;13.975;35.7924;0.3361;0.1872;0.00099274;2.3896;2261.7
ENVI;8;6;9.608;42;-115;114.065;13.9659;35.7913;0.3213;0.1909;0.0019782;2.3851;2262.5
ENVI;8;6;9.608;42;-116;115.056;13.9416;35.7879;0.3212;0.1906;0.000075099;2.382;2262.6
ENVI;8;6;9.608;42;-117;116.048;13.9355;35.7866;0.3204;0.1906;1.00E-12;2.3785;2262.3
ENVI;8;6;9.608;42;-118;117.039;13.9067;35.7826;0.311;0.195;1.00E-12;2.3762;2260.1
ENVI;8;6;9.608;42;-119;118.031;13.8534;35.7749;0.2969;0.1953;1.00E-12;2.3743;2258.9
ENVI;8;6;9.608;42;-120;119.022;13.8311;35.7712;0.2605;0.1907;1.00E-12;2.3706;2257
ENVI;8;6;9.608;42;-121;120.014;13.8276;35.771;0.273;0.197;1.00E-12;2.3667;2254.2
ENVI;8;6;9.608;42;-122;121.006;13.8272;35.7709;0.2745;0.197;1.00E-12;2.3634;2253.1
ENVI;8;6;9.608;42;-123;121.997;13.8219;35.7719;0.2342;0.1969;1.00E-12;2.3597;2253.7
ENVI;8;6;9.608;42;-124;122.989;13.8172;35.7728;0.2154;0.1943;1.00E-12;2.3562;2252.1
ENVI;8;6;9.608;42;-125;123.981;13.8194;35.773;0.2112;0.1965;1.00E-12;2.3532;2250
ENVI;8;6;9.608;42;-126;124.972;13.8136;35.7729;0.2282;0.2009;1.00E-12;2.3512;2249.3
ENVI;8;6;9.608;42;-127;125.964;13.8075;35.7729;0.1907;0.1906;1.00E-12;2.3495;2249.8
ENVI;8;6;9.608;42;-128;126.955;13.8066;35.7728;0.235;0.2052;1.00E-12;2.3479;2249.6
ENVI;8;6;9.608;42;-129;127.947;13.8076;35.7728;0.2385;0.2045;1.00E-12;2.3466;2249.5
ENVI;8;6;9.608;42;-130;128.938;13.8085;35.7729;0.2213;0.197;1.00E-12;2.3451;2250.3
ENVI;8;6;9.608;42;-131;129.93;13.8095;35.7732;0.2227;0.1971;1.00E-12;2.3439;2249.9
ENVI;8;6;9.608;42;-132;130.921;13.8141;35.7746;0.2249;0.2038;1.00E-12;2.3428;2249
ENVI;8;6;9.608;42;-133;131.913;13.815;35.7751;0.2224;0.2142;1.00E-12;2.3418;2247.7
ENVI;8;6;9.608;42;-134;132.904;13.8152;35.7748;0.2135;0.1979;1.00E-12;2.3402;2244.6
ENVI;8;6;9.608;42;-135;133.896;13.8146;35.7749;0.2099;0.1878;1.00E-12;2.3381;2239.7
ENVI;8;6;9.608;42;-136;134.887;13.8084;35.7744;0.212;0.2054;1.00E-12;2.3372;2237
ENVI;8;6;9.608;42;-137;135.879;13.8017;35.7748;0.21;0.2093;1.00E-12;2.3367;2237
ENVI;8;6;9.608;42;-138;136.87;13.7928;35.7759;0.1998;0.1967;1.00E-12;2.336;2236.1
ENVI;8;6;9.608;42;-139;137.862;13.7661;35.777;0.185;0.2011;1.00E-12;2.3354;2236.2
ENVI;8;6;9.608;42;-140;138.853;13.7614;35.777;0.1734;0.2028;1.00E-12;2.3341;2238.1
ENVI;8;6;9.608;42;-141;139.844;13.7563;35.7774;0.1593;0.1974;1.00E-12;2.3317;2239.9
ENVI;8;6;9.608;42;-142;140.836;13.7532;35.7773;0.1463;0.193;1.00E-12;2.3283;2237.8
ENVI;8;6;9.608;42;-143;141.827;13.7515;35.7772;0.1608;0.1861;1.00E-12;2.3223;2234.4
ENVI;8;6;9.608;42;-144;142.819;13.7479;35.778;0.1731;0.1975;1.00E-12;2.3185;2235.1
ENVI;8;6;9.608;42;-145;143.81;13.7428;35.7781;0.162;0.1967;1.00E-12;2.3162;2235.2
ENVI;8;6;9.608;42;-146;144.802;13.7281;35.7793;0.1617;0.2021;1.00E-12;2.316;2235.2
ENVI;8;6;9.608;42;-147;145.793;13.7109;35.7792;0.1552;0.2034;1.00E-12;2.3145;2234.2
ENVI;8;6;9.608;42;-148;146.785;13.6885;35.7796;0.1339;0.1976;1.00E-12;2.3096;2232.7
ENVI;8;6;9.608;42;-149;147.776;13.6746;35.7783;0.0984;0.1809;1.00E-12;2.302;2231.7
ENVI;8;6;9.608;42;-150;148.767;13.6527;35.7782;0.0951;0.1839;1.00E-12;2.2974;2230.6
ENVI;8;6;9.608;42;-151;149.759;13.6402;35.7783;0.0832;0.1904;1.00E-12;2.2929;2228.9
ENVI;8;6;9.608;42;-152;150.751;13.6129;35.7768;0.0763;0.2526;1.00E-12;2.2881;2228.2
ENVI;8;6;9.608;42;-153;151.742;13.5973;35.776;0.0883;0.2614;1.00E-12;2.2844;2228.5
ENVI;8;6;9.608;42;-154;152.733;13.5524;35.7789;0.0994;0.2021;1.00E-12;2.2813;2230.1
ENVI;8;6;9.608;42;-155;153.725;13.5331;35.7796;0.0653;0.1789;1.00E-12;2.278;2231.9
ENVI;8;6;9.608;42;-156;154.716;13.5057;35.7804;0.0549;0.1784;1.00E-12;2.274;2231
ENVI;8;6;9.608;42;-157;155.708;13.4838;35.7804;0.0424;0.1784;1.00E-12;2.2696;2231
ENVI;8;6;9.608;42;-158;156.699;13.4673;35.7796;0.0414;0.1786;1.00E-12;2.2631;2231.8
ENVI;8;6;9.608;42;-159;157.69;13.4634;35.779;0.0497;0.1809;1.00E-12;2.2526;2232.7
ENVI;8;6;9.608;42;-160;158.681;13.4629;35.7782;0.028;0.1716;1.00E-12;2.2434;2226.5
ENVI;8;6;9.608;42;-161;159.673;13.4598;35.7781;0.0236;0.1712;1.00E-12;2.2366;2218.3
ENVI;8;6;9.608;42;-162;160.664;13.4503;35.7783;0.0175;0.1823;1.00E-12;2.2344;2220.1
ENVI;8;6;9.608;42;-163;161.655;13.4247;35.7786;0.0212;0.1819;1.00E-12;2.2323;2221
ENVI;8;6;9.608;42;-164;162.647;13.4032;35.7784;0.0276;0.1791;1.00E-12;2.2304;2222.7
ENVI;8;6;9.608;42;-165;163.638;13.3381;35.7783;-0.0008;0.1745;1.00E-12;2.2283;2224
ENVI;8;6;9.608;42;-166;164.63;13.2488;35.7743;-0.0228;0.1693;1.00E-12;2.2249;2223.9
ENVI;8;6;9.608;42;-167;165.621;13.1474;35.7708;-0.032;0.1722;1.00E-12;2.2172;2225.2
ENVI;8;6;9.608;42;-168;166.612;13.1097;35.7669;-0.0368;0.1777;1.00E-12;2.2085;2227.4
ENVI;8;6;9.608;42;-169;167.604;13.0544;35.7646;-0.0494;0.1784;1.00E-12;2.2009;2227
ENVI;8;6;9.608;42;-170;168.595;13.0095;35.7615;-0.0639;0.1788;1.00E-12;2.1935;2227.3
ENVI;8;6;9.608;42;-171;169.586;12.976;35.7587;-0.0398;0.1784;1.00E-12;2.1864;2227.3
ENVI;8;6;9.608;42;-172;170.578;12.9454;35.7549;-0.0584;0.1751;1.00E-12;2.1794;2224.8
ENVI;8;6;9.608;42;-173;171.569;12.9427;35.7515;-0.0614;0.1607;1.00E-12;2.1663;2219.4
ENVI;8;6;9.608;42;-174;172.56;12.8924;35.7462;-0.0707;0.1652;1.00E-12;2.1607;2214.8
ENVI;8;6;9.608;42;-175;173.552;12.867;35.7447;-0.0812;0.1724;1.00E-12;2.1585;2215.5
ENVI;8;6;9.608;42;-176;174.543;12.8422;35.7444;-0.0885;0.175;1.00E-12;2.1567;2216.3
ENVI;8;6;9.608;42;-177;175.534;12.8248;35.7438;-0.0938;0.1734;1.00E-12;2.1547;2218.8
ENVI;8;6;9.608;42;-178;176.525;12.8112;35.7432;-0.0834;0.1667;1.00E-12;2.1522;2222.1
ENVI;8;6;9.608;42;-179;177.517;12.7698;35.742;-0.0838;0.1726;1.00E-12;2.1498;2222.6
ENVI;8;6;9.608;42;-180;178.508;12.7464;35.7399;-0.0858;0.178;1.00E-12;2.1469;2222.3
ENVI;8;6;9.608;42;-181;179.5;12.7391;35.7386;-0.0871;0.1662;1.00E-12;2.1434;2223.4
ENVI;8;6;9.608;42;-182;180.49;12.7312;35.7382;-0.0821;0.1698;1.00E-12;2.1405;2223.7
ENVI;8;6;9.608;42;-183;181.482;12.7762;35.7371;-0.0806;0.1525;1.00E-12;2.1349;2214
ENVI;8;6;9.608;42;-184;182.474;12.6953;35.7351;-0.0817;0.158;1.00E-12;2.1355;2209
ENVI;8;6;9.608;42;-185;183.464;12.6634;35.733;-0.0843;0.1602;1.00E-12;2.1345;2209.1
ENVI;8;6;9.608;42;-186;184.456;12.6469;35.7315;-0.0837;0.1614;1.00E-12;2.1323;2210.2
ENVI;8;6;9.608;42;-187;185.447;12.6307;35.7305;-0.0831;0.1662;1.00E-12;2.1297;2213.5
ENVI;8;6;9.608;42;-188;186.438;12.5989;35.7276;-0.0919;0.1662;1.00E-12;2.1266;2215.8
ENVI;8;6;9.608;42;-189;187.429;12.5909;35.7259;-0.1045;0.1662;1.00E-12;2.1238;2215.7
ENVI;8;6;9.608;42;-190;188.421;12.577;35.7245;-0.1197;0.1656;1.00E-12;2.1217;2214.2
ENVI;8;6;9.608;42;-191;189.412;12.5524;35.7217;-0.1005;0.1605;1.00E-12;2.1197;2214.4
ENVI;8;6;9.608;42;-192;190.403;12.5754;35.7216;-0.0919;0.1503;1.00E-12;2.1167;2212
ENVI;8;6;9.608;42;-193;191.394;12.5368;35.718;-0.0952;0.1542;1.00E-12;2.1162;2209.3
ENVI;8;6;9.608;42;-194;192.386;12.5298;35.7166;-0.1044;0.1605;1.00E-12;2.1153;2209.1
ENVI;8;6;9.608;42;-195;193.377;12.5285;35.7161;-0.0939;0.1601;1.00E-12;2.1146;2210.4
ENVI;8;6;9.608;42;-196;194.368;12.5264;35.7158;-0.1046;0.1648;1.00E-12;2.114;2211.7
ENVI;8;6;9.608;42;-197;195.359;12.5221;35.715;-0.1005;0.1616;1.00E-12;2.1128;2211.3
ENVI;8;6;9.608;42;-198;196.35;12.5049;35.7135;-0.0821;0.1539;1.00E-12;2.1115;2210.5
ENVI;8;6;9.608;42;-199;197.341;12.5008;35.7118;-0.0863;0.1512;1.00E-12;2.1104;2211.5
ENVI;8;6;9.608;42;-200;198.333;12.4934;35.7107;-0.0893;0.147;1.00E-12;2.1098;2212
ENVI;8;6;9.608;42;-201;199.324;12.4916;35.7102;-0.0947;0.1609;1.00E-12;2.1101;2209.9
ENVI;8;6;9.608;42;-202;200.315;12.4865;35.7093;-0.1027;0.1722;1.00E-12;2.1099;2207.4
ENVI;8;6;9.608;42;-203;201.306;12.4763;35.7079;-0.0845;0.1664;1.00E-12;2.1096;2204.4
ENVI;8;6;9.608;42;-204;202.298;12.4707;35.7071;-0.0846;0.1727;1.00E-12;2.109;2204.4
ENVI;8;6;9.608;42;-205;203.289;12.4658;35.7065;-0.0907;0.1657;1.00E-12;2.1082;2206.5
ENVI;8;6;9.608;42;-206;204.28;12.4613;35.7058;-0.0925;0.1615;1.00E-12;2.1075;2206.8
ENVI;8;6;9.608;42;-207;205.271;12.455;35.7048;-0.0864;0.1706;1.00E-12;2.1069;2207.2
ENVI;8;6;9.608;42;-208;206.262;12.455;35.704;-0.0965;0.1511;1.00E-12;2.1067;2204.7
ENVI;8;6;9.608;42;-209;207.253;12.4148;35.7;-0.0939;0.1563;1.00E-12;2.1074;2201.1
ENVI;8;6;9.608;42;-210;208.245;12.3933;35.6986;-0.0907;0.1601;1.00E-12;2.1075;2200.4
ENVI;8;6;9.608;42;-211;209.236;12.3905;35.6982;-0.0838;0.1601;1.00E-12;2.1068;2199.4
ENVI;8;6;9.608;42;-212;210.227;12.3832;35.6979;-0.0936;0.1601;1.00E-12;2.1061;2200.8
ENVI;8;6;9.608;42;-213;211.218;12.3807;35.698;-0.1005;0.1539;1.00E-12;2.1052;2202
ENVI;8;6;9.608;42;-214;212.209;12.3692;35.6991;-0.1064;0.1485;1.00E-12;2.1038;2201.3
ENVI;8;6;9.608;42;-215;213.2;12.3628;35.6992;-0.0867;0.1463;1.00E-12;2.1018;2178
ENVI;8;6;9.608;42;-216;214.191;12.3654;35.6988;-0.0948;0.1326;1.00E-12;2.0903;2199.8
ENVI;8;6;9.608;42;-217;215.182;12.3614;35.6991;-0.088;0.1484;1.00E-12;2.0862;2201.3
ENVI;8;6;9.608;42;-218;216.173;12.3619;35.699;-0.0871;0.1553;1.00E-12;2.0835;2170.1
ENVI;8;6;9.608;42;-219;217.165;12.3617;35.6989;-0.0937;0.16;1.00E-12;2.0812;2022.8
ENVI;8;6;9.608;42;-220;218.156;12.3618;35.6989;-0.0939;0.1516;1.00E-12;2.0791;2114.8
ENVI;8;6;9.608;42;-221;219.146;12.3603;35.6989;-0.0947;0.1505;1.00E-12;2.077;2061
ENVI;8;6;9.608;42;-222;220.137;12.3587;35.699;-0.085;0.1601;1.00E-12;2.075;2057.6
ENVI;8;6;9.608;42;-223;221.129;12.3573;35.6991;-0.086;0.1549;1.00E-12;2.0737;2074.7
ENVI;8;6;9.608;42;-224;222.12;12.3549;35.6989;-0.098;0.1541;1.00E-12;2.0726;2065
ENVI;8;6;9.608;42;-225;223.111;12.3547;35.699;-0.0971;0.1377;1.00E-12;2.0694;2057.6
ENVI;8;6;9.608;42;-226;224.102;12.3542;35.6993;-0.0943;0.1538;1.00E-12;2.0672;2054.1
ENVI;8;6;9.608;42;-227;225.093;12.3543;35.6993;-0.0957;0.1485;1.00E-12;2.0654;2020.9
ENVI;8;6;9.608;42;-228;226.084;12.3537;35.6993;-0.0939;0.1567;1.00E-12;2.0638;2138.7
ENVI;8;6;9.608;42;-229;227.075;12.3535;35.6997;-0.0939;0.1564;1.00E-12;2.0624;2043
ENVI;8;6;9.608;42;-230;228.066;12.3379;35.699;-0.0953;0.1488;1.00E-12;2.0614;1990.2
ENVI;8;6;9.608;42;-231;229.057;12.3308;35.6983;-0.0961;0.1429;1.00E-12;2.0601;2028.8
ENVI;8;6;9.608;42;-232;230.048;12.3243;35.6975;-0.0977;0.1437;1.00E-12;2.0589;2140.8
ENVI;8;6;9.608;42;-233;231.039;12.3239;35.6971;-0.1071;0.1481;1.00E-12;2.057;2019.3
ENVI;8;6;9.608;42;-234;232.03;12.3243;35.6971;-0.0835;0.1482;1.00E-12;2.0549;2028.4
ENVI;8;6;9.608;42;-235;233.021;12.3236;35.6969;-0.0849;0.1484;1.00E-12;2.0536;2056.2
ENVI;8;6;9.608;42;-236;234.012;12.324;35.6969;-0.0933;0.1535;1.00E-12;2.0524;2107.4
ENVI;8;6;9.608;42;-237;235.003;12.3248;35.6967;-0.0936;0.1503;1.00E-12;2.0512;2002.8
ENVI;8;6;9.608;42;-238;235.994;12.3238;35.6967;-0.0935;0.1626;1.00E-12;2.0507;2020.9
ENVI;8;6;9.608;42;-239;236.985;12.3235;35.6967;-0.0904;0.1437;1.00E-12;2.0503;2011.8
ENVI;8;6;9.608;42;-240;237.976;12.3187;35.696;-0.1098;0.1514;1.00E-12;2.0499;2007.3
ENVI;8;6;9.608;42;-241;238.967;12.3066;35.6947;-0.1194;0.1671;1.00E-12;2.0496;1984
ENVI;8;6;9.608;42;-242;239.958;12.2924;35.6929;-0.1128;0.1618;1.00E-12;2.0491;2112.7
ENVI;8;6;9.608;42;-243;240.949;12.285;35.6919;-0.1012;0.1581;1.00E-12;2.0481;2075.4
ENVI;8;6;9.608;42;-244;241.94;12.2701;35.6899;-0.0822;0.1478;1.00E-12;2.0478;1971.2
ENVI;8;6;9.608;42;-245;242.931;12.2634;35.689;-0.0851;0.1479;1.00E-12;2.0478;2002.2
ENVI;8;6;9.608;42;-246;243.922;12.2421;35.6868;-0.0909;0.1467;1.00E-12;2.0482;2160.1
ENVI;8;6;9.608;42;-247;244.913;12.2386;35.6858;-0.1059;0.1422;1.00E-12;2.0494;2026.7
ENVI;8;6;9.608;42;-248;245.904;12.2389;35.6849;-0.0983;0.1461;1.00E-12;2.054;2009.1
ENVI;8;6;9.608;42;-249;246.895;12.2393;35.6846;-0.0976;0.1462;1.00E-12;2.0582;2027.5
ENVI;8;6;9.608;42;-250;247.886;12.2377;35.6845;-0.0844;0.1485;1.00E-12;2.0578;1997.7
ENVI;8;6;9.608;42;-251;248.877;12.2358;35.6842;-0.0983;0.1447;1.00E-12;2.0578;2152.1
ENVI;8;6;9.608;42;-252;249.868;12.2314;35.6838;-0.1068;0.1428;1.00E-12;2.0579;1993.1
ENVI;8;6;9.608;42;-253;250.859;12.229;35.6834;-0.0922;0.1542;1.00E-12;2.0579;1959.7
ENVI;8;6;9.608;42;-254;251.85;12.2254;35.6831;-0.1023;0.1475;1.00E-12;2.0575;2010.6
ENVI;8;6;9.608;42;-255;252.84;12.2272;35.6825;-0.1088;0.1335;1.00E-12;2.058;2093.7
ENVI;8;61;9.708;42;-5;4.961;13.9884;32.2416;1.7165;0.2965;189.46;2.3164;741.81
ENVI;8;61;9.708;42;-7;6.945;14.0714;35.759;1.7678;0.309;160.17;2.5043;831.38
ENVI;8;61;9.708;42;-8;7.937;14.0617;35.7588;2.1969;0.3126;144.08;2.5035;837.54
ENVI;8;61;9.708;42;-9;8.929;14.0579;35.7587;2.9649;0.3238;137.96;2.5023;846.13
ENVI;8;61;9.708;42;-10;9.921;14.0524;35.7588;2.0469;0.2999;123.64;2.5038;852.88
ENVI;8;61;9.708;42;-11;10.913;14.049;35.7591;2.7008;0.3952;108.25;2.5035;856.71
ENVI;8;61;9.708;42;-12;11.905;14.0499;35.7589;2.6221;0.3192;98.87;2.5043;858.12
ENVI;8;61;9.708;42;-13;12.898;14.0486;35.7592;3.1481;0.4142;88.711;2.5043;864.1
ENVI;8;61;9.708;42;-14;13.89;14.0446;35.7602;2.2783;0.3371;79.66;2.5034;869.07
ENVI;8;61;9.708;42;-15;14.882;14.0383;35.7611;2.584;0.3311;74.604;2.5026;877.2
ENVI;8;61;9.708;42;-16;15.874;14.033;35.7623;2.3611;0.3115;67.187;2.5014;887.14
ENVI;8;61;9.708;42;-17;16.866;14.0307;35.7626;2.3143;0.3066;59.281;2.5011;890.84
ENVI;8;61;9.708;42;-18;17.858;14.0277;35.7637;2.3884;0.2942;54.48;2.5002;896.73
ENVI;8;61;9.708;42;-19;18.85;14.0249;35.7642;2.8041;0.2882;49.873;2.4988;905.26
ENVI;8;61;9.708;42;-20;19.842;14.0284;35.7662;2.3734;0.3032;45.777;2.4977;914.25
ENVI;8;61;9.708;42;-21;20.834;14.0262;35.7669;2.1596;0.3049;42.094;2.4954;921.3
ENVI;8;61;9.708;42;-22;21.826;14.0229;35.7678;2.1106;0.3292;37.863;2.4931;926.47
ENVI;8;61;9.708;42;-23;22.818;14.0199;35.7674;2.2164;0.295;33.318;2.4869;925.74
ENVI;8;61;9.708;42;-24;23.81;14.0195;35.7673;2.5725;0.3107;30.78;2.4811;920.73
ENVI;8;61;9.708;42;-25;24.802;14.0202;35.7673;2.339;0.3201;27.66;2.4805;924.24
ENVI;8;61;9.708;42;-26;25.794;14.0198;35.7672;2.1918;0.3197;24.986;2.4798;928.85
ENVI;8;61;9.708;42;-27;26.786;14.0182;35.7669;2.2452;0.3044;23.278;2.4785;932.52
ENVI;8;61;9.708;42;-28;27.778;14.0189;35.7669;2.0515;0.2945;20.961;2.4775;938.59
ENVI;8;61;9.708;42;-29;28.77;14.0178;35.7667;2.7651;0.3045;19.68;2.4774;938.21
ENVI;8;61;9.708;42;-30;29.762;14.0171;35.7666;2.0043;0.2938;18.438;2.4762;945.29
ENVI;8;61;9.708;42;-31;30.754;14.0174;35.7666;1.9394;0.2912;16.604;2.4757;955.15
ENVI;8;61;9.708;42;-32;31.746;14.0184;35.7668;1.9755;0.3009;15.116;2.4748;966.81
ENVI;8;61;9.708;42;-33;32.738;14.0182;35.7668;2.1462;0.2868;14.052;2.4731;987.87
ENVI;8;61;9.708;42;-34;33.73;14.0158;35.7665;2.0427;0.2873;12.601;2.4732;1010.9
ENVI;8;61;9.708;42;-35;34.722;14.0166;35.7667;2.0491;0.2768;11.612;2.4707;1015.5
ENVI;8;61;9.708;42;-36;35.714;14.0177;35.7671;1.9704;0.3226;10.123;2.4702;1015.7
ENVI;8;61;9.708;42;-37;36.706;14.0158;35.7669;1.9386;0.3072;9.1609;2.4692;1016
ENVI;8;61;9.708;42;-38;37.698;14.014;35.7669;2.3167;0.3331;8.7921;2.4679;1006
ENVI;8;61;9.708;42;-39;38.69;14.0138;35.7672;2.2593;0.2895;7.7009;2.4671;1003.7
ENVI;8;61;9.708;42;-40;39.682;14.0145;35.767;2.0404;0.2892;6.9983;2.4658;1004.4
ENVI;8;61;9.708;42;-41;40.674;14.014;35.7672;2.0146;0.2796;6.5112;2.465;997.12
ENVI;8;61;9.708;42;-42;41.666;14.0134;35.7671;1.8648;0.2885;6.0649;2.464;1001.1
ENVI;8;61;9.708;42;-43;42.658;14.0088;35.7669;1.7436;0.2912;5.6844;2.4632;1011
ENVI;8;61;9.708;42;-44;43.65;14.0106;35.7681;1.6396;0.2929;5.0665;2.4617;1022.4
ENVI;8;61;9.708;42;-45;44.642;14.0112;35.7683;1.6945;0.292;4.5294;2.4591;1025.8
ENVI;8;61;9.708;42;-46;45.633;14.0121;35.7685;1.614;0.2551;4.1541;2.4569;1021.4
ENVI;8;61;9.708;42;-47;46.625;14.0136;35.7694;1.6514;0.2615;3.9466;2.4561;1012.5
ENVI;8;61;9.708;42;-48;47.617;14.0172;35.7712;1.7109;0.2845;3.6291;2.4553;1008.7
ENVI;8;61;9.708;42;-49;48.609;14.0217;35.7729;1.8537;0.2988;3.3117;2.4547;1005.6
ENVI;8;61;9.708;42;-50;49.601;14.0316;35.7774;1.7417;0.2728;3.0416;2.4524;1001.6
ENVI;8;61;9.708;42;-51;50.593;14.0408;35.7811;1.5246;0.2602;2.6989;2.4487;1001.5
ENVI;8;61;9.708;42;-52;51.585;14.0465;35.7833;1.6392;0.2672;2.4885;2.446;1003.3
ENVI;8;61;9.708;42;-53;52.577;14.0542;35.7861;1.4263;0.2596;2.3998;2.4442;1004.4
ENVI;8;61;9.708;42;-54;53.569;14.0581;35.7875;1.5294;0.2905;2.3097;2.4436;1008.2
ENVI;8;61;9.708;42;-55;54.561;14.0622;35.7889;1.4212;0.2785;2.1527;2.4419;1012.6
ENVI;8;61;9.708;42;-56;55.553;14.0621;35.7888;1.4726;0.2841;1.9659;2.4401;1015.5
ENVI;8;61;9.708;42;-57;56.544;14.0657;35.7902;1.512;0.2826;1.7607;2.439;1018.4
ENVI;8;61;9.708;42;-58;57.536;14.0745;35.7938;1.2855;0.2605;1.5097;2.438;1008.1
ENVI;8;61;9.708;42;-59;58.528;14.0842;35.7985;1.2952;0.2776;1.3525;2.4378;1007
ENVI;8;61;9.708;42;-60;59.52;14.0946;35.8049;1.2501;0.2765;1.2323;2.4368;1012.1
ENVI;8;61;9.708;42;-61;60.512;14.0963;35.8059;1.0223;0.2399;1.2978;2.4343;1018.4
ENVI;8;61;9.708;42;-62;61.504;14.0912;35.8059;0.912;0.2419;1.2683;2.4291;1026
ENVI;8;61;9.708;42;-63;62.495;14.0801;35.8042;0.8794;0.2146;1.0727;2.4115;1025.7
ENVI;8;61;9.708;42;-64;63.487;14.068;35.8035;0.8355;0.2406;1.053;2.4104;1017.1
ENVI;8;61;9.708;42;-65;64.479;14.0611;35.8029;0.8935;0.2459;1.0059;2.409;1020.6
ENVI;8;61;9.708;42;-66;65.471;14.06;35.803;0.6958;0.2397;0.96298;2.4065;1027.5
ENVI;8;61;9.708;42;-67;66.463;14.0664;35.8048;0.7005;0.2273;0.91772;2.402;1038.4
ENVI;8;61;9.708;42;-68;67.455;14.0657;35.8046;0.7105;0.2049;0.84345;2.398;1053.9
ENVI;8;61;9.708;42;-69;68.446;14.0729;35.8068;0.7547;0.2182;0.77431;2.3968;1052.9
ENVI;8;61;9.708;42;-70;69.439;14.0661;35.8044;0.7389;0.2133;0.72074;2.3952;1048.6
ENVI;8;61;9.708;42;-71;70.43;14.0676;35.8055;0.6971;0.2275;0.69827;2.3957;1044.6
ENVI;8;61;9.708;42;-72;71.422;14.0637;35.805;0.6523;0.2183;0.67811;2.3944;1046.3
ENVI;8;61;9.708;42;-73;72.414;14.0633;35.8049;0.6777;0.2195;0.63042;2.3937;1053
ENVI;8;61;9.708;42;-74;73.405;14.0622;35.8051;0.6642;0.2175;0.56687;2.3931;1058.2
ENVI;8;61;9.708;42;-75;74.397;14.0663;35.8069;0.6078;0.2178;0.52481;2.3916;1058.3
ENVI;8;61;9.708;42;-76;75.389;14.0667;35.808;0.6353;0.2053;0.50249;2.3918;1054.9
ENVI;8;61;9.708;42;-77;76.381;14.0645;35.8078;0.574;0.2194;0.47027;2.3908;1058.9
ENVI;8;61;9.708;42;-78;77.373;14.0627;35.8077;0.5178;0.2215;0.45056;2.3899;1063.4
ENVI;8;61;9.708;42;-79;78.364;14.0625;35.8077;0.5331;0.2321;0.42414;2.3887;1071
ENVI;8;61;9.708;42;-80;79.356;14.0592;35.8068;0.5421;0.2171;0.39012;2.3878;1071
ENVI;8;61;9.708;42;-81;80.348;14.0568;35.8064;0.5317;0.1967;0.36653;2.3862;1059.8
ENVI;8;61;9.708;42;-82;81.34;14.0601;35.8075;0.5801;0.2117;0.34191;2.3855;1058.6
ENVI;8;61;9.708;42;-83;82.331;14.0595;35.8074;0.5029;0.2186;0.32587;2.3852;1058.5
ENVI;8;61;9.708;42;-84;83.323;14.0593;35.8074;0.4946;0.2079;0.30478;2.3851;1058
ENVI;8;61;9.708;42;-85;84.315;14.0592;35.8074;0.5355;0.1945;0.28525;2.3853;1054
ENVI;8;61;9.708;42;-86;85.307;14.0592;35.8075;0.4717;0.2141;0.26407;2.3846;1048.2
ENVI;8;61;9.708;42;-87;86.298;14.0607;35.8078;0.5007;0.2098;0.24414;2.3845;1045.7
ENVI;8;61;9.708;42;-88;87.29;14.0621;35.8082;0.4727;0.1904;0.22528;2.3843;1043.5
ENVI;8;61;9.708;42;-89;88.282;14.063;35.8085;0.4938;0.2147;0.21222;2.3845;1038
ENVI;8;61;9.708;42;-90;89.274;14.0637;35.8087;0.5183;0.2467;0.20421;2.384;1033.1
ENVI;8;61;9.708;42;-91;90.265;14.0658;35.8094;0.4741;0.2034;0.19235;2.3835;1029.5
ENVI;8;61;9.708;42;-92;91.257;14.0661;35.8091;0.4524;0.1918;0.17776;2.3834;1026.9
ENVI;8;61;9.708;42;-93;92.248;14.0695;35.8102;0.516;0.2422;0.15965;2.383;1026.5
ENVI;8;61;9.708;42;-94;93.241;14.0718;35.8107;0.5036;0.1846;0.14521;2.3825;1018.1
ENVI;8;61;9.708;42;-95;94.232;14.0731;35.8113;0.4519;0.2156;0.13302;2.3822;1012.8
ENVI;8;61;9.708;42;-96;95.224;14.0672;35.8097;0.4634;0.2095;0.12707;2.382;1013.5
ENVI;8;61;9.708;42;-97;96.215;14.0653;35.8093;0.4996;0.2143;0.12307;2.3812;1016.4
ENVI;8;61;9.708;42;-98;97.207;14.0696;35.8103;0.4921;0.2032;0.11209;2.3808;1018.5
ENVI;8;61;9.708;42;-99;98.199;14.0744;35.8115;0.4953;0.2167;0.099618;2.3806;1019.3
ENVI;8;61;9.708;42;-100;99.19;14.0818;35.8135;0.5086;0.209;0.084807;2.3801;1000.4
ENVI;8;61;9.708;42;-101;100.182;14.0825;35.8139;0.5052;0.2117;0.070058;2.3801;997.6
ENVI;8;61;9.708;42;-102;101.174;14.0836;35.8143;0.4993;0.2152;0.060656;2.3797;1001.3
ENVI;8;61;9.708;42;-103;102.165;14.0862;35.8149;0.4941;0.2098;0.048196;2.3794;1003.4
ENVI;8;61;9.708;42;-104;103.157;14.0883;35.8153;0.4718;0.2093;0.037261;2.379;1004
ENVI;8;61;9.708;42;-105;104.149;14.0899;35.816;0.4494;0.2093;0.024743;2.3785;1005.6
ENVI;8;61;9.708;42;-106;105.14;14.0862;35.8157;0.4192;0.215;0.01186;2.3787;1005.5
ENVI;8;61;9.708;42;-107;106.132;14.0818;35.8155;0.425;0.2058;0.04109;2.3784;1004.6
ENVI;8;61;9.708;42;-108;107.124;14.0666;35.8123;0.4528;0.1968;0.046591;2.3783;1002.8
ENVI;8;61;9.708;42;-109;108.115;14.0402;35.8061;0.5187;0.2138;0.041069;2.3776;1001.2
ENVI;8;61;9.708;42;-110;109.107;14.0106;35.799;0.4736;0.2037;0.033469;2.3769;998.85
ENVI;8;61;9.708;42;-111;110.098;14.0021;35.7964;0.4331;0.2031;0.02977;2.3749;993.09
ENVI;8;61;9.708;42;-112;111.09;13.9955;35.7943;0.4303;0.1918;0.028653;2.3743;987
ENVI;8;61;9.708;42;-113;112.082;13.9951;35.7943;0.4259;0.2118;0.023479;2.3745;983.46
ENVI;8;61;9.708;42;-114;113.073;13.9902;35.7928;0.4266;0.2185;0.01826;2.3737;982.01
ENVI;8;61;9.708;42;-115;114.065;13.986;35.7918;0.4236;0.2194;0.016484;2.3729;983.68
ENVI;8;61;9.708;42;-116;115.057;13.9829;35.7913;0.4023;0.2027;0.013858;2.3723;987.16
ENVI;8;61;9.708;42;-117;116.048;13.9788;35.7905;0.4024;0.2028;0.011153;2.3715;989.61
ENVI;8;61;9.708;42;-118;117.04;13.9665;35.7887;0.3967;0.2074;0.0080856;2.371;991.7
ENVI;8;61;9.708;42;-119;118.031;13.9618;35.7879;0.3793;0.215;0.003106;2.3705;993.51
ENVI;8;61;9.708;42;-120;119.023;13.9605;35.7872;0.391;0.215;0.00032207;2.3698;993.96
ENVI;8;61;9.708;42;-121;120.014;13.961;35.7893;0.3846;0.2065;0.0022402;2.3692;993.72
ENVI;8;61;9.708;42;-122;121.006;13.9854;35.7964;0.4035;0.2102;0.00010443;2.3698;991.7
ENVI;8;61;9.708;42;-123;121.997;13.9894;35.7975;0.3448;0.1938;-0.000002679;2.3697;984.36
ENVI;8;61;9.708;42;-124;122.989;13.9916;35.798;0.3652;0.2116;1.00E-12;2.3696;978.85
ENVI;8;61;9.708;42;-125;123.98;14.0008;35.8006;0.3584;0.2314;1.00E-12;2.3691;976.66
ENVI;8;61;9.708;42;-126;124.972;14.0074;35.8027;0.367;0.2147;1.00E-12;2.3695;978.75
ENVI;8;61;9.708;42;-127;125.963;14.0063;35.803;0.3593;0.2054;1.00E-12;2.369;980.7
ENVI;8;61;9.708;42;-128;126.955;14.006;35.8033;0.3523;0.2007;1.00E-12;2.3686;984.02
ENVI;8;61;9.708;42;-129;127.947;14.0075;35.8038;0.3325;0.1901;1.00E-12;2.3669;987.57
ENVI;8;61;9.708;42;-130;128.938;14.0079;35.8044;0.3097;0.1984;1.00E-12;2.3662;990.44
ENVI;8;61;9.708;42;-131;129.93;14.0078;35.8046;0.3013;0.2024;1.00E-12;2.3651;992.31
ENVI;8;61;9.708;42;-132;130.921;14.0022;35.8041;0.3166;0.1908;1.00E-12;2.3638;993.49
ENVI;8;61;9.708;42;-133;131.913;13.9958;35.8033;0.3175;0.1879;1.00E-12;2.3631;988.96
ENVI;8;61;9.708;42;-134;132.904;13.9868;35.8035;0.3115;0.1952;1.00E-12;2.3622;980.9
ENVI;8;61;9.708;42;-135;133.896;13.9831;35.8047;0.307;0.193;1.00E-12;2.3609;974.63
ENVI;8;61;9.708;42;-136;134.887;13.9822;35.8049;0.2609;0.1979;1.00E-12;2.3595;971.46
ENVI;8;61;9.708;42;-137;135.879;13.9829;35.8059;0.2739;0.199;1.00E-12;2.358;970.73
ENVI;8;61;9.708;42;-138;136.87;13.9837;35.8067;0.2724;0.2251;1.00E-12;2.3563;971.58
ENVI;8;61;9.708;42;-139;137.862;13.9836;35.8069;0.2564;0.2171;1.00E-12;2.3545;971.1
ENVI;8;61;9.708;42;-140;138.853;13.9839;35.8073;0.2515;0.2084;1.00E-12;2.3528;966.92
ENVI;8;61;9.708;42;-141;139.844;13.9839;35.8076;0.2648;0.1997;1.00E-12;2.3509;962.23
ENVI;8;61;9.708;42;-142;140.836;13.9834;35.8082;0.2663;0.1878;1.00E-12;2.3489;957.15
ENVI;8;61;9.708;42;-143;141.827;13.9811;35.8085;0.2528;0.1909;1.00E-12;2.3478;953.74
ENVI;8;61;9.708;42;-144;142.819;13.9659;35.8082;0.2401;0.1962;1.00E-12;2.346;949.5
ENVI;8;61;9.708;42;-145;143.81;13.9559;35.8097;0.2199;0.1943;1.00E-12;2.344;943.94
ENVI;8;61;9.708;42;-146;144.802;13.9545;35.8112;0.211;0.189;1.00E-12;2.3402;938.79
ENVI;8;61;9.708;42;-147;145.793;13.9401;35.8123;0.2108;0.1848;1.00E-12;2.3352;936.7
ENVI;8;61;9.708;42;-148;146.785;13.9042;35.8145;0.2113;0.1969;1.00E-12;2.3319;934.93
ENVI;8;61;9.708;42;-149;147.776;13.8752;35.8153;0.1955;0.1926;1.00E-12;2.3287;935.44
ENVI;8;61;9.708;42;-150;148.767;13.8553;35.8157;0.1841;0.1897;1.00E-12;2.3248;934.85
ENVI;8;61;9.708;42;-151;149.759;13.7255;35.8028;0.1467;0.1746;1.00E-12;2.3189;935.69
ENVI;8;61;9.708;42;-152;150.75;13.5564;35.7948;0.1205;0.1767;1.00E-12;2.3113;935.12
ENVI;8;61;9.708;42;-153;151.742;13.4989;35.7895;0.079;0.1787;1.00E-12;2.2943;933.13
ENVI;8;61;9.708;42;-154;152.733;13.4207;35.7844;0.0336;0.1674;1.00E-12;2.2761;932.25
ENVI;8;61;9.708;42;-155;153.724;13.3342;35.7816;0.018;0.1726;1.00E-12;2.2621;928.72
ENVI;8;61;9.708;42;-156;154.716;13.2502;35.7803;-0.027;0.1691;1.00E-12;2.2438;923.03
ENVI;8;61;9.708;42;-157;155.707;13.2226;35.7784;-0.0335;0.1655;1.00E-12;2.2252;919.4
ENVI;8;61;9.708;42;-158;156.699;13.214;35.7778;-0.0362;0.1702;1.00E-12;2.2141;916.96
ENVI;8;61;9.708;42;-159;157.69;13.2082;35.7773;-0.0521;0.1713;1.00E-12;2.2058;916.24
ENVI;8;61;9.708;42;-160;158.682;13.2068;35.7768;-0.0619;0.1671;1.00E-12;2.1997;916.13
ENVI;8;61;9.708;42;-161;159.673;13.1931;35.776;-0.0497;0.1739;1.00E-12;2.1945;917.18
ENVI;8;61;9.708;42;-162;160.664;13.161;35.7766;-0.0593;0.1689;1.00E-12;2.1906;918.7
ENVI;8;61;9.708;42;-163;161.656;13.1286;35.7766;-0.0625;0.1688;1.00E-12;2.1868;918.76
ENVI;8;61;9.708;42;-164;162.647;13.1118;35.7757;-0.0639;0.1739;1.00E-12;2.1827;918
ENVI;8;61;9.708;42;-165;163.638;13.0937;35.775;-0.0651;0.1752;1.00E-12;2.1782;915.64
ENVI;8;61;9.708;42;-166;164.63;13.0554;35.7727;-0.0762;0.1693;1.00E-12;2.1704;909.61
ENVI;8;61;9.708;42;-167;165.621;12.9935;35.7694;-0.0845;0.1624;1.00E-12;2.1646;905.09
ENVI;8;61;9.708;42;-168;166.612;12.9743;35.7683;-0.0851;0.1648;1.00E-12;2.1614;903.76
ENVI;8;61;9.708;42;-169;167.604;12.9463;35.7663;-0.086;0.1601;1.00E-12;2.1583;901.85
ENVI;8;61;9.708;42;-170;168.595;12.9334;35.7659;-0.0846;0.1647;1.00E-12;2.1558;902.41
ENVI;8;61;9.708;42;-171;169.586;12.9313;35.7652;-0.0846;0.1662;1.00E-12;2.1527;905.55
ENVI;8;61;9.708;42;-172;170.578;12.9299;35.7647;-0.0836;0.1717;1.00E-12;2.1498;910.95
ENVI;8;61;9.708;42;-173;171.569;12.9285;35.7649;-0.0849;0.1653;1.00E-12;2.1479;912.55
ENVI;8;61;9.708;42;-174;172.561;12.9268;35.7648;-0.0817;0.1643;1.00E-12;2.1463;912.34
ENVI;8;61;9.708;42;-175;173.552;12.9141;35.7649;-0.073;0.1782;1.00E-12;2.1451;912.62
ENVI;8;61;9.708;42;-176;174.543;12.8957;35.7638;-0.0829;0.1672;1.00E-12;2.1429;913.7
ENVI;8;61;9.708;42;-177;175.534;12.8829;35.7625;-0.0912;0.1662;1.00E-12;2.1402;915.35
ENVI;8;61;9.708;42;-178;176.526;12.8443;35.7591;-0.0867;0.1662;1.00E-12;2.1379;916.44
ENVI;8;61;9.708;42;-179;177.517;12.8123;35.7557;-0.0848;0.1662;1.00E-12;2.1356;914.54
ENVI;8;61;9.708;42;-180;178.508;12.7838;35.7521;-0.0797;0.1662;1.00E-12;2.1326;911.46
ENVI;8;61;9.708;42;-181;179.499;12.767;35.7491;-0.0834;0.1668;1.00E-12;2.1286;911.61
ENVI;8;61;9.708;42;-182;180.491;12.7516;35.7471;-0.0828;0.1747;1.00E-12;2.1253;912.22
ENVI;8;61;9.708;42;-183;181.482;12.7347;35.7451;-0.0849;0.1573;1.00E-12;2.1235;912.25
ENVI;8;61;9.708;42;-184;182.473;12.7295;35.7443;-0.0858;0.1581;1.00E-12;2.1218;913.71
ENVI;8;61;9.708;42;-185;183.465;12.7279;35.7442;-0.0831;0.1665;1.00E-12;2.1208;914.5
ENVI;8;61;9.708;42;-186;184.456;12.7272;35.7439;-0.0933;0.1573;1.00E-12;2.1195;914.34
ENVI;8;61;9.708;42;-187;185.446;12.7256;35.7434;-0.0906;0.1565;1.00E-12;2.1184;914.62
ENVI;8;61;9.708;42;-188;186.438;12.7246;35.7426;-0.0835;0.153;1.00E-12;2.1156;909.51
ENVI;8;61;9.708;42;-189;187.429;12.7127;35.7403;-0.0944;0.154;1.00E-12;2.1146;902.67
ENVI;8;61;9.708;42;-190;188.421;12.6586;35.7338;-0.089;0.1635;1.00E-12;2.1134;902.34
ENVI;8;61;9.708;42;-191;189.412;12.623;35.7288;-0.0889;0.1662;1.00E-12;2.1119;904.43
ENVI;8;61;9.708;42;-192;190.403;12.5861;35.7258;-0.0937;0.1662;1.00E-12;2.1106;906.48
ENVI;8;61;9.708;42;-193;191.394;12.5731;35.7243;-0.0939;0.1718;1.00E-12;2.1096;907.71
ENVI;8;61;9.708;42;-194;192.385;12.5637;35.7226;-0.0932;0.169;1.00E-12;2.1087;910.72
ENVI;8;61;9.708;42;-195;193.377;12.5582;35.7215;-0.086;0.1539;1.00E-12;2.1085;912.32
ENVI;8;61;9.708;42;-196;194.368;12.5578;35.7212;-0.0911;0.166;1.00E-12;2.1081;912.79
ENVI;8;61;9.708;42;-197;195.359;12.557;35.7204;-0.0917;0.1694;1.00E-12;2.1076;914.44
ENVI;8;61;9.708;42;-198;196.35;12.557;35.7195;-0.0878;0.15;1.00E-12;2.108;910.73
ENVI;8;61;9.708;42;-199;197.341;12.5552;35.7191;-0.0836;0.1541;1.00E-12;2.1087;910.48
ENVI;8;61;9.708;42;-200;198.333;12.5456;35.7175;-0.0839;0.154;1.00E-12;2.1085;911.75
ENVI;8;61;9.708;42;-201;199.324;12.5261;35.7157;-0.0971;0.1505;1.00E-12;2.1077;913.9
ENVI;8;61;9.708;42;-202;200.315;12.5276;35.7157;-0.1048;0.149;1.00E-12;2.107;917.41
ENVI;8;61;9.708;42;-203;201.306;12.5288;35.7155;-0.0812;0.1541;1.00E-12;2.1068;921.2
ENVI;8;61;9.708;42;-204;202.298;12.5286;35.7154;-0.107;0.1618;1.00E-12;2.1067;924.27
ENVI;8;61;9.708;42;-205;203.289;12.5277;35.7153;-0.1163;0.1677;1.00E-12;2.107;926.3
ENVI;8;61;9.708;42;-206;204.28;12.53;35.7154;-0.0832;0.1741;1.00E-12;2.107;925.79
ENVI;8;61;9.708;42;-207;205.271;12.5309;35.7152;-0.0843;0.1647;1.00E-12;2.1069;924.09
ENVI;8;61;9.708;42;-208;206.262;12.5287;35.7148;-0.0845;0.1517;1.00E-12;2.1068;926.22
ENVI;8;61;9.708;42;-209;207.253;12.5246;35.7142;-0.0943;0.1445;1.00E-12;2.1069;931.73
ENVI;8;61;9.708;42;-210;208.244;12.5212;35.7137;-0.0866;0.1527;1.00E-12;2.1067;939.34
ENVI;8;61;9.708;42;-211;209.235;12.5163;35.7132;-0.0907;0.1579;1.00E-12;2.1067;948.61
ENVI;8;61;9.708;42;-212;210.226;12.5131;35.7128;-0.0977;0.1605;1.00E-12;2.1064;956.15
ENVI;8;61;9.708;42;-213;211.217;12.5095;35.7124;-0.1076;0.1611;1.00E-12;2.1063;958.54
ENVI;8;61;9.708;42;-214;212.209;12.5073;35.7122;-0.0975;0.1648;1.00E-12;2.1058;952.43
ENVI;8;61;9.708;42;-215;213.2;12.5061;35.7121;-0.0912;0.1625;1.00E-12;2.1056;944.29
ENVI;8;61;9.708;42;-216;214.191;12.5063;35.712;-0.0831;0.1544;1.00E-12;2.1056;941.65
ENVI;8;61;9.708;42;-217;215.182;12.5028;35.7116;-0.0844;0.1701;1.00E-12;2.1053;939.45
ENVI;8;61;9.708;42;-218;216.173;12.4989;35.7112;-0.0839;0.1737;1.00E-12;2.1049;933.56
ENVI;8;61;9.708;42;-219;217.164;12.4981;35.7108;-0.0946;0.157;1.00E-12;2.1048;912.15
ENVI;8;61;9.708;42;-220;218.155;12.4927;35.7102;-0.0835;0.1449;1.00E-12;2.1051;888.53
ENVI;8;61;9.708;42;-221;219.146;12.4895;35.7099;-0.0866;0.1495;1.00E-12;2.1044;882.01
ENVI;8;61;9.708;42;-222;220.137;12.4871;35.7097;-0.0842;0.1602;1.00E-12;2.1043;880.52
ENVI;8;61;9.708;42;-223;221.129;12.4849;35.7096;-0.0824;0.1683;1.00E-12;2.1039;881.81
ENVI;8;61;9.708;42;-224;222.12;12.4766;35.7091;-0.0858;0.173;1.00E-12;2.1035;883.78
ENVI;8;61;9.708;42;-225;223.111;12.4734;35.7092;-0.0939;0.1669;1.00E-12;2.103;887.8
ENVI;8;61;9.708;42;-226;224.102;12.4713;35.709;-0.0909;0.164;1.00E-12;2.1027;888.87
ENVI;8;61;9.708;42;-227;225.093;12.4675;35.7086;-0.0859;0.1602;1.00E-12;2.1017;889.75
ENVI;8;61;9.708;42;-228;226.084;12.4601;35.7082;-0.0938;0.1601;1.00E-12;2.1006;889.31
ENVI;8;61;9.708;42;-229;227.075;12.4521;35.7076;-0.087;0.1601;1.00E-12;2.1;887.28
ENVI;8;61;9.708;42;-230;228.066;12.456;35.7073;-0.0865;0.1537;1.00E-12;2.0988;884.11
ENVI;8;61;9.708;42;-231;229.057;12.4496;35.7066;-0.088;0.1498;1.00E-12;2.098;872.63
ENVI;8;61;9.708;42;-232;230.048;12.4471;35.7064;-0.0861;0.1541;1.00E-12;2.0976;870.88
ENVI;8;61;9.708;42;-233;231.039;12.4383;35.7051;-0.0943;0.1579;1.00E-12;2.0971;868.95
ENVI;8;61;9.708;42;-234;232.03;12.4352;35.705;-0.0932;0.1613;1.00E-12;2.0962;868.77
ENVI;8;61;9.708;42;-235;233.021;12.4343;35.7047;-0.0835;0.1664;1.00E-12;2.0956;870.11
ENVI;8;61;9.708;42;-236;234.012;12.4267;35.7036;-0.0925;0.1621;1.00E-12;2.0953;871.49
ENVI;8;61;9.708;42;-237;235.003;12.4137;35.7022;-0.0923;0.1589;1.00E-12;2.0946;871.42
ENVI;8;61;9.708;42;-238;235.994;12.4096;35.7015;-0.0851;0.1544;1.00E-12;2.094;871.12
ENVI;8;61;9.708;42;-239;236.985;12.4067;35.701;-0.092;0.1527;1.00E-12;2.0929;868.99
ENVI;8;61;9.708;42;-240;237.976;12.3994;35.7001;-0.0873;0.1628;1.00E-12;2.0931;863.74
ENVI;8;61;9.708;42;-241;238.967;12.3836;35.6984;-0.0954;0.2038;1.00E-12;2.094;859.11
ENVI;8;61;9.708;42;-242;239.958;12.3827;35.6983;-0.0825;0.1791;1.00E-12;2.0939;855.72
ENVI;8;61;9.708;42;-243;240.949;12.3824;35.698;-0.0828;0.1616;1.00E-12;2.0937;853.23
ENVI;8;61;9.708;42;-244;241.94;12.3817;35.6978;-0.1072;0.1601;1.00E-12;2.093;849.02
ENVI;8;61;9.708;42;-245;242.931;12.3768;35.6971;-0.0877;0.1707;1.00E-12;2.0928;843.85
ENVI;8;61;9.708;42;-246;243.922;12.3552;35.6949;-0.0918;0.1556;1.00E-12;2.0924;840.4
ENVI;8;61;9.708;42;-247;244.913;12.3374;35.693;-0.0959;0.151;1.00E-12;2.0922;838.62
ENVI;8;61;9.708;42;-248;245.904;12.3284;35.6921;-0.0939;0.1571;1.00E-12;2.0915;838.85
ENVI;8;61;9.708;42;-249;246.895;12.3147;35.6908;-0.1069;0.1789;1.00E-12;2.0905;839.91
ENVI;8;61;9.708;42;-250;247.886;12.3072;35.6899;-0.0751;0.1622;1.00E-12;2.09;841.82
ENVI;8;61;9.708;42;-251;248.877;12.3035;35.6894;-0.083;0.16;1.00E-12;2.0891;842.21
ENVI;8;61;9.708;42;-252;249.868;12.3004;35.6886;-0.0937;0.1529;1.00E-12;2.0878;844.21
ENVI;8;61;9.708;42;-253;250.859;12.2669;35.6847;-0.0877;0.1451;1.00E-12;2.0882;844.07
ENVI;8;61;9.708;42;-254;251.85;12.261;35.6833;-0.0988;0.1539;1.00E-12;2.0869;851.56
