cruise;day;st;Longitude;Latitude;presion;depth;temp;sal;fluo;turb;par;oxig;PARsurf
ENVI;5;3;8.956;42;-3;2.977;13.3441;28.885;5.2307;1.1592;0.24472;2.1561;1.9663
ENVI;5;3;8.956;42;-4;3.968;13.3382;33.5062;5.0175;1.4882;0.20903;2.5245;2.5289
ENVI;5;3;8.956;42;-5;4.961;13.4323;34.2082;5.31;1.424;0.15092;2.5825;3.3024
ENVI;5;3;8.956;42;-6;5.953;13.4505;34.3385;5.7677;1.5701;0.10449;2.5758;3.2551
ENVI;5;3;8.956;42;-7;6.945;13.465;34.4725;6.2703;1.5397;0.062089;2.5762;3.5602
ENVI;5;3;8.956;42;-8;7.937;13.4662;34.544;6.2164;1.4965;0.040449;2.5765;3.2855
ENVI;5;3;8.956;42;-9;8.929;13.4587;34.5941;6.2882;1.535;0.017483;2.5756;3.1576
ENVI;5;3;8.956;42;-10;9.921;13.4485;34.6615;6.375;1.414;0.00057797;2.5718;3.5448
ENVI;5;3;8.956;42;-11;10.913;13.428;34.8014;6.2801;1.4192;0.000049756;2.5684;3.7275
ENVI;5;3;8.956;42;-12;11.905;13.4002;34.9759;6.1877;1.3295;1.00E-12;2.5634;3.603
ENVI;5;3;8.956;42;-13;12.897;13.3854;35.2612;5.4924;1.4001;1.00E-12;2.5593;3.8034
ENVI;5;3;8.956;42;-14;13.89;13.39;35.3157;4.7972;1.3379;1.00E-12;2.5512;3.7494
ENVI;5;3;8.956;42;-15;14.882;13.4198;35.3772;3.7443;1.2599;1.00E-12;2.5267;3.7451
ENVI;5;3;8.956;42;-16;15.874;13.4213;35.4111;2.8769;1.1088;1.00E-12;2.4901;3.8393
ENVI;5;3;8.956;42;-17;16.866;13.4414;35.4331;2.5601;1.0655;1.00E-12;2.4571;3.7754
ENVI;5;3;8.956;42;-18;17.858;13.4303;35.4881;1.9132;1.1445;1.00E-12;2.4425;3.9477
ENVI;5;3;8.956;42;-19;18.85;13.4255;35.5065;1.5306;1.151;1.00E-12;2.4272;3.9013
ENVI;5;3;8.956;42;-20;19.842;13.4285;35.5184;1.3977;1.1202;1.00E-12;2.4144;3.8846
ENVI;5;3;8.956;42;-21;20.834;13.4595;35.5371;1.1587;1.1325;1.00E-12;2.4079;3.8763
ENVI;5;3;8.956;42;-22;21.826;13.5115;35.5581;0.8552;1.2118;1.00E-12;2.3998;3.8848
ENVI;5;3;8.956;42;-23;22.818;13.5073;35.6023;0.5781;1.1175;1.00E-12;2.3825;3.9082
ENVI;5;3;8.956;42;-24;23.81;13.4705;35.6215;0.4708;1.0301;1.00E-12;2.3655;3.9222
ENVI;5;3;8.956;42;-25;24.802;13.4961;35.645;0.4466;1.1445;1.00E-12;2.3613;3.9921
ENVI;5;3;8.956;42;-26;25.794;13.4917;35.6346;0.3672;0.9462;1.00E-12;2.3502;3.9754
ENVI;5;3;8.956;42;-27;26.786;13.4956;35.6528;0.3147;0.8465;1.00E-12;2.3427;3.945
ENVI;5;3;8.956;42;-28;27.778;13.4774;35.6593;0.306;0.9714;1.00E-12;2.3394;3.9914
ENVI;5;3;8.956;42;-29;28.77;13.4588;35.6643;0.2704;1.0241;1.00E-12;2.3353;3.99
ENVI;5;3;8.956;42;-30;29.762;13.4444;35.6676;0.2449;1.0555;1.00E-12;2.332;3.99
ENVI;5;3;8.956;42;-31;30.754;13.4406;35.668;0.2253;1.0455;1.00E-12;2.3282;3.99
ENVI;5;3;8.956;42;-32;31.746;13.448;35.6645;0.2459;0.934;1.00E-12;2.3214;3.9807
ENVI;5;3;8.956;42;-33;32.738;13.4137;35.6722;0.2267;0.9473;1.00E-12;2.3196;3.9909
ENVI;5;3;8.956;42;-34;33.73;13.3832;35.679;0.2354;1.0872;1.00E-12;2.3188;3.99
ENVI;5;3;8.956;42;-35;34.722;13.3635;35.6829;0.1908;1.1062;1.00E-12;2.3176;3.99
ENVI;5;3;8.956;42;-36;35.714;13.3546;35.6828;0.152;1.1164;1.00E-12;2.3157;3.99
ENVI;5;3;8.956;42;-37;36.706;13.3368;35.6827;0.1466;1.0637;1.00E-12;2.3126;3.99
ENVI;5;3;8.956;42;-38;37.698;13.3371;35.6815;0.1387;0.8042;1.00E-12;2.301;3.99
ENVI;5;3;8.956;42;-39;38.69;13.2698;35.6851;0.1109;0.8326;1.00E-12;2.2951;3.99
ENVI;5;3;8.956;42;-40;39.682;13.2336;35.6852;0.1018;0.7206;1.00E-12;2.2847;3.99
ENVI;5;3;8.956;42;-41;40.674;13.1945;35.6844;0.1118;0.8316;1.00E-12;2.2799;3.9127
ENVI;5;3;8.956;42;-42;41.666;13.1324;35.6877;0.0948;0.9454;1.00E-12;2.2778;3.9896
ENVI;5;3;8.956;42;-43;42.658;13.0936;35.6914;0.0836;1.0136;1.00E-12;2.2748;3.99
ENVI;5;3;8.956;42;-44;43.65;13.0822;35.6931;0.0805;1.1305;1.00E-12;2.2702;3.99
ENVI;5;3;8.956;42;-45;44.642;13.0746;35.6955;0.0863;1.3721;1.00E-12;2.2597;3.99
ENVI;5;3;8.956;42;-46;45.634;13.0364;35.6981;0.0644;1.4203;1.00E-12;2.2452;3.99
ENVI;5;3;8.956;42;-47;46.626;12.997;35.697;0.0706;1.2046;1.00E-12;2.2188;3.99
ENVI;5;3;8.956;42;-48;47.617;12.9099;35.6951;0.0706;1.3685;1.00E-12;2.2161;3.99
ENVI;5;3;8.956;42;-49;48.609;12.8208;35.6945;0.0347;1.0188;1.00E-12;2.2108;3.99
ENVI;5;3;8.956;42;-50;49.601;12.7384;35.6942;0.0194;0.8873;1.00E-12;2.2104;3.99
ENVI;5;3;8.956;42;-51;50.593;12.7099;35.6942;-0.007;0.9136;1.00E-12;2.2088;3.99
ENVI;5;3;8.956;42;-52;51.585;12.6646;35.6942;0.0024;0.9055;1.00E-12;2.206;3.99
ENVI;5;3;8.956;42;-53;52.577;12.6442;35.6937;-0.0213;0.7316;1.00E-12;2.197;3.99
ENVI;5;3;8.956;42;-54;53.569;12.5888;35.6931;-0.0132;0.7522;1.00E-12;2.1915;3.99
ENVI;5;3;8.956;42;-55;54.561;12.5481;35.694;-0.0212;0.8023;1.00E-12;2.1867;3.99
ENVI;5;3;8.956;42;-56;55.553;12.5292;35.6929;-0.0314;0.7641;1.00E-12;2.1795;3.99
ENVI;5;3;8.956;42;-57;56.544;12.5072;35.6922;-0.0207;0.8326;1.00E-12;2.1742;3.99
ENVI;5;3;8.956;42;-58;57.536;12.4862;35.6919;-0.0373;0.9213;1.00E-12;2.1712;3.99
ENVI;5;3;8.956;42;-59;58.528;12.4771;35.6915;-0.0498;0.9979;1.00E-12;2.1686;3.99
ENVI;5;3;8.956;42;-60;59.52;12.4697;35.6913;-0.0263;0.9985;1.00E-12;2.1653;3.99
ENVI;5;3;8.956;42;-61;60.512;12.4524;35.6907;-0.0397;0.9561;1.00E-12;2.1625;3.99
ENVI;5;3;8.956;42;-62;61.504;12.4022;35.6907;-0.0423;0.9887;1.00E-12;2.1609;3.99
ENVI;5;3;8.956;42;-63;62.496;12.4149;35.6899;-0.043;0.8309;1.00E-12;2.1542;3.99
ENVI;5;3;8.956;42;-64;63.487;12.3718;35.6899;-0.0362;0.9735;1.00E-12;2.1512;3.99
ENVI;5;3;8.956;42;-65;64.479;12.3367;35.6882;-0.0458;1.098;1.00E-12;2.1486;3.99
ENVI;5;3;8.956;42;-66;65.471;12.2702;35.6874;-0.0445;1.3089;1.00E-12;2.1461;3.99
ENVI;5;3;8.956;42;-67;66.463;12.2266;35.6855;-0.0421;1.3066;1.00E-12;2.1428;3.99
ENVI;5;3;8.956;42;-68;67.455;12.1992;35.6845;-0.0499;1.3159;1.00E-12;2.1386;3.99
ENVI;5;3;8.956;42;-69;68.447;12.1852;35.6836;-0.0654;1.3152;1.00E-12;2.1325;3.99
ENVI;5;3;8.956;42;-70;69.438;12.2348;35.6834;-0.0683;1.1546;1.00E-12;2.1221;3.99
ENVI;5;3;8.956;42;-71;70.43;12.1865;35.6825;-0.0511;1.4343;1.00E-12;2.1212;3.99
ENVI;5;3;8.956;42;-72;71.422;12.1971;35.6825;-0.065;1.5228;1.00E-12;2.1197;3.99
ENVI;5;3;8.956;42;-73;72.414;12.1808;35.6817;-0.0677;1.5317;1.00E-12;2.1189;3.99
ENVI;5;3;8.956;42;-74;73.406;12.1807;35.6814;-0.0674;1.5093;1.00E-12;2.1178;3.99
ENVI;5;3;8.956;42;-75;74.397;12.1834;35.6807;-0.0602;1.3706;1.00E-12;2.1167;3.99
ENVI;5;3;8.956;42;-76;75.389;12.1828;35.6803;-0.0606;1.3195;1.00E-12;2.1147;3.99
ENVI;5;3;8.956;42;-77;76.381;12.1809;35.68;-0.0697;1.2387;1.00E-12;2.1143;3.99
ENVI;5;3;8.956;42;-78;77.373;12.1812;35.6798;-0.0553;1.525;1.00E-12;2.114;3.99
ENVI;5;3;8.956;42;-79;78.364;12.1811;35.68;-0.0591;1.6;1.00E-12;2.1135;3.99
ENVI;5;3;8.956;42;-80;79.356;12.1813;35.68;-0.0614;1.8333;1.00E-12;2.1133;3.99
ENVI;5;3;8.956;42;-81;80.348;12.1814;35.6799;-0.0453;1.9743;1.00E-12;2.1123;3.99
ENVI;5;3;8.956;42;-82;81.34;12.1813;35.68;-0.0545;2.0376;1.00E-12;2.1121;3.99
ENVI;5;3;8.956;42;-83;82.331;12.1809;35.6798;-0.0622;2.1074;1.00E-12;2.1115;3.99
ENVI;5;3;8.956;42;-84;83.323;12.1813;35.6796;-0.041;2.1584;1.00E-12;2.1109;3.99
ENVI;5;2;8.9145;42;-4;3.969;13.5928;34.6487;3.4133;1.7544;41.037;2.5371;294.15
ENVI;5;2;8.9145;42;-5;4.961;13.5611;34.4014;3.3581;2.0116;32.67;2.5097;293.26
ENVI;5;2;8.9145;42;-6;5.953;13.5554;34.4088;3.4053;1.9387;23.993;2.5075;293.27
ENVI;5;2;8.9145;42;-7;6.945;13.5642;34.4429;3.3736;1.8999;16.873;2.505;293.27
ENVI;5;2;8.9145;42;-8;7.937;13.8253;34.8748;2.8982;2.0093;14.115;2.5081;292.72
ENVI;5;2;8.9145;42;-9;8.929;13.9066;35.0172;2.3467;2.3703;11.525;2.5074;291.33
ENVI;5;2;8.9145;42;-10;9.921;13.8783;35.0666;2.0364;2.5434;8.8055;2.485;291.27
ENVI;5;2;8.9145;42;-11;10.913;13.8306;35.1291;1.7986;2.8594;6.4797;2.4416;289.62
ENVI;5;2;8.9145;42;-12;11.905;13.8914;35.2187;1.5849;2.8219;5.0231;2.3949;290.63
ENVI;5;2;8.9145;42;-13;12.897;13.8916;35.3626;1.1997;2.8923;4.2051;2.3785;291.28
ENVI;5;2;8.9145;42;-14;13.89;13.88;35.4095;0.9978;3.0745;2.9547;2.3482;291.72
ENVI;5;2;8.9145;42;-15;14.882;13.9545;35.4813;0.9609;2.4591;2.0791;2.3054;293.56
ENVI;5;2;8.9145;42;-16;15.874;13.8126;35.5503;0.7363;3.1272;1.8239;2.3008;293.27
ENVI;5;2;8.9145;42;-17;16.866;13.4649;35.5931;0.6557;2.4269;1.4414;2.2932;293.27
ENVI;5;2;8.9145;42;-18;17.858;13.3121;35.6062;0.5401;2.5876;1.1244;2.2821;291.86
ENVI;5;2;8.9145;42;-19;18.85;13.1035;35.6212;0.4862;2.9119;0.92806;2.2564;291.26
ENVI;5;2;8.9145;42;-20;19.842;12.952;35.6424;0.3996;3.2064;0.80641;2.2277;291.27
ENVI;5;2;8.9145;42;-21;20.834;12.9784;35.6452;0.3765;2.7097;0.52266;2.1859;291.28
ENVI;5;2;8.9145;42;-22;21.826;12.873;35.6649;0.477;2.517;0.47517;2.1773;291.27
ENVI;5;2;8.9145;42;-23;22.818;12.7707;35.6999;0.3707;3.404;0.37981;2.1772;291.27
ENVI;5;2;8.9145;42;-24;23.81;12.6973;35.6987;0.2564;3.0375;0.29655;2.1726;291.27
ENVI;5;2;8.9145;42;-25;24.802;12.5759;35.7088;0.1806;2.7287;0.2196;2.1627;289.77
ENVI;5;2;8.9145;42;-26;25.794;12.4708;35.7006;0.1545;2.1371;0.13972;2.1426;287.43
ENVI;5;2;8.9145;42;-27;26.786;12.301;35.697;0.0981;2.1576;0.12128;2.1321;289.39
ENVI;5;2;8.9145;42;-28;27.778;12.175;35.6891;0.0651;2.2131;0.12447;2.1243;289.28
ENVI;5;2;8.9145;42;-29;28.77;12.117;35.6862;0.0568;2.3102;0.093617;2.1204;288.41
ENVI;5;2;8.9145;42;-30;29.762;12.1358;35.684;0.0401;1.9428;0.058626;2.1126;287.53
ENVI;5;2;8.9145;42;-31;30.754;12.0882;35.6806;0.0291;1.9671;0.035201;2.11;287.28
ENVI;5;2;8.9145;42;-32;31.746;12.0566;35.6808;0.0137;2.3913;0.024627;2.1073;287.28
ENVI;5;2;8.9145;42;-33;32.738;12.0514;35.6796;0.0215;2.9428;0.019088;2.1041;287.28
ENVI;5;2;8.9145;42;-34;33.73;12.0516;35.6791;0.0253;3.0054;0.0088029;2.1028;287.14
ENVI;5;2;8.9145;42;-35;34.722;12.0519;35.6787;0.0194;2.9041;0.00022252;2.1019;285.33
ENVI;5;2;8.9145;42;-36;35.714;12.0518;35.6782;0.0217;3.086;1.65E-06;2.1006;285.32
ENVI;5;2;8.9145;42;-37;36.706;12.0503;35.6776;0.0156;2.9783;1.00E-12;2.0997;286.16
ENVI;5;2;8.9145;42;-38;37.698;12.0513;35.6767;0.0387;3.2837;1.00E-12;2.0982;288.2
ENVI;5;2;8.9145;42;-39;38.69;12.0442;35.6767;0.0513;4.0565;1.00E-12;2.0976;287.27
ENVI;5;2;8.9145;42;-40;39.682;12.0428;35.6768;0.0514;4.4371;1.00E-12;2.097;286.58
ENVI;5;2;8.9145;42;-41;40.674;12.042;35.6765;0.0586;4.5792;1.00E-12;2.0958;285.74
ENVI;5;2;8.9145;42;-42;41.666;12.0367;35.6762;0.0641;4.6998;1.00E-12;2.0945;285.28
ENVI;5;2;8.9145;42;-43;42.658;12.0219;35.6766;0.0635;4.9052;1.00E-12;2.0935;285.29
ENVI;5;2;8.9145;42;-44;43.65;12.0313;35.6759;0.0636;4.4834;1.00E-12;2.0899;285.02
ENVI;5;2;8.9145;42;-45;44.642;12.017;35.6764;0.0859;5.0701;1.00E-12;2.0904;287.32
ENVI;5;2;8.9145;42;-46;45.633;12.0215;35.6753;0.0872;5.1607;1.00E-12;2.0894;287.28
ENVI;5;2;8.9145;42;-47;46.625;12.0034;35.6758;0.0774;5.2351;1.00E-12;2.0874;287.04
ENVI;5;2;8.9145;42;-48;47.617;11.9998;35.6759;0.0855;5.3297;1.00E-12;2.0852;285.37
ENVI;5;2;8.9145;42;-49;48.609;11.9886;35.6758;0.0795;5.2275;1.00E-12;2.0824;284.65
ENVI;5;2;8.9145;42;-50;49.601;11.9987;35.6753;0.078;4.6296;1.00E-12;2.0795;286.11
ENVI;5;2;8.9145;42;-51;50.593;11.9887;35.6751;0.0766;4.1262;1.00E-12;2.0767;287.14
ENVI;5;2;8.9145;42;-52;51.585;11.9791;35.6749;0.0785;3.8078;1.00E-12;2.0732;288.8
ENVI;5;2;8.9145;42;-53;52.577;11.9696;35.675;0.078;4.4548;1.00E-12;2.071;289.29
ENVI;5;31;9.0395;42;-3;2.976;13.4466;35.1122;6.7119;0.9185;18.528;2.5971;100.53
ENVI;5;31;9.0395;42;-4;3.969;13.4686;35.454;4.4192;0.7927;13.382;2.5846;95.549
ENVI;5;31;9.0395;42;-5;4.961;13.4772;35.4797;4.1237;0.7403;10.401;2.557;97.518
ENVI;5;31;9.0395;42;-6;5.953;13.4971;35.514;3.8129;0.6785;8.3268;2.5381;98.883
ENVI;5;31;9.0395;42;-7;6.945;13.5117;35.5297;3.6292;0.6797;6.3437;2.5132;98.583
ENVI;5;31;9.0395;42;-8;7.937;13.5142;35.534;3.3077;0.6804;5.4768;2.4986;92.068
ENVI;5;31;9.0395;42;-9;8.929;13.5215;35.5534;3.1069;0.6349;4.8852;2.4947;91.755
ENVI;5;31;9.0395;42;-10;9.921;13.526;35.5876;2.6615;0.634;4.3366;2.4911;91.846
ENVI;5;31;9.0395;42;-11;10.913;13.5255;35.6001;2.131;0.593;3.8672;2.483;95.943
ENVI;5;31;9.0395;42;-12;11.905;13.5285;35.605;1.8556;0.5294;3.0113;2.4508;99.094
ENVI;5;31;9.0395;42;-13;12.897;13.5314;35.6113;1.6533;0.5478;2.6396;2.4383;92.34
ENVI;5;31;9.0395;42;-14;13.89;13.5318;35.6122;1.6402;0.575;2.5645;2.4344;91.765
ENVI;5;31;9.0395;42;-15;14.882;13.5326;35.6129;1.6405;0.5567;2.4116;2.4304;92.229
ENVI;5;31;9.0395;42;-16;15.874;13.5342;35.6141;1.6566;0.567;2.1824;2.4281;93.752
ENVI;5;31;9.0395;42;-17;16.866;13.5355;35.615;1.6369;0.5583;1.9072;2.4244;94.452
ENVI;5;31;9.0395;42;-18;17.858;13.5365;35.6163;1.4186;0.5569;1.6163;2.4195;96.819
ENVI;5;31;9.0395;42;-19;18.85;13.5369;35.6172;1.3671;0.5085;1.4215;2.4161;90.682
ENVI;5;31;9.0395;42;-20;19.842;13.5385;35.6229;1.3512;0.5508;1.3322;2.4149;89.753
ENVI;5;31;9.0395;42;-21;20.834;13.5374;35.6303;1.1956;0.5626;1.2696;2.4124;91.184
ENVI;5;31;9.0395;42;-22;21.826;13.5313;35.637;1.0297;0.543;1.1944;2.4033;96.647
ENVI;5;31;9.0395;42;-23;22.818;13.5286;35.6386;0.9562;0.5533;1.0237;2.3922;93.289
ENVI;5;31;9.0395;42;-24;23.81;13.526;35.639;1.0252;0.5493;0.8985;2.3901;91.146
ENVI;5;31;9.0395;42;-25;24.802;13.5174;35.6402;1.0266;0.5142;0.84221;2.39;94.104
ENVI;5;31;9.0395;42;-26;25.794;13.5115;35.641;1.089;0.5147;0.79961;2.3915;90.229
ENVI;5;31;9.0395;42;-27;26.786;13.5057;35.6428;1.16;0.5285;0.72788;2.394;90.305
ENVI;5;31;9.0395;42;-28;27.778;13.4997;35.6458;1.0302;0.483;0.65966;2.3963;93.467
ENVI;5;31;9.0395;42;-29;28.77;13.4964;35.6505;0.9236;0.503;0.60863;2.3962;92.733
ENVI;5;31;9.0395;42;-30;29.762;13.4951;35.6544;0.9493;0.4575;0.54099;2.3951;91.78
ENVI;5;31;9.0395;42;-31;30.754;13.4941;35.6559;0.9444;0.4298;0.47856;2.3963;91.771
ENVI;5;31;9.0395;42;-32;31.746;13.4933;35.6576;0.9792;0.4241;0.43854;2.3978;90.135
ENVI;5;31;9.0395;42;-33;32.738;13.4914;35.6598;1.0296;0.4239;0.42394;2.3981;87.824
ENVI;5;31;9.0395;42;-34;33.73;13.4893;35.6638;1.0841;0.4091;0.40408;2.3994;89.007
ENVI;5;31;9.0395;42;-35;34.722;13.4871;35.6685;0.9387;0.4097;0.37499;2.4005;89.848
ENVI;5;31;9.0395;42;-36;35.714;13.4842;35.6764;0.7421;0.3341;0.33665;2.3979;93.017
ENVI;5;31;9.0395;42;-37;36.706;13.4824;35.6781;0.6824;0.3376;0.27884;2.3931;89.49
ENVI;5;31;9.0395;42;-38;37.698;13.4791;35.6802;0.681;0.3386;0.25381;2.3922;87.757
ENVI;5;31;9.0395;42;-39;38.69;13.4771;35.6813;0.6614;0.3597;0.24257;2.3897;87.781
ENVI;5;31;9.0395;42;-40;39.682;13.4753;35.6822;0.6697;0.3588;0.23791;2.3868;86.242
ENVI;5;31;9.0395;42;-41;40.674;13.474;35.683;0.6669;0.3628;0.23669;2.3853;85.763
ENVI;5;31;9.0395;42;-42;41.666;13.4708;35.685;0.7043;0.3534;0.22676;2.3843;85.786
ENVI;5;31;9.0395;42;-43;42.658;13.469;35.6859;0.6901;0.3743;0.21757;2.3832;87.536
ENVI;5;31;9.0395;42;-44;43.65;13.4678;35.6862;0.6072;0.3627;0.17212;2.3795;90.946
ENVI;5;31;9.0395;42;-45;44.642;13.4666;35.6868;0.6229;0.349;0.1326;2.3779;81.452
ENVI;5;31;9.0395;42;-46;45.634;13.4643;35.6875;0.6013;0.3778;0.13791;2.3775;81.796
ENVI;5;31;9.0395;42;-47;46.626;13.4625;35.6879;0.585;0.382;0.13393;2.377;82.85
ENVI;5;31;9.0395;42;-48;47.617;13.4583;35.6889;0.5402;0.378;0.13125;2.375;87.449
ENVI;5;31;9.0395;42;-49;48.609;13.4559;35.6893;0.4823;0.3382;0.10708;2.3715;89.319
ENVI;5;31;9.0395;42;-50;49.601;13.4504;35.6904;0.4872;0.3802;0.082596;2.3692;87.822
ENVI;5;31;9.0395;42;-51;50.593;13.4358;35.693;0.4154;0.3637;0.078838;2.3675;85.666
ENVI;5;31;9.0395;42;-52;51.585;13.422;35.6946;0.3677;0.3877;0.073729;2.3644;83.712
ENVI;5;31;9.0395;42;-53;52.577;13.4194;35.6949;0.3918;0.3886;0.066791;2.3624;83.791
ENVI;5;31;9.0395;42;-54;53.569;13.4186;35.6948;0.3983;0.3963;0.061296;2.3589;85.475
ENVI;5;31;9.0395;42;-55;54.561;13.4153;35.6949;0.3185;0.3575;0.052583;2.3542;87.309
ENVI;5;31;9.0395;42;-56;55.552;13.4124;35.6951;0.319;0.3598;0.043075;2.3517;85.751
ENVI;5;31;9.0395;42;-57;56.544;13.4051;35.6955;0.3248;0.411;0.037378;2.3507;85.786
ENVI;5;31;9.0395;42;-58;57.536;13.399;35.6962;0.3145;0.377;0.033563;2.35;84.565
ENVI;5;31;9.0395;42;-59;58.528;13.3914;35.6964;0.2906;0.3898;0.032766;2.3478;83.798
ENVI;5;31;9.0395;42;-60;59.52;13.3805;35.6973;0.2932;0.3998;0.029892;2.3449;83.791
ENVI;5;31;9.0395;42;-61;60.512;13.3722;35.6976;0.2875;0.4132;0.025644;2.3421;83.791
ENVI;5;31;9.0395;42;-62;61.504;13.3453;35.6984;0.2735;0.368;0.011666;2.3309;84.715
ENVI;5;31;9.0395;42;-63;62.496;13.32;35.7004;0.2572;0.3959;0.0099484;2.3285;79.743
ENVI;5;31;9.0395;42;-64;63.487;13.2775;35.7023;0.2474;0.4762;0.0085463;2.3273;80.26
ENVI;5;31;9.0395;42;-65;64.479;13.2297;35.7073;0.2148;0.4808;0.0033917;2.3245;82.047
ENVI;5;31;9.0395;42;-66;65.471;13.2149;35.7079;0.176;0.4706;0.0024447;2.3194;83.756
ENVI;5;31;9.0395;42;-67;66.463;13.2014;35.709;0.1298;0.4214;0.00074851;2.3028;85.205
ENVI;5;31;9.0395;42;-68;67.455;13.1897;35.7103;0.1221;0.3802;-0.00001295;2.2831;84.745
ENVI;5;31;9.0395;42;-69;68.446;13.1775;35.7134;0.077;0.3891;1.00E-12;2.2772;83.339
ENVI;5;31;9.0395;42;-70;69.438;13.1623;35.7189;0.0566;0.4095;1.00E-12;2.2729;83.802
ENVI;5;31;9.0395;42;-71;70.43;13.1518;35.7286;0.0441;0.4114;1.00E-12;2.2695;83.791
ENVI;5;31;9.0395;42;-72;71.422;13.1486;35.7365;0.0053;0.3997;1.00E-12;2.2645;82.037
ENVI;5;31;9.0395;42;-73;72.414;13.1284;35.7413;-0.0013;0.3117;1.00E-12;2.2556;81.874
ENVI;5;31;9.0395;42;-74;73.406;13.1105;35.7423;-0.0303;0.2592;1.00E-12;2.2276;85.85
ENVI;5;31;9.0395;42;-75;74.397;13.0997;35.7427;-0.039;0.2533;1.00E-12;2.2119;81.769
ENVI;5;31;9.0395;42;-76;75.389;13.0944;35.7426;-0.0456;0.2383;1.00E-12;2.2083;82.492
ENVI;5;31;9.0395;42;-77;76.381;13.069;35.7426;-0.0617;0.2407;1.00E-12;2.2026;86.01
ENVI;5;31;9.0395;42;-78;77.373;13.0408;35.7417;-0.0486;0.2546;1.00E-12;2.1993;81.713
ENVI;5;31;9.0395;42;-79;78.364;13.0207;35.7416;-0.0504;0.2465;1.00E-12;2.1967;82.016
ENVI;5;31;9.0395;42;-80;79.356;13.0099;35.7409;-0.0665;0.2329;1.00E-12;2.1943;84.293
ENVI;5;31;9.0395;42;-81;80.348;12.9806;35.74;-0.0661;0.2222;1.00E-12;2.1911;84.485
ENVI;5;31;9.0395;42;-82;81.339;12.9483;35.739;-0.0677;0.2339;1.00E-12;2.187;84.23
ENVI;5;31;9.0395;42;-83;82.331;12.9328;35.738;-0.0613;0.2716;1.00E-12;2.1818;85.787
ENVI;5;31;9.0395;42;-84;83.323;12.933;35.7376;-0.0831;0.2312;1.00E-12;2.1795;82.311
ENVI;5;31;9.0395;42;-85;84.315;12.9214;35.7373;-0.0579;0.2033;1.00E-12;2.1783;81.785
ENVI;5;31;9.0395;42;-86;85.307;12.8633;35.7362;-0.0691;0.2258;1.00E-12;2.1769;83.408
ENVI;5;31;9.0395;42;-87;86.298;12.8333;35.7342;-0.0797;0.2282;1.00E-12;2.1711;86.789
ENVI;5;31;9.0395;42;-88;87.29;12.8232;35.7328;-0.0781;0.208;1.00E-12;2.167;82.947
ENVI;5;31;9.0395;42;-89;88.282;12.8124;35.7324;-0.0638;0.2318;1.00E-12;2.166;81.757
ENVI;5;31;9.0395;42;-90;89.274;12.8027;35.7317;-0.0579;0.2451;1.00E-12;2.1652;81.796
ENVI;5;31;9.0395;42;-91;90.265;12.7899;35.7315;-0.0686;0.228;1.00E-12;2.1646;81.888
ENVI;5;31;9.0395;42;-92;91.257;12.7803;35.7312;-0.0702;0.2249;1.00E-12;2.1635;84.151
ENVI;5;31;9.0395;42;-93;92.249;12.782;35.7303;-0.0818;0.2141;1.00E-12;2.1594;86.222
ENVI;5;31;9.0395;42;-94;93.24;12.7489;35.7284;-0.0765;0.2327;1.00E-12;2.1587;83.62
ENVI;5;31;9.0395;42;-95;94.232;12.7345;35.7276;-0.0582;0.2339;1.00E-12;2.1577;81.779
ENVI;5;31;9.0395;42;-96;95.224;12.699;35.726;-0.0703;0.2899;1.00E-12;2.1566;81.796
ENVI;5;31;9.0395;42;-97;96.215;12.6941;35.7257;-0.0796;0.2437;1.00E-12;2.155;83.009
ENVI;5;31;9.0395;42;-98;97.207;12.6921;35.7251;-0.0819;0.2368;1.00E-12;2.1523;84.817
ENVI;5;31;9.0395;42;-99;98.199;12.6927;35.7243;-0.085;0.2187;1.00E-12;2.1504;87.299
ENVI;5;31;9.0395;42;-100;99.19;12.6862;35.7238;-0.0705;0.2596;1.00E-12;2.15;86.416
ENVI;5;31;9.0395;42;-101;100.182;12.679;35.723;-0.0768;0.2557;1.00E-12;2.149;87.289
ENVI;5;31;9.0395;42;-102;101.174;12.6796;35.723;-0.0675;0.2701;1.00E-12;2.1477;83.374
ENVI;5;31;9.0395;42;-103;102.165;12.6718;35.722;-0.0825;0.261;1.00E-12;2.1469;81.951
ENVI;5;31;9.0395;42;-104;103.157;12.6609;35.7214;-0.0817;0.2701;1.00E-12;2.1464;84.49
ENVI;5;31;9.0395;42;-105;104.149;12.6605;35.7209;-0.0747;0.2602;1.00E-12;2.1451;88.05
ENVI;5;31;9.0395;42;-106;105.14;12.6547;35.7207;-0.0766;0.2263;1.00E-12;2.1449;86.288
ENVI;5;31;9.0395;42;-107;106.132;12.6534;35.7204;-0.0676;0.2617;1.00E-12;2.1443;89.189
ENVI;5;31;9.0395;42;-108;107.124;12.6521;35.7201;-0.0703;0.2359;1.00E-12;2.1436;88.227
ENVI;5;31;9.0395;42;-109;108.115;12.6509;35.72;-0.0797;0.2533;1.00E-12;2.1428;87.473
ENVI;5;31;9.0395;42;-110;109.107;12.6487;35.7196;-0.076;0.2382;1.00E-12;2.1422;89.487
ENVI;5;31;9.0395;42;-111;110.098;12.5848;35.7159;-0.0742;0.2481;1.00E-12;2.1415;90.859
ENVI;5;31;9.0395;42;-112;111.09;12.5363;35.7128;-0.0748;0.222;1.00E-12;2.1351;90.655
ENVI;5;31;9.0395;42;-113;112.082;12.5138;35.7102;-0.0766;0.2523;1.00E-12;2.1345;91.775
ENVI;5;31;9.0395;42;-114;113.073;12.4962;35.7094;-0.0747;0.2558;1.00E-12;2.1327;91.13
ENVI;5;31;9.0395;42;-115;114.065;12.4939;35.7087;-0.0753;0.2664;1.00E-12;2.1308;90.952
ENVI;5;31;9.0395;42;-116;115.056;12.4926;35.7081;-0.0747;0.2176;1.00E-12;2.1291;93.254
ENVI;5;31;9.0395;42;-117;116.048;12.4823;35.7074;-0.0853;0.2662;1.00E-12;2.1281;89.79
ENVI;5;31;9.0395;42;-118;117.039;12.454;35.7053;-0.0745;0.2571;1.00E-12;2.1274;93.344
ENVI;5;32;9.1246;42;-5;4.961;13.6046;35.5723;2.3688;0.4399;26.12;2.482;111.77
ENVI;5;32;9.1246;42;-6;5.953;13.6013;35.5718;2.4953;0.422;22.443;2.4811;113.77
ENVI;5;32;9.1246;42;-7;6.945;13.5981;35.5731;2.4578;0.4421;19.493;2.4805;113.72
ENVI;5;32;9.1246;42;-8;7.937;13.5971;35.5748;2.4996;0.4592;16.865;2.4804;113.72
ENVI;5;32;9.1246;42;-9;8.929;13.5983;35.5753;2.3917;0.3642;14.741;2.4782;113.72
ENVI;5;32;9.1246;42;-10;9.921;13.5989;35.5758;2.2361;0.402;13.16;2.4784;113.72
ENVI;5;32;9.1246;42;-11;10.913;13.6016;35.5775;2.2382;0.4373;11.602;2.4781;114.19
ENVI;5;32;9.1246;42;-12;11.905;13.6062;35.5799;2.2079;0.4412;10.495;2.4777;115.6
ENVI;5;32;9.1246;42;-13;12.897;13.6095;35.5809;2.0124;0.3988;9.2271;2.476;115.71
ENVI;5;32;9.1246;42;-14;13.889;13.6113;35.5841;1.9309;0.3715;7.7261;2.4712;114.65
ENVI;5;32;9.1246;42;-15;14.882;13.6099;35.5856;1.875;0.3828;7.2431;2.4709;113.76
ENVI;5;32;9.1246;42;-16;15.874;13.6098;35.5865;1.7857;0.3803;6.9626;2.4696;115.36
ENVI;5;32;9.1246;42;-17;16.866;13.61;35.587;1.7189;0.3866;6.2777;2.4671;115.72
ENVI;5;32;9.1246;42;-18;17.858;13.6102;35.5875;1.9247;0.3896;5.4983;2.4655;115.71
ENVI;5;32;9.1246;42;-19;18.85;13.6096;35.5889;1.762;0.3776;4.9571;2.4636;115.71
ENVI;5;32;9.1246;42;-20;19.842;13.6086;35.5905;1.7128;0.3371;4.5104;2.4618;115.71
ENVI;5;32;9.1246;42;-21;20.834;13.6083;35.5907;1.7141;0.386;4.0393;2.4605;114.76
ENVI;5;32;9.1246;42;-22;21.826;13.6064;35.5912;1.6418;0.389;3.6163;2.4583;115.76
ENVI;5;32;9.1246;42;-23;22.818;13.6059;35.5916;1.5821;0.3643;3.2809;2.4566;115.83
ENVI;5;32;9.1246;42;-24;23.81;13.6055;35.5918;1.6881;0.3873;3.0899;2.4557;116.24
ENVI;5;32;9.1246;42;-25;24.802;13.6046;35.5919;1.7316;0.4161;2.903;2.4554;115.7
ENVI;5;32;9.1246;42;-26;25.794;13.6031;35.5918;1.6869;0.4238;2.7341;2.4547;115.71
ENVI;5;32;9.1246;42;-27;26.786;13.6004;35.5916;1.6346;0.4084;2.5637;2.4543;115.71
ENVI;5;32;9.1246;42;-28;27.778;13.6022;35.5914;1.6488;0.373;2.0222;2.4542;116.74
ENVI;5;32;9.1246;42;-29;28.77;13.5992;35.5918;1.538;0.3876;1.6299;2.4531;117.71
ENVI;5;32;9.1246;42;-30;29.762;13.5954;35.5919;1.5149;0.3919;1.4355;2.4522;117.71
ENVI;5;32;9.1246;42;-31;30.754;13.5933;35.592;1.4631;0.3562;1.2318;2.4515;117.71
ENVI;5;32;9.1246;42;-32;31.746;13.5911;35.5921;1.4436;0.3674;1.0415;2.4513;117.71
ENVI;5;32;9.1246;42;-33;32.738;13.5885;35.5922;1.4311;0.374;0.86585;2.4516;117.71
ENVI;5;32;9.1246;42;-34;33.73;13.5911;35.5916;1.5028;0.3802;1.2549;2.4516;117.01
ENVI;5;32;9.1246;42;-35;34.722;13.5849;35.5922;1.7182;0.4072;1.2202;2.4518;117.75
ENVI;5;32;9.1246;42;-36;35.714;13.5852;35.5923;1.8685;0.4487;1.0748;2.4511;119.73
ENVI;5;32;9.1246;42;-37;36.706;13.5846;35.593;1.5126;0.3894;0.93386;2.4504;119.7
ENVI;5;32;9.1246;42;-38;37.698;13.5847;35.593;1.49;0.3904;0.81189;2.4495;119.7
ENVI;5;32;9.1246;42;-39;38.69;13.5849;35.5932;1.481;0.3962;0.70713;2.4482;119.7
ENVI;5;32;9.1246;42;-40;39.682;13.5845;35.5932;1.5141;0.3623;0.72865;2.4479;119.38
ENVI;5;32;9.1246;42;-41;40.674;13.5813;35.5945;1.5978;0.388;0.54768;2.4479;119.7
ENVI;5;32;9.1246;42;-42;41.666;13.5808;35.595;1.5633;0.3818;0.46433;2.4469;120.33
ENVI;5;32;9.1246;42;-43;42.658;13.5777;35.5965;1.5435;0.3802;0.37197;2.4467;121.7
ENVI;5;32;9.1246;42;-44;43.65;13.5783;35.5995;1.5335;0.3892;0.27135;2.446;121.7
ENVI;5;32;9.1246;42;-45;44.642;13.5858;35.6024;1.4788;0.3872;0.17781;2.4459;121.7
ENVI;5;32;9.1246;42;-46;45.633;13.6116;35.6109;1.5065;0.3543;0.22948;2.4464;121.7
ENVI;5;32;9.1246;42;-47;46.626;13.6393;35.619;1.7362;0.3383;0.4337;2.4488;120.7
ENVI;5;32;9.1246;42;-48;47.617;13.6643;35.6275;1.7031;0.3648;0.35505;2.4482;121.73
ENVI;5;32;9.1246;42;-49;48.609;13.6676;35.6286;1.7744;0.3909;0.32262;2.4467;122.91
ENVI;5;32;9.1246;42;-50;49.601;13.6724;35.6303;1.8711;0.4218;0.28788;2.445;123.47
ENVI;5;32;9.1246;42;-51;50.593;13.6809;35.6332;1.8922;0.3814;0.26261;2.4431;123.69
ENVI;5;32;9.1246;42;-52;51.585;13.6833;35.6344;1.8466;0.3773;0.24834;2.442;123.69
ENVI;5;32;9.1246;42;-53;52.577;13.6786;35.6334;1.8634;0.349;0.21924;2.4375;122.32
ENVI;5;32;9.1246;42;-54;53.569;13.6865;35.6372;1.7276;0.3747;0.20116;2.4374;120.33
ENVI;5;32;9.1246;42;-55;54.561;13.6763;35.6367;1.7425;0.3838;0.17814;2.4348;122.32
ENVI;5;32;9.1246;42;-56;55.552;13.667;35.6373;1.704;0.5198;0.14869;2.4323;123.74
ENVI;5;32;9.1246;42;-57;56.544;13.6726;35.6422;1.5538;0.4428;0.12591;2.4303;123.69
ENVI;5;32;9.1246;42;-58;57.536;13.6755;35.6453;1.3631;0.3626;0.11331;2.4253;123.69
ENVI;5;32;9.1246;42;-59;58.528;13.6784;35.6484;1.2762;0.3444;0.11308;2.4177;123.69
ENVI;5;32;9.1246;42;-60;59.52;13.6708;35.6528;1.2016;0.3522;0.10352;2.4149;122.75
ENVI;5;32;9.1246;42;-61;60.512;13.6214;35.6512;1.1727;0.4043;0.087593;2.4129;121.77
ENVI;5;32;9.1246;42;-62;61.504;13.6177;35.6508;1.1513;0.4694;0.079213;2.4099;123.71
ENVI;5;32;9.1246;42;-63;62.495;13.6171;35.6492;1.0116;0.3131;0.060685;2.406;123.69
ENVI;5;32;9.1246;42;-64;63.488;13.5767;35.6479;1.0235;0.3439;0.053707;2.4052;123.69
ENVI;5;32;9.1246;42;-65;64.479;13.5666;35.6557;1.0342;0.3449;0.0502;2.4047;123.69
ENVI;5;32;9.1246;42;-66;65.471;13.5736;35.6638;0.9063;0.3317;0.043908;2.4045;123.69
ENVI;5;32;9.1246;42;-67;66.463;13.5818;35.6727;0.9442;0.3478;0.040316;2.4034;124.02
ENVI;5;32;9.1246;42;-68;67.455;13.6187;35.686;0.6492;0.3008;0.034693;2.4005;125.53
ENVI;5;32;9.1246;42;-69;68.447;13.6295;35.6907;0.4496;0.2748;0.027521;2.3877;125
ENVI;5;32;9.1246;42;-70;69.438;13.6341;35.6951;0.4261;0.2851;0.021596;2.3808;123.64
ENVI;5;32;9.1246;42;-71;70.43;13.6346;35.6956;0.5108;0.3206;0.016328;2.3788;125.3
ENVI;5;32;9.1246;42;-72;71.422;13.6401;35.6979;0.3104;0.2647;0.014482;2.3757;125.69
ENVI;5;32;9.1246;42;-73;72.414;13.6433;35.7015;0.284;0.2684;0.014097;2.3737;125.69
ENVI;5;32;9.1246;42;-74;73.406;13.6328;35.701;0.2924;0.2681;0.007836;2.3715;125.69
ENVI;5;32;9.1246;42;-75;74.397;13.6306;35.7007;0.3343;0.2809;0.0046036;2.3697;126.28
ENVI;5;32;9.1246;42;-76;75.389;13.6258;35.7005;0.3611;0.291;0.0032905;2.3681;127.7
ENVI;5;32;9.1246;42;-77;76.381;13.6252;35.6997;0.2945;0.2873;-0.0003736;2.3669;127.06
ENVI;5;32;9.1246;42;-78;77.372;13.5964;35.6971;0.2967;0.2993;-0.000001829;2.3674;125.9
ENVI;5;32;9.1246;42;-79;78.364;13.5874;35.6958;0.3379;0.3024;1.00E-12;2.366;127.61
ENVI;5;32;9.1246;42;-80;79.356;13.5784;35.6946;0.3348;0.286;1.00E-12;2.3647;127.68
ENVI;5;32;9.1246;42;-81;80.348;13.5687;35.6943;0.3192;0.2711;1.00E-12;2.364;127.68
ENVI;5;32;9.1246;42;-82;81.34;13.5656;35.6942;0.308;0.307;1.00E-12;2.3637;127.68
ENVI;5;32;9.1246;42;-83;82.331;13.5669;35.694;0.3374;0.2419;1.00E-12;2.3674;127.19
ENVI;5;32;9.1246;42;-84;83.323;13.5594;35.6948;0.3469;0.2475;1.00E-12;2.3704;126.42
ENVI;5;32;9.1246;42;-85;84.315;13.5552;35.6963;0.3892;0.2503;1.00E-12;2.3704;127.69
ENVI;5;32;9.1246;42;-86;85.307;13.5393;35.6961;0.4565;0.2529;1.00E-12;2.3706;127.8
ENVI;5;32;9.1246;42;-87;86.298;13.5356;35.6961;0.3396;0.2585;1.00E-12;2.3711;129.52
ENVI;5;32;9.1246;42;-88;87.29;13.5364;35.6967;0.3146;0.2638;1.00E-12;2.372;129.66
ENVI;5;32;9.1246;42;-89;88.282;13.538;35.6956;0.3698;0.2598;1.00E-12;2.3671;128.66
ENVI;5;32;9.1246;42;-90;89.273;13.5369;35.7022;0.3374;0.2747;1.00E-12;2.3654;126.06
ENVI;5;32;9.1246;42;-91;90.265;13.5493;35.7096;0.2136;0.2943;1.00E-12;2.3637;127.7
ENVI;5;32;9.1246;42;-92;91.257;13.578;35.7226;0.2348;0.3368;1.00E-12;2.3606;128.97
ENVI;5;32;9.1246;42;-93;92.248;13.605;35.7334;0.196;0.2936;1.00E-12;2.356;129.72
ENVI;5;32;9.1246;42;-94;93.24;13.6351;35.745;0.1821;0.2818;1.00E-12;2.3505;129.68
ENVI;5;32;9.1246;42;-95;94.232;13.626;35.7517;0.1746;0.276;1.00E-12;2.3435;129.68
ENVI;5;32;9.1246;42;-96;95.224;13.5927;35.7521;0.1296;0.31;1.00E-12;2.332;129.68
ENVI;5;32;9.1246;42;-97;96.215;13.557;35.7517;0.1089;0.2356;1.00E-12;2.292;129.68
ENVI;5;32;9.1246;42;-98;97.207;13.5299;35.7514;0.0967;0.2884;1.00E-12;2.2846;128.65
ENVI;5;32;9.1246;42;-99;98.199;13.5203;35.7521;0.0761;0.3309;1.00E-12;2.2801;127.68
ENVI;5;32;9.1246;42;-100;99.19;13.5113;35.7521;0.0932;0.3004;1.00E-12;2.2751;127.68
ENVI;5;32;9.1246;42;-101;100.182;13.5092;35.7526;0.0946;0.3192;1.00E-12;2.2701;128.15
ENVI;5;32;9.1246;42;-102;101.174;13.4832;35.753;0.1022;0.3152;1.00E-12;2.266;129.67
ENVI;5;32;9.1246;42;-103;102.165;13.4578;35.7538;0.1014;0.3338;1.00E-12;2.2635;129.68
ENVI;5;32;9.1246;42;-104;103.157;13.4275;35.7551;0.0782;0.3562;1.00E-12;2.2604;129.68
ENVI;5;32;9.1246;42;-105;104.149;13.3937;35.7575;0.0578;0.3993;1.00E-12;2.2567;130.13
ENVI;5;32;9.1246;42;-106;105.14;13.367;35.7603;0.0406;0.4603;1.00E-12;2.2524;131.65
ENVI;5;32;9.1246;42;-107;106.132;13.3641;35.7598;0.0477;0.5631;1.00E-12;2.2454;131.67
ENVI;5;32;9.1246;42;-108;107.123;13.3614;35.7593;0.0731;0.5621;1.00E-12;2.2319;131.67
ENVI;5;32;9.1246;42;-109;108.115;13.3533;35.7591;0.0079;0.5246;1.00E-12;2.2203;130.68
ENVI;5;32;9.1246;42;-110;109.107;13.3303;35.759;0.0267;0.576;1.00E-12;2.2159;129.66
ENVI;5;32;9.1246;42;-111;110.098;13.262;35.7591;0.0035;0.6326;1.00E-12;2.2129;129.68
ENVI;5;32;9.1246;42;-112;111.09;13.2238;35.7607;0.0073;0.672;1.00E-12;2.2068;129.87
ENVI;5;32;9.1246;42;-113;112.081;13.2184;35.7591;-0.0161;0.5196;1.00E-12;2.185;132.33
ENVI;5;32;9.1246;42;-114;113.073;13.1711;35.7567;-0.0037;0.6443;1.00E-12;2.1829;131.67
ENVI;5;32;9.1246;42;-115;114.065;13.07;35.7456;0.0089;0.6823;1.00E-12;2.1799;131.67
ENVI;5;32;9.1246;42;-116;115.056;13.0267;35.7399;0.0174;0.6701;1.00E-12;2.1762;131.67
ENVI;5;32;9.1246;42;-117;116.048;13.0044;35.7358;-0.0141;0.6335;1.00E-12;2.1722;131.67
ENVI;5;32;9.1246;42;-118;117.04;12.8936;35.7292;-0.0239;0.6333;1.00E-12;2.1699;131.67
ENVI;5;32;9.1246;42;-119;118.031;12.8472;35.7268;-0.0213;0.6418;1.00E-12;2.1682;131.77
ENVI;5;32;9.1246;42;-120;119.023;12.8133;35.7247;-0.0162;0.6823;1.00E-12;2.1672;133.02
ENVI;5;32;9.1246;42;-121;120.014;12.8135;35.7223;-0.0098;0.5428;1.00E-12;2.1626;133.16
ENVI;5;32;9.1246;42;-122;121.006;12.7883;35.7196;0.0104;0.5263;1.00E-12;2.1577;131.6
ENVI;5;32;9.1246;42;-123;121.997;12.7733;35.7187;0.0119;0.6012;1.00E-12;2.1552;133.41
ENVI;5;32;9.1246;42;-124;122.989;12.7515;35.7167;-0.0022;0.5226;1.00E-12;2.1511;134.99
ENVI;5;32;9.1246;42;-125;123.98;12.7341;35.7153;-0.018;0.5809;1.00E-12;2.1495;135.64
ENVI;5;32;9.1246;42;-126;124.972;12.7204;35.7137;-0.0183;0.5549;1.00E-12;2.1462;135.66
ENVI;5;32;9.1246;42;-127;125.964;12.7015;35.713;-0.0265;0.7028;1.00E-12;2.1462;135.66
ENVI;5;32;9.1246;42;-128;126.955;12.6165;35.7123;-0.0128;0.7155;1.00E-12;2.1453;136.36
ENVI;5;32;9.1246;42;-129;127.947;12.5523;35.7104;-0.0286;0.5966;1.00E-12;2.1335;137.59
ENVI;5;32;9.1246;42;-130;128.938;12.4828;35.7076;-0.0265;0.5721;1.00E-12;2.1207;137.37
ENVI;5;32;9.1246;42;-131;129.93;12.4507;35.7065;-0.06;0.65;1.00E-12;2.1171;135.97
ENVI;5;32;9.1246;42;-132;130.921;12.4118;35.704;-0.0225;0.7091;1.00E-12;2.1137;136.91
ENVI;5;32;9.1246;42;-133;131.913;12.3385;35.6983;-0.0378;0.6546;1.00E-12;2.1019;137.78
ENVI;5;32;9.1246;42;-134;132.904;12.2715;35.6938;-0.0468;0.6176;1.00E-12;2.0964;137.94
ENVI;5;32;9.1246;42;-135;133.896;12.1818;35.6888;-0.0467;0.6999;1.00E-12;2.094;139.4
ENVI;5;32;9.1246;42;-136;134.887;12.1201;35.6859;-0.0496;0.7697;1.00E-12;2.0899;139.56
ENVI;5;32;9.1246;42;-137;135.879;12.0956;35.6812;-0.0552;0.6619;1.00E-12;2.0764;139.22
ENVI;5;4;9.207;42;-4;3.969;13.6254;34.4911;2.6275;0.4358;121.45;2.3667;531.66
ENVI;5;4;9.207;42;-5;4.961;13.6493;35.7145;2.6613;0.4416;103.85;2.5299;534.04
ENVI;5;4;9.207;42;-6;5.953;13.645;35.5902;2.7553;0.4567;92.584;2.5138;544.42
ENVI;5;4;9.207;42;-7;6.945;13.6443;35.5905;2.7993;0.468;74.577;2.5132;546.58
ENVI;5;4;9.207;42;-8;7.937;13.6444;35.5904;2.8523;0.4639;66.838;2.5131;546.24
ENVI;5;4;9.207;42;-9;8.929;13.6431;35.5901;3.0927;0.4592;55.186;2.5129;543.85
ENVI;5;4;9.207;42;-10;9.921;13.6418;35.5899;2.9254;0.4541;47.986;2.5121;542.23
ENVI;5;4;9.207;42;-11;10.913;13.6342;35.5891;2.832;0.4549;44.051;2.5115;545.52
ENVI;5;4;9.207;42;-12;11.905;13.6266;35.5884;2.7909;0.4261;36.308;2.5103;546.33
ENVI;5;4;9.207;42;-13;12.897;13.6328;35.5891;2.5933;0.4285;33.575;2.5102;545
ENVI;5;4;9.207;42;-14;13.89;13.6343;35.5892;2.8505;0.4891;30.752;2.5105;544.64
ENVI;5;4;9.207;42;-15;14.882;13.6299;35.589;2.7561;0.4477;27.618;2.5102;544.64
ENVI;5;4;9.207;42;-16;15.874;13.6254;35.5889;2.6804;0.4472;24.204;2.5093;543.46
ENVI;5;4;9.207;42;-17;16.866;13.6271;35.5888;2.7096;0.428;20.529;2.5084;543.65
ENVI;5;4;9.207;42;-18;17.858;13.6274;35.589;2.8426;0.4652;18.922;2.5074;543.28
ENVI;5;4;9.207;42;-19;18.85;13.6258;35.5885;2.802;0.5385;17.513;2.5075;542.63
ENVI;5;4;9.207;42;-20;19.842;13.6009;35.5876;2.753;0.4975;15.912;2.5071;542.81
ENVI;5;4;9.207;42;-21;20.834;13.5942;35.5874;2.6701;0.4621;14.216;2.5062;544.46
ENVI;5;4;9.207;42;-22;21.826;13.5936;35.587;2.5857;0.4434;12.199;2.5047;542.87
ENVI;5;4;9.207;42;-23;22.818;13.5958;35.5869;2.5781;0.4128;10.638;2.5024;543.11
ENVI;5;4;9.207;42;-24;23.81;13.5921;35.5868;2.5968;0.4407;9.9267;2.5018;542.92
ENVI;5;4;9.207;42;-25;24.802;13.5885;35.5867;2.5943;0.4324;9.1389;2.5014;542.64
ENVI;5;4;9.207;42;-26;25.794;13.5805;35.5866;2.5983;0.441;7.9983;2.5004;544.11
ENVI;5;4;9.207;42;-27;26.786;13.5707;35.5867;2.574;0.4492;7.1292;2.4986;542.97
ENVI;5;4;9.207;42;-28;27.778;13.5652;35.587;2.4367;0.4315;6.7813;2.4973;542.63
ENVI;5;4;9.207;42;-29;28.77;13.5607;35.5874;2.6252;0.4259;6.1515;2.4966;542.47
ENVI;5;4;9.207;42;-30;29.762;13.5593;35.5873;2.7206;0.5309;5.5076;2.4958;541.11
ENVI;5;4;9.207;42;-31;30.754;13.5576;35.5872;2.4557;0.3648;4.4673;2.4917;541.21
ENVI;5;4;9.207;42;-32;31.746;13.5519;35.5879;2.7846;0.4368;4.5064;2.4909;538.65
ENVI;5;4;9.207;42;-33;32.738;13.5508;35.5881;2.7072;0.4332;4.1567;2.4897;539.09
ENVI;5;4;9.207;42;-34;33.73;13.5462;35.5887;2.5155;0.4363;3.7954;2.4879;540.59
ENVI;5;4;9.207;42;-35;34.722;13.5457;35.5889;2.5475;0.4741;3.2708;2.4849;539.92
ENVI;5;4;9.207;42;-36;35.714;13.5439;35.5896;2.4076;0.3921;2.8818;2.4805;538.51
ENVI;5;4;9.207;42;-37;36.706;13.5424;35.591;2.4341;0.4194;2.6025;2.4783;538.65
ENVI;5;4;9.207;42;-38;37.698;13.5404;35.5921;2.297;0.4124;2.2066;2.4707;540.13
ENVI;5;4;9.207;42;-39;38.69;13.5403;35.5938;2.4434;0.3959;2.1253;2.4664;538.67
ENVI;5;4;9.207;42;-40;39.682;13.5404;35.5943;2.3589;0.438;1.9343;2.4655;538.65
ENVI;5;4;9.207;42;-41;40.674;13.5401;35.5956;2.3198;0.4425;1.7879;2.4643;538.65
ENVI;5;4;9.207;42;-42;41.666;13.5402;35.5963;2.274;0.45;1.6506;2.4633;538.65
ENVI;5;4;9.207;42;-43;42.658;13.5399;35.5975;2.1866;0.4152;1.4304;2.4572;539.05
ENVI;5;4;9.207;42;-44;43.65;13.5379;35.5999;1.9384;0.3875;1.2878;2.451;538.67
ENVI;5;4;9.207;42;-45;44.642;13.5246;35.6054;1.882;0.4151;1.177;2.4511;539.87
ENVI;5;4;9.207;42;-46;45.634;13.5195;35.6055;1.8003;0.4445;1.0588;2.4489;540.64
ENVI;5;4;9.207;42;-47;46.625;13.5136;35.6054;1.7217;0.468;0.97201;2.4445;540.71
ENVI;5;4;9.207;42;-48;47.617;13.5079;35.6046;1.5864;0.4312;0.86191;2.4368;538.04
ENVI;5;4;9.207;42;-49;48.609;13.4905;35.6038;1.5855;0.4497;0.82253;2.4326;536.61
ENVI;5;4;9.207;42;-50;49.601;13.4683;35.6066;1.4978;0.4974;0.78604;2.4312;538.64
ENVI;5;4;9.207;42;-51;50.593;13.4731;35.6099;1.443;0.5196;0.72007;2.4289;539.95
ENVI;5;4;9.207;42;-52;51.585;13.4765;35.6106;1.2751;0.408;0.5813;2.4204;542.04
ENVI;5;4;9.207;42;-53;52.577;13.4836;35.6138;1.2671;0.4329;0.52374;2.4181;540.62
ENVI;5;4;9.207;42;-54;53.569;13.4963;35.6191;1.3222;0.451;0.4995;2.418;540.65
ENVI;5;4;9.207;42;-55;54.561;13.5494;35.6384;1.2983;0.4557;0.47589;2.4177;540.27
ENVI;5;4;9.207;42;-56;55.552;13.5667;35.6484;1.0252;0.3886;0.45306;2.4178;539.08
ENVI;5;4;9.207;42;-57;56.544;13.551;35.6516;0.9346;0.354;0.43185;2.4166;538.66
ENVI;5;4;9.207;42;-58;57.536;13.5433;35.6555;0.9195;0.3591;0.40377;2.4132;538.65
ENVI;5;4;9.207;42;-59;58.528;13.5461;35.6576;0.746;0.3001;0.33952;2.4039;542.11
ENVI;5;4;9.207;42;-60;59.52;13.547;35.6584;0.7798;0.2893;0.28671;2.4032;540.63
ENVI;5;4;9.207;42;-61;60.512;13.5489;35.6596;0.761;0.3116;0.27855;2.4026;540.65
ENVI;5;4;9.207;42;-62;61.504;13.5525;35.6614;0.7562;0.3108;0.26874;2.4015;540.65
ENVI;5;4;9.207;42;-63;62.495;13.5589;35.6638;0.7586;0.2983;0.25526;2.4002;540.52
ENVI;5;4;9.207;42;-64;63.487;13.5709;35.6697;0.7283;0.3067;0.23922;2.3994;539.51
ENVI;5;4;9.207;42;-65;64.479;13.5802;35.6742;0.6248;0.3143;0.20954;2.391;540.85
ENVI;5;4;9.207;42;-66;65.471;13.5874;35.6823;0.5183;0.2886;0.16969;2.3809;540.82
ENVI;5;4;9.207;42;-67;66.463;13.5687;35.6855;0.4286;0.3161;0.15593;2.3802;540.9
ENVI;5;4;9.207;42;-68;67.455;13.5579;35.6854;0.3933;0.3329;0.1458;2.3786;542.49
ENVI;5;4;9.207;42;-69;68.447;13.5465;35.6849;0.4174;0.3294;0.14142;2.3755;540.81
ENVI;5;4;9.207;42;-70;69.438;13.5317;35.6844;0.4344;0.3758;0.13375;2.3725;539.42
ENVI;5;4;9.207;42;-71;70.43;13.5184;35.6828;0.5147;0.3653;0.12537;2.3702;536.61
ENVI;5;4;9.207;42;-72;71.422;13.5101;35.6816;0.4723;0.3233;0.12;2.3714;537.51
ENVI;5;4;9.207;42;-73;72.414;13.5013;35.6803;0.5454;0.3496;0.095258;2.3782;540.99
ENVI;5;4;9.207;42;-74;73.406;13.5003;35.6811;0.5523;0.3674;0.081817;2.3815;538.61
ENVI;5;4;9.207;42;-75;74.397;13.4954;35.6807;0.5642;0.3427;0.075665;2.3808;536.98
ENVI;5;4;9.207;42;-76;75.389;13.4914;35.6802;0.5714;0.335;0.068064;2.3795;537.5
ENVI;5;4;9.207;42;-77;76.381;13.4861;35.6797;0.5409;0.3353;0.063715;2.3784;537.01
ENVI;5;4;9.207;42;-78;77.373;13.482;35.6794;0.5482;0.3596;0.060995;2.3776;536.67
ENVI;5;4;9.207;42;-79;78.364;13.4813;35.6793;0.5536;0.3847;0.063294;2.377;535.42
ENVI;5;4;9.207;42;-80;79.356;13.4806;35.6786;0.5695;0.3434;0.045579;2.3773;538.95
ENVI;5;4;9.207;42;-81;80.348;13.4804;35.6787;0.5821;0.369;0.03133;2.3768;538.64
ENVI;5;4;9.207;42;-82;81.34;13.4793;35.6788;0.586;0.3608;0.027491;2.3762;538.65
ENVI;5;4;9.207;42;-83;82.331;13.4781;35.679;0.5526;0.3734;0.025586;2.376;538.65
ENVI;5;4;9.207;42;-84;83.323;13.478;35.679;0.5512;0.3735;0.021907;2.3753;538.21
ENVI;5;4;9.207;42;-85;84.315;13.4779;35.6788;0.5506;0.3694;0.019664;2.375;536.06
ENVI;5;4;9.207;42;-86;85.307;13.4779;35.6788;0.5505;0.358;0.01541;2.3748;534.68
ENVI;5;4;9.207;42;-87;86.298;13.4782;35.6787;0.5364;0.3402;0.0067144;2.375;538
ENVI;5;4;9.207;42;-88;87.29;13.4782;35.6792;0.5039;0.3227;0.0018895;2.3747;539.23
ENVI;5;4;9.207;42;-89;88.282;13.4722;35.6807;0.5376;0.3492;0.00025718;2.3746;537.74
ENVI;5;4;9.207;42;-90;89.274;13.4655;35.682;0.5417;0.3666;2.23E-07;2.3745;536.66
ENVI;5;4;9.207;42;-91;90.265;13.4648;35.6824;0.5359;0.375;1.00E-12;2.3744;534.88
ENVI;5;4;9.207;42;-92;91.257;13.464;35.6829;0.4557;0.3521;1.00E-12;2.3733;534.66
ENVI;5;4;9.207;42;-93;92.249;13.4634;35.683;0.4423;0.332;1.00E-12;2.3696;536.89
ENVI;5;4;9.207;42;-94;93.24;13.4633;35.6831;0.4388;0.3223;1.00E-12;2.3682;537.57
ENVI;5;4;9.207;42;-95;94.232;13.4629;35.6833;0.4006;0.3161;1.00E-12;2.3678;538.87
ENVI;5;4;9.207;42;-96;95.224;13.4631;35.6838;0.3943;0.3033;1.00E-12;2.3668;538.5
ENVI;5;4;9.207;42;-97;96.215;13.4634;35.684;0.3989;0.3112;1.00E-12;2.367;536.72
ENVI;5;4;9.207;42;-98;97.207;13.4638;35.6841;0.4059;0.3137;1.00E-12;2.3668;536.66
ENVI;5;4;9.207;42;-99;98.199;13.4645;35.6843;0.401;0.3106;1.00E-12;2.3665;536.66
ENVI;5;4;9.207;42;-100;99.19;13.4646;35.6844;0.384;0.3231;1.00E-12;2.3659;536.19
ENVI;5;4;9.207;42;-101;100.182;13.4644;35.6844;0.372;0.2962;1.00E-12;2.3644;539.81
ENVI;5;4;9.207;42;-102;101.174;13.464;35.6846;0.4187;0.3148;1.00E-12;2.3647;538.64
ENVI;5;4;9.207;42;-103;102.165;13.4639;35.6845;0.4182;0.3144;1.00E-12;2.3646;537.77
ENVI;5;4;9.207;42;-104;103.157;13.4642;35.6847;0.3839;0.2872;1.00E-12;2.3641;538.63
ENVI;5;4;9.207;42;-105;104.149;13.4648;35.685;0.3658;0.3072;1.00E-12;2.3639;540.46
ENVI;5;4;9.207;42;-106;105.14;13.4539;35.6857;0.3411;0.3152;1.00E-12;2.3631;541.17
ENVI;5;4;9.207;42;-107;106.132;13.447;35.6869;0.3139;0.2681;1.00E-12;2.3625;540.65
ENVI;5;4;9.207;42;-108;107.123;13.4449;35.6888;0.2904;0.2558;1.00E-12;2.3616;538.96
ENVI;5;4;9.207;42;-109;108.115;13.4446;35.6908;0.2515;0.2234;1.00E-12;2.3614;538.64
ENVI;5;4;9.207;42;-110;109.107;13.4478;35.694;0.2342;0.276;1.00E-12;2.3616;538.96
ENVI;5;4;9.207;42;-111;110.098;13.4511;35.6959;0.2352;0.2115;1.00E-12;2.3616;540.67
ENVI;5;4;9.207;42;-112;111.09;13.457;35.6989;0.2433;0.2078;1.00E-12;2.3607;540.65
ENVI;5;4;9.207;42;-113;112.082;13.4608;35.7036;0.2485;0.2229;1.00E-12;2.3586;540.65
ENVI;5;4;9.207;42;-114;113.073;13.4561;35.7078;0.233;0.2358;1.00E-12;2.3551;540.65
ENVI;5;4;9.207;42;-115;114.065;13.4563;35.7119;0.1932;0.2351;1.00E-12;2.3485;540.94
ENVI;5;4;9.207;42;-116;115.056;13.4522;35.716;0.1484;0.2238;1.00E-12;2.3364;542.61
ENVI;5;4;9.207;42;-117;116.048;13.4608;35.7218;0.153;0.2219;1.00E-12;2.3277;541.56
ENVI;5;4;9.207;42;-118;117.04;13.4724;35.7305;0.1417;0.2404;1.00E-12;2.3232;540.73
ENVI;5;4;9.207;42;-119;118.031;13.4709;35.7402;0.1154;0.3007;1.00E-12;2.3189;540.65
ENVI;5;4;9.207;42;-120;119.023;13.4507;35.7545;0.0958;0.3471;1.00E-12;2.3137;540.65
ENVI;5;4;9.207;42;-121;120.014;13.4137;35.7644;0.0638;0.2489;1.00E-12;2.3069;540.65
ENVI;5;4;9.207;42;-122;121.006;13.3716;35.7669;0.0494;0.327;1.00E-12;2.2977;540.65
ENVI;5;4;9.207;42;-123;121.997;13.3503;35.7674;0.0385;0.3729;1.00E-12;2.2856;540.65
ENVI;5;4;9.207;42;-124;122.989;13.3213;35.7659;-0.0067;0.4328;1.00E-12;2.2716;540.65
ENVI;5;4;9.207;42;-125;123.98;13.2921;35.7654;-0.0041;0.4543;1.00E-12;2.2573;540.65
ENVI;5;4;9.207;42;-126;124.972;13.2835;35.765;0.0069;0.4878;1.00E-12;2.241;540.74
ENVI;5;4;9.207;42;-127;125.964;13.2719;35.764;-0.0013;0.4718;1.00E-12;2.222;541.8
ENVI;5;4;9.207;42;-128;126.955;13.2562;35.7624;-0.0409;0.4148;1.00E-12;2.1916;543.42
ENVI;5;4;9.207;42;-129;127.947;13.247;35.7622;-0.0202;0.4586;1.00E-12;2.188;540.14
ENVI;5;4;9.207;42;-130;128.938;13.2126;35.7615;-0.0214;0.54;1.00E-12;2.1867;539.69
ENVI;5;4;9.207;42;-131;129.93;13.1862;35.7621;-0.0207;0.5919;1.00E-12;2.1847;540.65
ENVI;5;4;9.207;42;-132;130.921;13.164;35.7647;-0.0291;0.5843;1.00E-12;2.1821;541.4
ENVI;5;4;9.207;42;-133;131.913;13.1483;35.7659;-0.0345;0.5834;1.00E-12;2.1799;542.67
ENVI;5;4;9.207;42;-134;132.904;13.1256;35.7672;-0.0451;0.6051;1.00E-12;2.1768;542.64
ENVI;5;4;9.207;42;-135;133.896;13.0866;35.7656;-0.0523;0.5821;1.00E-12;2.1728;542.17
ENVI;5;4;9.207;42;-136;134.887;13.0561;35.7638;-0.0537;0.5717;1.00E-12;2.1676;540.67
ENVI;5;4;9.207;42;-137;135.879;13.0372;35.7624;-0.0451;0.5927;1.00E-12;2.1627;540.52
ENVI;5;4;9.207;42;-138;136.87;13.0313;35.7639;-0.0435;0.6162;1.00E-12;2.1586;539.32
ENVI;5;4;9.207;42;-139;137.861;13.0375;35.7658;-0.0444;0.6461;1.00E-12;2.1545;538.67
ENVI;5;4;9.207;42;-140;138.853;13.0356;35.7666;-0.0533;0.5292;1.00E-12;2.15;539.59
ENVI;5;4;9.207;42;-141;139.845;13.015;35.7657;-0.0599;0.3999;1.00E-12;2.1422;541.89
ENVI;5;4;9.207;42;-142;140.836;12.9991;35.7634;-0.0529;0.4381;1.00E-12;2.1404;538.15
ENVI;5;4;9.207;42;-143;141.827;12.9644;35.7638;-0.0539;0.4575;1.00E-12;2.1392;538.99
ENVI;5;4;9.207;42;-144;142.819;12.9542;35.7631;-0.0645;0.4433;1.00E-12;2.1376;540.67
ENVI;5;4;9.207;42;-145;143.81;12.9391;35.7619;-0.0786;0.4208;1.00E-12;2.1366;541.92
ENVI;5;4;9.207;42;-146;144.802;12.9039;35.758;-0.0774;0.3761;1.00E-12;2.1355;542.51
ENVI;5;4;9.207;42;-147;145.793;12.8672;35.7541;-0.0746;0.3782;1.00E-12;2.1339;541.09
ENVI;5;4;9.207;42;-148;146.785;12.8147;35.7477;-0.0507;0.4009;1.00E-12;2.1293;539.47
ENVI;5;4;9.207;42;-149;147.776;12.7981;35.7451;-0.0749;0.4012;1.00E-12;2.1248;540.49
ENVI;5;4;9.207;42;-150;148.767;12.7553;35.7416;-0.065;0.4375;1.00E-12;2.1227;540.65
ENVI;5;4;9.207;42;-151;149.759;12.7267;35.7387;-0.0698;0.4579;1.00E-12;2.1216;541.46
ENVI;5;4;9.207;42;-152;150.75;12.6805;35.7349;-0.0713;0.4437;1.00E-12;2.1188;542.96
ENVI;5;4;9.207;42;-153;151.742;12.5989;35.728;-0.0646;0.405;1.00E-12;2.1142;542.42
ENVI;5;4;9.207;42;-154;152.733;12.5547;35.7249;-0.0252;0.5012;1.00E-12;2.1114;541.91
ENVI;5;4;9.207;42;-155;153.724;12.5363;35.7227;-0.05;0.5722;1.00E-12;2.1087;542.62
ENVI;5;4;9.207;42;-156;154.716;12.5267;35.7197;-0.058;0.5492;1.00E-12;2.0976;542.3
ENVI;5;4;9.207;42;-157;155.708;12.5121;35.7173;-0.0618;0.623;1.00E-12;2.0941;543.38
ENVI;5;41;9.308;42;-3;2.977;13.9438;35.5592;3.7691;0.4802;214.35;2.5444;857.54
ENVI;5;41;9.308;42;-4;3.968;13.9437;35.5599;3.4885;0.4752;171.62;2.5409;888.15
ENVI;5;41;9.308;42;-5;4.961;13.9411;35.56;4.087;0.4915;151.59;2.5386;926.72
ENVI;5;41;9.308;42;-6;5.953;13.9419;35.5601;3.8942;0.5169;128.71;2.5371;930.31
ENVI;5;41;9.308;42;-7;6.945;13.9424;35.56;4.1408;0.5155;96.355;2.5365;948.41
ENVI;5;41;9.308;42;-8;7.937;13.9406;35.5603;4.0013;0.5088;84.632;2.5373;970.55
ENVI;5;41;9.308;42;-9;8.929;13.9418;35.5603;4.0351;0.5603;73.989;2.5373;977.05
ENVI;5;41;9.308;42;-10;9.921;13.942;35.5603;3.9199;0.5324;63.061;2.5366;983.24
ENVI;5;41;9.308;42;-11;10.913;13.9415;35.5603;3.922;0.5421;53.941;2.5348;990.71
ENVI;5;41;9.308;42;-12;11.905;13.9355;35.5598;3.8521;0.5033;46.366;2.5338;1017.8
ENVI;5;41;9.308;42;-13;12.897;13.929;35.5594;3.9004;0.4472;40.501;2.5313;1117.2
ENVI;5;41;9.308;42;-14;13.89;13.923;35.5589;3.713;0.4766;32.337;2.5275;1234.9
ENVI;5;41;9.308;42;-15;14.882;13.9226;35.5595;3.5099;0.4615;27.777;2.522;1338.1
ENVI;5;41;9.308;42;-16;15.874;13.923;35.5598;3.5704;0.5251;25.189;2.5201;1347.8
ENVI;5;41;9.308;42;-17;16.866;13.9224;35.5596;3.8339;0.5318;22.828;2.5183;1347.3
ENVI;5;41;9.308;42;-18;17.858;13.9214;35.5601;3.6958;0.5392;20.717;2.5167;1334.7
ENVI;5;41;9.308;42;-19;18.85;13.9224;35.5609;3.1299;0.4708;18.51;2.5148;1222.8
ENVI;5;41;9.308;42;-20;19.842;13.9269;35.5638;3.0038;0.4573;16.653;2.5112;1373.4
ENVI;5;41;9.308;42;-21;20.834;13.9331;35.5703;2.7908;0.4106;14.486;2.4978;1346.7
ENVI;5;41;9.308;42;-22;21.826;13.9349;35.5764;2.6702;0.4142;13.572;2.4844;1257.9
ENVI;5;41;9.308;42;-23;22.818;13.9373;35.581;2.617;0.433;12.172;2.4839;1214.4
ENVI;5;41;9.308;42;-24;23.81;13.9373;35.583;2.5355;0.4469;10.701;2.4822;1119.7
ENVI;5;41;9.308;42;-25;24.802;13.9362;35.5852;2.4748;0.4547;9.3645;2.48;1035.6
ENVI;5;41;9.308;42;-26;25.794;13.9355;35.5891;2.3461;0.4282;8.9231;2.4769;1090
ENVI;5;41;9.308;42;-27;26.786;13.9324;35.594;2.4162;0.3977;7.7679;2.4711;982.2
ENVI;5;41;9.308;42;-28;27.778;13.9187;35.5939;2.4328;0.4101;7.2424;2.4695;965.87
ENVI;5;41;9.308;42;-29;28.77;13.9151;35.593;2.4623;0.4452;6.6687;2.4712;946.55
ENVI;5;41;9.308;42;-30;29.762;13.9064;35.5917;2.5881;0.46;5.9759;2.4712;963.11
ENVI;5;41;9.308;42;-31;30.754;13.9055;35.5916;2.6773;0.4654;5.3055;2.4708;959.18
ENVI;5;41;9.308;42;-32;31.746;13.9002;35.5902;2.8278;0.4338;4.4408;2.4771;938.19
ENVI;5;41;9.308;42;-33;32.738;13.8839;35.5875;2.8225;0.4357;3.9798;2.4808;922.22
ENVI;5;41;9.308;42;-34;33.73;13.8881;35.5886;2.7484;0.4695;3.6285;2.482;914.86
ENVI;5;41;9.308;42;-35;34.722;13.8858;35.588;2.8087;0.4647;3.2667;2.4859;906.91
ENVI;5;41;9.308;42;-36;35.714;13.8675;35.5864;2.6909;0.4346;2.8233;2.4885;896.23
ENVI;5;41;9.308;42;-37;36.706;13.8715;35.5905;2.6548;0.4488;2.6115;2.4914;892.69
ENVI;5;41;9.308;42;-38;37.698;13.8762;35.5937;2.7014;0.5029;2.3985;2.4941;890.87
ENVI;5;41;9.308;42;-39;38.69;13.8852;35.5967;2.7377;0.4641;2.1836;2.4944;888.2
ENVI;5;41;9.308;42;-40;39.682;13.8869;35.5975;2.7365;0.4581;1.9644;2.4919;884.7
ENVI;5;41;9.308;42;-41;40.674;13.8896;35.5987;2.6283;0.4198;1.6359;2.4814;874.32
ENVI;5;41;9.308;42;-42;41.666;13.9116;35.6111;2.755;0.4172;1.3839;2.4721;862.87
ENVI;5;41;9.308;42;-43;42.658;13.9219;35.6183;2.561;0.4737;1.3267;2.4705;864.6
ENVI;5;41;9.308;42;-44;43.65;13.9389;35.6314;2.314;0.4587;1.2172;2.4691;863.83
ENVI;5;41;9.308;42;-45;44.642;13.9431;35.6343;2.1472;0.4529;1.1012;2.4673;862.87
ENVI;5;41;9.308;42;-46;45.634;13.9439;35.6349;1.8994;0.4625;0.98191;2.464;861.86
ENVI;5;41;9.308;42;-47;46.625;13.9445;35.6355;1.9468;0.4481;0.85704;2.4596;860.2
ENVI;5;41;9.308;42;-48;47.617;13.9446;35.6352;1.9962;0.4372;0.74211;2.454;860.09
ENVI;5;41;9.308;42;-49;48.609;13.9442;35.6362;1.9281;0.4239;0.73123;2.4436;859.3
ENVI;5;41;9.308;42;-50;49.601;13.9443;35.6372;1.9957;0.4388;0.6247;2.4399;857.1
ENVI;5;41;9.308;42;-51;50.593;13.9431;35.64;1.8489;0.4396;0.592;2.4386;857.87
ENVI;5;41;9.308;42;-52;51.585;13.9425;35.6436;2.1436;0.4638;0.55564;2.4372;857.09
ENVI;5;41;9.308;42;-53;52.577;13.9418;35.6459;1.8829;0.4485;0.51887;2.4355;855.56
ENVI;5;41;9.308;42;-54;53.569;13.939;35.6482;1.7347;0.4492;0.47905;2.4341;853.89
ENVI;5;41;9.308;42;-55;54.561;13.9333;35.6488;1.7364;0.4436;0.4348;2.432;854.35
ENVI;5;41;9.308;42;-56;55.552;13.932;35.6498;1.7704;0.4332;0.33852;2.4254;853.7
ENVI;5;41;9.308;42;-57;56.544;13.9264;35.6532;1.7188;0.4276;0.30217;2.4244;854.01
ENVI;5;41;9.308;42;-58;57.536;13.9058;35.6617;1.687;0.4021;0.27242;2.4239;855.78
ENVI;5;41;9.308;42;-59;58.528;13.9007;35.6662;1.5049;0.3975;0.24329;2.4225;855.22
ENVI;5;41;9.308;42;-60;59.52;13.9038;35.664;1.4898;0.3976;0.22849;2.4207;854.96
ENVI;5;41;9.308;42;-61;60.512;13.8998;35.6662;1.4815;0.3809;0.22298;2.418;853.9
ENVI;5;41;9.308;42;-62;61.504;13.8756;35.6779;1.4416;0.3636;0.20792;2.4157;854.08
ENVI;5;41;9.308;42;-63;62.496;13.8568;35.6769;1.267;0.3191;0.18052;2.4074;852
ENVI;5;41;9.308;42;-64;63.487;13.8674;35.6807;1.2536;0.353;0.15195;2.4061;849.45
ENVI;5;41;9.308;42;-65;64.479;13.8767;35.6842;1.2555;0.3383;0.12642;2.4042;854.37
ENVI;5;41;9.308;42;-66;65.471;13.8962;35.6911;1.1336;0.2996;0.12009;2.4028;855.9
ENVI;5;41;9.308;42;-67;66.463;13.8957;35.6919;1.0465;0.3403;0.10894;2.4026;855.75
ENVI;5;41;9.308;42;-68;67.455;13.9042;35.6969;1.0192;0.36;0.093358;2.4015;854.46
ENVI;5;41;9.308;42;-69;68.446;13.9169;35.7044;0.9918;0.3648;0.080445;2.4003;853.88
ENVI;5;41;9.308;42;-70;69.438;13.8635;35.6953;0.9036;0.4234;0.080864;2.3988;852.64
ENVI;5;41;9.308;42;-71;70.43;13.8075;35.6846;1.2529;0.3113;0.077721;2.3929;855.26
ENVI;5;41;9.308;42;-72;71.422;13.7146;35.6704;1.0579;0.3281;0.058685;2.3927;855.01
ENVI;5;41;9.308;42;-73;72.414;13.6698;35.6645;0.9881;0.3028;0.047121;2.4009;860.33
ENVI;5;41;9.308;42;-74;73.406;13.6523;35.6651;0.9013;0.3368;0.041801;2.4009;857.92
ENVI;5;41;9.308;42;-75;74.397;13.6445;35.6636;0.9201;0.3529;0.035121;2.4005;857.85
ENVI;5;41;9.308;42;-76;75.389;13.6437;35.663;0.9462;0.3686;0.032584;2.4;857.86
ENVI;5;41;9.308;42;-77;76.381;13.6437;35.6627;0.9023;0.381;0.032509;2.3986;858.95
ENVI;5;41;9.308;42;-78;77.373;13.6437;35.6622;1.1675;0.3611;0.03441;2.3983;859.46
ENVI;5;41;9.308;42;-79;78.364;13.6449;35.6622;0.9367;0.3351;0.029402;2.3982;858.84
ENVI;5;41;9.308;42;-80;79.356;13.6457;35.6617;0.9201;0.3281;0.011252;2.3986;861.36
ENVI;5;41;9.308;42;-81;80.348;13.6443;35.6615;0.9453;0.3439;0.00065449;2.3986;862.59
ENVI;5;41;9.308;42;-82;81.34;13.6446;35.6615;0.8834;0.3352;0.00052954;2.3979;865.17
ENVI;5;41;9.308;42;-83;82.331;13.6444;35.6615;0.835;0.3242;0.00072048;2.3973;868.01
ENVI;5;41;9.308;42;-84;83.323;13.6454;35.6615;0.9145;0.3344;0.00055368;2.3966;869.06
ENVI;5;41;9.308;42;-85;84.315;13.6431;35.6612;0.9001;0.3416;2.05E-07;2.3969;868.72
ENVI;5;41;9.308;42;-86;85.307;13.645;35.6615;0.8985;0.3471;1.00E-12;2.3968;868.55
ENVI;5;41;9.308;42;-87;86.298;13.6317;35.6593;0.8996;0.3259;1.00E-12;2.3968;868.58
ENVI;5;41;9.308;42;-88;87.29;13.5812;35.6524;0.9575;0.3337;1.00E-12;2.3973;874.02
ENVI;5;41;9.308;42;-89;88.282;13.5527;35.6489;0.9697;0.3491;1.00E-12;2.3975;875.37
ENVI;5;41;9.308;42;-90;89.273;13.5427;35.6506;0.9283;0.3482;1.00E-12;2.3977;875.82
ENVI;5;41;9.308;42;-91;90.265;13.5369;35.6501;0.8696;0.3769;1.00E-12;2.3972;875.81
ENVI;5;41;9.308;42;-92;91.257;13.5321;35.6495;0.9;0.3853;1.00E-12;2.396;875.81
ENVI;5;41;9.308;42;-93;92.249;13.525;35.6492;0.857;0.3928;1.00E-12;2.3938;875.81
ENVI;5;41;9.308;42;-94;93.24;13.5212;35.6488;0.81;0.3863;1.00E-12;2.3912;876.7
ENVI;5;41;9.308;42;-95;94.232;13.5137;35.6481;0.8283;0.3818;1.00E-12;2.3876;880.13
ENVI;5;41;9.308;42;-96;95.224;13.5028;35.6463;0.8109;0.4121;1.00E-12;2.387;881.25
ENVI;5;41;9.308;42;-97;96.215;13.4842;35.643;0.8331;0.421;1.00E-12;2.386;883.54
ENVI;5;41;9.308;42;-98;97.207;13.455;35.6379;0.8747;0.4209;1.00E-12;2.3843;885.61
ENVI;5;41;9.308;42;-99;98.199;13.4406;35.6357;0.9753;0.4367;1.00E-12;2.3838;885.22
ENVI;5;41;9.308;42;-100;99.19;13.4536;35.6409;0.9307;0.4343;1.00E-12;2.3857;884.49
ENVI;5;41;9.308;42;-101;100.182;13.4712;35.6479;0.9217;0.4564;1.00E-12;2.3867;886.09
ENVI;5;41;9.308;42;-102;101.174;13.4802;35.6512;0.8703;0.4765;1.00E-12;2.386;887.41
ENVI;5;41;9.308;42;-103;102.165;13.4845;35.6532;0.8406;0.4425;1.00E-12;2.384;885.69
ENVI;5;41;9.308;42;-104;103.157;13.4851;35.6534;0.8292;0.4542;1.00E-12;2.3817;886.85
ENVI;5;41;9.308;42;-105;104.149;13.4861;35.6539;0.8285;0.4324;1.00E-12;2.3799;890.09
ENVI;5;41;9.308;42;-106;105.14;13.487;35.6544;0.8201;0.4399;1.00E-12;2.379;890.71
ENVI;5;41;9.308;42;-107;106.132;13.4886;35.6553;0.8066;0.4378;1.00E-12;2.3782;890.98
ENVI;5;41;9.308;42;-108;107.123;13.4952;35.6599;0.7881;0.4605;1.00E-12;2.3771;889.75
ENVI;5;41;9.308;42;-109;108.115;13.4968;35.661;0.7666;0.4767;1.00E-12;2.3767;889.78
ENVI;5;41;9.308;42;-110;109.107;13.4981;35.6625;0.7829;0.4699;1.00E-12;2.3762;889.78
ENVI;5;41;9.308;42;-111;110.098;13.4976;35.6637;0.7556;0.4974;1.00E-12;2.3745;889.78
ENVI;5;41;9.308;42;-112;111.09;13.4974;35.664;0.731;0.5336;1.00E-12;2.3729;889.78
ENVI;5;41;9.308;42;-113;112.082;13.4981;35.6647;0.7334;0.4814;1.00E-12;2.3715;891.29
ENVI;5;41;9.308;42;-114;113.073;13.4968;35.6653;0.7217;0.4712;1.00E-12;2.3701;892.03
ENVI;5;41;9.308;42;-115;114.065;13.4951;35.6658;0.6873;0.4714;1.00E-12;2.3688;893.78
ENVI;5;41;9.308;42;-116;115.056;13.4943;35.666;0.6582;0.4704;1.00E-12;2.3679;894.68
ENVI;5;41;9.308;42;-117;116.048;13.4927;35.666;0.6372;0.4535;1.00E-12;2.3666;895.26
ENVI;5;41;9.308;42;-118;117.04;13.4915;35.6663;0.7211;0.4519;1.00E-12;2.3657;893.86
ENVI;5;41;9.308;42;-119;118.031;13.492;35.6676;0.7724;0.4468;1.00E-12;2.3656;894.71
ENVI;5;41;9.308;42;-120;119.023;13.4931;35.6695;0.673;0.463;1.00E-12;2.3653;894.55
ENVI;5;41;9.308;42;-121;120.014;13.4954;35.6718;0.6416;0.47;1.00E-12;2.3648;894.86
ENVI;5;41;9.308;42;-122;121.006;13.4935;35.6716;0.6265;0.4824;1.00E-12;2.3628;896.78
ENVI;5;41;9.308;42;-123;121.997;13.4922;35.6716;0.6498;0.4682;1.00E-12;2.3602;897.91
ENVI;5;41;9.308;42;-124;122.989;13.4919;35.6714;0.6203;0.4445;1.00E-12;2.3584;897.84
ENVI;5;41;9.308;42;-125;123.981;13.4913;35.6716;0.6215;0.4588;1.00E-12;2.3568;897.76
ENVI;5;41;9.308;42;-126;124.972;13.4911;35.6729;0.6164;0.4636;1.00E-12;2.3559;898.04
ENVI;5;41;9.308;42;-127;125.964;13.4918;35.6752;0.5962;0.4677;1.00E-12;2.355;899.29
ENVI;5;41;9.308;42;-128;126.955;13.4965;35.6796;0.5577;0.4646;1.00E-12;2.3545;899.75
ENVI;5;41;9.308;42;-129;127.947;13.4987;35.6809;0.5346;0.4629;1.00E-12;2.3541;899.75
ENVI;5;41;9.308;42;-130;128.938;13.4897;35.6822;0.4661;0.4671;1.00E-12;2.3525;899.75
ENVI;5;41;9.308;42;-131;129.929;13.4754;35.6818;0.4352;0.4704;1.00E-12;2.3506;900.1
ENVI;5;41;9.308;42;-132;130.921;13.4708;35.6815;0.456;0.4065;1.00E-12;2.3483;900.06
ENVI;5;41;9.308;42;-133;131.913;13.4693;35.6815;0.5701;0.4076;1.00E-12;2.3487;901.79
ENVI;5;41;9.308;42;-134;132.904;13.4692;35.682;0.4968;0.3895;1.00E-12;2.351;901.96
ENVI;5;41;9.308;42;-135;133.896;13.4721;35.6835;0.4375;0.3628;1.00E-12;2.3537;901.98
ENVI;5;41;9.308;42;-136;134.887;13.4747;35.6853;0.4229;0.388;1.00E-12;2.3526;903.68
ENVI;5;41;9.308;42;-137;135.879;13.476;35.6874;0.405;0.4088;1.00E-12;2.3521;903.74
ENVI;5;41;9.308;42;-138;136.87;13.4715;35.687;0.4067;0.4005;1.00E-12;2.3509;903.74
ENVI;5;41;9.308;42;-139;137.862;13.4635;35.687;0.3684;0.4156;1.00E-12;2.3491;903.74
ENVI;5;41;9.308;42;-140;138.853;13.458;35.6876;0.3549;0.4186;1.00E-12;2.3463;903.74
ENVI;5;41;9.308;42;-141;139.845;13.4532;35.6883;0.3459;0.382;1.00E-12;2.3442;903.61
ENVI;5;41;9.308;42;-142;140.836;13.4527;35.6892;0.3299;0.3936;1.00E-12;2.3434;903.75
ENVI;5;41;9.308;42;-143;141.827;13.4476;35.6892;0.3194;0.401;1.00E-12;2.3422;904.51
ENVI;5;41;9.308;42;-144;142.819;13.4391;35.689;0.2868;0.3567;1.00E-12;2.3404;905.79
ENVI;5;41;9.308;42;-145;143.81;13.4292;35.6894;0.292;0.3218;1.00E-12;2.3387;906.37
ENVI;5;41;9.308;42;-146;144.802;13.4259;35.6907;0.3044;0.3468;1.00E-12;2.3399;904.51
ENVI;5;41;9.308;42;-147;145.793;13.4239;35.6922;0.2938;0.2828;1.00E-12;2.3406;904.78
ENVI;5;41;9.308;42;-148;146.785;13.4232;35.6947;0.2817;0.297;1.00E-12;2.34;903.67
ENVI;5;41;9.308;42;-149;147.776;13.4219;35.6968;0.2725;0.3047;1.00E-12;2.339;904.24
ENVI;5;41;9.308;42;-150;148.768;13.4175;35.6987;0.2732;0.2852;1.00E-12;2.3375;904.97
ENVI;5;41;9.308;42;-151;149.759;13.4183;35.7018;0.2527;0.3065;1.00E-12;2.3352;905.78
ENVI;5;41;9.308;42;-152;150.75;13.4209;35.7036;0.2409;0.314;1.00E-12;2.3324;906.5
ENVI;5;41;9.308;42;-153;151.742;13.4235;35.7048;0.1978;0.3095;1.00E-12;2.3292;908.05
ENVI;5;41;9.308;42;-154;152.733;13.4261;35.7062;0.2335;0.2972;1.00E-12;2.3254;908.73
ENVI;5;41;9.308;42;-155;153.725;13.4295;35.7086;0.2307;0.2961;1.00E-12;2.3215;909
ENVI;5;41;9.308;42;-156;154.716;13.4681;35.7267;0.2135;0.3128;1.00E-12;2.3186;909.21
ENVI;5;41;9.308;42;-157;155.707;13.4832;35.7341;0.1912;0.3422;1.00E-12;2.3164;909.74
ENVI;5;41;9.308;42;-158;156.699;13.4859;35.7374;0.1511;0.4018;1.00E-12;2.312;911.24
ENVI;5;41;9.308;42;-159;157.69;13.4871;35.7386;0.1095;0.4311;1.00E-12;2.2944;912.03
ENVI;5;41;9.308;42;-160;158.682;13.4949;35.7439;0.0888;0.3927;1.00E-12;2.2724;909.97
ENVI;5;41;9.308;42;-161;159.673;13.5035;35.7493;0.0865;0.4501;1.00E-12;2.2672;909.73
ENVI;5;41;9.308;42;-162;160.664;13.5023;35.7465;0.0784;0.5018;1.00E-12;2.2636;909.73
ENVI;5;41;9.308;42;-163;161.655;13.5017;35.7453;0.0992;0.502;1.00E-12;2.2595;909.73
ENVI;5;41;9.308;42;-164;162.647;13.5013;35.7448;0.099;0.5053;1.00E-12;2.2554;909.73
ENVI;5;41;9.308;42;-165;163.638;13.502;35.7449;0.0906;0.5143;1.00E-12;2.2522;910.2
ENVI;5;41;9.308;42;-166;164.63;13.5074;35.7509;0.0831;0.5438;1.00E-12;2.2501;911.09
ENVI;5;41;9.308;42;-167;165.621;13.5045;35.7744;0.0776;0.6162;1.00E-12;2.2501;912.32
ENVI;5;41;9.308;42;-168;166.613;13.4799;35.782;0.0755;0.7529;1.00E-12;2.2492;913.32
ENVI;5;41;9.308;42;-169;167.604;13.4451;35.7824;0.0015;1.0124;1.00E-12;2.2453;912.38
ENVI;5;41;9.308;42;-170;168.595;13.4241;35.7826;-0.0265;1.0791;1.00E-12;2.2331;911.51
ENVI;5;41;9.308;42;-171;169.586;13.4013;35.7812;-0.0463;1.0318;1.00E-12;2.2133;910.7
ENVI;5;41;9.308;42;-172;170.578;13.3702;35.7791;-0.0337;0.9346;1.00E-12;2.1855;912.08
ENVI;5;41;9.308;42;-173;171.569;13.3417;35.7771;-0.028;0.8248;1.00E-12;2.166;915.91
ENVI;5;41;9.308;42;-174;172.56;13.3216;35.7757;-0.0131;0.8362;1.00E-12;2.1603;914.86
ENVI;5;41;9.308;42;-175;173.552;13.3073;35.7748;0.0005;0.8395;1.00E-12;2.1567;913.64
ENVI;5;41;9.308;42;-176;174.543;13.2737;35.773;-0.0046;0.8456;1.00E-12;2.1545;913.17
ENVI;5;41;9.308;42;-177;175.534;13.2417;35.7709;-0.0258;0.8534;1.00E-12;2.1518;913.72
ENVI;5;41;9.308;42;-178;176.525;13.2253;35.77;-0.0416;0.8436;1.00E-12;2.1496;914.55
ENVI;5;41;9.308;42;-179;177.517;13.2168;35.7688;-0.0266;0.8;1.00E-12;2.147;916.05
ENVI;5;41;9.308;42;-180;178.508;13.191;35.7671;-0.0272;0.7747;1.00E-12;2.1452;917.68
ENVI;5;41;9.308;42;-181;179.499;13.1656;35.7665;-0.0395;0.7622;1.00E-12;2.1436;918.15
ENVI;5;41;9.308;42;-182;180.491;13.1498;35.7664;-0.0469;0.7743;1.00E-12;2.1424;917.22
ENVI;5;41;9.308;42;-183;181.482;13.1272;35.7662;-0.0444;0.8133;1.00E-12;2.1412;914.4
ENVI;5;41;9.308;42;-184;182.473;13.1181;35.7658;-0.0443;0.7546;1.00E-12;2.1398;913.19
ENVI;5;41;9.308;42;-185;183.465;13.1152;35.7655;-0.0442;0.7376;1.00E-12;2.1389;913
ENVI;5;41;9.308;42;-186;184.455;13.1127;35.7652;-0.0294;0.715;1.00E-12;2.1374;914.25
ENVI;5;41;9.308;42;-187;185.447;13.1017;35.7644;-0.0382;0.7086;1.00E-12;2.1356;916.73
ENVI;5;41;9.308;42;-188;186.438;13.0741;35.7621;-0.0539;0.6228;1.00E-12;2.1326;918.98
ENVI;5;41;9.308;42;-189;187.43;13.0534;35.7606;-0.0602;0.6665;1.00E-12;2.131;914.34
ENVI;5;41;9.308;42;-190;188.421;13.0423;35.7597;-0.0327;0.6682;1.00E-12;2.1301;914.12
ENVI;5;41;9.308;42;-191;189.412;13.0116;35.7586;-0.0631;0.518;1.00E-12;2.1273;919.45
ENVI;5;41;9.308;42;-192;190.403;12.9917;35.7585;-0.0545;0.5944;1.00E-12;2.1278;916.31
ENVI;5;41;9.308;42;-193;191.394;12.934;35.7588;-0.0501;0.5555;1.00E-12;2.1265;916.3
ENVI;5;41;9.308;42;-194;192.385;12.9083;35.7576;-0.0512;0.4805;1.00E-12;2.1243;918.31
ENVI;5;41;9.308;42;-195;193.377;12.8724;35.7547;-0.0768;0.41;1.00E-12;2.1225;921.19
ENVI;5;41;9.308;42;-196;194.368;12.8469;35.7515;-0.0633;0.5268;1.00E-12;2.1204;923.29
ENVI;5;41;9.308;42;-197;195.359;12.8088;35.7466;-0.0647;0.3562;1.00E-12;2.115;925.52
ENVI;5;41;9.308;42;-198;196.35;12.7357;35.7404;-0.0622;0.4585;1.00E-12;2.1113;9.25E+02
ENVI;5;41;9.308;42;-199;197.341;12.6913;35.735;-0.0607;0.4326;1.00E-12;2.1065;9.27E+02
ENVI;5;41;9.308;42;-200;198.333;12.6284;35.7289;-0.0615;0.5528;1.00E-12;2.1013;9.26E+02
ENVI;5;5;9.408;42;-4;3.969;13.9322;35.4902;2.9362;0.435;1.91E+02;2.5052;1.29E+03
ENVI;5;5;9.408;42;-5;4.961;13.9451;35.5685;3.5151;0.4483;1.57E+02;2.5646;1.19E+03
ENVI;5;5;9.408;42;-6;5.953;13.939;35.5883;3.4758;0.4541;1.44E+02;2.5665;1.19E+03
ENVI;5;5;9.408;42;-7;6.945;13.9203;35.5888;3.7223;0.4971;1.16E+02;2.565;1.19E+03
ENVI;5;5;9.408;42;-8;7.937;13.9155;35.5887;3.6913;0.496;8.98E+01;2.5656;1.20E+03
ENVI;5;5;9.408;42;-9;8.929;13.9145;35.5892;3.5998;0.4806;7.74E+01;2.5653;1.20E+03
ENVI;5;5;9.408;42;-10;9.921;13.9119;35.5898;3.718;0.5002;7.19E+01;2.5651;1.19E+03
ENVI;5;5;9.408;42;-11;10.913;13.9089;35.5911;4.016;0.5154;6.51E+01;2.5642;1.18E+03
ENVI;5;5;9.408;42;-12;11.905;13.909;35.5923;4.4851;0.5207;5.51E+01;2.5635;1.19E+03
ENVI;5;5;9.408;42;-13;12.898;13.9022;35.5925;4.2952;0.4973;4.28E+01;2.5592;1.20E+03
ENVI;5;5;9.408;42;-14;13.89;13.8937;35.5926;3.7669;0.4675;3.68E+01;2.5549;1.21E+03
ENVI;5;5;9.408;42;-15;14.881;13.8863;35.5929;4.4218;0.5131;3.46E+01;2.5528;1.21E+03
ENVI;5;5;9.408;42;-16;15.874;13.8797;35.5926;4.1442;0.5039;3.07E+01;2.5521;1.21E+03
ENVI;5;5;9.408;42;-17;16.866;13.8787;35.595;4.0399;0.5003;2.70E+01;2.5508;1.21E+03
ENVI;5;5;9.408;42;-18;17.858;13.8773;35.5977;3.999;0.4969;2.39E+01;2.549;1.19E+03
ENVI;5;5;9.408;42;-19;18.85;13.878;35.598;3.7431;0.4676;1.98E+01;2.5415;1.24E+03
ENVI;5;5;9.408;42;-20;19.842;13.8773;35.5972;3.9657;0.4447;1.76E+01;2.5302;1.35E+03
ENVI;5;5;9.408;42;-21;20.834;13.8775;35.5977;3.5646;0.4479;1.67E+01;2.5308;1.48E+03
ENVI;5;5;9.408;42;-22;21.826;13.8787;35.5983;3.6652;0.4589;1.44E+01;2.5304;1.69E+03
ENVI;5;5;9.408;42;-23;22.818;13.8796;35.5984;3.6781;0.4857;1.27E+01;2.5287;1.88E+03
ENVI;5;5;9.408;42;-24;23.81;13.8794;35.5984;3.9181;0.5801;1.21E+01;2.5271;2.32E+03
ENVI;5;5;9.408;42;-25;24.802;13.8818;35.5995;4.1549;0.4838;1.13E+01;2.5263;2.41E+03
ENVI;5;5;9.408;42;-26;25.794;13.8856;35.6018;3.549;0.467;1.08E+01;2.5258;2.51E+03
ENVI;5;5;9.408;42;-27;26.786;13.8861;35.6019;3.3977;0.4541;1.07E+01;2.5233;2.67E+03
ENVI;5;5;9.408;42;-28;27.778;13.8911;35.6045;3.1976;0.4446;1.05E+01;2.5174;2.69E+03
ENVI;5;5;9.408;42;-29;28.77;13.8874;35.6025;3.3109;0.4131;9.89E+00;2.5112;2.72E+03
ENVI;5;5;9.408;42;-30;29.762;13.8952;35.6067;3.2845;0.4455;9.00E+00;2.5149;2.73E+03
ENVI;5;5;9.408;42;-31;30.754;13.8948;35.6095;3.2787;0.5002;8.08E+00;2.5127;2.70E+03
ENVI;5;5;9.408;42;-32;31.746;13.8791;35.6148;2.9406;0.4359;7.36E+00;2.5077;2.71E+03
ENVI;5;5;9.408;42;-33;32.738;13.8755;35.6157;2.812;0.4175;6.70E+00;2.4994;2.74E+03
ENVI;5;5;9.408;42;-34;33.73;13.8737;35.6163;3.0197;0.4341;6.02E+00;2.4945;2.75E+03
ENVI;5;5;9.408;42;-35;34.722;13.8663;35.617;2.8925;0.4314;5.55E+00;2.4898;2.76E+03
ENVI;5;5;9.408;42;-36;35.714;13.8394;35.6182;2.5811;0.3808;5.12E+00;2.483;2.67E+03
ENVI;5;5;9.408;42;-37;36.706;13.8358;35.6181;2.4976;0.3793;4.44E+00;2.4799;2.49E+03
ENVI;5;5;9.408;42;-38;37.698;13.7984;35.6175;2.6947;0.4296;3.91E+00;2.4783;2.28E+03
ENVI;5;5;9.408;42;-39;38.69;13.7401;35.6204;2.3611;0.3855;3.42E+00;2.4741;1.93E+03
ENVI;5;5;9.408;42;-40;39.682;13.7123;35.632;2.2369;0.391;3.04E+00;2.4714;1.89E+03
ENVI;5;5;9.408;42;-41;40.674;13.703;35.6342;2.1424;0.3772;2.69E+00;2.4629;1.83E+03
ENVI;5;5;9.408;42;-42;41.666;13.6968;35.639;1.8004;0.3461;2.52E+00;2.4491;1.78E+03
ENVI;5;5;9.408;42;-43;42.658;13.7015;35.648;1.8546;0.3401;2.31E+00;2.4462;1.80E+03
ENVI;5;5;9.408;42;-44;43.65;13.705;35.6524;1.7602;0.3552;2.12E+00;2.4432;1.80E+03
ENVI;5;5;9.408;42;-45;44.642;13.7;35.6554;1.3419;0.2972;1.94E+00;2.4279;1.72E+03
ENVI;5;5;9.408;42;-46;45.634;13.6997;35.6563;1.3134;0.3341;1.65E+00;2.4236;1.77E+03
ENVI;5;5;9.408;42;-47;46.625;13.6902;35.658;1.3261;0.3369;1.47E+00;2.4205;1.76E+03
ENVI;5;5;9.408;42;-48;47.617;13.6681;35.6585;1.2135;0.3094;1.33E+00;2.4176;1.74E+03
ENVI;5;5;9.408;42;-49;48.609;13.6507;35.6626;1.2623;0.3192;1.19E+00;2.4146;1.64E+03
ENVI;5;5;9.408;42;-50;49.601;13.6491;35.6652;1.2781;0.3407;1.08E+00;2.4124;1.38E+03
ENVI;5;5;9.408;42;-51;50.593;13.6568;35.6745;1.0339;0.3147;9.86E-01;2.4109;1.20E+03
ENVI;5;5;9.408;42;-52;51.585;13.671;35.6828;1.0053;0.3029;8.92E-01;2.4093;1.15E+03
ENVI;5;5;9.408;42;-53;52.577;13.6833;35.6864;0.7548;0.2792;6.67E-01;2.3983;1.09E+03
ENVI;5;5;9.408;42;-54;53.569;13.6888;35.6886;0.6449;0.3043;5.72E-01;2.394;1.05E+03
ENVI;5;5;9.408;42;-55;54.561;13.696;35.691;0.7325;0.3029;5.50E-01;2.3934;1.04E+03
ENVI;5;5;9.408;42;-56;55.552;13.706;35.6943;0.7323;0.2844;5.28E-01;2.3921;1.04E+03
ENVI;5;5;9.408;42;-57;56.544;13.709;35.6957;0.6203;0.2987;5.04E-01;2.3898;1.03E+03
ENVI;5;5;9.408;42;-58;57.536;13.718;35.6992;0.5906;0.2849;4.68E-01;2.3878;1.03E+03
ENVI;5;5;9.408;42;-59;58.528;13.7251;35.7017;0.5279;0.2536;3.98E-01;2.384;1.01E+03
ENVI;5;5;9.408;42;-60;59.52;13.728;35.7034;0.5404;0.2617;3.61E-01;2.3835;9.99E+02
ENVI;5;5;9.408;42;-61;60.512;13.7301;35.7056;0.5379;0.2648;3.46E-01;2.3832;9.95E+02
ENVI;5;5;9.408;42;-62;61.504;13.7132;35.7046;0.5751;0.2655;3.34E-01;2.3819;9.93E+02
ENVI;5;5;9.408;42;-63;62.496;13.6843;35.7007;0.5736;0.2718;3.20E-01;2.3806;9.88E+02
ENVI;5;5;9.408;42;-64;63.487;13.6512;35.6961;0.5548;0.2676;2.96E-01;2.3793;9.85E+02
ENVI;5;5;9.408;42;-65;64.479;13.6368;35.6931;0.5325;0.2703;2.56E-01;2.3807;9.82E+02
ENVI;5;5;9.408;42;-66;65.471;13.6325;35.6922;0.5367;0.2891;2.28E-01;2.3824;9.72E+02
ENVI;5;5;9.408;42;-67;66.463;13.6279;35.6918;0.6092;0.3047;2.13E-01;2.382;9.72E+02
ENVI;5;5;9.408;42;-68;67.455;13.6177;35.6916;0.5714;0.2792;2.04E-01;2.3813;9.74E+02
ENVI;5;5;9.408;42;-69;68.446;13.6154;35.6917;0.5394;0.2785;1.94E-01;2.3818;9.71E+02
ENVI;5;5;9.408;42;-70;69.438;13.6118;35.6917;0.561;0.2818;1.81E-01;2.3819;9.67E+02
ENVI;5;5;9.408;42;-71;70.43;13.608;35.6919;0.505;0.2659;1.66E-01;2.3828;9.68E+02
ENVI;5;5;9.408;42;-72;71.422;13.6094;35.6919;0.4716;0.2509;1.45E-01;2.3838;9.64E+02
ENVI;5;5;9.408;42;-73;72.414;13.5996;35.6914;0.4813;0.2553;1.28E-01;2.3821;9.60E+02
ENVI;5;5;9.408;42;-74;73.406;13.5948;35.6911;0.4768;0.2516;1.19E-01;2.3816;9.64E+02
ENVI;5;5;9.408;42;-75;74.397;13.5915;35.6909;0.5197;0.2689;1.15E-01;2.3823;9.58E+02
ENVI;5;5;9.408;42;-76;75.389;13.5931;35.691;0.5252;0.2773;1.06E-01;2.3816;9.51E+02
ENVI;5;5;9.408;42;-77;76.381;13.5912;35.6909;0.5261;0.2816;9.92E-02;2.3819;9.49E+02
ENVI;5;5;9.408;42;-78;77.373;13.5898;35.6909;0.5271;0.2895;8.97E-02;2.3816;9.52E+02
ENVI;5;5;9.408;42;-79;78.364;13.5899;35.6906;0.511;0.2487;7.53E-02;2.3818;9.57E+02
ENVI;5;5;9.408;42;-80;79.356;13.5902;35.6906;0.5162;0.2693;6.90E-02;2.3814;9.50E+02
ENVI;5;5;9.408;42;-81;80.348;13.5902;35.6907;0.4941;0.2608;6.46E-02;2.3813;9.53E+02
ENVI;5;5;9.408;42;-82;81.34;13.5887;35.6912;0.5542;0.2581;5.48E-02;2.3807;9.56E+02
ENVI;5;5;9.408;42;-83;82.332;13.5851;35.693;0.5037;0.2545;4.98E-02;2.3803;9.54E+02
ENVI;5;5;9.408;42;-84;83.323;13.5836;35.6937;0.4981;0.2397;4.58E-02;2.3799;9.50E+02
ENVI;5;5;9.408;42;-85;84.315;13.5828;35.6939;0.5084;0.2434;4.30E-02;2.3789;9.46E+02
ENVI;5;5;9.408;42;-86;85.307;13.581;35.6942;0.5155;0.2425;3.67E-02;2.379;9.53E+02
ENVI;5;5;9.408;42;-87;86.298;13.58;35.6941;0.5219;0.2314;2.76E-02;2.3807;9.52E+02
ENVI;5;5;9.408;42;-88;87.29;13.5798;35.6946;0.5212;0.2458;2.35E-02;2.3798;9.43E+02
ENVI;5;5;9.408;42;-89;88.282;13.578;35.6944;0.6221;0.2552;2.10E-02;2.3792;9.46E+02
ENVI;5;5;9.408;42;-90;89.273;13.5766;35.6943;0.6546;0.2699;2.00E-02;2.3788;9.51E+02
ENVI;5;5;9.408;42;-91;90.265;13.5685;35.6934;0.695;0.2774;1.79E-02;2.3787;9.54E+02
ENVI;5;5;9.408;42;-92;91.257;13.558;35.6929;0.7387;0.2538;1.28E-02;2.3796;9.53E+02
ENVI;5;5;9.408;42;-93;92.249;13.5563;35.6935;0.7884;0.2532;6.57E-04;2.3838;9.49E+02
ENVI;5;5;9.408;42;-94;93.24;13.5584;35.6947;0.8425;0.2873;2.71E-05;2.3848;9.47E+02
ENVI;5;5;9.408;42;-95;94.232;13.5608;35.6958;0.8025;0.2702;1.00E-12;2.3844;9.51E+02
ENVI;5;5;9.408;42;-96;95.224;13.5509;35.6945;0.7207;0.2729;1.00E-12;2.3828;9.54E+02
ENVI;5;5;9.408;42;-97;96.215;13.5413;35.6929;0.7655;0.2675;1.00E-12;2.3811;9.53E+02
ENVI;5;5;9.408;42;-98;97.207;13.5367;35.6918;0.8194;0.263;1.00E-12;2.3833;9.55E+02
ENVI;5;5;9.408;42;-99;98.199;13.5318;35.6909;0.9112;0.2671;1.00E-12;2.386;9.56E+02
ENVI;5;5;9.408;42;-100;99.19;13.5287;35.6905;0.9934;0.2712;1.00E-12;2.3874;9.55E+02
ENVI;5;5;9.408;42;-101;100.182;13.5258;35.6902;1.0094;0.2565;1.00E-12;2.3905;9.56E+02
ENVI;5;5;9.408;42;-102;101.174;13.5179;35.6912;1.0323;0.2661;1.00E-12;2.3916;9.54E+02
ENVI;5;5;9.408;42;-103;102.166;13.5254;35.6964;1.0581;0.2772;1.00E-12;2.3914;9.56E+02
ENVI;5;5;9.408;42;-104;103.157;13.5613;35.7078;0.8966;0.2699;1.00E-12;2.3906;9.59E+02
ENVI;5;5;9.408;42;-105;104.148;13.5623;35.7088;0.6799;0.253;1.00E-12;2.3876;9.58E+02
ENVI;5;5;9.408;42;-106;105.14;13.547;35.7057;0.6788;0.2407;1.00E-12;2.3831;9.56E+02
ENVI;5;5;9.408;42;-107;106.132;13.5371;35.7034;0.6526;0.241;1.00E-12;2.3794;9.56E+02
ENVI;5;5;9.408;42;-108;107.124;13.5307;35.7026;0.6154;0.2401;1.00E-12;2.3767;9.58E+02
ENVI;5;5;9.408;42;-109;108.115;13.5383;35.7052;0.6001;0.2369;1.00E-12;2.3744;9.59E+02
ENVI;5;5;9.408;42;-110;109.107;13.5401;35.7059;0.6011;0.2295;1.00E-12;2.3726;9.62E+02
ENVI;5;5;9.408;42;-111;110.098;13.5302;35.7034;0.5505;0.2232;1.00E-12;2.3712;9.62E+02
ENVI;5;5;9.408;42;-112;111.09;13.5127;35.6999;0.5619;0.2339;1.00E-12;2.3703;9.61E+02
ENVI;5;5;9.408;42;-113;112.082;13.5097;35.6996;0.6133;0.2303;1.00E-12;2.3699;9.60E+02
ENVI;5;5;9.408;42;-114;113.073;13.4825;35.693;0.6507;0.2417;1.00E-12;2.369;9.61E+02
ENVI;5;5;9.408;42;-115;114.065;13.471;35.6907;0.7394;0.2426;1.00E-12;2.3685;9.62E+02
ENVI;5;5;9.408;42;-116;115.057;13.4653;35.6897;0.6847;0.2457;1.00E-12;2.3695;9.61E+02
ENVI;5;5;9.408;42;-117;116.048;13.4646;35.6895;0.6613;0.236;1.00E-12;2.3709;9.60E+02
ENVI;5;5;9.408;42;-118;117.04;13.4655;35.6898;0.6851;0.229;1.00E-12;2.3714;9.60E+02
ENVI;5;5;9.408;42;-119;118.031;13.4648;35.6896;0.6513;0.2275;1.00E-12;2.3711;9.60E+02
ENVI;5;5;9.408;42;-120;119.023;13.4674;35.6911;0.5766;0.2288;1.00E-12;2.3705;9.62E+02
ENVI;5;5;9.408;42;-121;120.014;13.4697;35.6917;0.5312;0.2259;1.00E-12;2.3699;9.63E+02
ENVI;5;5;9.408;42;-122;121.006;13.4711;35.6923;0.521;0.2624;1.00E-12;2.3695;9.64E+02
ENVI;5;5;9.408;42;-123;121.997;13.4709;35.6924;0.5262;0.3212;1.00E-12;2.369;9.64E+02
ENVI;5;5;9.408;42;-124;122.989;13.471;35.6924;0.5169;0.2545;1.00E-12;2.3681;9.64E+02
ENVI;5;5;9.408;42;-125;123.98;13.4712;35.6925;0.498;0.2367;1.00E-12;2.3669;9.65E+02
ENVI;5;5;9.408;42;-126;124.972;13.471;35.6922;0.4973;0.2312;1.00E-12;2.3664;9.67E+02
ENVI;5;5;9.408;42;-127;125.964;13.4713;35.6922;0.4782;0.214;1.00E-12;2.3669;9.68E+02
ENVI;5;5;9.408;42;-128;126.955;13.4717;35.6923;0.5393;0.2251;1.00E-12;2.3676;9.63E+02
ENVI;5;5;9.408;42;-129;127.946;13.4721;35.6923;0.4973;0.2252;1.00E-12;2.3678;9.62E+02
ENVI;5;5;9.408;42;-130;128.938;13.4725;35.6924;0.5293;0.2293;1.00E-12;2.3671;9.62E+02
ENVI;5;5;9.408;42;-131;129.929;13.473;35.6926;0.5129;0.2493;1.00E-12;2.3668;9.62E+02
ENVI;5;5;9.408;42;-132;130.921;13.4732;35.6926;0.5018;0.2579;1.00E-12;2.366;9.64E+02
ENVI;5;5;9.408;42;-133;131.913;13.4733;35.6925;0.4679;0.2297;1.00E-12;2.3653;9.67E+02
ENVI;5;5;9.408;42;-134;132.904;13.4733;35.6926;0.454;0.2296;1.00E-12;2.3643;9.69E+02
ENVI;5;5;9.408;42;-135;133.896;13.4735;35.6925;0.443;0.2282;1.00E-12;2.364;9.70E+02
ENVI;5;5;9.408;42;-136;134.887;13.4736;35.6925;0.4311;0.2288;1.00E-12;2.3637;9.70E+02
ENVI;5;5;9.408;42;-137;135.879;13.474;35.6927;0.416;0.2272;1.00E-12;2.3631;9.70E+02
ENVI;5;5;9.408;42;-138;136.87;13.4744;35.6927;0.3954;0.2276;1.00E-12;2.3626;9.68E+02
ENVI;5;5;9.408;42;-139;137.861;13.4743;35.6927;0.4044;0.2339;1.00E-12;2.3619;9.68E+02
ENVI;5;5;9.408;42;-140;138.853;13.4746;35.6927;0.4598;0.2317;1.00E-12;2.3616;9.71E+02
ENVI;5;5;9.408;42;-141;139.844;13.4735;35.6923;0.4206;0.2043;1.00E-12;2.3608;9.74E+02
ENVI;5;5;9.408;42;-142;140.836;13.4719;35.6921;0.425;0.206;1.00E-12;2.3612;9.67E+02
ENVI;5;5;9.408;42;-143;141.828;13.4714;35.692;0.4809;0.2256;1.00E-12;2.3607;9.66E+02
ENVI;5;5;9.408;42;-144;142.819;13.4725;35.6924;0.5037;0.2287;1.00E-12;2.3602;9.67E+02
ENVI;5;5;9.408;42;-145;143.81;13.4726;35.6923;0.5094;0.2279;1.00E-12;2.3603;9.70E+02
ENVI;5;5;9.408;42;-146;144.802;13.4738;35.6929;0.4682;0.2168;1.00E-12;2.3596;9.72E+02
ENVI;5;5;9.408;42;-147;145.793;13.475;35.6932;0.4414;0.2241;1.00E-12;2.3595;9.75E+02
ENVI;5;5;9.408;42;-148;146.785;13.4752;35.6932;0.4178;0.2275;1.00E-12;2.3594;9.76E+02
ENVI;5;5;9.408;42;-149;147.776;13.4787;35.694;0.4385;0.2304;1.00E-12;2.3592;9.78E+02
ENVI;5;5;9.408;42;-150;148.768;13.479;35.6942;0.4291;0.2314;1.00E-12;2.3584;9.79E+02
ENVI;5;5;9.408;42;-151;149.759;13.483;35.6953;0.4324;0.2341;1.00E-12;2.3581;9.79E+02
ENVI;5;5;9.408;42;-152;150.751;13.4861;35.6963;0.4365;0.2138;1.00E-12;2.3587;9.77E+02
ENVI;5;5;9.408;42;-153;151.742;13.4768;35.6944;0.4638;0.2275;1.00E-12;2.3585;9.78E+02
ENVI;5;5;9.408;42;-154;152.733;13.4747;35.6941;0.4186;0.2284;1.00E-12;2.3579;9.80E+02
ENVI;5;5;9.408;42;-155;153.725;13.4717;35.6936;0.4539;0.2289;1.00E-12;2.3573;9.80E+02
ENVI;5;5;9.408;42;-156;154.716;13.4689;35.6931;0.4505;0.2326;1.00E-12;2.3559;9.79E+02
ENVI;5;5;9.408;42;-157;155.707;13.4681;35.693;0.4256;0.2246;1.00E-12;2.3551;9.76E+02
ENVI;5;5;9.408;42;-158;156.699;13.4669;35.6931;0.4074;0.2109;1.00E-12;2.3545;9.76E+02
ENVI;5;5;9.408;42;-159;157.69;13.4665;35.6927;0.4187;0.2172;1.00E-12;2.3538;9.78E+02
ENVI;5;5;9.408;42;-160;158.682;13.466;35.6927;0.4058;0.2157;1.00E-12;2.3537;9.82E+02
ENVI;5;5;9.408;42;-161;159.673;13.4652;35.6927;0.3942;0.2169;1.00E-12;2.3527;9.85E+02
ENVI;5;5;9.408;42;-162;160.664;13.4656;35.6927;0.3696;0.2222;1.00E-12;2.3521;9.87E+02
ENVI;5;5;9.408;42;-163;161.656;13.4669;35.6926;0.2931;0.2666;1.00E-12;2.3517;9.86E+02
ENVI;5;5;9.408;42;-164;162.647;13.4662;35.6934;0.3408;1.2286;1.00E-12;2.3526;9.83E+02
ENVI;5;5;9.408;42;-165;163.638;13.468;35.694;0.3808;0.2213;1.00E-12;2.3526;9.84E+02
ENVI;5;5;9.408;42;-166;164.63;13.4685;35.695;0.3777;0.2251;1.00E-12;2.3521;9.84E+02
ENVI;5;5;9.408;42;-167;165.621;13.4691;35.6955;0.3344;0.2279;1.00E-12;2.3515;9.83E+02
ENVI;5;5;9.408;42;-168;166.612;13.4687;35.6956;0.3396;0.2131;1.00E-12;2.3505;9.82E+02
ENVI;5;5;9.408;42;-169;167.604;13.4686;35.696;0.3439;0.2042;1.00E-12;2.3493;9.82E+02
ENVI;5;5;9.408;42;-170;168.595;13.4695;35.6966;0.2829;0.2103;1.00E-12;2.3477;9.83E+02
ENVI;5;5;9.408;42;-171;169.586;13.4735;35.698;0.2728;0.2172;1.00E-12;2.3466;9.86E+02
ENVI;5;5;9.408;42;-172;170.578;13.4752;35.6985;0.2626;0.2239;1.00E-12;2.3451;9.89E+02
ENVI;5;5;9.408;42;-173;171.569;13.475;35.6981;0.2678;0.2043;1.00E-12;2.3433;9.90E+02
ENVI;5;5;9.408;42;-174;172.56;13.4761;35.6995;0.3039;0.2124;1.00E-12;2.342;9.87E+02
ENVI;5;5;9.408;42;-175;173.552;13.4742;35.701;0.3286;0.2114;1.00E-12;2.342;9.86E+02
ENVI;5;5;9.408;42;-176;174.543;13.4707;35.7027;0.3078;0.2108;1.00E-12;2.3414;9.87E+02
ENVI;5;5;9.408;42;-177;175.534;13.4671;35.7041;0.2964;0.2259;1.00E-12;2.3402;9.90E+02
ENVI;5;5;9.408;42;-178;176.525;13.4615;35.7058;0.2694;0.2816;1.00E-12;2.3368;9.90E+02
ENVI;5;5;9.408;42;-179;177.517;13.4503;35.707;0.2598;0.2239;1.00E-12;2.334;9.88E+02
ENVI;5;5;9.408;42;-180;178.508;13.4412;35.7074;0.2518;0.2024;1.00E-12;2.3316;9.88E+02
ENVI;5;5;9.408;42;-181;179.499;13.4421;35.7076;0.2363;0.2042;1.00E-12;2.329;9.89E+02
ENVI;5;5;9.408;42;-182;180.491;13.4409;35.707;0.21;0.2048;1.00E-12;2.3256;9.91E+02
ENVI;5;5;9.408;42;-183;181.482;13.4266;35.7076;0.2033;0.2038;1.00E-12;2.3226;9.92E+02
ENVI;5;5;9.408;42;-184;182.473;13.4063;35.7089;0.1851;0.2009;1.00E-12;2.3199;9.94E+02
ENVI;5;5;9.408;42;-185;183.464;13.4024;35.709;0.1918;0.2026;1.00E-12;2.3154;9.94E+02
ENVI;5;5;9.408;42;-186;184.456;13.3791;35.7097;0.1575;0.1963;1.00E-12;2.3091;9.94E+02
ENVI;5;5;9.408;42;-187;185.447;13.3549;35.7107;0.1111;0.2004;1.00E-12;2.3027;9.95E+02
ENVI;5;5;9.408;42;-188;186.438;13.351;35.7109;0.1007;0.1975;1.00E-12;2.2971;9.93E+02
ENVI;5;5;9.408;42;-189;187.43;13.3467;35.7113;0.1078;0.1999;1.00E-12;2.2929;9.89E+02
ENVI;5;5;9.408;42;-190;188.42;13.3434;35.7115;0.1208;0.2035;1.00E-12;2.2899;9.87E+02
ENVI;5;5;9.408;42;-191;189.411;13.3306;35.7117;0.1073;0.2035;1.00E-12;2.287;9.87E+02
ENVI;5;5;9.408;42;-192;190.403;13.3225;35.7121;0.1038;0.2074;1.00E-12;2.2845;9.91E+02
ENVI;5;5;9.408;42;-193;191.394;13.3126;35.7126;0.1015;0.2102;1.00E-12;2.2823;9.96E+02
ENVI;5;5;9.408;42;-194;192.386;13.2927;35.7145;0.0833;0.2144;1.00E-12;2.2772;1.00E+03
ENVI;5;5;9.408;42;-195;193.377;13.259;35.7181;0.051;0.2025;1.00E-12;2.2687;1.00E+03
ENVI;5;5;9.408;42;-196;194.368;13.2141;35.7229;0.0397;0.2111;1.00E-12;2.2613;9.98E+02
ENVI;5;5;9.408;42;-197;195.359;13.195;35.7245;0.0187;0.2103;1.00E-12;2.2535;9.98E+02
ENVI;5;5;9.408;42;-198;196.35;13.1756;35.7266;0.0111;0.2092;1.00E-12;2.2466;9.98E+02
ENVI;5;5;9.408;42;-199;197.342;13.1622;35.7282;-0.0083;0.21;1.00E-12;2.2401;9.98E+02
ENVI;5;5;9.408;42;-200;198.333;13.1557;35.729;-0.0172;0.2155;1.00E-12;2.2346;9.96E+02
ENVI;5;5;9.408;42;-201;199.324;13.1385;35.7313;-0.0234;0.2248;1.00E-12;2.2296;9.95E+02
ENVI;5;5;9.408;42;-202;200.315;13.131;35.7319;-0.0333;0.2198;1.00E-12;2.2242;9.95E+02
ENVI;5;5;9.408;42;-203;201.306;13.1102;35.7335;-0.0373;0.2148;1.00E-12;2.2189;9.97E+02
ENVI;5;5;9.408;42;-204;202.297;13.0776;35.7344;-0.0326;0.2114;1.00E-12;2.2123;1.00E+03
ENVI;5;5;9.408;42;-205;203.288;13.0258;35.7339;-0.0296;0.2144;1.00E-12;2.2036;1.01E+03
ENVI;5;5;9.408;42;-206;204.28;12.941;35.7369;-0.0504;0.2202;1.00E-12;2.191;1.01E+03
ENVI;5;5;9.408;42;-207;205.271;12.8954;35.7329;-0.0505;0.2232;1.00E-12;2.1771;1.00E+03
ENVI;5;5;9.408;42;-208;206.262;12.8866;35.7324;-0.0694;0.2434;1.00E-12;2.1697;1.00E+03
ENVI;5;5;9.408;42;-209;207.253;12.8801;35.7318;-0.0707;0.2417;1.00E-12;2.1645;1.00E+03
ENVI;5;5;9.408;42;-210;208.244;12.871;35.7311;-0.0709;0.2352;1.00E-12;2.1598;1.00E+03
ENVI;5;5;9.408;42;-211;209.235;12.8469;35.7311;-0.0578;0.2354;1.00E-12;2.1564;1.01E+03
ENVI;5;5;9.408;42;-212;210.226;12.8377;35.7306;-0.0796;0.2472;1.00E-12;2.1532;1.01E+03
ENVI;5;5;9.408;42;-213;211.217;12.8192;35.7307;-0.0753;0.2579;1.00E-12;2.1504;1.01E+03
ENVI;5;5;9.408;42;-214;212.209;12.8089;35.7301;-0.0649;0.2633;1.00E-12;2.1475;1.01E+03
ENVI;5;5;9.408;42;-215;213.2;12.7847;35.7296;-0.0592;0.2612;1.00E-12;2.1443;1.00E+03
ENVI;5;5;9.408;42;-216;214.191;12.7581;35.7288;-0.0598;0.2654;1.00E-12;2.1415;1.00E+03
ENVI;5;5;9.408;42;-217;215.182;12.7441;35.728;-0.0749;0.2797;1.00E-12;2.1384;1.01E+03
ENVI;5;5;9.408;42;-218;216.173;12.7409;35.7274;-0.0767;0.2819;1.00E-12;2.1347;1.01E+03
ENVI;5;5;9.408;42;-219;217.164;12.7407;35.7268;-0.0706;0.282;1.00E-12;2.1311;1.02E+03
ENVI;5;5;9.408;42;-220;218.155;12.7372;35.7265;-0.0796;0.2936;1.00E-12;2.1276;1.02E+03
ENVI;5;5;9.408;42;-221;219.147;12.7345;35.7263;-0.0795;0.2889;1.00E-12;2.1259;1.01E+03
ENVI;5;5;9.408;42;-222;220.138;12.7232;35.7255;-0.0698;0.2843;1.00E-12;2.1251;1.02E+03
ENVI;5;5;9.408;42;-223;221.129;12.7142;35.7251;-0.0767;0.291;1.00E-12;2.1232;1.02E+03
ENVI;5;5;9.408;42;-224;222.12;12.7016;35.7244;-0.0652;0.2976;1.00E-12;2.1214;1.02E+03
ENVI;5;5;9.408;42;-225;223.111;12.6708;35.7228;-0.0582;0.289;1.00E-12;2.1193;1.02E+03
ENVI;5;5;9.408;42;-226;224.102;12.6221;35.7203;0.0306;0.3454;1.00E-12;2.1169;1.02E+03
ENVI;5;5;9.408;42;-227;225.093;12.6031;35.7197;0.0043;0.3609;1.00E-12;2.1143;1.02E+03
ENVI;5;5;9.408;42;-228;226.084;12.5903;35.718;-0.0806;0.3402;1.00E-12;2.1116;1.02E+03
ENVI;5;5;9.408;42;-229;227.075;12.5434;35.7157;-0.0693;0.3269;1.00E-12;2.1094;1.02E+03
ENVI;5;5;9.408;42;-230;228.066;12.5389;35.715;-0.0702;0.3429;1.00E-12;2.1067;1.02E+03
ENVI;5;5;9.408;42;-231;229.057;12.5069;35.7109;-0.076;0.3546;1.00E-12;2.1045;1.02E+03
ENVI;5;5;9.408;42;-232;230.048;12.4327;35.7101;-0.0939;0.364;1.00E-12;2.1024;1.02E+03
ENVI;5;5;9.408;42;-233;231.039;12.4236;35.7087;-0.0869;0.3823;1.00E-12;2.0992;1.02E+03
ENVI;5;5;9.408;42;-234;232.03;12.4151;35.7079;-0.0816;0.3922;1.00E-12;2.0969;1.02E+03
ENVI;5;5;9.408;42;-235;233.021;12.3976;35.7062;-0.0838;0.4055;1.00E-12;2.0948;1.02E+03
ENVI;5;5;9.408;42;-236;234.012;12.3921;35.7058;-0.0824;0.4344;1.00E-12;2.0919;1.03E+03
ENVI;5;5;9.408;42;-237;235.003;12.4222;35.7059;-0.0822;0.3958;1.00E-12;2.086;1.03E+03
ENVI;5;5;9.408;42;-238;235.994;12.3868;35.7038;-0.082;0.4026;1.00E-12;2.0844;1.03E+03
ENVI;5;5;9.408;42;-239;236.985;12.3586;35.7019;-0.0832;0.4434;1.00E-12;2.0828;1.03E+03
ENVI;5;5;9.408;42;-240;237.976;12.3536;35.7014;-0.0817;0.4667;1.00E-12;2.0814;1.03E+03
ENVI;5;5;9.408;42;-241;238.967;12.3512;35.7012;-0.0921;0.4818;1.00E-12;2.0797;1.03E+03
ENVI;5;5;9.408;42;-242;239.958;12.3522;35.701;-0.089;0.4837;1.00E-12;2.0781;1.03E+03
ENVI;5;5;9.408;42;-243;240.949;12.3512;35.7008;-0.0825;0.4837;1.00E-12;2.0768;1.03E+03
ENVI;5;5;9.408;42;-244;241.94;12.3474;35.7004;-0.0838;0.4998;1.00E-12;2.0758;1.03E+03
ENVI;5;5;9.408;42;-245;242.931;12.3458;35.7002;-0.0863;0.4858;1.00E-12;2.0744;1037.4
ENVI;5;5;9.408;42;-246;243.922;12.3443;35.7;-0.0952;0.4603;1.00E-12;2.0736;1039.4
ENVI;5;5;9.408;42;-247;244.913;12.3442;35.6999;-0.0819;0.4609;1.00E-12;2.0729;1039.4
ENVI;5;5;9.408;42;-248;245.904;12.3408;35.6996;-0.0883;0.4457;1.00E-12;2.0717;1039.4
ENVI;5;5;9.408;42;-249;246.895;12.3429;35.699;-0.0842;0.4128;1.00E-12;2.0714;1042.8
ENVI;5;5;9.408;42;-250;247.886;12.3377;35.6983;-0.0817;0.4717;1.00E-12;2.0717;1047.4
ENVI;5;5;9.408;42;-251;248.877;12.3374;35.6982;-0.0822;0.4714;1.00E-12;2.0709;1049.3
ENVI;5;5;9.408;42;-252;249.869;12.338;35.6981;-0.0814;0.4631;1.00E-12;2.0698;1052.3
ENVI;5;51;9.507;42;-4;3.969;14.1411;35.7003;1.0646;0.3157;557.22;2.305;2205.2
ENVI;5;51;9.507;42;-5;4.961;14.131;35.76;1.0689;0.3386;457.23;2.4883;2213.7
ENVI;5;51;9.507;42;-6;5.953;14.1183;35.763;1.1401;0.3417;418.73;2.4904;2215
ENVI;5;51;9.507;42;-7;6.945;14.1223;35.7623;1.2954;0.3588;423.21;2.4887;2215.4
ENVI;5;51;9.507;42;-8;7.937;14.1093;35.7626;1.3286;0.3806;343.11;2.4878;2212.8
ENVI;5;51;9.507;42;-9;8.929;14.104;35.7621;1.698;0.3361;304.89;2.4861;2210.5
ENVI;5;51;9.507;42;-10;9.921;14.1188;35.7628;1.8527;0.3519;261.64;2.4869;2212.2
ENVI;5;51;9.507;42;-11;10.913;14.1056;35.7624;2.0191;0.3618;223.35;2.4872;2207.4
ENVI;5;51;9.507;42;-12;11.906;14.1123;35.7628;2.0101;0.3785;219.81;2.4864;2209.4
ENVI;5;51;9.507;42;-13;12.897;14.0996;35.7623;1.7492;0.3611;184.22;2.4854;2214.9
ENVI;5;51;9.507;42;-14;13.89;14.0866;35.7622;1.7771;0.3452;185.99;2.4844;2217.2
ENVI;5;51;9.507;42;-15;14.882;14.0831;35.7617;2.1072;0.3245;151.33;2.4823;2213.4
ENVI;5;51;9.507;42;-16;15.874;14.0805;35.762;2.0188;0.34;145.78;2.4817;2216.7
ENVI;5;51;9.507;42;-17;16.866;14.0791;35.7619;2.3171;0.3696;131.96;2.4813;2216.9
ENVI;5;51;9.507;42;-18;17.858;14.0787;35.7618;2.4599;0.3561;112.23;2.4798;2215.2
ENVI;5;51;9.507;42;-19;18.85;14.0782;35.7618;2.6013;0.3358;95.808;2.4773;2217
ENVI;5;51;9.507;42;-20;19.842;14.0784;35.7617;2.6026;0.33;80.369;2.4758;2217.3
ENVI;5;51;9.507;42;-21;20.834;14.0761;35.7616;2.5903;0.3471;71.677;2.4755;2215.1
ENVI;5;51;9.507;42;-22;21.826;14.0735;35.7614;2.5929;0.3536;61.788;2.4739;2215.3
ENVI;5;51;9.507;42;-23;22.818;14.0727;35.7615;2.3583;0.3448;55.692;2.4716;2214.3
ENVI;5;51;9.507;42;-24;23.81;14.0729;35.7615;2.5798;0.3576;48.344;2.4693;2215.7
ENVI;5;51;9.507;42;-25;24.802;14.0734;35.7614;2.5052;0.3389;39.541;2.4681;2219
ENVI;5;51;9.507;42;-26;25.794;14.0737;35.7615;2.4526;0.3395;35.441;2.4665;2219.2
ENVI;5;51;9.507;42;-27;26.786;14.073;35.7615;2.4613;0.3476;31.418;2.4656;2218.9
ENVI;5;51;9.507;42;-28;27.778;14.0729;35.7614;2.3559;0.3601;28.307;2.4644;2217.7
ENVI;5;51;9.507;42;-29;28.77;14.0724;35.7613;2.53;0.3235;22.612;2.4628;2216.2
ENVI;5;51;9.507;42;-30;29.762;14.0711;35.7614;2.4728;0.3363;20.616;2.4617;2219.2
ENVI;5;51;9.507;42;-31;30.754;14.0716;35.7615;2.4636;0.3414;18.37;2.4616;2219.1
ENVI;5;51;9.507;42;-32;31.746;14.0706;35.7613;2.4075;0.3363;16.533;2.4611;2218.4
ENVI;5;51;9.507;42;-33;32.738;14.0671;35.7613;2.2721;0.3323;15.375;2.4593;2215.2
ENVI;5;51;9.507;42;-34;33.73;14.0662;35.7611;2.3184;0.3359;14.816;2.4564;2213.4
ENVI;5;51;9.507;42;-35;34.722;14.0661;35.7609;2.2796;0.3179;13.263;2.452;2213.7
ENVI;5;51;9.507;42;-36;35.714;14.0645;35.7609;2.1286;0.3026;10.965;2.4489;2215.4
ENVI;5;51;9.507;42;-37;36.706;14.0626;35.7608;2.0615;0.3173;10.23;2.4457;2213
ENVI;5;51;9.507;42;-38;37.698;14.0641;35.7608;2.0676;0.3219;9.9593;2.4442;2213.7
ENVI;5;51;9.507;42;-39;38.69;14.0637;35.761;2.1272;0.3104;9.399;2.4431;2214.4
ENVI;5;51;9.507;42;-40;39.682;14.063;35.761;2.1091;0.3375;8.8087;2.4414;2211.7
ENVI;5;51;9.507;42;-41;40.674;14.0629;35.7609;2.0536;0.348;8.2235;2.4407;2208
ENVI;5;51;9.507;42;-42;41.666;14.0635;35.7608;2.0101;0.3288;7.5673;2.4402;2205.8
ENVI;5;51;9.507;42;-43;42.658;14.0627;35.7606;2.0423;0.2938;6.653;2.4394;2210.5
ENVI;5;51;9.507;42;-44;43.65;14.0606;35.7607;1.8096;0.3112;5.8474;2.4389;2211.3
ENVI;5;51;9.507;42;-45;44.642;14.06;35.7608;1.8385;0.3144;5.6121;2.437;2210.5
ENVI;5;51;9.507;42;-46;45.633;14.0606;35.7609;1.7366;0.315;5.2486;2.4355;2208.3
ENVI;5;51;9.507;42;-47;46.626;14.0591;35.7608;1.725;0.3289;4.9017;2.4345;2205.2
ENVI;5;51;9.507;42;-48;47.617;14.0586;35.7607;1.7427;0.3057;4.6332;2.4329;2202.3
ENVI;5;51;9.507;42;-49;48.609;14.0586;35.7607;1.7751;0.3142;4.4896;2.4304;2200.3
ENVI;5;51;9.507;42;-50;49.601;14.0586;35.7608;1.7087;0.3095;4.2723;2.4292;2199.1
ENVI;5;51;9.507;42;-51;50.593;14.0589;35.7606;1.6927;0.2995;3.6602;2.4278;2203.6
ENVI;5;51;9.507;42;-52;51.585;14.0588;35.7608;1.6417;0.3113;3.131;2.4266;2207.5
ENVI;5;51;9.507;42;-53;52.577;14.0587;35.7608;1.6527;0.3148;2.9116;2.4263;2208.3
ENVI;5;51;9.507;42;-54;53.569;14.0588;35.7607;1.6611;0.3151;2.7784;2.4267;2200.7
ENVI;5;51;9.507;42;-55;54.561;14.0587;35.7607;1.6517;0.3093;2.6592;2.4264;2191.5
ENVI;5;51;9.507;42;-56;55.552;14.0587;35.7606;1.6155;0.3043;2.5053;2.4251;2190.6
ENVI;5;51;9.507;42;-57;56.544;14.0584;35.7605;1.5042;0.3038;2.3411;2.4238;2199.7
ENVI;5;51;9.507;42;-58;57.536;14.0578;35.7604;1.6201;0.2775;2.157;2.4239;2205.2
ENVI;5;51;9.507;42;-59;58.528;14.0572;35.7603;1.5384;0.301;1.939;2.4235;2199.6
ENVI;5;51;9.507;42;-60;59.52;14.057;35.7603;1.4628;0.2918;1.7359;2.4224;2199.6
ENVI;5;51;9.507;42;-61;60.512;14.0567;35.7604;1.4812;0.304;1.5995;2.4214;2197
ENVI;5;51;9.507;42;-62;61.504;14.0567;35.7605;1.5034;0.3185;1.4979;2.4201;2194.2
ENVI;5;51;9.507;42;-63;62.496;14.0564;35.7606;1.4251;0.3211;1.4171;2.419;2191.8
ENVI;5;51;9.507;42;-64;63.487;14.0552;35.7605;1.3551;0.3058;1.3455;2.4191;2191.4
ENVI;5;51;9.507;42;-65;64.479;14.0541;35.7604;1.3439;0.2975;1.2848;2.4181;2192.1
ENVI;5;51;9.507;42;-66;65.471;14.0541;35.7603;1.3866;0.2921;1.1707;2.4173;2194.3
ENVI;5;51;9.507;42;-67;66.463;14.0536;35.7603;1.3944;0.3031;0.95436;2.4164;2198.7
ENVI;5;51;9.507;42;-68;67.455;14.0537;35.7604;1.2987;0.2981;0.88823;2.4155;2197.2
ENVI;5;51;9.507;42;-69;68.446;14.0537;35.7603;1.2987;0.3091;0.8267;2.4154;2191.7
ENVI;5;51;9.507;42;-70;69.438;14.053;35.7604;1.2988;0.3169;0.77199;2.4142;2187.3
ENVI;5;51;9.507;42;-71;70.43;14.0504;35.7603;1.287;0.3387;0.71881;2.4131;2182.6
ENVI;5;51;9.507;42;-72;71.422;14.0493;35.7603;1.2342;0.3044;0.75119;2.4127;2178.6
ENVI;5;51;9.507;42;-73;72.413;14.0488;35.76;1.383;0.3026;0.67896;2.4121;2190.3
ENVI;5;51;9.507;42;-74;73.406;14.0491;35.7602;1.3112;0.3025;0.57261;2.4124;2198
ENVI;5;51;9.507;42;-75;74.397;14.0442;35.7598;1.3102;0.3063;0.53816;2.4114;2195.1
ENVI;5;51;9.507;42;-76;75.389;14.0398;35.76;1.3102;0.3106;0.50233;2.4103;2189.8
ENVI;5;51;9.507;42;-77;76.381;14.0373;35.7597;1.2059;0.297;0.45552;2.4083;2180.5
ENVI;5;51;9.507;42;-78;77.373;14.034;35.7598;1.1386;0.2919;0.40316;2.4067;2171.8
ENVI;5;51;9.507;42;-79;78.364;14.0338;35.7597;1.0646;0.2867;0.34883;2.4052;2168.5
ENVI;5;51;9.507;42;-80;79.356;14.0323;35.7594;1.053;0.3085;0.34965;2.4032;2184.7
ENVI;5;51;9.507;42;-81;80.348;14.0316;35.7595;1.0788;0.2849;0.3106;2.4027;2198.7
ENVI;5;51;9.507;42;-82;81.34;14.0302;35.7595;1.0782;0.2936;0.27599;2.4012;2190.7
ENVI;5;51;9.507;42;-83;82.331;14.027;35.7593;1.0591;0.2966;0.24048;2.4002;2179.1
ENVI;5;51;9.507;42;-84;83.323;14.0224;35.7589;0.9776;0.2878;0.2271;2.3995;2172.4
ENVI;5;51;9.507;42;-85;84.315;14.019;35.7584;1.0599;0.2672;0.25415;2.3984;2173.2
ENVI;5;51;9.507;42;-86;85.306;13.9955;35.7566;1.0625;0.277;0.22875;2.3983;2192
ENVI;5;51;9.507;42;-87;86.298;13.9894;35.7558;1.0908;0.2804;0.20437;2.398;2190.7
ENVI;5;51;9.507;42;-88;87.29;13.9832;35.7554;1.0601;0.2957;0.18602;2.3976;2187.9
ENVI;5;51;9.507;42;-89;88.282;13.9785;35.7553;1.0119;0.2983;0.1735;2.3964;2184
ENVI;5;51;9.507;42;-90;89.273;13.9757;35.7557;0.9925;0.2997;0.16223;2.3957;2179.8
ENVI;5;51;9.507;42;-91;90.265;13.97;35.7569;0.9206;0.2801;0.15176;2.395;2175
ENVI;5;51;9.507;42;-92;91.257;13.965;35.7591;0.7893;0.2694;0.14376;2.393;2171.8
ENVI;5;51;9.507;42;-93;92.249;13.9596;35.7609;0.6404;0.2574;0.13169;2.3904;2175.1
ENVI;5;51;9.507;42;-94;93.24;13.951;35.761;0.5114;0.2432;0.11566;2.3755;2186.2
ENVI;5;51;9.507;42;-95;94.232;13.9428;35.7612;0.4561;0.253;0.088699;2.369;2185.8
ENVI;5;51;9.507;42;-96;95.224;13.9344;35.762;0.5118;0.235;0.081925;2.3669;2179.9
ENVI;5;51;9.507;42;-97;96.215;13.9196;35.7628;0.4788;0.2352;0.072468;2.3648;2171.2
ENVI;5;51;9.507;42;-98;97.207;13.8936;35.7627;0.4303;0.2341;0.06172;2.3624;2163.6
ENVI;5;51;9.507;42;-99;98.199;13.8831;35.7618;0.4606;0.2408;0.052671;2.3602;2157.1
ENVI;5;51;9.507;42;-100;99.19;13.8764;35.7608;0.4616;0.2422;0.040383;2.3574;2154.8
ENVI;5;51;9.507;42;-101;100.182;13.8707;35.7594;0.4524;0.2369;0.058037;2.3526;2170.3
ENVI;5;51;9.507;42;-102;101.174;13.8633;35.7583;0.4661;0.2355;0.036608;2.3521;2180.1
ENVI;5;51;9.507;42;-103;102.166;13.8556;35.7569;0.5158;0.2493;0.02905;2.3514;2174.3
ENVI;5;51;9.507;42;-104;103.157;13.8478;35.7558;0.5016;0.2493;0.015271;2.351;2163.8
ENVI;5;51;9.507;42;-105;104.148;13.8335;35.754;0.4933;0.2452;0.0024896;2.3513;2155.6
ENVI;5;51;9.507;42;-106;105.14;13.8101;35.7512;0.4929;0.23;0.00049039;2.3522;2151.6
ENVI;5;51;9.507;42;-107;106.132;13.7653;35.7453;0.5807;0.2134;0.038956;2.3586;2174.9
ENVI;5;51;9.507;42;-108;107.124;13.7477;35.7422;0.5263;0.2294;0.021078;2.3616;2171
ENVI;5;51;9.507;42;-109;108.115;13.7221;35.738;0.539;0.2399;0.014999;2.3617;2172.6
ENVI;5;51;9.507;42;-110;109.107;13.7027;35.7348;0.5187;0.2364;0.01093;2.362;2177.3
ENVI;5;51;9.507;42;-111;110.099;13.6996;35.7339;0.4779;0.2307;0.0073659;2.3619;2181.7
ENVI;5;51;9.507;42;-112;111.09;13.6962;35.733;0.4493;0.2601;0.0017006;2.3625;2181.4
ENVI;5;51;9.507;42;-113;112.082;13.6958;35.7326;0.4347;0.26;0.000007045;2.3635;2171.7
ENVI;5;51;9.507;42;-114;113.073;13.6952;35.7323;0.419;0.2418;1.00E-12;2.3645;2161.8
ENVI;5;51;9.507;42;-115;114.065;13.6924;35.7316;0.4072;0.231;1.00E-12;2.365;2152.8
ENVI;5;51;9.507;42;-116;115.056;13.6926;35.7314;0.4012;0.2281;1.00E-12;2.3656;2146.8
ENVI;5;51;9.507;42;-117;116.048;13.6915;35.731;0.4044;0.2194;1.00E-12;2.3661;2146.8
ENVI;5;51;9.507;42;-118;117.04;13.6887;35.7305;0.4462;0.1993;1.00E-12;2.366;2155.2
ENVI;5;51;9.507;42;-119;118.031;13.6873;35.7308;0.4684;0.2135;1.00E-12;2.3669;2169
ENVI;5;51;9.507;42;-120;119.023;13.6849;35.7306;0.4019;0.2385;1.00E-12;2.3674;2163.7
ENVI;5;51;9.507;42;-121;120.014;13.6822;35.7303;0.4452;0.2318;1.00E-12;2.3671;2166.9
ENVI;5;51;9.507;42;-122;121.006;13.6823;35.7303;0.4548;0.2351;1.00E-12;2.3665;2172.9
ENVI;5;51;9.507;42;-123;121.997;13.6826;35.7304;0.4563;0.2434;1.00E-12;2.3658;2176.5
ENVI;5;51;9.507;42;-124;122.989;13.6827;35.7303;0.4174;0.2394;1.00E-12;2.365;2178.6
ENVI;5;51;9.507;42;-125;123.981;13.6827;35.7302;0.4035;0.2347;1.00E-12;2.364;2173.4
ENVI;5;51;9.507;42;-126;124.972;13.6821;35.7304;0.3944;0.2297;1.00E-12;2.3637;2165.1
ENVI;5;51;9.507;42;-127;125.963;13.6812;35.7305;0.3959;0.2306;1.00E-12;2.3631;2158
ENVI;5;51;9.507;42;-128;126.955;13.6806;35.7308;0.3807;0.2304;1.00E-12;2.3633;2150.5
ENVI;5;51;9.507;42;-129;127.947;13.6801;35.7309;0.3581;0.2304;1.00E-12;2.3631;2148.6
ENVI;5;51;9.507;42;-130;128.938;13.68;35.731;0.3928;0.2124;1.00E-12;2.3629;2153.3
ENVI;5;51;9.507;42;-131;129.93;13.68;35.7311;0.4112;0.2061;1.00E-12;2.3627;2164
ENVI;5;51;9.507;42;-132;130.921;13.6803;35.7314;0.4332;0.21;1.00E-12;2.3626;2173.4
ENVI;5;51;9.507;42;-133;131.913;13.6804;35.7314;0.4311;0.2306;1.00E-12;2.3626;2168.8
ENVI;5;51;9.507;42;-134;132.904;13.6793;35.7316;0.4197;0.2287;1.00E-12;2.3622;2176.3
ENVI;5;51;9.507;42;-135;133.896;13.6782;35.7317;0.4412;0.2473;1.00E-12;2.362;2177
ENVI;5;51;9.507;42;-136;134.887;13.6766;35.7322;0.4331;0.24;1.00E-12;2.3612;2174.2
ENVI;5;51;9.507;42;-137;135.879;13.6744;35.7322;0.4173;0.229;1.00E-12;2.3599;2167.1
ENVI;5;51;9.507;42;-138;136.87;13.6682;35.7317;0.3488;0.2374;1.00E-12;2.359;2158
ENVI;5;51;9.507;42;-139;137.862;13.6627;35.7314;0.3393;0.2324;1.00E-12;2.3583;2149.2
ENVI;5;51;9.507;42;-140;138.853;13.6586;35.7315;0.3386;0.2232;1.00E-12;2.3577;2143.9
ENVI;5;51;9.507;42;-141;139.844;13.6606;35.7324;0.3585;0.2048;1.00E-12;2.3565;2142.4
ENVI;5;51;9.507;42;-142;140.836;13.6519;35.7459;0.2985;0.2048;1.00E-12;2.3558;2147.9
ENVI;5;51;9.507;42;-143;141.827;13.6487;35.7508;0.2782;0.1983;1.00E-12;2.3551;2157.4
ENVI;5;51;9.507;42;-144;142.819;13.646;35.7545;0.2603;0.1923;1.00E-12;2.3535;2165.9
ENVI;5;51;9.507;42;-145;143.81;13.6388;35.7685;0.1968;0.199;1.00E-12;2.3357;2166
ENVI;5;51;9.507;42;-146;144.802;13.6394;35.7695;0.1487;0.2067;1.00E-12;2.3227;2164.4
ENVI;5;51;9.507;42;-147;145.793;13.6382;35.7742;0.1396;0.2093;1.00E-12;2.3169;2168.2
ENVI;5;51;9.507;42;-148;146.785;13.6387;35.7848;0.1326;0.212;1.00E-12;2.31;2169.3
ENVI;5;51;9.507;42;-149;147.776;13.6293;35.7903;0.1442;0.2017;1.00E-12;2.3034;2162.2
ENVI;5;51;9.507;42;-150;148.767;13.6152;35.7908;0.1236;0.201;1.00E-12;2.2964;2148.8
ENVI;5;51;9.507;42;-151;149.759;13.6029;35.7923;0.0982;0.1957;1.00E-12;2.2883;2133.7
ENVI;5;51;9.507;42;-152;150.75;13.567;35.7918;0.0779;0.1768;1.00E-12;2.2788;2120.7
ENVI;5;51;9.507;42;-153;151.742;13.4542;35.7962;0.0511;0.1681;1.00E-12;2.2699;2120.6
ENVI;5;51;9.507;42;-154;152.733;13.4171;35.7951;0.0266;0.1737;1.00E-12;2.2609;2131.4
ENVI;5;51;9.507;42;-155;153.725;13.3945;35.7941;0.0149;0.1751;1.00E-12;2.2514;2143.4
ENVI;5;51;9.507;42;-156;154.716;13.354;35.7903;0.0261;0.1688;1.00E-12;2.2413;2155.4
ENVI;5;51;9.507;42;-157;155.707;13.284;35.7874;0.0071;0.1613;1.00E-12;2.2318;2164.3
ENVI;5;51;9.507;42;-158;156.698;13.2172;35.7865;-0.0147;0.1559;1.00E-12;2.2226;2171
ENVI;5;51;9.507;42;-159;157.69;13.213;35.7883;-0.059;0.1613;1.00E-12;2.1981;2168.3
ENVI;5;51;9.507;42;-160;158.682;13.1443;35.7839;-0.0713;0.1766;1.00E-12;2.1927;2171.7
ENVI;5;51;9.507;42;-161;159.673;13.0962;35.7839;-0.0605;0.1829;1.00E-12;2.1894;2184
ENVI;5;51;9.507;42;-162;160.664;13.0652;35.7812;-0.0648;0.1842;1.00E-12;2.1841;2182.3
ENVI;5;51;9.507;42;-163;161.656;13.0425;35.779;-0.0839;0.1754;1.00E-12;2.1786;2181.7
ENVI;5;51;9.507;42;-164;162.647;12.9847;35.7732;-0.0912;0.1767;1.00E-12;2.1721;2172.5
ENVI;5;51;9.507;42;-165;163.638;12.9407;35.7697;-0.0917;0.1738;1.00E-12;2.1661;2159.2
ENVI;5;51;9.507;42;-166;164.63;12.9056;35.7668;-0.0813;0.1664;1.00E-12;2.1609;2148.2
ENVI;5;51;9.507;42;-167;165.621;12.8832;35.764;-0.0823;0.1669;1.00E-12;2.1554;2141.7
ENVI;5;51;9.507;42;-168;166.612;12.8407;35.7608;-0.0823;0.1708;1.00E-12;2.1506;2142.1
ENVI;5;51;9.507;42;-169;167.604;12.8355;35.7595;-0.0828;0.1701;1.00E-12;2.1457;2150.5
ENVI;5;51;9.507;42;-170;168.595;12.8364;35.7587;-0.0844;0.1545;1.00E-12;2.1416;2163.5
ENVI;5;51;9.507;42;-171;169.586;12.8281;35.7579;-0.0816;0.1495;1.00E-12;2.1383;2176.1
ENVI;5;51;9.507;42;-172;170.577;12.8843;35.7603;-0.0851;0.1561;1.00E-12;2.1336;2178.3
ENVI;5;51;9.507;42;-173;171.569;12.8121;35.7545;-0.0828;0.1611;1.00E-12;2.1341;2173.3
ENVI;5;51;9.507;42;-174;172.56;12.797;35.7532;-0.0811;0.1751;1.00E-12;2.1322;2176.4
ENVI;5;51;9.507;42;-175;173.552;12.7875;35.7521;-0.0824;0.1764;1.00E-12;2.1301;2178.2
ENVI;5;51;9.507;42;-176;174.543;12.7823;35.7514;-0.0817;0.1744;1.00E-12;2.1286;2174.4
ENVI;5;51;9.507;42;-177;175.534;12.7775;35.7507;-0.0817;0.1668;1.00E-12;2.1269;2166.2
ENVI;5;51;9.507;42;-178;176.525;12.7679;35.7495;-0.0824;0.1706;1.00E-12;2.1258;2155.3
ENVI;5;51;9.507;42;-179;177.517;12.7497;35.7477;-0.0809;0.1746;1.00E-12;2.1247;2143.7
ENVI;5;51;9.507;42;-180;178.508;12.7374;35.7463;-0.0817;0.1597;1.00E-12;2.1233;2136.3
ENVI;5;51;9.507;42;-181;179.499;12.7219;35.7441;-0.0898;0.1642;1.00E-12;2.1219;2136.1
ENVI;5;51;9.507;42;-182;180.491;12.7114;35.7429;-0.0913;0.1652;1.00E-12;2.1209;2144.3
ENVI;5;51;9.507;42;-183;181.482;12.7099;35.7426;-0.0813;0.1606;1.00E-12;2.1205;2158.6
ENVI;5;51;9.507;42;-184;182.473;12.7033;35.7412;-0.0824;0.1539;1.00E-12;2.1199;2173.5
ENVI;5;51;9.507;42;-185;183.464;12.7191;35.7421;-0.0919;0.1545;1.00E-12;2.1197;2174.4
ENVI;5;51;9.507;42;-186;184.456;12.6972;35.7392;-0.0841;0.1561;1.00E-12;2.1208;2172.6
ENVI;5;51;9.507;42;-187;185.447;12.6915;35.7388;-0.0949;0.1603;1.00E-12;2.12;2178.2
ENVI;5;51;9.507;42;-188;186.438;12.6879;35.738;-0.0939;0.1548;1.00E-12;2.1197;2179
ENVI;5;51;9.507;42;-189;187.43;12.6717;35.7364;-0.0999;0.1624;1.00E-12;2.1193;2173.9
ENVI;5;51;9.507;42;-190;188.42;12.6638;35.7354;-0.1055;0.1672;1.00E-12;2.1185;2160.9
ENVI;5;51;9.507;42;-191;189.412;12.6512;35.7337;-0.094;0.1679;1.00E-12;2.1172;2144.6
ENVI;5;51;9.507;42;-192;190.403;12.6461;35.7327;-0.1035;0.1626;1.00E-12;2.1158;2131.5
ENVI;5;51;9.507;42;-193;191.395;12.6421;35.7323;-0.0985;0.1569;1.00E-12;2.1141;2130.7
ENVI;5;51;9.507;42;-194;192.385;12.6396;35.7319;-0.0937;0.1585;1.00E-12;2.1133;2144.3
ENVI;5;51;9.507;42;-195;193.377;12.6376;35.7314;-0.0905;0.1591;1.00E-12;2.1131;2162.2
ENVI;5;51;9.507;42;-196;194.368;12.6226;35.7299;-0.0822;0.1439;1.00E-12;2.1128;2173
ENVI;5;51;9.507;42;-197;195.359;12.5833;35.7269;-0.0888;0.1423;1.00E-12;2.1123;2180.5
ENVI;5;51;9.507;42;-198;196.35;12.568;35.7248;-0.0935;0.144;1.00E-12;2.1114;2180.5
ENVI;5;51;9.507;42;-199;197.341;12.5782;35.7255;-0.0996;0.1474;1.00E-12;2.109;2177.5
ENVI;5;51;9.507;42;-200;198.333;12.5034;35.7155;-0.0986;0.1511;1.00E-12;2.1053;2180.7
ENVI;5;51;9.507;42;-201;199.324;12.4908;35.7143;-0.0856;0.1549;1.00E-12;2.1039;2182.3
ENVI;5;51;9.507;42;-202;200.315;12.4703;35.7118;-0.0865;0.1609;1.00E-12;2.1027;2182.2
ENVI;5;51;9.507;42;-203;201.306;12.4527;35.7098;-0.094;0.168;1.00E-12;2.1008;2180.6
ENVI;5;51;9.507;42;-204;202.298;12.4415;35.7082;-0.1069;0.1629;1.00E-12;2.099;2174.1
ENVI;5;51;9.507;42;-205;203.289;12.4387;35.7075;-0.0945;0.1591;1.00E-12;2.0977;2167.1
ENVI;5;51;9.507;42;-206;204.28;12.434;35.7069;-0.083;0.1558;1.00E-12;2.0966;2160.9
ENVI;5;51;9.507;42;-207;205.271;12.4007;35.7027;-0.095;0.161;1.00E-12;2.096;2155.5
ENVI;5;51;9.507;42;-208;206.262;12.3783;35.7001;-0.0958;0.1617;1.00E-12;2.0955;2155.5
ENVI;5;51;9.507;42;-209;207.253;12.3664;35.6985;-0.0934;0.1583;1.00E-12;2.0949;2160.8
ENVI;5;51;9.507;42;-210;208.244;12.3516;35.6967;-0.0933;0.1547;1.00E-12;2.0949;2170
ENVI;5;51;9.507;42;-211;209.236;12.3423;35.6956;-0.0925;0.1547;1.00E-12;2.0952;2178.6
ENVI;5;51;9.507;42;-212;210.227;12.3611;35.6968;-0.0968;0.148;1.00E-12;2.0966;2184.1
ENVI;5;51;9.507;42;-213;211.218;12.3304;35.6931;-0.0883;0.1522;1.00E-12;2.0993;2188.5
ENVI;5;51;9.507;42;-214;212.209;12.3077;35.6915;-0.1009;0.1519;1.00E-12;2.0985;2191.2
ENVI;5;51;9.507;42;-215;213.2;12.3022;35.6906;-0.1055;0.1547;1.00E-12;2.0977;2191.4
ENVI;5;51;9.507;42;-216;214.191;12.2948;35.6897;-0.1061;0.156;1.00E-12;2.0975;2189.6
ENVI;5;51;9.507;42;-217;215.182;12.2826;35.6884;-0.0979;0.1652;1.00E-12;2.0967;2183.5
ENVI;5;51;9.507;42;-218;216.173;12.2671;35.6866;-0.0881;0.1602;1.00E-12;2.0959;2176.1
ENVI;5;51;9.507;42;-219;217.164;12.2521;35.6852;-0.0832;0.1508;1.00E-12;2.0952;2169.4
ENVI;5;51;9.507;42;-220;218.155;12.2449;35.6843;-0.0956;0.1621;1.00E-12;2.0942;2165.1
ENVI;5;51;9.507;42;-221;219.146;12.2395;35.6834;-0.1056;0.1471;1.00E-12;2.0931;2165.2
ENVI;5;51;9.507;42;-222;220.138;12.2358;35.6826;-0.0904;0.1432;1.00E-12;2.0928;2172.2
ENVI;5;51;9.507;42;-223;221.129;12.234;35.6823;-0.0854;0.1428;1.00E-12;2.0927;2179.2
ENVI;5;51;9.507;42;-224;222.12;12.2269;35.6816;-0.0943;0.143;1.00E-12;2.0929;2189.1
ENVI;5;51;9.507;42;-225;223.111;12.2448;35.6833;-0.0895;0.1427;1.00E-12;2.0923;2196.7
ENVI;5;51;9.507;42;-226;224.102;12.2059;35.6791;-0.0906;0.1477;1.00E-12;2.0927;2194.2
ENVI;5;51;9.507;42;-227;225.093;12.1694;35.6749;-0.0879;0.1553;1.00E-12;2.0914;2187.7
ENVI;5;51;9.507;42;-228;226.084;12.1617;35.6741;-0.1078;0.1611;1.00E-12;2.0907;2193.9
ENVI;5;51;9.507;42;-229;227.075;12.1545;35.673;-0.1144;0.1612;1.00E-12;2.0903;2195.4
ENVI;5;51;9.507;42;-230;228.066;12.1443;35.6719;-0.0934;0.1559;1.00E-12;2.0902;2193.1
ENVI;5;51;9.507;42;-231;229.058;12.1319;35.6706;-0.0852;0.146;1.00E-12;2.0899;2189.1
ENVI;5;51;9.507;42;-232;230.048;12.1274;35.6699;-0.0856;0.1469;1.00E-12;2.0894;2182.8
ENVI;5;51;9.507;42;-233;231.039;12.1257;35.6695;-0.0935;0.155;1.00E-12;2.089;2177.5
ENVI;5;51;9.507;42;-234;232.03;12.1245;35.6693;-0.0946;0.1446;1.00E-12;2.0882;2174.4
ENVI;5;51;9.507;42;-235;233.021;12.1228;35.6689;-0.0933;0.1456;1.00E-12;2.0879;2174.5
ENVI;5;51;9.507;42;-236;234.012;12.12;35.6684;-0.0945;0.1482;1.00E-12;2.0879;2179.5
ENVI;5;51;9.507;42;-237;235.003;12.1147;35.6676;-0.0939;0.1425;1.00E-12;2.0879;2186.1
ENVI;5;51;9.507;42;-238;235.994;12.12;35.6678;-0.0967;0.1425;1.00E-12;2.0892;2194
ENVI;5;51;9.507;42;-239;236.985;12.0938;35.6649;-0.0974;0.152;1.00E-12;2.0898;2191.7
ENVI;5;51;9.507;42;-240;237.976;12.0879;35.6646;-0.0995;0.1525;1.00E-12;2.0892;2191.2
ENVI;5;51;9.507;42;-241;238.967;12.0828;35.664;-0.0856;0.1454;1.00E-12;2.0883;2190.4
ENVI;5;51;9.507;42;-242;239.958;12.0753;35.6633;-0.0946;0.1501;1.00E-12;2.0876;2183.4
ENVI;5;51;9.507;42;-243;240.949;12.078;35.663;-0.0959;0.143;1.00E-12;2.0872;2184.7
ENVI;5;51;9.507;42;-244;241.94;12.0715;35.662;-0.0804;0.1366;1.00E-12;2.0867;2197.1
ENVI;5;51;9.507;42;-245;242.931;12.0714;35.6619;-0.0897;0.1462;1.00E-12;2.0866;2191
ENVI;5;51;9.507;42;-246;243.922;12.0536;35.66;-0.1037;0.1442;1.00E-12;2.0872;2194.1
ENVI;5;51;9.507;42;-247;244.913;12.0332;35.6582;-0.0959;0.149;1.00E-12;2.0864;2195.8
ENVI;5;51;9.507;42;-248;245.904;12.0311;35.6576;-0.0972;0.1401;1.00E-12;2.0859;2203
ENVI;5;51;9.507;42;-249;246.895;12.021;35.6559;-0.0926;0.136;1.00E-12;2.0867;2204.4
ENVI;5;6;9.608;42;-5;4.961;14.1004;35.3975;2.3201;0.3255;131.94;2.3873;878.65
ENVI;5;6;9.608;42;-6;5.953;14.1171;35.7441;2.2653;0.3332;113.87;2.4942;847.39
ENVI;5;6;9.608;42;-7;6.945;14.1171;35.7571;2.3038;0.3366;96.198;2.4985;848.5
ENVI;5;6;9.608;42;-8;7.937;14.1171;35.7574;2.2693;0.3375;86.388;2.4982;844.77
ENVI;5;6;9.608;42;-9;8.929;14.1135;35.757;2.537;0.3496;80.219;2.4976;846.82
ENVI;5;6;9.608;42;-10;9.921;14.1102;35.757;2.4556;0.3423;70.96;2.4971;849.93
ENVI;5;6;9.608;42;-11;10.913;14.1027;35.7568;2.5271;0.3614;61.462;2.4966;849.82
ENVI;5;6;9.608;42;-12;11.905;14.1041;35.7567;2.7481;0.3591;53.175;2.4964;846.82
ENVI;5;6;9.608;42;-13;12.897;14.0992;35.7562;2.7939;0.3463;47.094;2.497;847.82
ENVI;5;6;9.608;42;-14;13.89;14.0511;35.7507;3.009;0.4622;45.068;2.4966;851.52
ENVI;5;6;9.608;42;-15;14.882;14.0626;35.7584;3.1092;0.4812;39.837;2.4958;851.94
ENVI;5;6;9.608;42;-16;15.874;14.0652;35.762;2.8826;0.3387;36.335;2.4945;852.79
ENVI;5;6;9.608;42;-17;16.866;14.0652;35.7646;3.0029;0.328;33.568;2.4916;853.42
ENVI;5;6;9.608;42;-18;17.858;14.0723;35.7712;3.0979;0.3492;29.917;2.4891;855.62
ENVI;5;6;9.608;42;-19;18.85;14.0803;35.7776;3.3523;0.3306;25.62;2.4828;855.92
ENVI;5;6;9.608;42;-20;19.842;14.0825;35.7796;3.1227;0.3119;24.348;2.4755;857.11
ENVI;5;6;9.608;42;-21;20.834;14.0847;35.7822;3.0289;0.3282;23.22;2.4725;859.83
ENVI;5;6;9.608;42;-22;21.826;14.0866;35.7847;3.0142;0.3343;21.266;2.4718;860.84
ENVI;5;6;9.608;42;-23;22.818;14.0878;35.7863;3.0263;0.3226;19.425;2.4709;862.2
ENVI;5;6;9.608;42;-24;23.81;14.0918;35.7914;3.1241;0.3591;17.678;2.4682;863.71
ENVI;5;6;9.608;42;-25;24.802;14.0999;35.8006;2.4763;0.3108;15.625;2.4641;865.58
ENVI;5;6;9.608;42;-26;25.794;14.1054;35.8055;2.3229;0.25;14.739;2.4477;868.45
ENVI;5;6;9.608;42;-27;26.786;14.1058;35.8066;2.3409;0.268;14.088;2.444;867.83
ENVI;5;6;9.608;42;-28;27.778;14.109;35.8099;2.3576;0.2717;13.015;2.4418;870.87
ENVI;5;6;9.608;42;-29;28.77;14.117;35.8172;2.182;0.2901;12.068;2.4389;873.35
ENVI;5;6;9.608;42;-30;29.762;14.1257;35.8229;1.5643;0.2523;11.346;2.4345;875.83
ENVI;5;6;9.608;42;-31;30.754;14.1313;35.8266;1.2598;0.244;10.619;2.4276;876.64
ENVI;5;6;9.608;42;-32;31.746;14.1365;35.8295;1.1518;0.2336;10.02;2.4211;878.54
ENVI;5;6;9.608;42;-33;32.738;14.1399;35.8313;1.0703;0.2209;9.6588;2.4149;881.19
ENVI;5;6;9.608;42;-34;33.73;14.1458;35.8337;1.0797;0.2451;9.0189;2.4108;883.68
ENVI;5;6;9.608;42;-35;34.722;14.1538;35.8369;0.9811;0.2441;8.2531;2.4058;887.43
ENVI;5;6;9.608;42;-36;35.714;14.1597;35.8392;0.8569;0.1988;8.0167;2.4039;889.02
ENVI;5;6;9.608;42;-37;36.706;14.1632;35.8406;0.8591;0.2039;7.7489;2.4026;891.06
ENVI;5;6;9.608;42;-38;37.698;14.1658;35.8417;0.8591;0.2159;7.5355;2.4009;892.63
ENVI;5;6;9.608;42;-39;38.69;14.1664;35.8418;0.7783;0.2318;7.3259;2.3996;893.95
ENVI;5;6;9.608;42;-40;39.682;14.1667;35.842;0.8188;0.2164;7.0337;2.3978;895.88
ENVI;5;6;9.608;42;-41;40.674;14.1661;35.8416;0.7849;0.2093;6.3211;2.3959;901.28
ENVI;5;6;9.608;42;-42;41.666;14.1671;35.8422;0.839;0.2162;5.9334;2.3956;903.76
ENVI;5;6;9.608;42;-43;42.658;14.1678;35.8424;0.8496;0.3081;5.7003;2.3946;903.82
ENVI;5;6;9.608;42;-44;43.65;14.1678;35.8426;0.791;0.3558;5.4887;2.3941;906.97
ENVI;5;6;9.608;42;-45;44.642;14.1672;35.8423;0.7807;0.2178;5.3088;2.3933;910.38
ENVI;5;6;9.608;42;-46;45.633;14.167;35.8423;0.8279;0.2372;5.1429;2.3922;912.1
ENVI;5;6;9.608;42;-47;46.626;14.1657;35.842;0.8232;0.2315;4.9163;2.3912;913.7
ENVI;5;6;9.608;42;-48;47.617;14.1657;35.8421;0.7522;0.2107;4.6189;2.3904;915.25
ENVI;5;6;9.608;42;-49;48.609;14.1666;35.8421;0.6795;0.1972;4.2104;2.3897;919.55
ENVI;5;6;9.608;42;-50;49.601;14.1617;35.841;0.7418;0.1936;4.0494;2.3886;921.64
ENVI;5;6;9.608;42;-51;50.593;14.1649;35.842;0.6928;0.2237;3.858;2.3888;922.88
ENVI;5;6;9.608;42;-52;51.585;14.1598;35.8401;0.6367;0.2002;3.6734;2.3876;925.47
ENVI;5;6;9.608;42;-53;52.577;14.1511;35.8381;0.6428;0.2077;3.4881;2.3863;928.64
ENVI;5;6;9.608;42;-54;53.569;14.0773;35.8202;0.6184;0.2166;3.3186;2.3851;930.84
ENVI;5;6;9.608;42;-55;54.561;13.9862;35.7994;0.5586;0.2089;3.1735;2.3814;933.93
ENVI;5;6;9.608;42;-56;55.552;13.9574;35.7924;0.5706;0.2248;3.0614;2.3822;935.7
ENVI;5;6;9.608;42;-57;56.544;13.9056;35.7811;0.5943;0.2447;2.9251;2.3827;936.34
ENVI;5;6;9.608;42;-58;57.536;13.8646;35.772;0.589;0.2689;2.7592;2.3819;938.2
ENVI;5;6;9.608;42;-59;58.528;13.8177;35.7601;0.5418;0.198;2.5334;2.3817;943.93
ENVI;5;6;9.608;42;-60;59.52;13.7535;35.7449;0.6104;0.2099;2.3808;2.3813;947.93
ENVI;5;6;9.608;42;-61;60.512;13.7337;35.7399;0.6287;0.2368;2.2531;2.3811;950.72
ENVI;5;6;9.608;42;-62;61.504;13.6994;35.7331;0.6436;0.2379;2.147;2.3814;953.49
ENVI;5;6;9.608;42;-63;62.495;13.6979;35.7323;0.6244;0.2395;2.0458;2.3833;955.94
ENVI;5;6;9.608;42;-64;63.487;13.6954;35.7315;0.6571;0.2332;1.9612;2.3855;958.97
ENVI;5;6;9.608;42;-65;64.479;13.6942;35.731;0.5841;0.2301;1.9029;2.3874;962.9
ENVI;5;6;9.608;42;-66;65.471;13.6942;35.7309;0.629;0.2456;1.8299;2.3876;965.79
ENVI;5;6;9.608;42;-67;66.463;13.6946;35.7309;0.6329;0.2419;1.7257;2.3879;968.48
ENVI;5;6;9.608;42;-68;67.455;13.7141;35.7369;0.5598;0.2299;1.5657;2.387;973.97
ENVI;5;6;9.608;42;-69;68.446;13.7174;35.7379;0.4974;0.2199;1.3832;2.3831;983.32
ENVI;5;6;9.608;42;-70;69.438;13.7211;35.7392;0.5426;0.2329;1.3781;2.3833;985.22
ENVI;5;6;9.608;42;-71;70.43;13.7232;35.7399;0.5295;0.2297;1.3361;2.3827;987.07
ENVI;5;6;9.608;42;-72;71.422;13.7263;35.741;0.4929;0.2344;1.2963;2.3825;988.24
ENVI;5;6;9.608;42;-73;72.414;13.7315;35.7423;0.499;0.2247;1.26;2.3815;989.51
ENVI;5;6;9.608;42;-74;73.405;13.7326;35.7424;0.4916;0.2245;1.2124;2.3806;991.84
ENVI;5;6;9.608;42;-75;74.397;13.7327;35.7422;0.4562;0.2335;1.1604;2.3794;993.36
ENVI;5;6;9.608;42;-76;75.389;13.7321;35.7422;0.4861;0.2483;1.115;2.3786;994
ENVI;5;6;9.608;42;-77;76.381;13.7322;35.742;0.4757;0.2351;0.98599;2.378;996.9
ENVI;5;6;9.608;42;-78;77.373;13.732;35.7419;0.4663;0.2254;0.8871;2.3767;1002
ENVI;5;6;9.608;42;-79;78.364;13.7316;35.7419;0.4612;0.2243;0.8618;2.3755;1005
ENVI;5;6;9.608;42;-80;79.356;13.729;35.7414;0.4312;0.2242;0.80053;2.3755;1005.5
ENVI;5;6;9.608;42;-81;80.348;13.7252;35.7408;0.4384;0.2222;0.71237;2.3746;1005.6
ENVI;5;6;9.608;42;-82;81.34;13.7259;35.7414;0.4372;0.2226;0.63125;2.3741;1007
ENVI;5;6;9.608;42;-83;82.331;13.7252;35.7408;0.4192;0.2221;0.67983;2.3737;1007.9
ENVI;5;6;9.608;42;-84;83.323;13.7234;35.74;0.4331;0.218;0.68022;2.3748;1016.7
ENVI;5;6;9.608;42;-85;84.315;13.7073;35.7372;0.4669;0.2096;0.61529;2.3744;1023.6
ENVI;5;6;9.608;42;-86;85.306;13.6902;35.7334;0.432;0.2323;0.59616;2.3738;1028.3
ENVI;5;6;9.608;42;-87;86.298;13.6774;35.7314;0.4148;0.2297;0.56772;2.372;1033.6
ENVI;5;6;9.608;42;-88;87.29;13.674;35.7306;0.4003;0.2247;0.53924;2.3715;1038
ENVI;5;6;9.608;42;-89;88.282;13.6718;35.7303;0.3983;0.222;0.51841;2.3716;1040.6
ENVI;5;6;9.608;42;-90;89.273;13.6711;35.7299;0.3847;0.2287;0.50028;2.3715;1042.9
ENVI;5;6;9.608;42;-91;90.265;13.671;35.7298;0.3569;0.2316;0.48404;2.3712;1050.8
ENVI;5;6;9.608;42;-92;91.257;13.6705;35.7297;0.3603;0.2309;0.46624;2.3715;1060.9
ENVI;5;6;9.608;42;-93;92.248;13.6688;35.7293;0.3808;0.219;0.44311;2.3715;1070.8
ENVI;5;6;9.608;42;-94;93.24;13.6671;35.7292;0.3965;0.2239;0.41856;2.3712;1085.6
ENVI;5;6;9.608;42;-95;94.232;13.6651;35.7292;0.3823;0.2484;0.38859;2.3707;1091.7
ENVI;5;6;9.608;42;-96;95.224;13.6621;35.7289;0.3912;0.2231;0.36235;2.3703;1093.3
ENVI;5;6;9.608;42;-97;96.215;13.6621;35.7288;0.3753;0.2229;0.34115;2.3698;1092.5
ENVI;5;6;9.608;42;-98;97.207;13.6596;35.7283;0.365;0.227;0.3195;2.3699;1087.4
ENVI;5;6;9.608;42;-99;98.199;13.6571;35.7284;0.3804;0.2283;0.30982;2.3696;1083.3
ENVI;5;6;9.608;42;-100;99.19;13.6551;35.7284;0.3981;0.2143;0.30216;2.3695;1082
ENVI;5;6;9.608;42;-101;100.182;13.6551;35.7284;0.3954;0.2365;0.29235;2.3697;1080.7
ENVI;5;6;9.608;42;-102;101.174;13.6545;35.7283;0.4166;0.2121;0.27896;2.3693;1078.6
ENVI;5;6;9.608;42;-103;102.165;13.6482;35.7285;0.4278;0.2148;0.26195;2.3686;1074.7
ENVI;5;6;9.608;42;-104;103.157;13.6482;35.7283;0.3623;0.2133;0.21097;2.3662;1059.4
ENVI;5;6;9.608;42;-105;104.149;13.642;35.7289;0.3591;0.2215;0.18135;2.3651;1048.5
ENVI;5;6;9.608;42;-106;105.14;13.6399;35.7293;0.3434;0.2146;0.17119;2.3643;1048.5
ENVI;5;6;9.608;42;-107;106.132;13.6388;35.7298;0.3302;0.2046;0.16441;2.3641;1047.5
ENVI;5;6;9.608;42;-108;107.123;13.6394;35.7301;0.3096;0.2123;0.15425;2.3633;1047.3
ENVI;5;6;9.608;42;-109;108.115;13.6385;35.7306;0.3083;0.2181;0.14125;2.362;1046.4
ENVI;5;6;9.608;42;-110;109.107;13.6374;35.7309;0.3054;0.2247;0.12573;2.3604;1044.5
ENVI;5;6;9.608;42;-111;110.098;13.637;35.7315;0.2857;0.2176;0.10914;2.3593;1042.8
ENVI;5;6;9.608;42;-112;111.09;13.6362;35.7341;0.2681;0.2126;0.094216;2.3578;1041.1
ENVI;5;6;9.608;42;-113;112.081;13.635;35.7359;0.25;0.2113;0.076925;2.3565;1038.7
ENVI;5;6;9.608;42;-114;113.073;13.6342;35.7372;0.2114;0.211;0.063392;2.355;1037.5
ENVI;5;6;9.608;42;-115;114.065;13.6322;35.7396;0.2005;0.2105;0.046631;2.3526;1038.6
ENVI;5;6;9.608;42;-116;115.056;13.6315;35.7384;0.2112;0.2063;0.079088;2.344;1033.1
ENVI;5;6;9.608;42;-117;116.048;13.6289;35.7399;0.2445;0.1992;0.078753;2.3409;1024
ENVI;5;6;9.608;42;-118;117.039;13.5806;35.761;0.2103;0.1987;0.072508;2.3405;1026.4
ENVI;5;6;9.608;42;-119;118.031;13.5646;35.7645;0.1591;0.2083;0.067431;2.3394;1028.7
ENVI;5;6;9.608;42;-120;119.023;13.5637;35.7641;0.1378;0.2096;0.061901;2.3353;1031.2
ENVI;5;6;9.608;42;-121;120.014;13.5563;35.7647;0.131;0.21;0.054661;2.326;1033.1
ENVI;5;6;9.608;42;-122;121.006;13.5496;35.7656;0.128;0.2099;0.045304;2.3143;1034.6
ENVI;5;6;9.608;42;-123;121.997;13.5486;35.7656;0.1202;0.2121;0.039143;2.3036;1033.1
ENVI;5;6;9.608;42;-124;122.989;13.548;35.7657;0.1048;0.2157;0.032519;2.295;1029.9
ENVI;5;6;9.608;42;-125;123.98;13.5473;35.766;0.1007;0.2045;0.026664;2.2882;1028.4
ENVI;5;6;9.608;42;-126;124.972;13.5463;35.7664;0.1051;0.2074;0.018685;2.283;1028.6
ENVI;5;6;9.608;42;-127;125.963;13.5428;35.7666;0.1081;0.2116;0.0078006;2.2789;1031.2
ENVI;5;6;9.608;42;-128;126.955;13.542;35.7665;0.1036;0.2177;-0.0006441;2.2761;1033.7
ENVI;5;6;9.608;42;-129;127.946;13.5486;35.7651;0.1118;0.1905;0.024443;2.2717;1036.3
ENVI;5;6;9.608;42;-130;128.938;13.5464;35.7659;0.105;0.1931;0.025872;2.2696;1030.4
ENVI;5;6;9.608;42;-131;129.929;13.5384;35.7671;0.1057;0.2041;0.022696;2.2698;1029.6
ENVI;5;6;9.608;42;-132;130.921;13.5304;35.7685;0.1028;0.2035;0.015803;2.2694;1031.3
ENVI;5;6;9.608;42;-133;131.913;13.5266;35.7698;0.1027;0.2099;0.015067;2.2677;1033.8
ENVI;5;6;9.608;42;-134;132.904;13.5144;35.7745;0.0999;0.2146;0.0058577;2.2658;1037.4
ENVI;5;6;9.608;42;-135;133.896;13.5031;35.7783;0.0952;0.214;0.004139;2.2646;1040.2
ENVI;5;6;9.608;42;-136;134.887;13.4819;35.7828;0.0661;0.2056;0.00011369;2.2621;1039.4
ENVI;5;6;9.608;42;-137;135.878;13.4559;35.7866;0.0262;0.2001;-0.00001786;2.2575;1037.5
ENVI;5;6;9.608;42;-138;136.87;13.4332;35.7909;0.0064;0.2005;1.00E-12;2.2513;1035.4
ENVI;5;6;9.608;42;-139;137.861;13.4122;35.7975;0.01;0.2163;0.00074771;2.2431;1033.7
ENVI;5;6;9.608;42;-140;138.853;13.3999;35.8007;0.0011;0.1991;0.0010226;2.2314;1034.7
ENVI;5;6;9.608;42;-141;139.844;13.3858;35.8021;-0.0136;0.186;-0.00003115;2.2194;1038
ENVI;5;6;9.608;42;-142;140.836;13.3749;35.8024;-0.0253;0.1981;0.000034545;2.2095;1040.5
ENVI;5;6;9.608;42;-143;141.827;13.3617;35.8032;-0.0195;0.1941;-3.61E-08;2.2019;1042.6
ENVI;5;6;9.608;42;-144;142.819;13.3509;35.8035;-0.017;0.1888;1.00E-12;2.1953;1043
ENVI;5;6;9.608;42;-145;143.81;13.3422;35.8068;-0.0355;0.183;1.00E-12;2.1892;1043.3
ENVI;5;6;9.608;42;-146;144.802;13.3386;35.8127;-0.0604;0.1719;1.00E-12;2.1801;1044.2
ENVI;5;6;9.608;42;-147;145.793;13.328;35.8181;-0.0626;0.1723;1.00E-12;2.1734;1048.3
ENVI;5;6;9.608;42;-148;146.785;13.3215;35.8198;-0.0577;0.1752;1.00E-12;2.1704;1051.8
ENVI;5;6;9.608;42;-149;147.776;13.2917;35.8185;-0.0587;0.1784;1.00E-12;2.1682;1051.6
ENVI;5;6;9.608;42;-150;148.767;13.2642;35.8188;-0.0609;0.1788;1.00E-12;2.166;1053.1
ENVI;5;6;9.608;42;-151;149.759;13.2606;35.8186;-0.07;0.1671;1.00E-12;2.1635;1052.3
ENVI;5;6;9.608;42;-152;150.75;13.2424;35.8176;-0.0702;0.1783;1.00E-12;2.1609;1052
ENVI;5;6;9.608;42;-153;151.742;13.2114;35.8169;-0.0721;0.1823;1.00E-12;2.1582;1052.6
ENVI;5;6;9.608;42;-154;152.733;13.206;35.8162;-0.0813;0.1676;1.00E-12;2.1558;1052.6
ENVI;5;6;9.608;42;-155;153.725;13.2025;35.8156;-0.0764;0.1669;1.00E-12;2.1535;1053.7
ENVI;5;6;9.608;42;-156;154.716;13.1959;35.8147;-0.0733;0.1704;1.00E-12;2.151;1055.4
ENVI;5;6;9.608;42;-157;155.707;13.1909;35.8141;-0.082;0.173;1.00E-12;2.149;1057.7
ENVI;5;6;9.608;42;-158;156.699;13.1899;35.8136;-0.0817;0.1599;1.00E-12;2.1474;1060.4
ENVI;5;6;9.608;42;-159;157.69;13.2056;35.8137;-0.0832;0.1473;1.00E-12;2.1454;1061.8
ENVI;5;6;9.608;42;-160;158.682;13.1988;35.8129;-0.0824;0.158;1.00E-12;2.1453;1061.7
ENVI;5;6;9.608;42;-161;159.673;13.1782;35.8117;-0.0825;0.1617;1.00E-12;2.1451;1065.2
ENVI;5;6;9.608;42;-162;160.664;13.1575;35.8091;-0.0839;0.1723;1.00E-12;2.1445;1067.1
ENVI;5;6;9.608;42;-163;161.656;13.1472;35.808;-0.0817;0.1766;1.00E-12;2.1435;1070.1
ENVI;5;6;9.608;42;-164;162.647;13.1443;35.8072;-0.0824;0.1752;1.00E-12;2.1419;1072
ENVI;5;6;9.608;42;-165;163.638;13.1355;35.8058;-0.0824;0.1678;1.00E-12;2.1405;1071.3
ENVI;5;6;9.608;42;-166;164.63;13.1057;35.8022;-0.0834;0.1633;1.00E-12;2.1396;1070.5
ENVI;5;6;9.608;42;-167;165.621;13.0882;35.8;-0.0824;0.1627;1.00E-12;2.1384;1070.4
ENVI;5;6;9.608;42;-168;166.612;13.0703;35.7972;-0.0806;0.1664;1.00E-12;2.1372;1072.3
ENVI;5;6;9.608;42;-169;167.604;13.0588;35.7954;-0.0817;0.1543;1.00E-12;2.136;1077
ENVI;5;6;9.608;42;-170;168.595;13.0574;35.7948;-0.0736;0.1496;1.00E-12;2.135;1082.7
ENVI;5;6;9.608;42;-171;169.586;13.0416;35.7928;-0.0715;0.1489;1.00E-12;2.1346;1085.1
ENVI;5;6;9.608;42;-172;170.578;13.0719;35.7966;-0.0979;0.1538;1.00E-12;2.1348;1084.3
ENVI;5;6;9.608;42;-173;171.569;13.0607;35.793;-0.0938;0.1659;1.00E-12;2.1349;1087.6
ENVI;5;6;9.608;42;-174;172.56;13.0128;35.7885;-0.0818;0.1606;1.00E-12;2.1345;1093
ENVI;5;6;9.608;42;-175;173.551;13.0049;35.7868;-0.0817;0.1601;1.00E-12;2.1335;1097.1
ENVI;5;6;9.608;42;-176;174.543;12.9879;35.7844;-0.0824;0.1604;1.00E-12;2.1321;1101.2
ENVI;5;6;9.608;42;-177;175.534;12.928;35.7763;-0.1166;0.1612;1.00E-12;2.1307;1102.7
ENVI;5;6;9.608;42;-178;176.525;12.879;35.7711;-0.1063;0.1611;1.00E-12;2.1285;1099.8
ENVI;5;6;9.608;42;-179;177.517;12.8545;35.7678;-0.0935;0.1611;1.00E-12;2.1259;1097.8
ENVI;5;6;9.608;42;-180;178.508;12.8412;35.7658;-0.0836;0.1607;1.00E-12;2.1227;1095.5
ENVI;5;6;9.608;42;-181;179.5;12.8366;35.7646;-0.0926;0.165;1.00E-12;2.1194;1096.6
ENVI;5;6;9.608;42;-182;180.49;12.833;35.7634;-0.0939;0.1565;1.00E-12;2.1158;1099.8
ENVI;5;6;9.608;42;-183;181.482;12.8309;35.7628;-0.0947;0.145;1.00E-12;2.113;1105.2
ENVI;5;6;9.608;42;-184;182.473;12.8254;35.762;-0.0939;0.1298;1.00E-12;2.1115;1109.1
ENVI;5;6;9.608;42;-185;183.464;12.8226;35.761;-0.0867;0.1446;1.00E-12;2.1097;1109.1
ENVI;5;6;9.608;42;-186;184.456;12.8265;35.7618;-0.0917;0.1484;1.00E-12;2.1079;1105
ENVI;5;6;9.608;42;-187;185.447;12.7905;35.7572;-0.0835;0.1481;1.00E-12;2.1071;1110.4
ENVI;5;6;9.608;42;-188;186.438;12.7795;35.7554;-0.0938;0.1539;1.00E-12;2.1055;1113.9
ENVI;5;6;9.608;42;-189;187.429;12.7682;35.7541;-0.1001;0.1547;1.00E-12;2.1039;1114.9
ENVI;5;6;9.608;42;-190;188.42;12.7612;35.753;-0.1055;0.1561;1.00E-12;2.1017;1113.6
ENVI;5;6;9.608;42;-191;189.412;12.7543;35.7521;-0.0935;0.167;1.00E-12;2.1004;1113.4
ENVI;5;6;9.608;42;-192;190.403;12.7545;35.752;-0.0939;0.158;1.00E-12;2.0992;1113.2
ENVI;5;6;9.608;42;-193;191.394;12.7467;35.751;-0.0891;0.1563;1.00E-12;2.0975;1109.7
ENVI;5;6;9.608;42;-194;192.385;12.7347;35.7495;-0.0835;0.1608;1.00E-12;2.0962;1108.1
ENVI;5;6;9.608;42;-195;193.377;12.7243;35.7481;-0.0937;0.1604;1.00E-12;2.0948;1109
ENVI;5;6;9.608;42;-196;194.368;12.7104;35.7463;-0.0933;0.1516;1.00E-12;2.093;1110.7
ENVI;5;6;9.608;42;-197;195.359;12.6933;35.7443;-0.0997;0.1459;1.00E-12;2.0916;1112
ENVI;5;6;9.608;42;-198;196.35;12.6759;35.7422;-0.106;0.1419;1.00E-12;2.0913;1112.6
ENVI;5;6;9.608;42;-199;197.341;12.6714;35.7411;-0.0915;0.1386;1.00E-12;2.0899;1113.9
ENVI;5;6;9.608;42;-200;198.333;12.6637;35.7396;-0.0826;0.1487;1.00E-12;2.0869;1111.8
ENVI;5;6;9.608;42;-201;199.324;12.6513;35.7375;-0.0871;0.1535;1.00E-12;2.0846;1111.6
ENVI;5;6;9.608;42;-202;200.315;12.6435;35.7361;-0.0808;0.1532;1.00E-12;2.0838;1115.8
ENVI;5;6;9.608;42;-203;201.306;12.6274;35.7329;-0.0785;0.1483;1.00E-12;2.0829;1120.8
ENVI;5;6;9.608;42;-204;202.297;12.6165;35.7311;-0.0905;0.1526;1.00E-12;2.0825;1125
ENVI;5;6;9.608;42;-205;203.288;12.6106;35.7299;-0.0865;0.1581;1.00E-12;2.0823;1128.1
ENVI;5;6;9.608;42;-206;204.28;12.605;35.7289;-0.0838;0.1612;1.00E-12;2.0832;1128.5
ENVI;5;6;9.608;42;-207;205.271;12.6006;35.7278;-0.0942;0.1667;1.00E-12;2.0838;1131.1
ENVI;5;6;9.608;42;-208;206.262;12.5996;35.7277;-0.0939;0.1557;1.00E-12;2.0847;1133.5
ENVI;5;6;9.608;42;-209;207.253;12.5998;35.7276;-0.0932;0.1506;1.00E-12;2.0852;1135.7
ENVI;5;6;9.608;42;-210;208.244;12.5937;35.7264;-0.0827;0.1599;1.00E-12;2.0861;1139.3
ENVI;5;6;9.608;42;-211;209.236;12.5687;35.7219;-0.0883;0.1601;1.00E-12;2.0863;1144.2
ENVI;5;6;9.608;42;-212;210.227;12.4881;35.7095;-0.0934;0.1594;1.00E-12;2.0864;1149.1
ENVI;5;6;9.608;42;-213;211.218;12.4461;35.7039;-0.0815;0.1543;1.00E-12;2.0857;1153.7
ENVI;5;6;9.608;42;-214;212.209;12.4473;35.703;-0.0913;0.1451;1.00E-12;2.0899;1158.3
ENVI;5;6;9.608;42;-215;213.2;12.4187;35.6981;-0.0831;0.1455;1.00E-12;2.1034;1158.1
ENVI;5;6;9.608;42;-216;214.191;12.4059;35.6961;-0.0892;0.1485;1.00E-12;2.1082;1158.5
ENVI;5;6;9.608;42;-217;215.182;12.3929;35.6939;-0.0941;0.1545;1.00E-12;2.1109;1162.3
ENVI;5;6;9.608;42;-218;216.173;12.383;35.6926;-0.0881;0.1581;1.00E-12;2.1127;1166.5
ENVI;5;6;9.608;42;-219;217.164;12.3752;35.6915;-0.086;0.1601;1.00E-12;2.1136;1171.2
ENVI;5;6;9.608;42;-220;218.155;12.3651;35.6898;-0.1051;0.1601;1.00E-12;2.1139;1174.2
ENVI;5;6;9.608;42;-221;219.146;12.3458;35.6875;-0.0939;0.1534;1.00E-12;2.1149;1177.3
ENVI;5;6;9.608;42;-222;220.138;12.3028;35.6822;-0.0829;0.1488;1.00E-12;2.1156;1180.7
ENVI;5;6;9.608;42;-223;221.129;12.2859;35.6822;-0.1056;0.166;1.00E-12;2.1149;1183.9
ENVI;5;6;9.608;42;-224;222.12;12.2787;35.6822;-0.0935;0.1566;1.00E-12;2.1143;1188.1
ENVI;5;6;9.608;42;-225;223.111;12.2701;35.6814;-0.0827;0.1488;1.00E-12;2.1141;1192.9
ENVI;5;6;9.608;42;-226;224.102;12.2534;35.6804;-0.0944;0.1617;1.00E-12;2.1132;1199.2
ENVI;5;6;9.608;42;-227;225.093;12.2386;35.6792;-0.1014;0.1618;1.00E-12;2.111;1208.5
ENVI;5;6;9.608;42;-228;226.084;12.2297;35.6783;-0.0934;0.1509;1.00E-12;2.1074;1223.2
ENVI;5;6;9.608;42;-229;227.075;12.2284;35.6779;-0.0886;0.1486;1.00E-12;2.1043;1242.8
ENVI;5;6;9.608;42;-230;228.066;12.2231;35.6769;-0.0887;0.1491;1.00E-12;2.1026;1259.3
ENVI;5;6;9.608;42;-231;229.057;12.218;35.6764;-0.0838;0.1439;1.00E-12;2.1011;1274.3
ENVI;5;6;9.608;42;-232;230.048;12.2162;35.676;-0.0899;0.1525;1.00E-12;2.0994;1289
ENVI;5;6;9.608;42;-233;231.039;12.2056;35.6742;-0.0971;0.156;1.00E-12;2.0984;1299.9
ENVI;5;6;9.608;42;-234;232.03;12.1893;35.6727;-0.0961;0.1498;1.00E-12;2.0978;1298.7
ENVI;5;6;9.608;42;-235;233.021;12.181;35.6711;-0.0995;0.14;1.00E-12;2.0978;1284
ENVI;5;6;9.608;42;-236;234.012;12.1666;35.6694;-0.0986;0.1434;1.00E-12;2.0982;1283.7
ENVI;5;6;9.608;42;-237;235.003;12.1435;35.6677;-0.1033;0.1606;1.00E-12;2.0982;1286.4
ENVI;5;6;9.608;42;-238;235.994;12.1231;35.6662;-0.0824;0.1594;1.00E-12;2.0978;1287.2
ENVI;5;6;9.608;42;-239;236.985;12.1096;35.6657;-0.0949;0.1538;1.00E-12;2.0978;1288.6
ENVI;5;6;9.608;42;-240;237.976;12.1033;35.6649;-0.0953;0.1502;1.00E-12;2.0966;1291.1
ENVI;5;6;9.608;42;-241;238.967;12.0884;35.6632;-0.0939;0.1483;1.00E-12;2.0958;1292.8
ENVI;5;6;9.608;42;-242;239.958;12.0806;35.6625;-0.0932;0.1483;1.00E-12;2.0948;1293.6
ENVI;5;6;9.608;42;-243;240.949;12.0763;35.6618;-0.0947;0.1532;1.00E-12;2.0936;1295.3
ENVI;5;6;9.608;42;-244;241.94;12.0725;35.6611;-0.0926;0.1537;1.00E-12;2.0926;1301.2
ENVI;5;6;9.608;42;-245;242.931;12.0652;35.6603;-0.082;0.1481;1.00E-12;2.0918;1309.9
ENVI;5;6;9.608;42;-246;243.922;12.059;35.6598;-0.0959;0.1554;1.00E-12;2.0915;1321.3
ENVI;5;6;9.608;42;-247;244.913;12.0643;35.6595;-0.0978;0.1484;1.00E-12;2.0915;1415.8
ENVI;5;6;9.608;42;-248;245.904;12.0432;35.6576;-0.0945;0.1514;1.00E-12;2.0927;1620
ENVI;5;6;9.608;42;-249;246.895;12.0237;35.6562;-0.0939;0.1536;1.00E-12;2.092;1646
ENVI;5;6;9.608;42;-250;247.886;12.0149;35.6554;-0.0934;0.149;1.00E-12;2.0901;1660.5
ENVI;5;6;9.608;42;-251;248.877;12.016;35.655;-0.0859;0.1407;1.00E-12;2.0876;1645.6
ENVI;5;61;9.708;42;-5;4.961;14.0568;34.4527;2.2249;0.3254;147.23;2.384;1381.6
ENVI;5;61;9.708;42;-6;5.953;14.0952;35.6195;1.929;0.3286;127.3;2.4986;1229.7
ENVI;5;61;9.708;42;-7;6.945;14.0975;35.7659;1.9076;0.32;112.78;2.5138;1164.5
ENVI;5;61;9.708;42;-8;7.937;14.0943;35.7659;2.0848;0.3561;104.12;2.5138;1149.8
ENVI;5;61;9.708;42;-9;8.929;14.087;35.7662;2.3359;0.3397;90.925;2.5127;1132
ENVI;5;61;9.708;42;-10;9.921;14.0835;35.7661;2.5401;0.3573;81.118;2.5122;1120
ENVI;5;61;9.708;42;-11;10.913;14.0757;35.7663;2.7838;0.3434;70.479;2.513;1111.8
ENVI;5;61;9.708;42;-12;11.905;14.068;35.7665;2.8276;0.3151;60.833;2.5132;1102.8
ENVI;5;61;9.708;42;-13;12.897;14.0501;35.7679;3.3602;0.3688;57.089;2.5113;1096.4
ENVI;5;61;9.708;42;-14;13.889;14.0434;35.7683;3.1745;0.354;50.083;2.5108;1093.7
ENVI;5;61;9.708;42;-15;14.882;14.0387;35.7684;3.3997;0.3655;44.912;2.5099;1092
ENVI;5;61;9.708;42;-16;15.874;14.0271;35.7686;3.4736;0.3415;37.871;2.5067;1084.7
ENVI;5;61;9.708;42;-17;16.866;14.0221;35.7689;3.204;0.3341;35.863;2.5043;1076.7
ENVI;5;61;9.708;42;-18;17.858;14.01;35.7697;3.1646;0.3545;33.983;2.503;1072.4
ENVI;5;61;9.708;42;-19;18.85;14.0056;35.7698;3.3982;0.3504;31.848;2.502;1070
ENVI;5;61;9.708;42;-20;19.842;14.003;35.7699;3.4003;0.3424;28.611;2.5006;1067.8
ENVI;5;61;9.708;42;-21;20.834;14.0001;35.7698;3.6409;0.3271;24.164;2.4952;1064
ENVI;5;61;9.708;42;-22;21.826;13.9984;35.7699;3.3516;0.3206;21.359;2.4903;1058.4
ENVI;5;61;9.708;42;-23;22.818;13.9922;35.7707;3.1178;0.328;19.845;2.4881;1053.2
ENVI;5;61;9.708;42;-24;23.81;13.9886;35.7714;3.0375;0.3297;18.304;2.485;1050
ENVI;5;61;9.708;42;-25;24.802;13.9854;35.772;3.2752;0.3236;16.886;2.4818;1046.4
ENVI;5;61;9.708;42;-26;25.794;13.9853;35.7721;4.1594;0.3328;15.518;2.4775;1042.4
ENVI;5;61;9.708;42;-27;26.786;13.9856;35.772;3.7311;0.3285;14.604;2.4708;1039.2
ENVI;5;61;9.708;42;-28;27.778;13.986;35.7718;2.8236;0.3045;13.325;2.4654;1038.8
ENVI;5;61;9.708;42;-29;28.77;13.9854;35.7718;2.835;0.3009;11.006;2.4617;1039
ENVI;5;61;9.708;42;-30;29.762;13.9852;35.7719;2.9042;0.3545;10.313;2.461;1033.2
ENVI;5;61;9.708;42;-31;30.754;13.9853;35.7719;2.8862;0.3302;9.8303;2.4592;1032.5
ENVI;5;61;9.708;42;-32;31.746;13.9857;35.772;2.7642;0.3157;9.1982;2.4579;1030.7
ENVI;5;61;9.708;42;-33;32.738;13.9854;35.7721;2.8736;0.3267;8.4999;2.4566;1027.5
ENVI;5;61;9.708;42;-34;33.73;13.9852;35.772;2.999;0.3367;7.8106;2.4555;1023.7
ENVI;5;61;9.708;42;-35;34.722;13.9841;35.7723;2.5751;0.3057;7.2023;2.4542;1021.1
ENVI;5;61;9.708;42;-36;35.714;13.9839;35.7722;2.5558;0.2918;6.0557;2.4499;1026
ENVI;5;61;9.708;42;-37;36.706;13.9847;35.7722;2.6061;0.334;5.5737;2.451;1021.4
ENVI;5;61;9.708;42;-38;37.698;13.9789;35.7734;2.5167;0.3472;5.175;2.4508;1022.3
ENVI;5;61;9.708;42;-39;38.69;13.9774;35.774;2.4451;0.3462;4.921;2.4498;1021.4
ENVI;5;61;9.708;42;-40;39.682;13.9771;35.7744;2.1038;0.3123;4.6836;2.4489;1019.4
ENVI;5;61;9.708;42;-41;40.674;13.9769;35.7748;2.0032;0.301;4.3734;2.4465;1016.2
ENVI;5;61;9.708;42;-42;41.666;13.9764;35.7753;2.0417;0.3157;4.0776;2.4419;1009.8
ENVI;5;61;9.708;42;-43;42.658;13.976;35.7753;1.7787;0.2595;3.4108;2.431;1015.1
ENVI;5;61;9.708;42;-44;43.65;13.976;35.7755;1.8069;0.2827;3.1815;2.4301;1017
ENVI;5;61;9.708;42;-45;44.641;13.9749;35.7758;1.9628;0.3104;2.9816;2.4304;1017.5
ENVI;5;61;9.708;42;-46;45.634;13.9753;35.7767;1.97;0.3177;2.8286;2.4304;1014.4
ENVI;5;61;9.708;42;-47;46.625;13.9754;35.7771;1.8307;0.3022;2.6659;2.4294;1006.4
ENVI;5;61;9.708;42;-48;47.617;13.9754;35.7785;1.7947;0.3229;2.4691;2.4282;1000.3
ENVI;5;61;9.708;42;-49;48.609;13.9786;35.7843;1.678;0.2782;2.2593;2.427;997.56
ENVI;5;61;9.708;42;-50;49.601;13.9836;35.7874;1.5068;0.2547;2.0203;2.4204;1001.7
ENVI;5;61;9.708;42;-51;50.593;13.9843;35.7879;1.388;0.2613;1.8714;2.415;1002.3
ENVI;5;61;9.708;42;-52;51.585;13.9843;35.7881;1.4202;0.2759;1.7575;2.4142;1002.4
ENVI;5;61;9.708;42;-53;52.577;13.9838;35.7886;1.45;0.2842;1.6416;2.413;999.75
ENVI;5;61;9.708;42;-54;53.569;13.9833;35.7894;1.4734;0.28;1.5057;2.4129;994.07
ENVI;5;61;9.708;42;-55;54.561;13.9826;35.7909;1.4024;0.2631;1.3822;2.4134;986.81
ENVI;5;61;9.708;42;-56;55.553;13.9809;35.7922;1.3619;0.245;1.2959;2.4136;991.7
ENVI;5;61;9.708;42;-57;56.545;13.9767;35.7937;1.2665;0.2467;1.2274;2.4116;992.54
ENVI;5;61;9.708;42;-58;57.536;13.9786;35.7973;1.1078;0.234;1.1579;2.4105;990.12
ENVI;5;61;9.708;42;-59;58.528;13.9761;35.7983;0.999;0.2395;1.0865;2.4083;988.8
ENVI;5;61;9.708;42;-60;59.52;13.9735;35.7984;1.123;0.2284;0.99674;2.4071;987.33
ENVI;5;61;9.708;42;-61;60.512;13.9715;35.7984;1.0976;0.2244;0.92355;2.4055;985.58
ENVI;5;61;9.708;42;-62;61.504;13.9707;35.7983;0.9817;0.2214;0.82824;2.401;981.13
ENVI;5;61;9.708;42;-63;62.496;13.9711;35.7984;0.9394;0.2192;0.77835;2.4;978.67
ENVI;5;61;9.708;42;-64;63.487;13.9713;35.7984;1.0047;0.2281;0.75822;2.4005;977.5
ENVI;5;61;9.708;42;-65;64.479;13.972;35.7983;1.0389;0.235;0.70765;2.3998;975.67
ENVI;5;61;9.708;42;-66;65.471;13.9724;35.7988;1.054;0.2397;0.66334;2.3993;974.2
ENVI;5;61;9.708;42;-67;66.463;13.9724;35.799;1.0449;0.2325;0.63041;2.3988;971.67
ENVI;5;61;9.708;42;-68;67.455;13.9723;35.7991;1.0307;0.2306;0.61652;2.3984;969.25
ENVI;5;61;9.708;42;-69;68.447;13.9722;35.7987;1.0511;0.2271;0.52053;2.3984;966.51
ENVI;5;61;9.708;42;-70;69.438;13.9717;35.799;1.004;0.2332;0.44792;2.398;964.38
ENVI;5;61;9.708;42;-71;70.43;13.9709;35.7996;1.0186;0.2333;0.43097;2.397;963.08
ENVI;5;61;9.708;42;-72;71.422;13.9709;35.7995;1.0238;0.2352;0.41433;2.3968;959.14
ENVI;5;61;9.708;42;-73;72.414;13.9704;35.7997;0.9352;0.2534;0.3891;2.3964;954.99
ENVI;5;61;9.708;42;-74;73.405;13.9669;35.7999;0.9367;0.2404;0.36516;2.3957;950.39
ENVI;5;61;9.708;42;-75;74.397;13.9623;35.8001;0.9051;0.2319;0.35323;2.3952;947.69
ENVI;5;61;9.708;42;-76;75.389;13.9609;35.7999;0.8763;0.2219;0.33191;2.3934;952.64
ENVI;5;61;9.708;42;-77;76.381;13.9609;35.8001;0.9422;0.229;0.28921;2.3929;953.61
ENVI;5;61;9.708;42;-78;77.373;13.9603;35.8002;0.848;0.2287;0.28209;2.3921;950.46
ENVI;5;61;9.708;42;-79;78.365;13.9601;35.8;0.8549;0.2299;0.27328;2.3911;948.05
ENVI;5;61;9.708;42;-80;79.356;13.9599;35.8001;0.8719;0.2354;0.25916;2.3903;943.91
ENVI;5;61;9.708;42;-81;80.348;13.9603;35.8;0.8521;0.2303;0.24724;2.3893;939.62
ENVI;5;61;9.708;42;-82;81.34;13.9594;35.7999;0.849;0.2264;0.22959;2.3885;937.31
ENVI;5;61;9.708;42;-83;82.331;13.9512;35.7997;0.7902;0.2089;0.16561;2.3878;942.85
ENVI;5;61;9.708;42;-84;83.323;13.9496;35.8;0.6895;0.2035;0.055772;2.3875;942.58
ENVI;5;61;9.708;42;-85;84.315;13.9479;35.8;0.644;0.1938;0.0082548;2.3865;935.57
ENVI;5;61;9.708;42;-86;85.306;13.9471;35.8;0.64;0.1964;-0.0001064;2.386;930.16
ENVI;5;61;9.708;42;-87;86.298;13.9457;35.8;0.6465;0.2003;0.021776;2.3849;929.03
ENVI;5;61;9.708;42;-88;87.29;13.9438;35.8002;0.6963;0.2091;0.15893;2.3814;938.04
ENVI;5;61;9.708;42;-89;88.282;13.943;35.8003;0.7088;0.2145;0.1199;2.3806;940.36
ENVI;5;61;9.708;42;-90;89.273;13.9421;35.8003;0.7042;0.2081;0.11699;2.3803;942.14
ENVI;5;61;9.708;42;-91;90.265;13.9412;35.8002;0.679;0.2074;0.10784;2.3796;941.48
ENVI;5;61;9.708;42;-92;91.257;13.9398;35.8002;0.6752;0.2056;0.1021;2.3786;936.97
ENVI;5;61;9.708;42;-93;92.249;13.9386;35.8002;0.6426;0.21;0.091507;2.3777;933.85
ENVI;5;61;9.708;42;-94;93.24;13.9368;35.8;0.6286;0.2102;0.08336;2.3769;935.49
ENVI;5;61;9.708;42;-95;94.232;13.9353;35.7995;0.6457;0.2;0.076906;2.3749;941.8
ENVI;5;61;9.708;42;-96;95.224;13.9345;35.7996;0.5704;0.2034;0.073342;2.3741;941.18
ENVI;5;61;9.708;42;-97;96.215;13.9343;35.7997;0.6409;0.2154;0.062881;2.3734;941.65
ENVI;5;61;9.708;42;-98;97.207;13.9335;35.7994;0.6563;0.2146;0.055312;2.3726;941.65
ENVI;5;61;9.708;42;-99;98.199;13.933;35.7994;0.6595;0.2129;0.048864;2.3723;941.31
ENVI;5;61;9.708;42;-100;99.19;13.9315;35.7989;0.6383;0.2017;0.050453;2.3719;938.51
ENVI;5;61;9.708;42;-101;100.182;13.9301;35.7986;0.5976;0.1969;0.04306;2.3705;941.22
ENVI;5;61;9.708;42;-102;101.174;13.9253;35.7982;0.5875;0.1898;0.042317;2.3708;940.93
ENVI;5;61;9.708;42;-103;102.166;13.9206;35.7976;0.6183;0.2091;0.035202;2.3703;940.34
ENVI;5;61;9.708;42;-104;103.157;13.9013;35.7949;0.6278;0.2107;0.029821;2.369;939.66
ENVI;5;61;9.708;42;-105;104.149;13.8722;35.7923;0.6179;0.2107;0.025032;2.3677;939.65
ENVI;5;61;9.708;42;-106;105.14;13.8587;35.7915;0.4792;0.2041;0.017417;2.3657;939.08
ENVI;5;61;9.708;42;-107;106.132;13.8542;35.7901;0.4173;0.2014;0.015481;2.351;939
ENVI;5;61;9.708;42;-108;107.123;13.8429;35.7887;0.4689;0.1872;0.0052785;2.3377;939.66
ENVI;5;61;9.708;42;-109;108.115;13.8319;35.7876;0.4319;0.1915;0.0016292;2.3367;939.65
ENVI;5;61;9.708;42;-110;109.107;13.8149;35.7856;0.3683;0.2118;-0.00003257;2.3357;939.65
ENVI;5;61;9.708;42;-111;110.098;13.7637;35.781;0.295;0.2014;1.00E-12;2.3334;939.88
ENVI;5;61;9.708;42;-112;111.09;13.7024;35.7799;0.2481;0.1995;1.00E-12;2.33;939.64
ENVI;5;61;9.708;42;-113;112.081;13.6979;35.779;0.1853;0.1994;1.00E-12;2.3252;939.31
ENVI;5;61;9.708;42;-114;113.073;13.679;35.7773;0.1358;0.2141;1.00E-12;2.3188;937.73
ENVI;5;61;9.708;42;-115;114.065;13.6553;35.7749;0.1104;0.1965;1.00E-12;2.3066;937.66
ENVI;5;61;9.708;42;-116;115.056;13.6356;35.7733;0.0957;0.1972;1.00E-12;2.2926;939.11
ENVI;5;61;9.708;42;-117;116.048;13.6339;35.7728;0.0968;0.1924;1.00E-12;2.2862;939.78
ENVI;5;61;9.708;42;-118;117.039;13.6257;35.7721;0.1002;0.1885;1.00E-12;2.283;939.65
ENVI;5;61;9.708;42;-119;118.031;13.5781;35.772;0.089;0.2159;1.00E-12;2.2805;939.65
ENVI;5;61;9.708;42;-120;119.023;13.5711;35.7722;0.0603;0.1959;1.00E-12;2.2779;939.65
ENVI;5;61;9.708;42;-121;120.014;13.5432;35.7706;0.0534;0.189;1.00E-12;2.2746;939.65
ENVI;5;61;9.708;42;-122;121.006;13.5186;35.7693;0.0553;0.1846;1.00E-12;2.2712;939.65
ENVI;5;61;9.708;42;-123;121.997;13.508;35.7677;0.0363;0.1798;1.00E-12;2.264;939.65
ENVI;5;61;9.708;42;-124;122.989;13.4951;35.7656;0.0611;0.1752;1.00E-12;2.2567;941.33
ENVI;5;61;9.708;42;-125;123.98;13.4662;35.764;0.0585;0.1793;1.00E-12;2.2563;939.35
ENVI;5;61;9.708;42;-126;124.972;13.434;35.7626;0.029;0.1848;1.00E-12;2.2555;938.96
ENVI;5;61;9.708;42;-127;125.964;13.4025;35.7631;0.0297;0.1845;1.00E-12;2.2541;939.65
ENVI;5;61;9.708;42;-128;126.955;13.3897;35.7633;0.0282;0.179;1.00E-12;2.2525;939.65
ENVI;5;61;9.708;42;-129;127.947;13.3804;35.7632;0.029;0.1772;1.00E-12;2.251;939.65
ENVI;5;61;9.708;42;-130;128.938;13.376;35.763;0.0225;0.1857;1.00E-12;2.2483;939.65
ENVI;5;61;9.708;42;-131;129.93;13.3739;35.7628;0.0112;0.1648;1.00E-12;2.2452;938.16
ENVI;5;61;9.708;42;-132;130.921;13.374;35.7626;0.0071;0.168;1.00E-12;2.2434;937.67
ENVI;5;61;9.708;42;-133;131.913;13.3695;35.7639;0.0048;0.1786;1.00E-12;2.2411;937.66
ENVI;5;61;9.708;42;-134;132.904;13.3584;35.7698;-0.0105;0.1659;1.00E-12;2.2392;937.96
ENVI;5;61;9.708;42;-135;133.896;13.3516;35.771;-0.0085;0.153;1.00E-12;2.2347;939.58
ENVI;5;61;9.708;42;-136;134.887;13.3493;35.7722;-0.0084;0.164;1.00E-12;2.2301;939.95
ENVI;5;61;9.708;42;-137;135.879;13.3453;35.7716;-0.0014;0.1663;1.00E-12;2.2249;939.66
ENVI;5;61;9.708;42;-138;136.87;13.3419;35.7717;-0.0238;0.1921;1.00E-12;2.2203;938.79
ENVI;5;61;9.708;42;-139;137.862;13.3406;35.7729;-0.0104;0.1649;1.00E-12;2.2182;939.48
ENVI;5;61;9.708;42;-140;138.853;13.3373;35.774;-0.0005;0.1759;1.00E-12;2.2165;939.66
ENVI;5;61;9.708;42;-141;139.844;13.3298;35.7756;-0.0295;0.1758;1.00E-12;2.2151;939.65
ENVI;5;61;9.708;42;-142;140.836;13.3257;35.779;-0.0284;0.1678;1.00E-12;2.2133;939.02
ENVI;5;61;9.708;42;-143;141.827;13.3199;35.782;-0.0302;0.1662;1.00E-12;2.2112;938.11
ENVI;5;61;9.708;42;-144;142.819;13.301;35.7893;-0.039;0.1662;1.00E-12;2.2093;937.66
ENVI;5;61;9.708;42;-145;143.81;13.2817;35.7934;-0.0168;0.1783;1.00E-12;2.2064;936.12
ENVI;5;61;9.708;42;-146;144.802;13.2707;35.7956;-0.0432;0.1819;1.00E-12;2.2026;935.67
ENVI;5;61;9.708;42;-147;145.793;13.243;35.8009;-0.0621;0.1838;1.00E-12;2.1972;935.66
ENVI;5;61;9.708;42;-148;146.784;13.212;35.8114;-0.0695;0.1784;1.00E-12;2.1902;935.66
ENVI;5;61;9.708;42;-149;147.776;13.2068;35.8132;-0.0717;0.1758;1.00E-12;2.1819;936.23
ENVI;5;61;9.708;42;-150;148.768;13.2015;35.8125;-0.0862;0.179;1.00E-12;2.1709;937.3
ENVI;5;61;9.708;42;-151;149.759;13.1878;35.811;-0.0888;0.1806;1.00E-12;2.1587;937.25
ENVI;5;61;9.708;42;-152;150.75;13.1776;35.8098;-0.0846;0.1609;1.00E-12;2.1474;935.25
ENVI;5;61;9.708;42;-153;151.742;13.1571;35.8079;-0.0851;0.1756;1.00E-12;2.1445;935.09
ENVI;5;61;9.708;42;-154;152.733;13.129;35.8054;-0.0935;0.1791;1.00E-12;2.1434;935.67
ENVI;5;61;9.708;42;-155;153.725;13.1195;35.8054;-0.096;0.185;1.00E-12;2.1412;935.66
ENVI;5;61;9.708;42;-156;154.716;13.106;35.8034;-0.0919;0.1825;1.00E-12;2.1393;935.66
ENVI;5;61;9.708;42;-157;155.707;13.1034;35.8054;-0.0939;0.1788;1.00E-12;2.1374;935.22
ENVI;5;61;9.708;42;-158;156.699;13.1094;35.807;-0.0843;0.1736;1.00E-12;2.1357;934.59
ENVI;5;61;9.708;42;-159;157.69;13.1101;35.8072;-0.0831;0.1694;1.00E-12;2.1336;933.65
ENVI;5;61;9.708;42;-160;158.682;13.1061;35.8066;-0.0832;0.167;1.00E-12;2.1317;933.17
ENVI;5;61;9.708;42;-161;159.673;13.0813;35.8035;-0.0831;0.1749;1.00E-12;2.1302;933.2
ENVI;5;61;9.708;42;-162;160.664;13.0682;35.802;-0.0838;0.1762;1.00E-12;2.1274;932.4
ENVI;5;61;9.708;42;-163;161.655;13.0618;35.801;-0.0836;0.1783;1.00E-12;2.1245;933.63
ENVI;5;61;9.708;42;-164;162.647;13.0604;35.8004;-0.0855;0.1676;1.00E-12;2.1218;933.67
ENVI;5;61;9.708;42;-165;163.638;13.0568;35.7995;-0.0881;0.1668;1.00E-12;2.1192;935
ENVI;5;61;9.708;42;-166;164.63;13.057;35.7987;-0.0917;0.1519;1.00E-12;2.1168;932.32
ENVI;5;61;9.708;42;-167;165.621;13.0499;35.7979;-0.0818;0.1676;1.00E-12;2.1173;931.7
ENVI;5;61;9.708;42;-168;166.612;13.0473;35.7973;-0.0836;0.1662;1.00E-12;2.1167;933.35
ENVI;5;61;9.708;42;-169;167.604;13.0458;35.7971;-0.0851;0.1627;1.00E-12;2.1161;933.68
ENVI;5;61;9.708;42;-170;168.595;13.044;35.7969;-0.0853;0.1611;1.00E-12;2.115;933.67
ENVI;5;61;9.708;42;-171;169.587;13.0442;35.7966;-0.0942;0.1608;1.00E-12;2.1145;933.67
ENVI;5;61;9.708;42;-172;170.578;13.0398;35.7963;-0.1035;0.1659;1.00E-12;2.1134;933.67
ENVI;5;61;9.708;42;-173;171.569;13.0315;35.7949;-0.1011;0.1669;1.00E-12;2.1124;932.37
ENVI;5;61;9.708;42;-174;172.56;13.0274;35.7947;-0.0844;0.1669;1.00E-12;2.1118;931.78
ENVI;5;61;9.708;42;-175;173.552;13.0252;35.7942;-0.0918;0.1622;1.00E-12;2.1111;931.67
ENVI;5;61;9.708;42;-176;174.543;13.0156;35.7927;-0.0903;0.161;1.00E-12;2.1098;931.67
ENVI;5;61;9.708;42;-177;175.534;12.9795;35.788;-0.0835;0.1606;1.00E-12;2.1086;931.83
ENVI;5;61;9.708;42;-178;176.525;12.9838;35.7894;-0.0895;0.153;1.00E-12;2.1071;933.58
ENVI;5;61;9.708;42;-179;177.517;12.9621;35.7848;-0.1046;0.1469;1.00E-12;2.1058;931.02
ENVI;5;61;9.708;42;-180;178.508;12.9364;35.7819;-0.0975;0.1482;1.00E-12;2.1049;929.65
ENVI;5;61;9.708;42;-181;179.499;12.9361;35.7813;-0.1038;0.1514;1.00E-12;2.1037;930.15
ENVI;5;61;9.708;42;-182;180.491;12.9354;35.781;-0.081;0.1611;1.00E-12;2.1022;931.67
ENVI;5;61;9.708;42;-183;181.482;12.9345;35.7809;-0.0923;0.1508;1.00E-12;2.1013;933.52
ENVI;5;61;9.708;42;-184;182.473;12.932;35.7803;-0.0939;0.1502;1.00E-12;2.1001;933.67
ENVI;5;61;9.708;42;-185;183.465;12.9324;35.7803;-0.0932;0.1544;1.00E-12;2.0992;933.67
ENVI;5;61;9.708;42;-186;184.456;12.9313;35.7799;-0.0859;0.154;1.00E-12;2.0983;933.67
ENVI;5;61;9.708;42;-187;185.446;12.9239;35.779;-0.0881;0.1585;1.00E-12;2.0978;932.76
ENVI;5;61;9.708;42;-188;186.438;12.9129;35.7772;-0.0931;0.1667;1.00E-12;2.0973;932.38
ENVI;5;61;9.708;42;-189;187.43;12.9036;35.7761;-0.117;0.1566;1.00E-12;2.0969;933.53
ENVI;5;61;9.708;42;-190;188.421;12.898;35.7749;-0.0941;0.1512;1.00E-12;2.0962;934.13
ENVI;5;61;9.708;42;-191;189.412;12.882;35.7722;-0.0842;0.1596;1.00E-12;2.0957;933.76
ENVI;5;61;9.708;42;-192;190.403;12.8735;35.771;-0.0876;0.1522;1.00E-12;2.0953;931.61
ENVI;5;61;9.708;42;-193;191.394;12.8668;35.7696;-0.1068;0.1672;1.00E-12;2.0948;931.67
ENVI;5;61;9.708;42;-194;192.386;12.8561;35.7681;-0.0933;0.1742;1.00E-12;2.0944;932.62
ENVI;5;61;9.708;42;-195;193.377;12.8543;35.7676;-0.0939;0.1611;1.00E-12;2.0938;933.87
ENVI;5;61;9.708;42;-196;194.368;12.8504;35.7669;-0.0939;0.157;1.00E-12;2.0932;935.19
ENVI;5;61;9.708;42;-197;195.359;12.8478;35.7664;-0.099;0.1607;1.00E-12;2.0923;935.67
ENVI;5;61;9.708;42;-198;196.35;12.8433;35.7655;-0.1063;0.1632;1.00E-12;2.0923;935.66
ENVI;5;61;9.708;42;-199;197.342;12.8316;35.7636;-0.0937;0.1748;1.00E-12;2.0915;935.66
ENVI;5;61;9.708;42;-200;198.333;12.818;35.7614;-0.1032;0.1688;1.00E-12;2.091;935.66
ENVI;5;61;9.708;42;-201;199.324;12.8084;35.7601;-0.1003;0.164;1.00E-12;2.0902;935.66
ENVI;5;61;9.708;42;-202;200.315;12.8022;35.7588;-0.0832;0.1555;1.00E-12;2.0898;935.66
ENVI;5;61;9.708;42;-203;201.306;12.7987;35.7579;-0.0847;0.1555;1.00E-12;2.09;936.67
ENVI;5;61;9.708;42;-204;202.297;12.7973;35.7574;-0.0894;0.1592;1.00E-12;2.0915;935.68
ENVI;5;61;9.708;42;-205;203.288;12.7918;35.7567;-0.0891;0.1541;1.00E-12;2.0916;933.6
ENVI;5;61;9.708;42;-206;204.28;12.7915;35.7564;-0.1038;0.1572;1.00E-12;2.0907;933.95
ENVI;5;61;9.708;42;-207;205.271;12.788;35.7557;-0.0947;0.1665;1.00E-12;2.0905;934.49
ENVI;5;61;9.708;42;-208;206.262;12.785;35.7555;-0.0866;0.1669;1.00E-12;2.0903;935.69
ENVI;5;61;9.708;42;-209;207.253;12.7861;35.7555;-0.081;0.1669;1.00E-12;2.0903;937.11
ENVI;5;61;9.708;42;-210;208.244;12.7848;35.7552;-0.0852;0.1662;1.00E-12;2.0902;937.65
ENVI;5;61;9.708;42;-211;209.235;12.7815;35.7549;-0.0847;0.1619;1.00E-12;2.0903;937.66
ENVI;5;61;9.708;42;-212;210.226;12.7817;35.7547;-0.0869;0.1624;1.00E-12;2.0895;937.66
ENVI;5;61;9.708;42;-213;211.218;12.7745;35.754;-0.0934;0.1659;1.00E-12;2.0887;937.66
ENVI;5;61;9.708;42;-214;212.208;12.7668;35.7527;-0.0899;0.1468;1.00E-12;2.0877;938.08
ENVI;5;61;9.708;42;-215;213.2;12.7208;35.7477;-0.106;0.1513;1.00E-12;2.0864;937.7
ENVI;5;61;9.708;42;-216;214.191;12.7021;35.7458;-0.0852;0.1441;1.00E-12;2.083;935.98
ENVI;5;61;9.708;42;-217;215.182;12.6977;35.7449;-0.0836;0.1545;1.00E-12;2.0804;935.08
ENVI;5;61;9.708;42;-218;216.173;12.6879;35.7435;-0.1043;0.1671;1.00E-12;2.0789;935.88
ENVI;5;61;9.708;42;-219;217.165;12.6711;35.7418;-0.0937;0.1576;1.00E-12;2.0773;937.69
ENVI;5;61;9.708;42;-220;218.156;12.66;35.7401;-0.0823;0.1486;1.00E-12;2.0761;938.6
ENVI;5;61;9.708;42;-221;219.146;12.6477;35.7386;-0.0839;0.1544;1.00E-12;2.0741;938.83
ENVI;5;61;9.708;42;-222;220.137;12.6421;35.738;-0.0817;0.154;1.00E-12;2.0722;939.19
ENVI;5;61;9.708;42;-223;221.128;12.6384;35.7373;-0.0841;0.1544;1.00E-12;2.0711;939.41
ENVI;5;61;9.708;42;-224;222.12;12.6186;35.7349;-0.1058;0.154;1.00E-12;2.0696;938.8
ENVI;5;61;9.708;42;-225;223.111;12.5804;35.7315;-0.0982;0.1543;1.00E-12;2.0683;938.98
ENVI;5;61;9.708;42;-226;224.102;12.5699;35.7298;-0.0933;0.154;1.00E-12;2.0668;939.63
ENVI;5;61;9.708;42;-227;225.093;12.5921;35.731;-0.0952;0.142;1.00E-12;2.0643;937.8
ENVI;5;61;9.708;42;-228;226.084;12.5442;35.7249;-0.0996;0.1387;1.00E-12;2.0635;933.41
ENVI;5;61;9.708;42;-229;227.075;12.4728;35.7177;-0.0913;0.1469;1.00E-12;2.0623;935.4
ENVI;5;61;9.708;42;-230;228.066;12.4656;35.7171;-0.0824;0.1601;1.00E-12;2.0606;937.44
ENVI;5;61;9.708;42;-231;229.057;12.4507;35.7149;-0.0938;0.1601;1.00E-12;2.0592;938.7
ENVI;5;61;9.708;42;-232;230.048;12.4343;35.7132;-0.0884;0.1566;1.00E-12;2.0577;939.67
ENVI;5;61;9.708;42;-233;231.039;12.4238;35.7117;-0.083;0.1533;1.00E-12;2.0563;939.65
ENVI;5;61;9.708;42;-234;232.03;12.4111;35.7099;-0.0853;0.149;1.00E-12;2.0553;939.65
ENVI;5;61;9.708;42;-235;233.021;12.3933;35.7076;-0.0904;0.1449;1.00E-12;2.0546;939.65
ENVI;5;61;9.708;42;-236;234.012;12.3779;35.7056;-0.0939;0.1438;1.00E-12;2.0541;939.65
ENVI;5;61;9.708;42;-237;235.003;12.3671;35.7042;-0.0965;0.1486;1.00E-12;2.0534;940.29
ENVI;5;61;9.708;42;-238;235.994;12.366;35.7037;-0.0944;0.1479;1.00E-12;2.0533;940.77
ENVI;5;61;9.708;42;-239;236.985;12.3647;35.703;-0.0874;0.1418;1.00E-12;2.0529;941.65
ENVI;5;61;9.708;42;-240;237.976;12.3838;35.7046;-0.0832;0.1376;1.00E-12;2.0529;937.73
ENVI;5;61;9.708;42;-241;238.967;12.3615;35.7019;-0.0919;0.1357;1.00E-12;2.0536;931.94
ENVI;5;61;9.708;42;-242;239.958;12.3538;35.7012;-0.0891;0.1357;1.00E-12;2.0532;934.25
ENVI;5;61;9.708;42;-243;240.949;12.3419;35.6996;-0.0821;0.1361;1.00E-12;2.0523;938.79
ENVI;5;61;9.708;42;-244;241.94;12.3303;35.6985;-0.0817;0.1547;1.00E-12;2.0516;942.04
ENVI;5;61;9.708;42;-245;242.931;12.3228;35.6977;-0.0921;0.1459;1.00E-12;2.0503;943.65
ENVI;5;61;9.708;42;-246;243.922;12.3159;35.697;-0.0946;0.1483;1.00E-12;2.0499;944.17
ENVI;5;61;9.708;42;-247;244.913;12.3118;35.6964;-0.0945;0.1611;1.00E-12;2.0499;942.98
ENVI;5;61;9.708;42;-248;245.904;12.3044;35.6954;-0.0953;0.1498;1.00E-12;2.0499;941.74
ENVI;5;61;9.708;42;-249;246.894;12.2938;35.6933;-0.103;0.1433;1.00E-12;2.0509;941.65
