cruise;day;st;Longitude;Latitude;presion;depth;temp;sal;fluo;turb;par;oxig;PARsurf
ENVI;2;3;8.956;42;-4;3.969;13.0669;32.4809;1.1145;3.0666;1.155;2.2997;12.559
ENVI;2;3;8.956;42;-5;4.961;13.2171;34.2653;1.1051;3.5928;0.80663;2.4735;13.852
ENVI;2;3;8.956;42;-6;5.953;13.2459;34.2299;1.0897;3.6168;0.53143;2.4682;13.075
ENVI;2;3;8.956;42;-7;6.945;13.2555;34.2337;1.1267;3.3126;0.41457;2.4683;11.961
ENVI;2;3;8.956;42;-8;7.937;13.3219;34.2582;1.4259;3.0649;0.30838;2.469;11.97
ENVI;2;3;8.956;42;-9;8.929;13.3979;34.3159;1.6358;3.0529;0.21819;2.4687;11.97
ENVI;2;3;8.956;42;-10;9.921;13.4195;34.4174;1.6514;2.9947;0.15802;2.468;11.97
ENVI;2;3;8.956;42;-11;10.913;13.5451;34.7421;1.8561;2.4881;0.11032;2.4661;12.557
ENVI;2;3;8.956;42;-12;11.905;13.6561;34.7955;1.6519;1.7682;0.071639;2.4576;14.034
ENVI;2;3;8.956;42;-13;12.897;13.9091;35.0889;1.2189;2.207;0.030244;2.4496;13.731
ENVI;2;3;8.956;42;-14;13.89;13.911;35.2091;1.0112;2.029;0.017874;2.4377;12.098
ENVI;2;3;8.956;42;-15;14.882;13.9099;35.2706;1.0736;1.8801;0.016474;2.4261;11.976
ENVI;2;3;8.956;42;-16;15.874;13.9209;35.3074;1.107;1.6681;0.0089361;2.4191;11.97
ENVI;2;3;8.956;42;-17;16.866;13.9433;35.3387;1.1397;1.5343;0.0011446;2.4175;11.97
ENVI;2;3;8.956;42;-18;17.858;14.05;35.4233;0.9762;1.5515;0.00013012;2.4171;13.37
ENVI;2;3;8.956;42;-19;18.85;14.2095;35.5904;0.7472;1.7672;3.78E-06;2.4161;13.946
ENVI;2;3;8.956;42;-20;19.842;14.2329;35.675;0.5342;3.0863;1.00E-12;2.3602;13.965
ENVI;2;3;8.956;42;-21;20.834;13.8902;35.6054;0.5713;3.3272;1.00E-12;2.3179;13.965
ENVI;2;3;8.956;42;-22;21.826;13.8454;35.6154;0.5152;2.1574;1.00E-12;2.3054;13.965
ENVI;2;3;8.956;42;-23;22.818;13.9693;35.65;0.5315;2.8938;1.00E-12;2.3221;12.043
ENVI;2;3;8.956;42;-24;23.81;14.2227;35.7526;0.4792;4.3927;1.00E-12;2.3266;12.579
ENVI;2;3;8.956;42;-25;24.802;14.3714;35.7964;0.4751;5.148;1.00E-12;2.2991;14.1
ENVI;2;3;8.956;42;-26;25.794;14.3475;35.7959;0.498;6.1752;1.00E-12;2.2787;13.965
ENVI;2;3;8.956;42;-27;26.786;14.2918;35.7946;0.5066;6.4823;1.00E-12;2.2571;13.965
ENVI;2;3;8.956;42;-28;27.778;14.2708;35.7928;0.4486;4.6635;1.00E-12;2.2193;13.965
ENVI;2;3;8.956;42;-29;28.77;14.2142;35.7833;0.4611;5.0909;1.00E-12;2.2181;13.691
ENVI;2;3;8.956;42;-30;29.762;14.0086;35.7384;0.4507;4.1496;1.00E-12;2.223;11.838
ENVI;2;3;8.956;42;-31;30.754;13.7314;35.6945;0.4494;3.713;1.00E-12;2.2225;13.715
ENVI;2;3;8.956;42;-32;31.746;13.6888;35.6877;0.3979;2.5134;1.00E-12;2.2379;13.942
ENVI;2;3;8.956;42;-33;32.738;13.7734;35.7153;0.3299;2.0851;1.00E-12;2.2775;13.965
ENVI;2;3;8.956;42;-34;33.73;13.712;35.7089;0.3898;3.1444;1.00E-12;2.2877;13.965
ENVI;2;3;8.956;42;-35;34.722;13.6021;35.6994;0.3535;2.6909;1.00E-12;2.2817;13.965
ENVI;2;3;8.956;42;-36;35.714;13.5419;35.6984;0.2908;1.8274;1.00E-12;2.283;13.965
ENVI;2;3;8.956;42;-37;36.706;13.4993;35.7064;0.2748;1.8558;1.00E-12;2.2829;13.965
ENVI;2;3;8.956;42;-38;37.698;13.4918;35.7073;0.2326;1.7561;1.00E-12;2.2778;13.965
ENVI;2;3;8.956;42;-39;38.69;13.4807;35.7087;0.2524;2.0102;1.00E-12;2.2755;13.965
ENVI;2;3;8.956;42;-40;39.682;13.4594;35.7108;0.2651;2.0817;1.00E-12;2.273;13.965
ENVI;2;3;8.956;42;-41;40.674;13.4503;35.7112;0.243;2.1464;1.00E-12;2.2691;13.965
ENVI;2;3;8.956;42;-42;41.666;13.4492;35.7111;0.2821;2.1805;1.00E-12;2.2668;13.965
ENVI;2;3;8.956;42;-43;42.658;13.4344;35.7124;0.2618;2.3016;1.00E-12;2.2646;13.965
ENVI;2;3;8.956;42;-44;43.65;13.4034;35.7167;0.2136;1.892;1.00E-12;2.2587;13.965
ENVI;2;3;8.956;42;-45;44.642;13.388;35.7195;0.2236;2.2263;1.00E-12;2.2538;13.965
ENVI;2;3;8.956;42;-46;45.633;13.3554;35.7244;0.2518;2.6981;1.00E-12;2.251;13.965
ENVI;2;3;8.956;42;-47;46.625;13.301;35.7377;0.2591;3.2048;1.00E-12;2.2396;14.199
ENVI;2;3;8.956;42;-48;47.617;13.2158;35.7457;0.2609;3.4346;1.00E-12;2.2105;15.47
ENVI;2;3;8.956;42;-49;48.609;13.1344;35.7417;0.286;3.9844;1.00E-12;2.1967;15.1
ENVI;2;3;8.956;42;-50;49.601;13.0913;35.7372;0.2892;4.1496;1.00E-12;2.1858;14.795
ENVI;2;3;8.956;42;-51;50.593;13.0512;35.7319;0.2739;3.8142;1.00E-12;2.1749;14.166
ENVI;2;3;8.956;42;-52;51.585;12.9115;35.7243;0.2364;3.0085;1.00E-12;2.1678;13.96
ENVI;2;3;8.956;42;-53;52.577;12.828;35.7252;0.2527;3.2647;1.00E-12;2.1597;14.844
ENVI;2;3;8.956;42;-54;53.569;12.7847;35.7231;0.2728;3.1016;1.00E-12;2.1435;16.095
ENVI;2;3;8.956;42;-55;54.561;12.6839;35.7188;0.2602;3.8864;1.00E-12;2.1417;15.96
ENVI;2;3;8.956;42;-56;55.553;12.5413;35.718;0.2573;3.982;1.00E-12;2.1382;15.96
ENVI;2;3;8.956;42;-57;56.544;12.4973;35.7152;0.2337;3.7586;1.00E-12;2.1335;15.96
ENVI;2;3;8.956;42;-58;57.536;12.4491;35.7128;0.1929;3.0985;1.00E-12;2.1237;14.185
ENVI;2;3;8.956;42;-59;58.528;12.2889;35.7063;0.2054;2.9689;1.00E-12;2.1158;13.962
ENVI;2;3;8.956;42;-60;59.52;12.1797;35.7024;0.2326;4.0147;1.00E-12;2.1088;15.395
ENVI;2;3;8.956;42;-61;60.512;12.1159;35.6967;0.2214;3.8099;1.00E-12;2.0902;15.974
ENVI;2;3;8.956;42;-62;61.504;12.098;35.6953;0.2812;5.2568;1.00E-12;2.0726;15.96
ENVI;2;3;8.956;42;-63;62.496;12.069;35.6946;0.329;5.9625;1.00E-12;2.0662;15.96
ENVI;2;3;8.956;42;-64;63.487;12.0318;35.6945;0.3374;6.2159;1.00E-12;2.0625;15.318
ENVI;2;3;8.956;42;-65;64.479;12.0103;35.6939;0.3139;5.7741;1.00E-12;2.0561;14.212
ENVI;2;3;8.956;42;-66;65.471;11.9989;35.6927;0.2894;4.0716;1.00E-12;2.0473;15.435
ENVI;2;3;8.956;42;-67;66.463;11.9554;35.6939;0.3161;6.668;1.00E-12;2.0462;15.946
ENVI;2;3;8.956;42;-68;67.455;11.9386;35.6936;0.3517;8.2181;1.00E-12;2.0414;15.96
ENVI;2;3;8.956;42;-69;68.446;11.9365;35.6932;0.368;8.857;1.00E-12;2.0354;15.96
ENVI;2;3;8.956;42;-70;69.438;11.9309;35.6931;0.3668;9.1562;1.00E-12;2.0313;15.96
ENVI;2;3;8.956;42;-71;70.43;11.9094;35.6929;0.3803;9.2844;1.00E-12;2.0287;15.96
ENVI;2;3;8.956;42;-72;71.422;11.9273;35.6916;0.378;7.1774;1.00E-12;2.0243;14.598
ENVI;2;3;8.956;42;-73;72.414;11.8825;35.6922;0.3503;8.5274;1.00E-12;2.0254;16.279
ENVI;2;3;8.956;42;-74;73.405;11.8734;35.6924;0.3211;9.0879;1.00E-12;2.0251;16.049
ENVI;2;3;8.956;42;-75;74.397;11.8668;35.6919;0.3241;8.9743;1.00E-12;2.0229;15.964
ENVI;2;3;8.956;42;-76;75.389;11.8852;35.6911;0.3651;8.0669;1.00E-12;2.0195;15.96
ENVI;2;3;8.956;42;-77;76.381;11.8861;35.6903;0.3566;8.3185;1.00E-12;2.0194;16.677
ENVI;2;3;8.956;42;-78;77.373;11.8688;35.6902;0.3681;9.1269;1.00E-12;2.0164;16.173
ENVI;2;3;8.956;42;-79;78.364;11.863;35.6903;0.3679;8.2389;1.00E-12;2.0154;18.387
ENVI;2;3;8.956;42;-80;79.356;11.8483;35.6901;0.3613;9.1529;1.00E-12;2.0148;17.955
ENVI;2;3;8.956;42;-81;80.348;11.8371;35.6901;0.3417;9.5569;1.00E-12;2.014;17.955
ENVI;2;3;8.956;42;-82;81.34;11.8308;35.6899;0.3016;8.6193;1.00E-12;2.0133;16.701
ENVI;2;3;8.956;42;-83;82.331;11.8017;35.6906;0.2362;7.1053;1.00E-12;2.0126;16.022
ENVI;2;3;8.956;42;-84;83.323;11.7909;35.6906;0.1403;4.2697;1.00E-12;2.0119;15.96
ENVI;2;2;8.9145;42;-4;3.969;13.0046;30.5856;0.9221;2.2501;34.292;2.3368;393.24
ENVI;2;2;8.9145;42;-5;4.961;13.3567;34.2511;0.958;2.8631;28.155;2.4633;592.2
ENVI;2;2;8.9145;42;-6;5.953;13.584;34.6039;0.9834;3.2651;17.254;2.4756;391.22
ENVI;2;2;8.9145;42;-7;6.945;13.6458;34.7104;0.8467;3.6701;12.131;2.4791;323.87
ENVI;2;2;8.9145;42;-8;7.937;13.6319;34.77;0.7589;3.9412;7.8972;2.4777;337.25
ENVI;2;2;8.9145;42;-9;8.929;13.5655;34.7635;0.6809;4.3328;7.0564;2.4734;432.27
ENVI;2;2;8.9145;42;-10;9.921;13.5368;34.8929;0.6478;5.5048;5.0665;2.4739;319.91
ENVI;2;2;8.9145;42;-11;10.913;13.514;35.0008;0.6202;6.4465;2.8299;2.4745;247.68
ENVI;2;2;8.9145;42;-12;11.905;13.4972;35.2106;0.5776;7.4734;1.6079;2.4783;304.89
ENVI;2;2;8.9145;42;-13;12.898;13.6245;35.4483;0.4958;7.7285;1.1673;2.4875;436.84
ENVI;2;2;8.9145;42;-14;13.89;13.83;35.5521;0.4214;6.2614;0.97879;2.472;502.62
ENVI;2;2;8.9145;42;-15;14.882;13.8299;35.5688;0.3747;4.2767;0.60607;2.3787;433.04
ENVI;2;2;8.9145;42;-16;15.874;13.8612;35.6098;0.372;4.058;0.40145;2.3171;391.5
ENVI;2;2;8.9145;42;-17;16.866;13.7569;35.6758;0.3556;3.9093;0.24214;2.3095;385.23
ENVI;2;2;8.9145;42;-18;17.858;13.6292;35.7257;0.3056;3.7934;0.15952;2.2837;296.59
ENVI;2;2;8.9145;42;-19;18.85;13.5775;35.7481;0.291;4.0603;0.10649;2.2663;277.36
ENVI;2;2;8.9145;42;-20;19.842;13.5544;35.7621;0.2911;4.7816;0.080244;2.2505;336.61
ENVI;2;2;8.9145;42;-21;20.834;13.5728;35.7514;0.2692;3.6865;0.091754;2.2086;518.94
ENVI;2;2;8.9145;42;-22;21.826;13.5553;35.775;0.2289;4.7147;0.026905;2.2018;365.18
ENVI;2;2;8.9145;42;-23;22.818;13.5509;35.7778;0.2646;5.3495;0.0007186;2.1964;303.43
ENVI;2;2;8.9145;42;-24;23.81;13.5419;35.7775;0.272;6.1871;0.000039959;2.1901;355.42
ENVI;2;2;8.9145;42;-25;24.802;13.5227;35.7756;0.2686;6.0822;1.00E-12;2.183;448.2
ENVI;2;2;8.9145;42;-26;25.794;13.5018;35.7743;0.2708;5.9499;1.00E-12;2.1788;334.43
ENVI;2;2;8.9145;42;-27;26.786;13.4478;35.7727;0.2892;5.6092;1.00E-12;2.1716;469.46
ENVI;2;2;8.9145;42;-28;27.778;13.4113;35.7697;0.2765;6.5211;1.00E-12;2.1701;289.39
ENVI;2;2;8.9145;42;-29;28.77;13.3929;35.768;0.2913;7.2381;1.00E-12;2.1685;310.61
ENVI;2;2;8.9145;42;-30;29.762;13.375;35.7671;0.2693;7.3396;1.00E-12;2.1662;370.91
ENVI;2;2;8.9145;42;-31;30.754;13.3661;35.7662;0.2971;6.9213;1.00E-12;2.1627;396.61
ENVI;2;2;8.9145;42;-32;31.746;13.3285;35.7649;0.2592;5.9986;1.00E-12;2.1613;389.86
ENVI;2;2;8.9145;42;-33;32.738;13.3223;35.7645;0.2529;6.6316;1.00E-12;2.16;481.39
ENVI;2;2;8.9145;42;-34;33.73;13.319;35.7638;0.268;5.823;1.00E-12;2.1585;486.85
ENVI;2;2;8.9145;42;-35;34.722;13.2988;35.764;0.2186;5.6723;1.00E-12;2.1582;324.08
ENVI;2;2;8.9145;42;-36;35.714;13.1747;35.7592;0.2231;5.9959;1.00E-12;2.1565;332.58
ENVI;2;2;8.9145;42;-37;36.706;13.1002;35.7541;0.1928;5.4372;1.00E-12;2.153;356.13
ENVI;2;2;8.9145;42;-38;37.698;13.0185;35.7495;0.1926;4.856;1.00E-12;2.1501;395.92
ENVI;2;2;8.9145;42;-39;38.69;12.9877;35.7443;0.1828;4.842;1.00E-12;2.1478;336.56
ENVI;2;2;8.9145;42;-40;39.682;12.9794;35.7425;0.1933;5.125;1.00E-12;2.1456;443.22
ENVI;2;2;8.9145;42;-41;40.674;12.9587;35.7387;0.25;4.1772;1.00E-12;2.14;380.85
ENVI;2;2;8.9145;42;-42;41.666;12.9239;35.7339;0.2942;5.6359;1.00E-12;2.1365;418.2
ENVI;2;2;8.9145;42;-43;42.658;12.8956;35.7311;0.2947;5.498;1.00E-12;2.1324;437.59
ENVI;2;2;8.9145;42;-44;43.65;12.842;35.7256;0.3181;5.3403;1.00E-12;2.1268;421.9
ENVI;2;2;8.9145;42;-45;44.642;12.8191;35.7247;0.3033;5.9215;1.00E-12;2.1256;306
ENVI;2;2;8.9145;42;-46;45.634;12.8058;35.7239;0.2756;6.7493;1.00E-12;2.1243;538.16
ENVI;2;2;8.9145;42;-47;46.626;12.808;35.7234;0.3152;6.5143;1.00E-12;2.1227;420.16
ENVI;2;2;8.9145;42;-48;47.617;12.8042;35.7225;0.302;5.0834;1.00E-12;2.1221;441.89
ENVI;2;2;8.9145;42;-49;48.609;12.8047;35.7224;0.3179;5.7013;1.00E-12;2.1215;582.19
ENVI;2;2;8.9145;42;-50;49.601;12.7612;35.7193;0.3161;7.5669;1.00E-12;2.1218;431.67
ENVI;2;2;8.9145;42;-51;50.593;12.715;35.7195;0.3377;8.0988;1.00E-12;2.1202;327.23
ENVI;2;2;8.9145;42;-52;51.585;12.7192;35.7199;0.3085;7.5836;1.00E-12;2.1155;354.99
ENVI;2;2;8.9145;42;-53;52.576;12.7019;35.7226;0.3093;8.2702;1.00E-12;2.1142;524.48
ENVI;2;31;9.0395;42;-4;3.968;13.0369;33.5854;2.5883;1.2768;111.94;2.4174;1010.3
ENVI;2;31;9.0395;42;-5;4.961;12.9099;34.3301;2.5668;1.4648;99.478;2.4561;1086.8
ENVI;2;31;9.0395;42;-6;5.953;12.9142;34.3233;2.5209;1.4885;69.853;2.4555;1079.4
ENVI;2;31;9.0395;42;-7;6.945;12.9337;34.3254;2.5572;1.5022;43.793;2.4557;1060.6
ENVI;2;31;9.0395;42;-8;7.937;12.9527;34.3385;2.6696;1.3636;34.364;2.4565;1051.3
ENVI;2;31;9.0395;42;-9;8.929;13.0125;34.4109;2.6826;1.4608;29.6;2.456;1064.9
ENVI;2;31;9.0395;42;-10;9.921;13.0825;34.5585;2.6066;1.5696;22.418;2.4564;1076.4
ENVI;2;31;9.0395;42;-11;10.913;13.1547;34.7242;2.5515;1.3247;18.003;2.4568;1092.7
ENVI;2;31;9.0395;42;-12;11.905;13.276;34.8888;2.4407;1.1603;14.605;2.4557;1087.9
ENVI;2;31;9.0395;42;-13;12.897;13.3417;34.988;2.3277;1.2136;9.4145;2.4557;1013.1
ENVI;2;31;9.0395;42;-14;13.89;13.4115;35.0813;2.2387;1.2059;7.1058;2.4533;1007.8
ENVI;2;31;9.0395;42;-15;14.882;13.4458;35.1279;2.0579;1.1759;7.6385;2.4491;1071.7
ENVI;2;31;9.0395;42;-16;15.874;13.4519;35.1536;1.8508;0.9241;7.8897;2.4375;1103.6
ENVI;2;31;9.0395;42;-17;16.866;13.5606;35.3792;1.6667;1.1598;5.2617;2.4386;1075.4
ENVI;2;31;9.0395;42;-18;17.858;13.5902;35.4472;1.3984;1.194;4.1472;2.4357;1070.4
ENVI;2;31;9.0395;42;-19;18.85;13.5828;35.4579;1.3191;1.163;3.5837;2.4289;1084
ENVI;2;31;9.0395;42;-20;19.842;13.5925;35.4789;1.2355;1.1177;3.4201;2.4169;1077.9
ENVI;2;31;9.0395;42;-21;20.834;13.5733;35.4961;1.1625;0.9894;3.4076;2.4042;1078.7
ENVI;2;31;9.0395;42;-22;21.826;13.5384;35.5078;1.2931;0.9695;2.9087;2.4023;1077.9
ENVI;2;31;9.0395;42;-23;22.818;13.5232;35.5217;1.2859;0.935;2.4751;2.4071;1074.6
ENVI;2;31;9.0395;42;-24;23.81;13.5236;35.542;1.2714;0.8814;2.1385;2.4088;1078.4
ENVI;2;31;9.0395;42;-25;24.802;13.5367;35.5681;1.1944;0.8525;1.8479;2.4107;1073.8
ENVI;2;31;9.0395;42;-26;25.794;13.544;35.5853;1.0107;0.8545;1.7045;2.4116;1080.3
ENVI;2;31;9.0395;42;-27;26.786;13.5465;35.5903;0.9128;0.7293;1.7743;2.4046;1093.1
ENVI;2;31;9.0395;42;-28;27.778;13.5482;35.5966;0.9025;0.8233;1.4046;2.4031;1086.4
ENVI;2;31;9.0395;42;-29;28.77;13.5462;35.6022;0.8559;0.8765;1.1602;2.4024;1069.8
ENVI;2;31;9.0395;42;-30;29.762;13.533;35.6076;0.6564;1.0094;1.032;2.4005;1065.9
ENVI;2;31;9.0395;42;-31;30.754;13.516;35.6137;0.5646;1.1355;0.97162;2.3951;1068.8
ENVI;2;31;9.0395;42;-32;31.746;13.5128;35.6261;0.4094;1.234;0.97074;2.3743;1078.4
ENVI;2;31;9.0395;42;-33;32.738;13.5074;35.6373;0.3329;1.0921;0.9325;2.3392;1098.6
ENVI;2;31;9.0395;42;-34;33.73;13.4991;35.6396;0.3237;1.2811;0.77186;2.3333;1103.8
ENVI;2;31;9.0395;42;-35;34.722;13.4851;35.6405;0.323;1.3238;0.64265;2.3308;1081.9
ENVI;2;31;9.0395;42;-36;35.714;13.4954;35.6521;0.3045;1.4394;0.5435;2.3285;1055
ENVI;2;31;9.0395;42;-37;36.706;13.4841;35.6516;0.3035;1.2756;0.50719;2.3221;1089.8
ENVI;2;31;9.0395;42;-38;37.698;13.459;35.6505;0.2705;1.205;0.44456;2.3175;1044.1
ENVI;2;31;9.0395;42;-39;38.69;13.4659;35.6549;0.2783;1.3729;0.35305;2.317;1006.5
ENVI;2;31;9.0395;42;-40;39.682;13.4685;35.658;0.284;1.4013;0.29616;2.3163;1056.1
ENVI;2;31;9.0395;42;-41;40.674;13.4492;35.6666;0.2857;1.4152;0.26662;2.3151;1085.1
ENVI;2;31;9.0395;42;-42;41.666;13.462;35.6644;0.257;1.2586;0.3074;2.3145;1117.4
ENVI;2;31;9.0395;42;-43;42.658;13.4403;35.6793;0.2498;1.5955;0.21164;2.3149;1101
ENVI;2;31;9.0395;42;-44;43.65;13.4159;35.6818;0.2735;1.6945;0.18294;2.3108;1100.7
ENVI;2;31;9.0395;42;-45;44.642;13.4039;35.681;0.2589;1.5928;0.16564;2.3044;1108.6
ENVI;2;31;9.0395;42;-46;45.633;13.3787;35.6819;0.2498;1.0942;0.14519;2.2979;1111.4
ENVI;2;31;9.0395;42;-47;46.625;13.3262;35.6811;0.2232;1.3661;0.10542;2.2995;1099.5
ENVI;2;31;9.0395;42;-48;47.617;13.2971;35.6836;0.1911;1.4859;0.084664;2.2972;1098.3
ENVI;2;31;9.0395;42;-49;48.609;13.2827;35.6833;0.1656;1.5327;0.077154;2.2924;1103
ENVI;2;31;9.0395;42;-50;49.601;13.2717;35.6829;0.1575;1.4206;0.080625;2.2832;1112.8
ENVI;2;31;9.0395;42;-51;50.593;13.264;35.6825;0.1723;1.3021;0.059338;2.2712;1108.4
ENVI;2;31;9.0395;42;-52;51.585;13.2335;35.6802;0.1805;1.5038;0.027316;2.2707;1078.2
ENVI;2;31;9.0395;42;-53;52.577;13.2013;35.6797;0.1726;1.6001;0.013074;2.2694;1083.6
ENVI;2;31;9.0395;42;-54;53.569;13.1805;35.6796;0.1309;1.6513;0.0030463;2.2671;1096.8
ENVI;2;31;9.0395;42;-55;54.561;13.1847;35.6792;0.154;1.2435;0.017046;2.2589;1116.6
ENVI;2;31;9.0395;42;-56;55.553;13.1178;35.6833;0.1454;1.19;0.0073054;2.2561;1119.1
ENVI;2;31;9.0395;42;-57;56.544;13.0796;35.6861;0.1185;1.1542;-0.0002039;2.2529;1104.1
ENVI;2;31;9.0395;42;-58;57.536;13.0599;35.6869;0.1176;1.3114;1.00E-12;2.2508;1104.4
ENVI;2;31;9.0395;42;-59;58.528;13.0496;35.6867;0.1422;1.3834;1.00E-12;2.2479;1113.2
ENVI;2;31;9.0395;42;-60;59.52;13.0181;35.6855;0.1291;1.3223;1.00E-12;2.2448;1120.9
ENVI;2;31;9.0395;42;-61;60.512;12.9792;35.6857;0.1132;1.1203;1.00E-12;2.2376;1121.9
ENVI;2;31;9.0395;42;-62;61.504;12.9192;35.6863;0.1043;1.2109;1.00E-12;2.2309;1111.1
ENVI;2;31;9.0395;42;-63;62.495;12.8565;35.6916;0.1044;1.335;1.00E-12;2.2277;1110.9
ENVI;2;31;9.0395;42;-64;63.487;12.7992;35.6942;0.0988;1.3095;1.00E-12;2.2228;1109.6
ENVI;2;31;9.0395;42;-65;64.479;12.7082;35.6956;0.0844;1.3155;1.00E-12;2.2175;1112.4
ENVI;2;31;9.0395;42;-66;65.471;12.6639;35.6951;0.0683;1.2289;1.00E-12;2.2111;1121.6
ENVI;2;31;9.0395;42;-67;66.463;12.5964;35.6924;0.0428;0.9077;1.00E-12;2.1978;1114.5
ENVI;2;31;9.0395;42;-68;67.455;12.4564;35.6943;0.0194;1.0411;1.00E-12;2.1871;1117.6
ENVI;2;31;9.0395;42;-69;68.446;12.4121;35.6933;0.0022;0.925;1.00E-12;2.1693;1124.6
ENVI;2;31;9.0395;42;-70;69.438;12.395;35.6931;-0.0017;1.1539;1.00E-12;2.1625;1122
ENVI;2;31;9.0395;42;-71;70.43;12.3856;35.6924;-0.0173;1.1571;1.00E-12;2.1557;1143.5
ENVI;2;31;9.0395;42;-72;71.422;12.382;35.6917;-0.0287;1.0149;1.00E-12;2.1501;1120.6
ENVI;2;31;9.0395;42;-73;72.414;12.3771;35.6916;-0.0308;1.174;1.00E-12;2.1478;1109.3
ENVI;2;31;9.0395;42;-74;73.405;12.37;35.6915;-0.0287;1.2136;1.00E-12;2.1466;1121.2
ENVI;2;31;9.0395;42;-75;74.397;12.363;35.6913;-0.0283;1.281;1.00E-12;2.1451;1137.4
ENVI;2;31;9.0395;42;-76;75.389;12.3481;35.6905;-0.0348;1.0965;1.00E-12;2.1409;1151.3
ENVI;2;31;9.0395;42;-77;76.381;12.3426;35.6909;-0.0226;1.2431;1.00E-12;2.1391;1126.9
ENVI;2;31;9.0395;42;-78;77.372;12.3413;35.6907;-0.0227;1.369;1.00E-12;2.1382;1129.8
ENVI;2;31;9.0395;42;-79;78.364;12.3362;35.6908;-0.0335;1.2715;1.00E-12;2.1372;1140.4
ENVI;2;31;9.0395;42;-80;79.356;12.3279;35.6909;-0.0292;1.2106;1.00E-12;2.1357;1155.7
ENVI;2;31;9.0395;42;-81;80.348;12.324;35.69;-0.0189;1.0161;1.00E-12;2.1315;1163.4
ENVI;2;31;9.0395;42;-82;81.34;12.3186;35.6899;-0.0242;1.1518;1.00E-12;2.1311;1154.8
ENVI;2;31;9.0395;42;-83;82.331;12.3062;35.6901;-0.0348;1.4678;1.00E-12;2.13;1172.9
ENVI;2;31;9.0395;42;-84;83.323;12.2808;35.6903;-0.0359;1.0039;1.00E-12;2.128;1180.1
ENVI;2;31;9.0395;42;-85;84.315;12.1233;35.6866;-0.0452;0.9883;1.00E-12;2.1204;1182.4
ENVI;2;31;9.0395;42;-86;85.307;11.9554;35.6766;-0.0587;0.8128;1.00E-12;2.1054;1173.1
ENVI;2;31;9.0395;42;-87;86.298;11.89;35.6721;-0.0578;1.0247;1.00E-12;2.0996;1165.5
ENVI;2;31;9.0395;42;-88;87.29;11.8461;35.6694;-0.0721;1.1048;1.00E-12;2.0945;1169.1
ENVI;2;31;9.0395;42;-89;88.282;11.8374;35.6678;-0.0611;1.2327;1.00E-12;2.09;1177.1
ENVI;2;31;9.0395;42;-90;89.273;11.8218;35.6659;-0.0707;1.2779;1.00E-12;2.0853;1189.5
ENVI;2;31;9.0395;42;-91;90.265;11.8193;35.6637;-0.0714;1.1592;1.00E-12;2.0775;1215.3
ENVI;2;31;9.0395;42;-92;91.257;11.7918;35.6612;-0.0694;1.5103;1.00E-12;2.0766;1200.3
ENVI;2;31;9.0395;42;-93;92.248;11.7818;35.6601;-0.0695;1.8962;1.00E-12;2.0753;1198
ENVI;2;31;9.0395;42;-94;93.24;11.778;35.659;-0.0772;2.1864;1.00E-12;2.0742;1193.4
ENVI;2;31;9.0395;42;-95;94.232;11.7767;35.6583;-0.0769;2.3793;1.00E-12;2.0729;1190.3
ENVI;2;31;9.0395;42;-96;95.224;11.7758;35.658;-0.0633;2.4012;1.00E-12;2.0719;1203.4
ENVI;2;31;9.0395;42;-97;96.215;11.774;35.6572;-0.0498;2.3648;1.00E-12;2.0723;1212.4
ENVI;2;31;9.0395;42;-98;97.207;11.7733;35.6568;-0.0546;2.7168;1.00E-12;2.0718;1206.6
ENVI;2;31;9.0395;42;-99;98.199;11.7739;35.657;-0.0573;2.7645;1.00E-12;2.0709;1206.6
ENVI;2;31;9.0395;42;-100;99.19;11.7734;35.6568;-0.0514;2.7429;1.00E-12;2.0709;1207.4
ENVI;2;31;9.0395;42;-101;100.182;11.7728;35.6567;-0.0488;2.7441;1.00E-12;2.0704;1209.7
ENVI;2;31;9.0395;42;-102;101.174;11.7727;35.6563;-0.0523;2.8207;1.00E-12;2.0707;1214.1
ENVI;2;31;9.0395;42;-103;102.165;11.7733;35.656;-0.0523;2.8362;1.00E-12;2.0702;1228.1
ENVI;2;31;9.0395;42;-104;103.157;11.7728;35.6559;-0.0817;3.1343;1.00E-12;2.0692;1210.9
ENVI;2;31;9.0395;42;-105;104.149;11.7723;35.656;-0.0555;3.1826;1.00E-12;2.0683;1210
ENVI;2;31;9.0395;42;-106;105.14;11.772;35.6559;-0.0456;3.3574;1.00E-12;2.0676;1215
ENVI;2;31;9.0395;42;-107;106.132;11.7723;35.6559;-0.0543;3.4475;1.00E-12;2.0672;1222.1
ENVI;2;31;9.0395;42;-108;107.124;11.7722;35.6558;-0.0669;3.5077;1.00E-12;2.067;1227.9
ENVI;2;31;9.0395;42;-109;108.115;11.7723;35.6557;-0.0461;3.5725;1.00E-12;2.0669;1234.1
ENVI;2;31;9.0395;42;-110;109.107;11.7723;35.6555;-0.0414;2.9275;1.00E-12;2.0674;1233.2
ENVI;2;31;9.0395;42;-111;110.098;11.7723;35.6556;-0.0507;3.2295;1.00E-12;2.0672;1220.4
ENVI;2;31;9.0395;42;-112;111.09;11.7724;35.6555;-0.0406;3.5365;1.00E-12;2.0666;1232.9
ENVI;2;31;9.0395;42;-113;112.082;11.7728;35.6552;-0.0485;3.5809;1.00E-12;2.0665;1268.4
ENVI;2;31;9.0395;42;-114;113.073;11.7728;35.6552;-0.0427;3.329;1.00E-12;2.0663;1292.6
ENVI;2;31;9.0395;42;-115;114.065;11.7729;35.6553;-0.038;3.6558;1.00E-12;2.0666;1279.9
ENVI;2;31;9.0395;42;-116;115.056;11.7743;35.6552;-0.0385;4.0931;1.00E-12;2.0664;1259.1
ENVI;2;31;9.0395;42;-117;116.048;11.7747;35.6553;-0.0111;4.5018;1.00E-12;2.066;1259.5
ENVI;2;31;9.0395;42;-118;117.04;11.7751;35.6551;-0.0315;4.485;1.00E-12;2.0653;1272.2
ENVI;2;31;9.0395;42;-119;118.031;11.7759;35.6551;-0.0257;4.7844;1.00E-12;2.0653;1286.8
ENVI;2;31;9.0395;42;-120;119.023;11.7778;35.6549;-0.0187;4.8953;1.00E-12;2.065;1283.9
ENVI;2;32;9.1246;42;-4;3.969;13.0359;35.0847;1.6854;0.7799;235.31;2.356;1717.8
ENVI;2;32;9.1246;42;-5;4.961;13.0539;35.2624;1.9101;0.7962;171.12;2.4695;1709.3
ENVI;2;32;9.1246;42;-6;5.953;13.0581;35.2511;2.0796;0.9649;153.12;2.4573;1716.1
ENVI;2;32;9.1246;42;-7;6.945;13.0599;35.2538;2.3835;0.9602;110.9;2.4567;1720.8
ENVI;2;32;9.1246;42;-8;7.937;13.0662;35.2603;2.7955;0.8631;79.689;2.4561;1724.6
ENVI;2;32;9.1246;42;-9;8.929;13.0849;35.2773;2.8379;0.8948;71.221;2.4555;1718.8
ENVI;2;32;9.1246;42;-10;9.921;13.1022;35.2906;2.8374;0.9182;61.362;2.4551;1722.4
ENVI;2;32;9.1246;42;-11;10.913;13.1429;35.3171;2.8144;0.852;43.161;2.4538;1727.1
ENVI;2;32;9.1246;42;-12;11.905;13.2276;35.3775;2.6481;0.8564;37.186;2.453;1717.9
ENVI;2;32;9.1246;42;-13;12.897;13.4237;35.5096;2.256;0.765;30.424;2.4547;1718.6
ENVI;2;32;9.1246;42;-14;13.889;13.4609;35.5493;2.0509;0.7418;25.866;2.4518;1710
ENVI;2;32;9.1246;42;-15;14.882;13.4863;35.5791;1.8249;0.707;23.4;2.4454;1714.7
ENVI;2;32;9.1246;42;-16;15.874;13.498;35.5943;1.6997;0.6503;22.128;2.4359;1718.2
ENVI;2;32;9.1246;42;-17;16.866;13.5056;35.6037;1.5947;0.6449;21.116;2.4287;1713.5
ENVI;2;32;9.1246;42;-18;17.858;13.5118;35.6113;1.4535;0.5843;19.235;2.4216;1733
ENVI;2;32;9.1246;42;-19;18.85;13.5193;35.6201;1.4224;0.5379;15.956;2.4158;1715.8
ENVI;2;32;9.1246;42;-20;19.842;13.5246;35.6254;1.3835;0.6027;12.944;2.4148;1697.9
ENVI;2;32;9.1246;42;-21;20.834;13.5282;35.6291;1.3244;0.6349;11.679;2.4133;1701.2
ENVI;2;32;9.1246;42;-22;21.826;13.5311;35.6316;1.2657;0.6369;11.593;2.4115;1717.1
ENVI;2;32;9.1246;42;-23;22.818;13.5334;35.6335;1.1924;0.59;12.299;2.4083;1720.9
ENVI;2;32;9.1246;42;-24;23.81;13.5349;35.6345;1.1755;0.6045;11.334;2.4067;1710.7
ENVI;2;32;9.1246;42;-25;24.802;13.5358;35.635;1.1355;0.6042;10.14;2.4052;1718.6
ENVI;2;32;9.1246;42;-26;25.794;13.5383;35.637;1.1025;0.5157;9.599;2.4027;1733.9
ENVI;2;32;9.1246;42;-27;26.786;13.5409;35.6388;1.0616;0.5646;7.7597;2.4001;1722.3
ENVI;2;32;9.1246;42;-28;27.778;13.5431;35.6403;1.0736;0.5958;6.8155;2.3997;1708
ENVI;2;32;9.1246;42;-29;28.77;13.5442;35.641;1.0465;0.5928;6.2471;2.3994;1705.4
ENVI;2;32;9.1246;42;-30;29.762;13.5447;35.6411;1.0341;0.5907;5.9417;2.3986;1706.6
ENVI;2;32;9.1246;42;-31;30.754;13.5457;35.6418;1.0218;0.6168;5.7339;2.3975;1709.5
ENVI;2;32;9.1246;42;-32;31.746;13.5467;35.6431;1.0106;0.6246;5.5051;2.3976;1713.9
ENVI;2;32;9.1246;42;-33;32.738;13.5465;35.6434;0.986;0.5607;5.6918;2.3959;1730.1
ENVI;2;32;9.1246;42;-34;33.73;13.5485;35.6451;0.9306;0.5575;4.7044;2.3945;1718.5
ENVI;2;32;9.1246;42;-35;34.722;13.551;35.6463;0.8882;0.5383;3.9749;2.3934;1728.8
ENVI;2;32;9.1246;42;-36;35.714;13.5522;35.6477;0.8802;0.5773;3.6758;2.3923;1713.4
ENVI;2;32;9.1246;42;-37;36.706;13.5539;35.6494;0.8936;0.5871;3.441;2.3909;1706
ENVI;2;32;9.1246;42;-38;37.698;13.5551;35.6507;0.9116;0.6032;3.242;2.3905;1715.2
ENVI;2;32;9.1246;42;-39;38.69;13.5556;35.6514;0.8771;0.6036;3.0517;2.3896;1720.5
ENVI;2;32;9.1246;42;-40;39.682;13.5592;35.6544;0.8436;0.5995;2.9114;2.3881;1721.6
ENVI;2;32;9.1246;42;-41;40.674;13.5611;35.6558;0.8253;0.5946;2.8478;2.3867;1725.9
ENVI;2;32;9.1246;42;-42;41.666;13.5627;35.6571;0.79;0.4903;2.5089;2.3856;1730.3
ENVI;2;32;9.1246;42;-43;42.658;13.5725;35.6633;0.7238;0.5588;2.0654;2.3833;1723.8
ENVI;2;32;9.1246;42;-44;43.65;13.577;35.666;0.6909;0.5816;1.8855;2.3818;1713.1
ENVI;2;32;9.1246;42;-45;44.642;13.5796;35.6682;0.6614;0.617;1.7308;2.3806;1715.4
ENVI;2;32;9.1246;42;-46;45.633;13.5834;35.6717;0.6421;0.6647;1.6231;2.3792;1715.7
ENVI;2;32;9.1246;42;-47;46.626;13.5885;35.6776;0.6017;0.5976;1.5386;2.3777;1714.2
ENVI;2;32;9.1246;42;-48;47.617;13.5921;35.6824;0.5204;0.6346;1.4879;2.376;1713.5
ENVI;2;32;9.1246;42;-49;48.609;13.5919;35.684;0.4653;0.5348;1.4827;2.3677;1736.4
ENVI;2;32;9.1246;42;-50;49.601;13.5941;35.6901;0.4159;0.6108;1.1898;2.3643;1718
ENVI;2;32;9.1246;42;-51;50.593;13.5933;35.6925;0.3957;0.6314;1.0782;2.3625;1708.9
ENVI;2;32;9.1246;42;-52;51.585;13.5902;35.6964;0.3857;0.6258;1.001;2.3604;1708.3
ENVI;2;32;9.1246;42;-53;52.577;13.5817;35.7006;0.3551;0.6409;0.95274;2.3581;1716.6
ENVI;2;32;9.1246;42;-54;53.569;13.5776;35.702;0.2944;0.6009;0.94778;2.3467;1740.3
ENVI;2;32;9.1246;42;-55;54.56;13.5753;35.7032;0.2776;0.6795;0.80087;2.3418;1704.8
ENVI;2;32;9.1246;42;-56;55.553;13.5729;35.7035;0.2724;0.7272;0.7255;2.3406;1702.8
ENVI;2;32;9.1246;42;-57;56.544;13.5693;35.7037;0.2739;0.7279;0.65976;2.3393;1705.7
ENVI;2;32;9.1246;42;-58;57.536;13.5676;35.7038;0.257;0.8037;0.62483;2.3378;1714.1
ENVI;2;32;9.1246;42;-59;58.528;13.5606;35.7032;0.2767;0.6788;0.63126;2.3347;1739.3
ENVI;2;32;9.1246;42;-60;59.52;13.5104;35.7029;0.2976;0.7382;0.42421;2.3333;1702.2
ENVI;2;32;9.1246;42;-61;60.512;13.4972;35.7025;0.3072;0.7003;0.38793;2.332;1710.6
ENVI;2;32;9.1246;42;-62;61.504;13.4933;35.7026;0.2382;0.6192;0.36447;2.3316;1721.3
ENVI;2;32;9.1246;42;-63;62.496;13.4909;35.7021;0.2352;0.6134;0.40598;2.331;1732.4
ENVI;2;32;9.1246;42;-64;63.487;13.4888;35.7018;0.2602;0.5982;0.43572;2.3318;1728.4
ENVI;2;32;9.1246;42;-65;64.479;13.4864;35.7022;0.2471;0.5811;0.39168;2.3319;1732.4
ENVI;2;32;9.1246;42;-66;65.471;13.4847;35.7027;0.2353;0.5998;0.34904;2.331;1727.4
ENVI;2;32;9.1246;42;-67;66.463;13.4823;35.7029;0.2384;0.5841;0.31988;2.3284;1735.1
ENVI;2;32;9.1246;42;-68;67.455;13.4771;35.7029;0.2426;0.5968;0.27623;2.3256;1734.9
ENVI;2;32;9.1246;42;-69;68.446;13.4765;35.7029;0.2382;0.6366;0.24355;2.3246;1726.1
ENVI;2;32;9.1246;42;-70;69.438;13.4734;35.7027;0.2352;0.6925;0.21721;2.3239;1721.1
ENVI;2;32;9.1246;42;-71;70.43;13.4649;35.7034;0.2469;0.6653;0.20194;2.3235;1716.5
ENVI;2;32;9.1246;42;-72;71.422;13.4592;35.7041;0.2252;0.7057;0.18911;2.3226;1714.4
ENVI;2;32;9.1246;42;-73;72.414;13.4562;35.7036;0.2216;0.7234;0.18016;2.3219;1717.9
ENVI;2;32;9.1246;42;-74;73.405;13.4496;35.7029;0.2482;0.7007;0.17126;2.3211;1725.5
ENVI;2;32;9.1246;42;-75;74.397;13.4472;35.7025;0.2509;0.5965;0.16417;2.3197;1739.1
ENVI;2;32;9.1246;42;-76;75.389;13.4289;35.7028;0.232;0.5848;0.13078;2.319;1725.6
ENVI;2;32;9.1246;42;-77;76.381;13.3945;35.7039;0.2221;0.6582;0.10918;2.3174;1723.6
ENVI;2;32;9.1246;42;-78;77.373;13.3655;35.7044;0.231;0.7061;0.095093;2.3151;1726.7
ENVI;2;32;9.1246;42;-79;78.364;13.3436;35.7049;0.2021;0.7243;0.086071;2.3115;1735
ENVI;2;32;9.1246;42;-80;79.356;13.3183;35.7038;0.1906;0.7479;0.079499;2.3066;1738.8
ENVI;2;32;9.1246;42;-81;80.348;13.3075;35.7025;0.2127;0.7171;0.072366;2.3024;1727.4
ENVI;2;32;9.1246;42;-82;81.34;13.2895;35.7014;0.1909;0.6913;0.064919;2.3003;1713.5
ENVI;2;32;9.1246;42;-83;82.331;13.2752;35.7015;0.1806;0.7029;0.055369;2.2989;1706.9
ENVI;2;32;9.1246;42;-84;83.323;13.2587;35.701;0.2014;0.7333;0.051171;2.2979;1709.4
ENVI;2;32;9.1246;42;-85;84.315;13.1898;35.7002;0.1938;0.7422;0.044982;2.2971;1721.4
ENVI;2;32;9.1246;42;-86;85.307;13.1377;35.7025;0.1312;0.6604;0.042017;2.2817;1744.6
ENVI;2;32;9.1246;42;-87;86.298;12.9389;35.7019;0.0877;0.8753;0.026687;2.277;1722.3
ENVI;2;32;9.1246;42;-88;87.29;12.8021;35.7077;0.0788;0.8631;0.018181;2.2709;1723.6
ENVI;2;32;9.1246;42;-89;88.281;12.7553;35.7076;0.0674;0.9295;0.010195;2.2606;1730.2
ENVI;2;32;9.1246;42;-90;89.273;12.7155;35.7066;0.0338;1.0024;0.0074911;2.2445;1741.4
ENVI;2;32;9.1246;42;-91;90.265;12.6761;35.7061;0.0281;1.0141;0.0043786;2.2214;1739.8
ENVI;2;32;9.1246;42;-92;91.257;12.6473;35.7057;0.0079;0.9664;0.001775;2.2048;1720.1
ENVI;2;32;9.1246;42;-93;92.249;12.621;35.7058;0.0029;0.9914;0.00081479;2.1957;1713.6
ENVI;2;32;9.1246;42;-94;93.24;12.5922;35.7058;-0.0154;1.1042;0.000018117;2.1887;1719.8
ENVI;2;32;9.1246;42;-95;94.232;12.5738;35.7057;-0.0216;1.086;1.00E-12;2.181;1733.5
ENVI;2;32;9.1246;42;-96;95.224;12.5641;35.7046;-0.0261;0.9731;1.00E-12;2.1648;1744.4
ENVI;2;32;9.1246;42;-97;96.215;12.5616;35.7033;-0.0218;0.9485;1.00E-12;2.1566;1735.6
ENVI;2;32;9.1246;42;-98;97.207;12.5561;35.7026;-0.0183;0.9339;1.00E-12;2.1524;1742.2
ENVI;2;32;9.1246;42;-99;98.199;12.5512;35.702;-0.0331;0.9633;1.00E-12;2.15;1735.2
ENVI;2;32;9.1246;42;-100;99.19;12.5361;35.7004;-0.0436;1.0233;1.00E-12;2.1487;1733.9
ENVI;2;32;9.1246;42;-101;100.182;12.4884;35.7002;-0.022;1.1137;1.00E-12;2.1473;1734.5
ENVI;2;32;9.1246;42;-102;101.174;12.4729;35.6997;-0.0227;1.1594;1.00E-12;2.1459;1731.1
ENVI;2;32;9.1246;42;-103;102.165;12.4649;35.6993;-0.0206;1.0931;1.00E-12;2.1441;1722.6
ENVI;2;32;9.1246;42;-104;103.157;12.4628;35.6995;-0.0207;1.133;1.00E-12;2.142;1717.4
ENVI;2;32;9.1246;42;-105;104.149;12.4607;35.6993;-0.0406;1.1482;1.00E-12;2.1402;1718.6
ENVI;2;32;9.1246;42;-106;105.14;12.4572;35.6991;-0.0401;1.2103;1.00E-12;2.1383;1726.7
ENVI;2;32;9.1246;42;-107;106.132;12.4538;35.6989;-0.0308;1.1534;1.00E-12;2.1356;1742.1
ENVI;2;32;9.1246;42;-108;107.124;12.4611;35.6977;-0.0285;0.8763;1.00E-12;2.1315;1758.1
ENVI;2;32;9.1246;42;-109;108.115;12.4449;35.6987;-0.0444;1.0458;1.00E-12;2.1331;1720.3
ENVI;2;32;9.1246;42;-110;109.107;12.4436;35.6985;-0.0369;1.1556;1.00E-12;2.1327;1716.4
ENVI;2;32;9.1246;42;-111;110.098;12.4345;35.6984;-0.0322;1.2045;1.00E-12;2.1316;1719
ENVI;2;32;9.1246;42;-112;111.09;12.411;35.6981;-0.0457;1.2296;1.00E-12;2.13;1725.6
ENVI;2;32;9.1246;42;-113;112.082;12.3776;35.6977;-0.0533;1.2132;1.00E-12;2.1283;1736
ENVI;2;32;9.1246;42;-114;113.073;12.2264;35.6881;-0.0544;1.2005;1.00E-12;2.1262;1742.8
ENVI;2;32;9.1246;42;-115;114.065;12.0285;35.6794;-0.0444;1.1803;1.00E-12;2.1229;1746.3
ENVI;2;32;9.1246;42;-116;115.056;11.9536;35.6739;-0.0584;1.084;1.00E-12;2.1172;1746.4
ENVI;2;32;9.1246;42;-117;116.048;11.9025;35.6681;-0.0764;0.8756;1.00E-12;2.1074;1745.6
ENVI;2;32;9.1246;42;-118;117.04;11.8883;35.6637;-0.0792;0.9002;1.00E-12;2.0966;1744.4
ENVI;2;32;9.1246;42;-119;118.031;11.885;35.6618;-0.0835;1.0082;1.00E-12;2.0914;1744.6
ENVI;2;32;9.1246;42;-120;119.023;11.8747;35.66;-0.076;1.0781;1.00E-12;2.0872;1738.1
ENVI;2;32;9.1246;42;-121;120.014;11.8717;35.6587;-0.0784;1.0572;1.00E-12;2.0841;1743
ENVI;2;32;9.1246;42;-122;121.006;11.8705;35.6579;-0.084;1.1702;1.00E-12;2.0837;1726.8
ENVI;2;32;9.1246;42;-123;121.997;11.8713;35.6571;-0.0758;1.4814;1.00E-12;2.0826;1747.1
ENVI;2;32;9.1246;42;-124;122.989;11.8704;35.6569;-0.0792;1.3348;1.00E-12;2.0824;1755.5
ENVI;2;32;9.1246;42;-125;123.98;11.8706;35.657;-0.0675;1.5;1.00E-12;2.0828;1746.3
ENVI;2;32;9.1246;42;-126;124.972;11.8708;35.6569;-0.0742;1.4584;1.00E-12;2.0829;1733.9
ENVI;2;32;9.1246;42;-127;125.964;11.8707;35.6569;-0.0777;1.6561;1.00E-12;2.0819;1727.2
ENVI;2;32;9.1246;42;-128;126.955;11.8709;35.6569;-0.0744;1.754;1.00E-12;2.0809;1728
ENVI;2;32;9.1246;42;-129;127.947;11.871;35.6568;-0.0746;1.6795;1.00E-12;2.0802;1735.9
ENVI;2;32;9.1246;42;-130;128.938;11.8712;35.6567;-0.074;1.6192;1.00E-12;2.0795;1752.4
ENVI;2;32;9.1246;42;-131;129.929;11.8723;35.6563;-0.0688;1.4725;1.00E-12;2.0792;1759.2
ENVI;2;32;9.1246;42;-132;130.921;11.8718;35.6564;-0.0734;1.5779;1.00E-12;2.0801;1750
ENVI;2;32;9.1246;42;-133;131.913;11.8719;35.6565;-0.0545;1.6683;1.00E-12;2.0801;1751
ENVI;2;32;9.1246;42;-134;132.904;11.8718;35.6564;-0.0607;1.6909;1.00E-12;2.0797;1751.6
ENVI;2;32;9.1246;42;-135;133.896;11.8718;35.6563;-0.0698;1.6033;1.00E-12;2.0787;1749.6
ENVI;2;32;9.1246;42;-136;134.887;11.8729;35.656;-0.052;1.5222;1.00E-12;2.0792;1748.6
ENVI;2;4;9.207;42;-4;3.969;13.5744;35.5857;1.0029;0.4089;204.18;2.3535;784.58
ENVI;2;4;9.207;42;-5;4.961;13.579;35.5992;1.0846;0.5301;147.87;2.4437;726.12
ENVI;2;4;9.207;42;-6;5.953;13.5766;35.5964;1.161;0.5014;125.98;2.4186;698.65
ENVI;2;4;9.207;42;-7;6.945;13.5779;35.5965;1.1731;0.5565;114.25;2.4176;712.01
ENVI;2;4;9.207;42;-8;7.937;13.5769;35.5963;1.1905;0.5534;100.79;2.4168;730.77
ENVI;2;4;9.207;42;-9;8.929;13.5736;35.596;1.2914;0.481;83.124;2.4171;714.03
ENVI;2;4;9.207;42;-10;9.921;13.5731;35.596;1.3344;0.5709;72.071;2.4157;694.03
ENVI;2;4;9.207;42;-11;10.913;13.5728;35.596;1.305;0.5802;68.345;2.4154;698.21
ENVI;2;4;9.207;42;-12;11.905;13.5719;35.5959;1.3112;0.5645;60.357;2.4144;718.51
ENVI;2;4;9.207;42;-13;12.897;13.5708;35.596;1.2875;0.5399;53.287;2.4138;722.08
ENVI;2;4;9.207;42;-14;13.89;13.5702;35.5961;1.2827;0.4922;45.999;2.413;715.98
ENVI;2;4;9.207;42;-15;14.882;13.5693;35.5959;1.2723;0.5546;41.042;2.4127;718.64
ENVI;2;4;9.207;42;-16;15.874;13.5673;35.5959;1.2708;0.5538;38.767;2.4118;699.4
ENVI;2;4;9.207;42;-17;16.866;13.5661;35.5958;1.2677;0.545;35.628;2.4108;702.47
ENVI;2;4;9.207;42;-18;17.858;13.5668;35.5957;1.2863;0.5524;32.363;2.4106;731.33
ENVI;2;4;9.207;42;-19;18.85;13.5657;35.5954;1.2871;0.544;29.362;2.4102;733.91
ENVI;2;4;9.207;42;-20;19.842;13.5657;35.5953;1.2829;0.5009;26.371;2.4101;738.28
ENVI;2;4;9.207;42;-21;20.834;13.5664;35.5957;1.3909;0.5296;22.991;2.4105;703.98
ENVI;2;4;9.207;42;-22;21.826;13.5664;35.5961;1.2961;0.5672;20.866;2.4103;690.04
ENVI;2;4;9.207;42;-23;22.818;13.566;35.5973;1.2749;0.5602;19.084;2.41;695.86
ENVI;2;4;9.207;42;-24;23.81;13.5641;35.5975;1.2788;0.5525;17.99;2.4095;710.07
ENVI;2;4;9.207;42;-25;24.802;13.5645;35.5972;1.3021;0.4979;17.661;2.4093;713.26
ENVI;2;4;9.207;42;-26;25.794;13.5607;35.5972;1.3254;0.4931;15.543;2.4106;718.73
ENVI;2;4;9.207;42;-27;26.786;13.5539;35.5973;1.3079;0.5432;13.774;2.4102;707.49
ENVI;2;4;9.207;42;-28;27.778;13.553;35.5973;1.2978;0.6507;12.532;2.4094;704.13
ENVI;2;4;9.207;42;-29;28.77;13.5536;35.5975;1.3065;0.5218;11.42;2.4086;713.1
ENVI;2;4;9.207;42;-30;29.762;13.5531;35.5975;1.2982;0.4887;10.601;2.4078;678.76
ENVI;2;4;9.207;42;-31;30.754;13.552;35.598;1.2896;0.5244;9.7944;2.4075;675.39
ENVI;2;4;9.207;42;-32;31.746;13.5528;35.5978;1.2733;0.5634;9.1285;2.4067;681.79
ENVI;2;4;9.207;42;-33;32.738;13.5529;35.5978;1.2547;0.5578;8.6417;2.4055;695.4
ENVI;2;4;9.207;42;-34;33.73;13.5526;35.5979;1.2595;0.5266;8.3305;2.4047;719.57
ENVI;2;4;9.207;42;-35;34.722;13.551;35.598;1.2779;0.4874;7.1587;2.4062;725.91
ENVI;2;4;9.207;42;-36;35.714;13.5475;35.5982;1.3868;0.5303;6.1261;2.4065;718.22
ENVI;2;4;9.207;42;-37;36.706;13.543;35.5983;1.4253;0.5498;5.7679;2.4052;711.3
ENVI;2;4;9.207;42;-38;37.698;13.5381;35.5987;1.4744;0.552;5.466;2.4045;697.93
ENVI;2;4;9.207;42;-39;38.69;13.5373;35.599;1.4029;0.5874;5.1037;2.4051;695.48
ENVI;2;4;9.207;42;-40;39.682;13.5371;35.5991;1.3759;0.5911;4.798;2.4054;702.61
ENVI;2;4;9.207;42;-41;40.674;13.537;35.5992;1.4045;0.5701;4.5254;2.4046;715.57
ENVI;2;4;9.207;42;-42;41.666;13.5379;35.6001;1.3617;0.5867;4.0854;2.4047;718.96
ENVI;2;4;9.207;42;-43;42.658;13.5381;35.6;1.3426;0.5206;3.3852;2.405;719.66
ENVI;2;4;9.207;42;-44;43.65;13.5378;35.6;1.2848;0.5684;3.0946;2.4044;693.18
ENVI;2;4;9.207;42;-45;44.642;13.5373;35.6002;1.3229;0.5811;2.9107;2.4037;684.91
ENVI;2;4;9.207;42;-46;45.633;13.5367;35.6004;1.3606;0.5678;2.7215;2.4029;702.93
ENVI;2;4;9.207;42;-47;46.626;13.536;35.6003;1.4666;0.5445;2.5192;2.4028;708.05
ENVI;2;4;9.207;42;-48;47.617;13.5329;35.6003;1.3776;0.567;2.2778;2.4023;703.04
ENVI;2;4;9.207;42;-49;48.609;13.5266;35.5997;1.3278;0.6562;2.0793;2.4012;717.8
ENVI;2;4;9.207;42;-50;49.601;13.5236;35.5997;1.33;0.6221;1.9177;2.4008;725.1
ENVI;2;4;9.207;42;-51;50.593;13.5241;35.5997;1.433;0.6059;1.777;2.4025;719.9
ENVI;2;4;9.207;42;-52;51.585;13.5253;35.6002;1.5318;0.5253;1.5021;2.403;699.96
ENVI;2;4;9.207;42;-53;52.577;13.5286;35.6022;1.3393;0.5806;1.3679;2.4023;704.64
ENVI;2;4;9.207;42;-54;53.569;13.5312;35.6034;1.2747;0.6226;1.2554;2.4024;715.09
ENVI;2;4;9.207;42;-55;54.561;13.5356;35.6067;1.2589;0.6238;1.1617;2.4013;722.31
ENVI;2;4;9.207;42;-56;55.552;13.5398;35.6148;1.2351;0.5892;1.0933;2.3998;720.73
ENVI;2;4;9.207;42;-57;56.544;13.5422;35.6193;1.3373;0.5782;1.0412;2.3982;705.13
ENVI;2;4;9.207;42;-58;57.536;13.5418;35.6202;1.2678;0.5753;0.96436;2.3944;707.24
ENVI;2;4;9.207;42;-59;58.528;13.5401;35.6221;1.2111;0.5685;0.80445;2.3895;710.2
ENVI;2;4;9.207;42;-60;59.52;13.538;35.6237;1.1928;0.5988;0.72012;2.3895;705.46
ENVI;2;4;9.207;42;-61;60.512;13.5372;35.6246;1.1783;0.6157;0.65728;2.3898;704.25
ENVI;2;4;9.207;42;-62;61.504;13.5366;35.6271;1.2016;0.6538;0.61391;2.3904;703.65
ENVI;2;4;9.207;42;-63;62.496;13.5382;35.6259;1.247;0.6543;0.57839;2.3894;699.95
ENVI;2;4;9.207;42;-64;63.487;13.5387;35.6228;1.2871;0.6034;0.55639;2.3871;697.92
ENVI;2;4;9.207;42;-65;64.479;13.5364;35.629;1.2494;0.5737;0.51509;2.3878;698.26
ENVI;2;4;9.207;42;-66;65.471;13.5424;35.6435;1.1084;0.5987;0.4652;2.3874;704.82
ENVI;2;4;9.207;42;-67;66.463;13.5362;35.6452;0.8228;0.5548;0.40125;2.38;716.05
ENVI;2;4;9.207;42;-68;67.454;13.5193;35.6659;0.8346;0.5672;0.34919;2.3789;714.75
ENVI;2;4;9.207;42;-69;68.447;13.5109;35.6669;0.7403;0.6531;0.32115;2.3762;713.38
ENVI;2;4;9.207;42;-70;69.438;13.5068;35.6672;0.7773;0.6524;0.29967;2.3671;706.1
ENVI;2;4;9.207;42;-71;70.43;13.5046;35.6688;0.7524;0.6679;0.2811;2.3621;711.56
ENVI;2;4;9.207;42;-72;71.422;13.4766;35.6786;0.6386;0.6932;0.25875;2.3567;720.41
ENVI;2;4;9.207;42;-73;72.414;13.4692;35.6797;0.5426;0.598;0.23963;2.3432;711.48
ENVI;2;4;9.207;42;-74;73.406;13.4713;35.6781;0.621;0.733;0.21454;2.3373;716.98
ENVI;2;4;9.207;42;-75;74.397;13.4708;35.679;0.6236;0.7218;0.18313;2.3336;716.88
ENVI;2;4;9.207;42;-76;75.389;13.4571;35.6827;0.5772;0.7357;0.16288;2.3317;711.23
ENVI;2;4;9.207;42;-77;76.381;13.4524;35.6838;0.4839;0.7833;0.14399;2.328;704.38
ENVI;2;4;9.207;42;-78;77.372;13.4513;35.6843;0.5062;0.8288;0.12968;2.3247;707.24
ENVI;2;4;9.207;42;-79;78.364;13.4586;35.6809;0.5057;0.9108;0.11477;2.323;712.1
ENVI;2;4;9.207;42;-80;79.356;13.4634;35.6793;0.541;0.7615;0.10412;2.3224;710.83
ENVI;2;4;9.207;42;-81;80.348;13.4546;35.6831;0.5677;0.7421;0.092995;2.3237;716.01
ENVI;2;4;9.207;42;-82;81.34;13.422;35.6984;0.4464;0.8242;0.07868;2.321;709.83
ENVI;2;4;9.207;42;-83;82.332;13.4197;35.6997;0.3074;0.8666;0.071707;2.3152;703.12
ENVI;2;4;9.207;42;-84;83.323;13.4219;35.6989;0.3191;0.89;0.065521;2.3105;704.87
ENVI;2;4;9.207;42;-85;84.315;13.4273;35.6964;0.3223;0.9172;0.054724;2.307;709.71
ENVI;2;4;9.207;42;-86;85.307;13.4211;35.6985;0.3005;0.71;0.042529;2.3006;723.55
ENVI;2;4;9.207;42;-87;86.298;13.4164;35.7008;0.3221;0.8326;0.032829;2.3009;708.26
ENVI;2;4;9.207;42;-88;87.29;13.4113;35.7029;0.3226;0.7656;0.025948;2.3011;707.69
ENVI;2;4;9.207;42;-89;88.282;13.4077;35.704;0.2736;0.8983;0.022674;2.2989;705.9
ENVI;2;4;9.207;42;-90;89.274;13.4078;35.704;0.2665;0.9262;0.017659;2.2959;706.57
ENVI;2;4;9.207;42;-91;90.265;13.4053;35.7044;0.2551;0.9314;0.013602;2.2933;718.67
ENVI;2;4;9.207;42;-92;91.257;13.4018;35.7059;0.2608;0.9834;0.0088648;2.2905;724.11
ENVI;2;4;9.207;42;-93;92.249;13.4019;35.7063;0.2611;0.8847;-0.0003389;2.2873;718.72
ENVI;2;4;9.207;42;-94;93.24;13.4042;35.7056;0.2363;0.854;3.24E-07;2.286;722.06
ENVI;2;4;9.207;42;-95;94.232;13.3978;35.7081;0.2192;0.8498;1.00E-12;2.2866;713.88
ENVI;2;4;9.207;42;-96;95.224;13.393;35.7099;0.1997;0.9413;1.00E-12;2.2857;708.24
ENVI;2;4;9.207;42;-97;96.215;13.3913;35.7105;0.1953;0.951;1.00E-12;2.2843;706.81
ENVI;2;4;9.207;42;-98;97.207;13.3925;35.7101;0.1899;0.9886;1.00E-12;2.2824;711.01
ENVI;2;4;9.207;42;-99;98.199;13.3929;35.7098;0.2074;0.9674;1.00E-12;2.2795;725.06
ENVI;2;4;9.207;42;-100;99.19;13.3965;35.7085;0.2192;0.6858;1.00E-12;2.2776;729.99
ENVI;2;4;9.207;42;-101;100.182;13.3924;35.7101;0.2132;0.7956;1.00E-12;2.2785;722.49
ENVI;2;4;9.207;42;-102;101.174;13.391;35.7105;0.2017;1.0098;1.00E-12;2.2779;715.53
ENVI;2;4;9.207;42;-103;102.165;13.3913;35.7104;0.1952;1.0143;1.00E-12;2.2775;710.67
ENVI;2;4;9.207;42;-104;103.157;13.3914;35.7104;0.1985;1.0021;1.00E-12;2.2764;713.78
ENVI;2;4;9.207;42;-105;104.149;13.3921;35.71;0.2027;0.8861;1.00E-12;2.2751;728.5
ENVI;2;4;9.207;42;-106;105.14;13.3924;35.71;0.202;0.7351;1.00E-12;2.2746;718.99
ENVI;2;4;9.207;42;-107;106.132;13.3913;35.7102;0.2121;0.7871;1.00E-12;2.2747;706.79
ENVI;2;4;9.207;42;-108;107.123;13.3922;35.7101;0.209;0.9043;1.00E-12;2.2738;708.97
ENVI;2;4;9.207;42;-109;108.115;13.3935;35.7097;0.1987;0.9853;1.00E-12;2.2733;722
ENVI;2;4;9.207;42;-110;109.107;13.3931;35.7098;0.201;0.9218;1.00E-12;2.2727;733.83
ENVI;2;4;9.207;42;-111;110.098;13.3928;35.71;0.1763;0.9796;1.00E-12;2.2725;706.29
ENVI;2;4;9.207;42;-112;111.09;13.391;35.7103;0.1741;1.0007;1.00E-12;2.2719;714.78
ENVI;2;4;9.207;42;-113;112.081;13.3833;35.7122;0.1747;1.0144;1.00E-12;2.271;727.36
ENVI;2;4;9.207;42;-114;113.073;13.3785;35.7129;0.1541;1.042;1.00E-12;2.2703;737.44
ENVI;2;4;9.207;42;-115;114.065;13.3789;35.7124;0.1613;0.7908;1.00E-12;2.2668;743.19
ENVI;2;4;9.207;42;-116;115.057;13.3817;35.7119;0.1349;0.7821;1.00E-12;2.2648;740.77
ENVI;2;4;9.207;42;-117;116.048;13.3727;35.7137;0.1508;0.8947;1.00E-12;2.2643;732.17
ENVI;2;4;9.207;42;-118;117.039;13.3665;35.7151;0.1622;1.0438;1.00E-12;2.2637;731.41
ENVI;2;4;9.207;42;-119;118.031;13.3606;35.7163;0.1503;1.12;1.00E-12;2.2618;744.77
ENVI;2;4;9.207;42;-120;119.023;13.3342;35.7207;0.1605;1.0839;1.00E-12;2.2576;749.09
ENVI;2;4;9.207;42;-121;120.014;13.3391;35.7193;0.1306;1.0769;1.00E-12;2.253;737.03
ENVI;2;4;9.207;42;-122;121.006;13.3302;35.7206;0.1054;1.0999;1.00E-12;2.2498;739.62
ENVI;2;4;9.207;42;-123;121.997;13.3267;35.7208;0.1022;0.9607;1.00E-12;2.2446;752.19
ENVI;2;4;9.207;42;-124;122.989;13.3136;35.7228;0.1042;0.9372;1.00E-12;2.2421;744.59
ENVI;2;4;9.207;42;-125;123.98;13.307;35.7234;0.0929;1.0443;1.00E-12;2.2393;751.56
ENVI;2;4;9.207;42;-126;124.972;13.2903;35.725;0.0921;1.0382;1.00E-12;2.2356;753.27
ENVI;2;4;9.207;42;-127;125.963;13.276;35.7263;0.0781;0.9911;1.00E-12;2.2326;747.96
ENVI;2;4;9.207;42;-128;126.955;13.2675;35.7271;0.0543;1.0574;1.00E-12;2.2292;751.17
ENVI;2;4;9.207;42;-129;127.947;13.2565;35.7279;0.0585;0.952;1.00E-12;2.2255;755.09
ENVI;2;4;9.207;42;-130;128.938;13.2219;35.7284;0.0431;0.86;1.00E-12;2.2213;756.97
ENVI;2;4;9.207;42;-131;129.93;13.1867;35.7281;0.046;0.7785;1.00E-12;2.2143;760.23
ENVI;2;4;9.207;42;-132;130.921;13.1412;35.7284;0.0433;0.8021;1.00E-12;2.2121;742.44
ENVI;2;4;9.207;42;-133;131.913;13.123;35.7281;0.0154;0.794;1.00E-12;2.21;738.83
ENVI;2;4;9.207;42;-134;132.904;13.0955;35.7279;0.005;0.7586;1.00E-12;2.2075;745.38
ENVI;2;4;9.207;42;-135;133.896;13.0949;35.7265;0.0166;0.7087;1.00E-12;2.2007;761.38
ENVI;2;4;9.207;42;-136;134.887;13.0258;35.7238;-0.0059;0.7557;1.00E-12;2.1977;742.06
ENVI;2;4;9.207;42;-137;135.879;12.9972;35.7233;-0.0034;0.891;1.00E-12;2.1958;756.49
ENVI;2;4;9.207;42;-138;136.87;12.9719;35.7212;-0.0006;0.945;1.00E-12;2.1933;768.84
ENVI;2;4;9.207;42;-139;137.862;12.9383;35.7192;0.0145;1.0742;1.00E-12;2.1887;771.55
ENVI;2;4;9.207;42;-140;138.853;12.8871;35.7185;0.0347;1.0943;1.00E-12;2.1821;756.74
ENVI;2;4;9.207;42;-141;139.844;12.8801;35.7172;0.0273;0.9517;1.00E-12;2.1734;768.99
ENVI;2;4;9.207;42;-142;140.836;12.869;35.7172;0.0031;0.9087;1.00E-12;2.1663;770.3
ENVI;2;4;9.207;42;-143;141.828;12.8428;35.7178;0.0052;1.0064;1.00E-12;2.1646;775.12
ENVI;2;4;9.207;42;-144;142.819;12.7969;35.7168;0.0042;1.0696;1.00E-12;2.1619;767.52
ENVI;2;4;9.207;42;-145;143.81;12.7743;35.7157;0.001;1.0647;1.00E-12;2.159;759.77
ENVI;2;4;9.207;42;-146;144.802;12.7302;35.7146;-0.026;1.0641;1.00E-12;2.1559;756.19
ENVI;2;4;9.207;42;-147;145.793;12.7002;35.7135;-0.0254;1.0904;1.00E-12;2.1522;757.8
ENVI;2;4;9.207;42;-148;146.785;12.6848;35.7125;-0.0245;1.1062;1.00E-12;2.1479;767.81
ENVI;2;4;9.207;42;-149;147.776;12.5637;35.7047;-0.0363;0.9688;1.00E-12;2.1424;778.53
ENVI;2;4;9.207;42;-150;148.768;12.4807;35.7023;-0.0423;0.833;1.00E-12;2.1286;767.35
ENVI;2;4;9.207;42;-151;149.759;12.2832;35.6952;-0.0602;0.9255;1.00E-12;2.1253;759.92
ENVI;2;4;9.207;42;-152;150.75;12.1106;35.6888;-0.0431;0.7984;1.00E-12;2.1158;757.82
ENVI;2;4;9.207;42;-153;151.742;12.0626;35.6843;-0.0583;0.6625;1.00E-12;2.1062;754.99
ENVI;2;4;9.207;42;-154;152.733;12.0456;35.6781;-0.0651;0.5691;1.00E-12;2.0816;780.03
ENVI;2;4;9.207;42;-155;153.725;11.9031;35.6725;-0.0618;0.6685;1.00E-12;2.0746;768.73
ENVI;2;4;9.207;42;-156;154.716;11.8799;35.6706;-0.0758;0.6652;1.00E-12;2.0715;775.8
ENVI;2;4;9.207;42;-157;155.707;11.8618;35.6686;-0.0809;0.6555;1.00E-12;2.0685;777.94
ENVI;2;4;9.207;42;-158;156.699;11.8753;35.6684;-0.0662;0.6495;1.00E-12;2.0586;757.94
ENVI;2;41;9.308;42;-3;2.976;13.752;34.5959;1.5798;0.4467;373.82;2.3155;1445.3
ENVI;2;41;9.308;42;-4;3.968;13.8471;35.5224;1.6343;0.4903;345.3;2.4652;1520.4
ENVI;2;41;9.308;42;-5;4.961;13.8471;35.5223;1.7081;0.4918;220.19;2.4652;1492.4
ENVI;2;41;9.308;42;-6;5.953;13.8471;35.5227;2.025;0.5077;199.22;2.4654;1485.4
ENVI;2;41;9.308;42;-7;6.945;13.8467;35.5224;2.0795;0.5006;184.1;2.4655;1480.8
ENVI;2;41;9.308;42;-8;7.937;13.8477;35.524;2.4119;0.4935;142.98;2.464;1395.8
ENVI;2;41;9.308;42;-9;8.929;13.8498;35.5259;2.4621;0.4867;94.491;2.4613;1382.9
ENVI;2;41;9.308;42;-10;9.921;13.85;35.5255;2.5846;0.5167;78.651;2.4593;1431.3
ENVI;2;41;9.308;42;-11;10.913;13.8496;35.5251;2.5183;0.4605;77.128;2.4587;1620.6
ENVI;2;41;9.308;42;-12;11.905;13.8492;35.5245;2.4421;0.4924;65.674;2.4582;1682.2
ENVI;2;41;9.308;42;-13;12.898;13.8562;35.5291;2.4724;0.5262;58.548;2.4578;1618.1
ENVI;2;41;9.308;42;-14;13.889;13.8599;35.5318;2.5252;0.4592;49.368;2.4557;1319.3
ENVI;2;41;9.308;42;-15;14.882;13.8595;35.5321;2.6393;0.5089;40.278;2.4533;1230
ENVI;2;41;9.308;42;-16;15.874;13.8608;35.5329;2.3976;0.5059;36.014;2.4515;1213.4
ENVI;2;41;9.308;42;-17;16.866;13.8635;35.5343;2.3836;0.4731;34.215;2.4501;1212.4
ENVI;2;41;9.308;42;-18;17.858;13.8695;35.5372;2.2617;0.4507;29.319;2.4475;1241
ENVI;2;41;9.308;42;-19;18.85;13.8806;35.5423;2.2688;0.4621;23.453;2.445;1228.4
ENVI;2;41;9.308;42;-20;19.842;13.8866;35.5445;2.2378;0.4863;21.108;2.445;1220.2
ENVI;2;41;9.308;42;-21;20.834;13.8918;35.5468;2.1905;0.496;19.42;2.445;1229.5
ENVI;2;41;9.308;42;-22;21.826;13.9123;35.5571;2.1344;0.5126;17.911;2.4445;1251.6
ENVI;2;41;9.308;42;-23;22.818;13.9468;35.571;1.9809;0.4668;17.034;2.4451;1305.9
ENVI;2;41;9.308;42;-24;23.81;13.9141;35.5571;2.0551;0.4178;22.286;2.4428;1688.1
ENVI;2;41;9.308;42;-25;24.802;13.9633;35.5867;2.1493;0.4343;21.97;2.4434;1962.9
ENVI;2;41;9.308;42;-26;25.794;14.0882;35.6474;1.97;0.4876;18.976;2.4449;1975.1
ENVI;2;41;9.308;42;-27;26.786;14.0708;35.6402;1.7737;0.4144;17.337;2.4401;1913.2
ENVI;2;41;9.308;42;-28;27.778;14.1313;35.6732;1.938;0.4063;17.077;2.4323;1785.7
ENVI;2;41;9.308;42;-29;28.77;14.1337;35.6759;1.7581;0.4251;14.665;2.4303;1723.9
ENVI;2;41;9.308;42;-30;29.762;14.1368;35.6795;1.7104;0.4451;12.573;2.4256;1629.5
ENVI;2;41;9.308;42;-31;30.754;14.1369;35.685;1.6425;0.4453;11.513;2.4225;1537.3
ENVI;2;41;9.308;42;-32;31.746;14.1369;35.6889;1.8027;0.4472;9.9826;2.4195;1493.5
ENVI;2;41;9.308;42;-33;32.738;14.1326;35.6907;1.8378;0.4367;8.9823;2.4182;1567.3
ENVI;2;41;9.308;42;-34;33.73;14.1382;35.6961;1.8858;0.4287;8.6291;2.4177;1611.1
ENVI;2;41;9.308;42;-35;34.722;14.1353;35.6955;1.8401;0.426;7.5347;2.4158;1525.6
ENVI;2;41;9.308;42;-36;35.714;14.1327;35.6992;1.7556;0.3833;5.8383;2.4153;1343.7
ENVI;2;41;9.308;42;-37;36.706;14.127;35.7056;1.6336;0.4405;5.2433;2.4148;1315
ENVI;2;41;9.308;42;-38;37.698;14.1276;35.7114;1.5935;0.4568;4.8781;2.4141;1290.8
ENVI;2;41;9.308;42;-39;38.69;14.1283;35.7165;1.6018;0.4525;4.5752;2.4139;1292.3
ENVI;2;41;9.308;42;-40;39.682;14.1199;35.7204;1.491;0.4476;4.359;2.4134;1309.5
ENVI;2;41;9.308;42;-41;40.674;14.1218;35.7252;1.5034;0.4099;4.239;2.4116;1341.2
ENVI;2;41;9.308;42;-42;41.666;14.1235;35.7176;1.8547;0.3749;4.0232;2.4101;1347.2
ENVI;2;41;9.308;42;-43;42.658;14.129;35.7292;1.6549;0.3934;3.3128;2.4103;1446.3
ENVI;2;41;9.308;42;-44;43.65;14.1352;35.736;1.9201;0.3579;2.9783;2.4081;1574.9
ENVI;2;41;9.308;42;-45;44.642;14.1409;35.7391;1.5763;0.3891;2.9361;2.4072;1691
ENVI;2;41;9.308;42;-46;45.634;14.1438;35.7412;1.4747;0.3788;2.9654;2.4055;1757.3
ENVI;2;41;9.308;42;-47;46.625;14.1444;35.7451;1.2922;0.4393;2.9859;2.404;1791.4
ENVI;2;41;9.308;42;-48;47.617;14.1429;35.7465;1.1215;0.423;2.9655;2.4021;1803.7
ENVI;2;41;9.308;42;-49;48.609;14.1372;35.7461;0.927;0.4036;2.9436;2.4001;1805.4
ENVI;2;41;9.308;42;-50;49.601;14.1232;35.7439;0.8295;0.4388;2.9438;2.397;1780.6
ENVI;2;41;9.308;42;-51;50.593;14.1285;35.7437;0.8291;0.4003;1.9371;2.3888;1410.3
ENVI;2;41;9.308;42;-52;51.585;14.1011;35.7389;0.9171;0.3959;1.4821;2.3883;1324.3
ENVI;2;41;9.308;42;-53;52.577;14.0768;35.7352;0.7612;0.4405;1.4477;2.3872;1352.7
ENVI;2;41;9.308;42;-54;53.569;14.0634;35.7323;0.5151;0.5246;1.4387;2.3855;1401.6
ENVI;2;41;9.308;42;-55;54.561;14.0536;35.7301;0.4991;0.5577;1.4741;2.382;1461.5
ENVI;2;41;9.308;42;-56;55.553;14.0734;35.7333;0.5197;0.55;1.5998;2.3788;1729.6
ENVI;2;41;9.308;42;-57;56.544;14.0506;35.7308;0.5122;0.5471;1.6465;2.3799;2060.9
ENVI;2;41;9.308;42;-58;57.536;14.055;35.7339;0.446;0.5634;1.4628;2.3792;1954.7
ENVI;2;41;9.308;42;-59;58.528;14.0593;35.7366;0.4268;0.5289;1.3216;2.3774;1886.6
ENVI;2;41;9.308;42;-60;59.52;14.0612;35.7397;0.478;0.5585;1.2241;2.3757;1829.1
ENVI;2;41;9.308;42;-61;60.512;14.0634;35.7398;0.5068;0.4476;1.0785;2.3737;1719.7
ENVI;2;41;9.308;42;-62;61.504;14.0722;35.7486;0.4794;0.4723;0.97254;2.3743;1691.5
ENVI;2;41;9.308;42;-63;62.496;14.0759;35.7512;0.5407;0.4926;0.89235;2.3743;1668.5
ENVI;2;41;9.308;42;-64;63.487;14.0768;35.7526;0.6271;0.4345;0.81244;2.3733;1628.5
ENVI;2;41;9.308;42;-65;64.479;14.0736;35.7534;0.9452;0.3971;0.74717;2.3729;1557.8
ENVI;2;41;9.308;42;-66;65.471;14.0682;35.7547;0.9915;0.4007;0.69961;2.3758;1539.5
ENVI;2;41;9.308;42;-67;66.463;14.0636;35.7564;1.01;0.3705;0.65201;2.3784;1525.6
ENVI;2;41;9.308;42;-68;67.455;14.0544;35.7592;0.8933;0.3597;0.60706;2.3792;1497.7
ENVI;2;41;9.308;42;-69;68.446;14.0369;35.762;0.8323;0.3268;0.53574;2.3765;1550.2
ENVI;2;41;9.308;42;-70;69.438;14.0073;35.7632;0.8354;0.3182;0.48261;2.375;1681.5
ENVI;2;41;9.308;42;-71;70.43;13.9901;35.7628;0.91;0.3188;0.44342;2.3739;1657
ENVI;2;41;9.308;42;-72;71.422;13.9786;35.7625;0.948;0.294;0.41171;2.3736;1649.7
ENVI;2;41;9.308;42;-73;72.414;13.9657;35.7616;0.9834;0.2845;0.39494;2.3752;1682.5
ENVI;2;41;9.308;42;-74;73.406;13.9601;35.7608;1.0445;0.2755;0.3981;2.378;1685.5
ENVI;2;41;9.308;42;-75;74.397;13.9403;35.7589;0.9436;0.2817;0.38535;2.3791;1634.3
ENVI;2;41;9.308;42;-76;75.389;13.9036;35.7558;0.9872;0.2674;0.35624;2.3796;1527.5
ENVI;2;41;9.308;42;-77;76.381;13.8549;35.7518;0.848;0.2469;0.28196;2.382;1438.3
ENVI;2;41;9.308;42;-78;77.373;13.8514;35.7522;0.8606;0.2624;0.23861;2.382;1472.6
ENVI;2;41;9.308;42;-79;78.364;13.8509;35.7525;0.9331;0.2633;0.21865;2.3816;1509.6
ENVI;2;41;9.308;42;-80;79.356;13.8503;35.7532;0.9129;0.2637;0.20236;2.3812;1486.6
ENVI;2;41;9.308;42;-81;80.348;13.8503;35.7536;0.9283;0.2963;0.1862;2.3812;1408.9
ENVI;2;41;9.308;42;-82;81.34;13.8506;35.7541;1.0253;0.2881;0.17033;2.3809;1328.4
ENVI;2;41;9.308;42;-83;82.331;13.8506;35.7543;0.9429;0.2621;0.15912;2.3794;1295.2
ENVI;2;41;9.308;42;-84;83.323;13.8503;35.7549;0.8609;0.2493;0.15118;2.3787;1294.5
ENVI;2;41;9.308;42;-85;84.315;13.8465;35.7555;0.8462;0.2528;0.14238;2.3784;1315.8
ENVI;2;41;9.308;42;-86;85.307;13.8416;35.7552;0.87;0.2651;0.13006;2.3775;1376.2
ENVI;2;41;9.308;42;-87;86.298;13.8248;35.7557;0.8279;0.2586;0.10392;2.3766;1319.2
ENVI;2;41;9.308;42;-88;87.29;13.8195;35.7562;0.8139;0.2632;0.094101;2.3757;1321
ENVI;2;41;9.308;42;-89;88.282;13.8131;35.7562;0.8012;0.2613;0.084608;2.3744;1335.1
ENVI;2;41;9.308;42;-90;89.273;13.8174;35.756;0.7688;0.2351;0.081893;2.3736;1270.2
ENVI;2;41;9.308;42;-91;90.265;13.8081;35.7577;0.7279;0.2452;0.071887;2.374;1224.6
ENVI;2;41;9.308;42;-92;91.257;13.8034;35.7574;0.7106;0.2557;0.066765;2.3731;1217.4
ENVI;2;41;9.308;42;-93;92.248;13.7952;35.7566;0.586;0.263;0.061776;2.372;1226.8
ENVI;2;41;9.308;42;-94;93.24;13.7894;35.7555;0.5687;0.2606;0.056242;2.3705;1245.6
ENVI;2;41;9.308;42;-95;94.232;13.782;35.7541;0.5401;0.2514;0.055314;2.3696;1263
ENVI;2;41;9.308;42;-96;95.224;13.7832;35.7539;0.6089;0.2676;0.03355;2.3664;1222.8
ENVI;2;41;9.308;42;-97;96.215;13.7816;35.7537;0.6125;0.3248;0.023085;2.366;1184.2
ENVI;2;41;9.308;42;-98;97.207;13.7763;35.7528;0.5492;0.2482;0.023321;2.365;1177.7
ENVI;2;41;9.308;42;-99;98.199;13.7685;35.7522;0.5274;0.2554;0.022767;2.3641;1175.1
ENVI;2;41;9.308;42;-100;99.19;13.7646;35.753;0.5133;0.2541;0.020357;2.3635;1184.6
ENVI;2;41;9.308;42;-101;100.182;13.7674;35.7544;0.4803;0.2448;0.022128;2.3626;1212.3
ENVI;2;41;9.308;42;-102;101.174;13.7762;35.756;0.4866;0.2318;0.023585;2.3594;1347.8
ENVI;2;41;9.308;42;-103;102.165;13.7801;35.76;0.5432;0.2471;0.0171;2.3573;1493.3
ENVI;2;41;9.308;42;-104;103.157;13.7803;35.7642;0.4658;0.2451;0.015083;2.3544;1562.3
ENVI;2;41;9.308;42;-105;104.149;13.7789;35.7664;0.4288;0.2547;0.012148;2.3459;1515.7
ENVI;2;41;9.308;42;-106;105.14;13.7756;35.7688;0.384;0.3388;0.0027523;2.3373;1419.5
ENVI;2;41;9.308;42;-107;106.132;13.7702;35.7695;0.2728;0.3297;-0.00001499;2.3295;1361.4
ENVI;2;41;9.308;42;-108;107.124;13.7689;35.7703;0.274;0.3249;0.000044321;2.3222;1337
ENVI;2;41;9.308;42;-109;108.115;13.7679;35.7718;0.2256;0.371;1.37E-06;2.316;1333.5
ENVI;2;41;9.308;42;-110;109.107;13.7685;35.7716;0.2194;0.4617;1.00E-12;2.3084;1343.6
ENVI;2;41;9.308;42;-111;110.098;13.7695;35.7718;0.2217;0.4223;1.00E-12;2.2995;1358.9
ENVI;2;41;9.308;42;-112;111.09;13.7652;35.7743;0.209;0.4306;1.00E-12;2.2956;1373.5
ENVI;2;41;9.308;42;-113;112.082;13.7597;35.7764;0.1809;0.4995;1.00E-12;2.2933;1391.6
ENVI;2;41;9.308;42;-114;113.073;13.743;35.7799;0.1037;0.6933;1.00E-12;2.291;1414.5
ENVI;2;41;9.308;42;-115;114.065;13.7365;35.7808;0.0767;0.7824;1.00E-12;2.2875;1435.2
ENVI;2;41;9.308;42;-116;115.056;13.7252;35.7821;0.0624;0.922;1.00E-12;2.2822;1450.9
ENVI;2;41;9.308;42;-117;116.048;13.7194;35.7835;0.0379;0.9807;1.00E-12;2.2682;1452.8
ENVI;2;41;9.308;42;-118;117.04;13.7127;35.7856;0.0397;0.8344;1.00E-12;2.2443;1372.4
ENVI;2;41;9.308;42;-119;118.031;13.6876;35.7892;0.0447;1.0391;1.00E-12;2.2394;1296.5
ENVI;2;41;9.308;42;-120;119.023;13.6509;35.79;0.015;1.2555;1.00E-12;2.2333;1233.8
ENVI;2;41;9.308;42;-121;120.014;13.6313;35.7909;0.005;1.2316;1.00E-12;2.2255;1186.4
ENVI;2;41;9.308;42;-122;121.006;13.6076;35.7905;0.0267;1.2805;1.00E-12;2.2182;1154.9
ENVI;2;41;9.308;42;-123;121.997;13.5764;35.7901;0.0078;1.308;1.00E-12;2.2121;1135.5
ENVI;2;41;9.308;42;-124;122.989;13.557;35.7898;-0.0125;1.3266;1.00E-12;2.2061;1122.7
ENVI;2;41;9.308;42;-125;123.98;13.5511;35.7895;-0.03;1.3318;1.00E-12;2.2006;1115.1
ENVI;2;41;9.308;42;-126;124.972;13.5439;35.7893;-0.0181;1.3589;1.00E-12;2.1949;1109.7
ENVI;2;41;9.308;42;-127;125.963;13.5381;35.789;-0.0191;1.2865;1.00E-12;2.1874;1095.8
ENVI;2;41;9.308;42;-128;126.955;13.5193;35.7883;-0.0446;1.2608;1.00E-12;2.1831;1076.6
ENVI;2;41;9.308;42;-129;127.946;13.4733;35.7844;-0.0351;1.2747;1.00E-12;2.1811;1059.1
ENVI;2;41;9.308;42;-130;128.938;13.4179;35.7819;-0.024;1.2722;1.00E-12;2.179;1041
ENVI;2;41;9.308;42;-131;129.93;13.4008;35.7808;-0.0224;1.3271;1.00E-12;2.1759;1026.7
ENVI;2;41;9.308;42;-132;130.921;13.3811;35.7794;-0.0288;1.3092;1.00E-12;2.1731;1020.7
ENVI;2;41;9.308;42;-133;131.912;13.3735;35.7789;-0.0453;1.2787;1.00E-12;2.1706;1025.1
ENVI;2;41;9.308;42;-134;132.904;13.3383;35.7761;-0.0451;1.2738;1.00E-12;2.1688;1036.1
ENVI;2;41;9.308;42;-135;133.896;13.3136;35.7751;-0.0386;1.2712;1.00E-12;2.1672;1049.9
ENVI;2;41;9.308;42;-136;134.887;13.3166;35.7741;-0.0167;1.0072;1.00E-12;2.1644;1063.3
ENVI;2;41;9.308;42;-137;135.879;13.3119;35.7721;-0.0495;0.8945;1.00E-12;2.1624;1055.2
ENVI;2;41;9.308;42;-138;136.87;13.2716;35.771;-0.0381;0.9774;1.00E-12;2.1613;1059.9
ENVI;2;41;9.308;42;-139;137.862;13.2543;35.7698;-0.0444;1.0294;1.00E-12;2.16;1065.7
ENVI;2;41;9.308;42;-140;138.853;13.2442;35.7689;-0.0473;1.107;1.00E-12;2.1585;1069.4
ENVI;2;41;9.308;42;-141;139.845;13.2385;35.7686;-0.0407;1.2336;1.00E-12;2.1579;1070.7
ENVI;2;41;9.308;42;-142;140.836;13.2355;35.7679;-0.044;1.1349;1.00E-12;2.1569;1074.8
ENVI;2;41;9.308;42;-143;141.828;13.2329;35.7676;-0.052;1.0594;1.00E-12;2.1555;1083.3
ENVI;2;41;9.308;42;-144;142.819;13.2305;35.7674;-0.0611;1.07;1.00E-12;2.1546;1088.8
ENVI;2;41;9.308;42;-145;143.81;13.2263;35.7669;-0.0616;1.1552;1.00E-12;2.1534;1091.2
ENVI;2;41;9.308;42;-146;144.802;13.2252;35.7669;-0.0589;1.166;1.00E-12;2.1528;1089.5
ENVI;2;41;9.308;42;-147;145.793;13.2234;35.7665;-0.0453;1.1325;1.00E-12;2.1519;1086.1
ENVI;2;41;9.308;42;-148;146.785;13.2161;35.7665;-0.0451;1.1168;1.00E-12;2.1513;1081.8
ENVI;2;41;9.308;42;-149;147.776;13.2152;35.7661;-0.0443;1.1041;1.00E-12;2.1506;1078.8
ENVI;2;41;9.308;42;-150;148.767;13.2128;35.7656;-0.0604;1.0347;1.00E-12;2.1494;1080.3
ENVI;2;41;9.308;42;-151;149.759;13.185;35.7645;-0.0555;0.8671;1.00E-12;2.1489;1089.3
ENVI;2;41;9.308;42;-152;150.75;13.1683;35.764;-0.0597;0.7573;1.00E-12;2.1488;1064.3
ENVI;2;41;9.308;42;-153;151.742;13.1661;35.764;-0.0609;0.8068;1.00E-12;2.1485;1051
ENVI;2;41;9.308;42;-154;152.733;13.1647;35.764;-0.0596;0.9627;1.00E-12;2.1477;1044.5
ENVI;2;41;9.308;42;-155;153.725;13.1547;35.7642;-0.0544;0.9594;1.00E-12;2.1466;1044.7
ENVI;2;41;9.308;42;-156;154.716;13.1345;35.7646;-0.0452;0.9416;1.00E-12;2.1455;1050.4
ENVI;2;41;9.308;42;-157;155.707;13.1262;35.7649;-0.0689;0.8158;1.00E-12;2.1438;1057.3
ENVI;2;41;9.308;42;-158;156.699;13.1091;35.7653;-0.0702;0.7784;1.00E-12;2.1424;1063.8
ENVI;2;41;9.308;42;-159;157.69;13.1026;35.7652;-0.0695;0.7373;1.00E-12;2.1419;1070.8
ENVI;2;41;9.308;42;-160;158.682;13.092;35.7654;-0.0695;0.6465;1.00E-12;2.1417;1078.4
ENVI;2;41;9.308;42;-161;159.673;13.0829;35.7656;-0.0703;0.616;1.00E-12;2.1414;1084.7
ENVI;2;41;9.308;42;-162;160.664;13.0401;35.7673;-0.0687;0.5995;1.00E-12;2.141;1089.9
ENVI;2;41;9.308;42;-163;161.656;13.0293;35.7663;-0.0817;0.4073;1.00E-12;2.1402;1104.6
ENVI;2;41;9.308;42;-164;162.647;13.0136;35.7648;-0.0812;0.43;1.00E-12;2.1398;1126.6
ENVI;2;41;9.308;42;-165;163.638;13.0061;35.7645;-0.081;0.4346;1.00E-12;2.1394;1137.8
ENVI;2;41;9.308;42;-166;164.63;12.9964;35.7638;-0.0703;0.4077;1.00E-12;2.1391;1145
ENVI;2;41;9.308;42;-167;165.621;12.9857;35.7632;-0.0751;0.4091;1.00E-12;2.1386;1151.4
ENVI;2;41;9.308;42;-168;166.612;12.958;35.7614;-0.0809;0.4226;1.00E-12;2.138;1159.9
ENVI;2;41;9.308;42;-169;167.604;12.9348;35.7601;-0.0811;0.3657;1.00E-12;2.1367;1176.7
ENVI;2;41;9.308;42;-170;168.595;12.9225;35.7592;-0.0661;0.3221;1.00E-12;2.1354;1204.2
ENVI;2;41;9.308;42;-171;169.586;12.9029;35.7575;-0.0777;0.3848;1.00E-12;2.1346;1242.2
ENVI;2;41;9.308;42;-172;170.578;12.8744;35.7548;-0.0844;0.29;1.00E-12;2.1333;1288.3
ENVI;2;41;9.308;42;-173;171.569;12.8659;35.7541;-0.0629;0.3145;1.00E-12;2.1318;1275.9
ENVI;2;41;9.308;42;-174;172.561;12.8568;35.753;-0.0598;0.3282;1.00E-12;2.1309;1257.9
ENVI;2;41;9.308;42;-175;173.552;12.839;35.7524;-0.0691;0.3185;1.00E-12;2.1301;1250.7
ENVI;2;41;9.308;42;-176;174.543;12.8283;35.7515;-0.0823;0.3301;1.00E-12;2.1289;1257.9
ENVI;2;41;9.308;42;-177;175.534;12.8112;35.7503;-0.0824;0.3362;1.00E-12;2.1278;1270.5
ENVI;2;41;9.308;42;-178;176.526;12.7955;35.7487;-0.081;0.3368;1.00E-12;2.1265;1283.1
ENVI;2;41;9.308;42;-179;177.517;12.7641;35.7454;-0.0803;0.354;1.00E-12;2.125;1293.2
ENVI;2;41;9.308;42;-180;178.508;12.7371;35.7428;-0.084;0.3543;1.00E-12;2.1234;1302.1
ENVI;2;41;9.308;42;-181;179.499;12.7191;35.7404;-0.0931;0.3249;1.00E-12;2.1224;1312.4
ENVI;2;41;9.308;42;-182;180.491;12.7139;35.7391;-0.0838;0.3249;1.00E-12;2.1208;1343.9
ENVI;2;41;9.308;42;-183;181.482;12.7092;35.7378;-0.0808;0.3726;1.00E-12;2.1192;1423
ENVI;2;41;9.308;42;-184;182.473;12.7025;35.7366;-0.0799;0.3189;1.00E-12;2.1194;1500.5
ENVI;2;41;9.308;42;-185;183.464;12.6905;35.7348;-0.0661;0.3172;1.00E-12;2.1192;1498.1
ENVI;2;41;9.308;42;-186;184.456;12.6542;35.7317;-0.0751;0.3497;1.00E-12;2.1189;1470.4
ENVI;2;41;9.308;42;-187;185.447;12.6107;35.7276;-0.0777;0.3493;1.00E-12;2.1176;1445.1
ENVI;2;41;9.308;42;-188;186.438;12.5639;35.7241;-0.081;0.3711;1.00E-12;2.1157;1429.4
ENVI;2;41;9.308;42;-189;187.429;12.5615;35.7235;-0.0783;0.4627;1.00E-12;2.112;1406
ENVI;2;41;9.308;42;-190;188.421;12.5239;35.7194;-0.0738;0.3112;1.00E-12;2.108;1347.9
ENVI;2;41;9.308;42;-191;189.412;12.481;35.7144;-0.0768;0.4145;1.00E-12;2.1015;1249.8
ENVI;2;41;9.308;42;-192;190.403;12.3949;35.706;-0.0712;0.58;1.00E-12;2.0971;1184.2
ENVI;2;41;9.308;42;-193;191.394;12.4133;35.7062;-0.0768;0.5208;1.00E-12;2.0932;1164.4
ENVI;2;41;9.308;42;-194;192.385;12.3917;35.7046;-0.0736;0.6124;1.00E-12;2.0936;1162.6
ENVI;2;41;9.308;42;-195;193.377;12.3826;35.7038;-0.0916;0.6353;1.00E-12;2.0929;1145.3
ENVI;2;41;9.308;42;-196;194.368;12.3816;35.7037;-0.0705;0.6821;1.00E-12;2.0918;1141.9
ENVI;2;41;9.308;42;-197;195.359;12.3798;35.7035;-0.0695;0.668;1.00E-12;2.0904;1146.8
ENVI;2;41;9.308;42;-198;196.35;12.3756;35.703;-0.0718;0.6601;1.00E-12;2.0895;1156.7
ENVI;2;41;9.308;42;-199;197.341;12.3704;35.7026;-0.0819;0.6604;1.00E-12;2.088;1165.6
ENVI;2;41;9.308;42;-200;198.333;12.3718;35.7022;-0.0716;0.5751;1.00E-12;2.0866;1194.2
ENVI;2;41;9.308;42;-201;199.324;12.3721;35.7018;-0.0844;0.4836;1.00E-12;2.0869;1227.6
ENVI;2;41;9.308;42;-202;200.315;12.3592;35.701;-0.0693;0.5671;1.00E-12;2.0866;1230.8
ENVI;2;41;9.308;42;-203;201.306;12.3516;35.7005;-0.0688;0.6589;1.00E-12;2.0851;1269.5
ENVI;2;41;9.308;42;-204;202.297;12.3433;35.6996;-0.0735;0.6306;1.00E-12;2.0842;1345
ENVI;2;41;9.308;42;-205;203.288;12.3416;35.6996;-0.0895;0.5801;1.00E-12;2.082;1437.2
ENVI;2;5;9.408;42;-4;3.969;13.6174;31.762;1.4803;0.3738;63.66;2.3268;1410.9
ENVI;2;5;9.408;42;-5;4.961;13.8289;36.7348;1.1245;0.3841;54.855;2.5146;1443.8
ENVI;2;5;9.408;42;-6;5.953;13.7791;35.6402;1.3392;0.4229;47.258;2.4731;1452.4
ENVI;2;5;9.408;42;-7;6.945;13.7787;35.6404;1.4997;0.4162;39.723;2.4723;1443.5
ENVI;2;5;9.408;42;-8;7.937;13.782;35.6402;1.5598;0.4237;33.69;2.4715;1427.5
ENVI;2;5;9.408;42;-9;8.929;13.7816;35.641;1.6935;0.4007;31.735;2.4716;1428.4
ENVI;2;5;9.408;42;-10;9.921;13.7749;35.6471;1.9753;0.4148;28.235;2.4718;1440.2
ENVI;2;5;9.408;42;-11;10.913;13.7757;35.6482;2.0473;0.4048;24.619;2.4711;1473.3
ENVI;2;5;9.408;42;-12;11.905;13.7756;35.6482;2.2775;0.4164;22.134;2.4681;1535
ENVI;2;5;9.408;42;-13;12.897;13.7758;35.6488;2.3356;0.4037;21.27;2.465;1558.6
ENVI;2;5;9.408;42;-14;13.889;13.7755;35.6488;2.4352;0.4187;20.323;2.464;1576.9
ENVI;2;5;9.408;42;-15;14.882;13.7751;35.6493;2.5199;0.4058;20.048;2.4629;1573.1
ENVI;2;5;9.408;42;-16;15.874;13.7753;35.6489;2.6186;0.4019;19.635;2.4625;1573.8
ENVI;2;5;9.408;42;-17;16.866;13.7753;35.6497;2.4996;0.421;20.662;2.4618;1576
ENVI;2;5;9.408;42;-18;17.858;13.7744;35.6488;2.5804;0.4226;19.255;2.4605;1584.7
ENVI;2;5;9.408;42;-19;18.85;13.7755;35.6492;2.6321;0.4191;18.484;2.4598;1583.2
ENVI;2;5;9.408;42;-20;19.842;13.7771;35.6503;2.5987;0.4227;21.039;2.46;1583.2
ENVI;2;5;9.408;42;-21;20.834;13.777;35.6501;2.6192;0.4274;20.762;2.4603;1594.4
ENVI;2;5;9.408;42;-22;21.826;13.777;35.6501;2.7043;0.4244;20.512;2.4599;1604.8
ENVI;2;5;9.408;42;-23;22.818;13.7802;35.6508;2.6605;0.3892;22.253;2.4584;1579.5
ENVI;2;5;9.408;42;-24;23.81;13.7988;35.6565;2.7547;0.4043;19.845;2.4586;1573.1
ENVI;2;5;9.408;42;-25;24.802;13.8036;35.6614;2.764;0.4377;18.955;2.4574;1570.2
ENVI;2;5;9.408;42;-26;25.794;13.8139;35.6705;2.8804;0.4279;17.271;2.4551;1568.9
ENVI;2;5;9.408;42;-27;26.786;13.8181;35.6772;2.7093;0.4067;16.711;2.4515;1550.1
ENVI;2;5;9.408;42;-28;27.778;13.8255;35.6898;2.4812;0.3838;17.978;2.4461;1549.3
ENVI;2;5;9.408;42;-29;28.77;13.8349;35.7127;2.1413;0.3711;17.237;2.4418;1550.2
ENVI;2;5;9.408;42;-30;29.762;13.8311;35.7091;1.7891;0.3131;15.856;2.4285;1548.8
ENVI;2;5;9.408;42;-31;30.754;13.84;35.7265;2.1092;0.3248;12.248;2.4266;1525.9
ENVI;2;5;9.408;42;-32;31.746;13.8391;35.7266;1.5595;0.3142;11.309;2.425;1529.2
ENVI;2;5;9.408;42;-33;32.738;13.8379;35.7265;1.4724;0.3124;10.843;2.4222;1534.6
ENVI;2;5;9.408;42;-34;33.73;13.838;35.7287;1.4574;0.314;10.885;2.4191;1541.5
ENVI;2;5;9.408;42;-35;34.722;13.839;35.7322;1.3894;0.3246;11.054;2.4163;1545.2
ENVI;2;5;9.408;42;-36;35.714;13.8381;35.7254;1.3279;0.2844;11.129;2.4085;1558.5
ENVI;2;5;9.408;42;-37;36.706;13.8399;35.7341;1.4245;0.2932;9.5837;2.4103;1565.3
ENVI;2;5;9.408;42;-38;37.698;13.8415;35.7422;1.1298;0.2882;8.8489;2.4099;1575.2
ENVI;2;5;9.408;42;-39;38.69;13.8408;35.7391;1.1538;0.2786;8.6825;2.4057;1589.8
ENVI;2;5;9.408;42;-40;39.682;13.8409;35.7431;1.1381;0.2919;7.8582;2.4017;1615.8
ENVI;2;5;9.408;42;-41;40.674;13.8403;35.744;1.1359;0.2988;7.2378;2.3995;1675.2
ENVI;2;5;9.408;42;-42;41.666;13.8408;35.746;1.3638;0.302;6.8153;2.3979;1708.5
ENVI;2;5;9.408;42;-43;42.658;13.8417;35.7469;1.0495;0.284;6.3075;2.3957;1730.8
ENVI;2;5;9.408;42;-44;43.65;13.8422;35.7487;0.9491;0.2802;6.1348;2.3946;1822.2
ENVI;2;5;9.408;42;-45;44.642;13.8421;35.7493;0.9717;0.2857;5.8376;2.3936;1846.4
ENVI;2;5;9.408;42;-46;45.634;13.8415;35.7515;0.961;0.289;5.5468;2.393;1861.5
ENVI;2;5;9.408;42;-47;46.625;13.8424;35.7515;0.7922;0.2351;4.9782;2.3909;1872.9
ENVI;2;5;9.408;42;-48;47.617;13.8426;35.7529;0.8198;0.275;4.2054;2.391;1896.7
ENVI;2;5;9.408;42;-49;48.609;13.8429;35.7538;0.773;0.2688;3.8892;2.3896;1929
ENVI;2;5;9.408;42;-50;49.601;13.8428;35.7544;0.8073;0.2641;3.6717;2.3886;1934.3
ENVI;2;5;9.408;42;-51;50.593;13.8415;35.7552;0.8054;0.2639;3.4914;2.3873;1958.9
ENVI;2;5;9.408;42;-52;51.585;13.8391;35.7563;0.8087;0.2635;3.351;2.3858;1980.4
ENVI;2;5;9.408;42;-53;52.577;13.839;35.7556;0.687;0.2497;3.7007;2.3844;1974.7
ENVI;2;5;9.408;42;-54;53.569;13.8272;35.7561;0.6495;0.2514;2.8221;2.3832;1984.2
ENVI;2;5;9.408;42;-55;54.561;13.8159;35.756;0.6977;0.2517;2.6664;2.3823;1998.6
ENVI;2;5;9.408;42;-56;55.553;13.8185;35.756;0.6638;0.2514;2.6158;2.381;1991.6
ENVI;2;5;9.408;42;-57;56.544;13.819;35.7558;0.6326;0.2548;2.6638;2.3803;1991.3
ENVI;2;5;9.408;42;-58;57.536;13.8045;35.7559;0.6237;0.2456;2.7306;2.3801;1992.8
ENVI;2;5;9.408;42;-59;58.528;13.8114;35.7538;0.5859;0.215;2.5016;2.3807;1997.8
ENVI;2;5;9.408;42;-60;59.52;13.7966;35.754;0.5812;0.239;2.2353;2.3794;2025
ENVI;2;5;9.408;42;-61;60.512;13.792;35.7535;0.5893;0.2431;2.0932;2.3789;2026.7
ENVI;2;5;9.408;42;-62;61.504;13.7888;35.754;0.5367;0.2426;1.9899;2.3787;2043.3
ENVI;2;5;9.408;42;-63;62.496;13.7871;35.755;0.5342;0.2516;1.923;2.3771;2059.9
ENVI;2;5;9.408;42;-64;63.487;13.7866;35.7549;0.508;0.2438;1.8696;2.3752;2054
ENVI;2;5;9.408;42;-65;64.479;13.7866;35.7547;0.5377;0.2413;1.8181;2.3728;2061.7
ENVI;2;5;9.408;42;-66;65.471;13.7866;35.7546;0.5015;0.2306;1.6503;2.3726;2069.2
ENVI;2;5;9.408;42;-67;66.463;13.7816;35.7555;0.4835;0.2218;1.4481;2.3722;2088.4
ENVI;2;5;9.408;42;-68;67.455;13.7818;35.7553;0.4881;0.2764;1.3298;2.3709;2094.3
ENVI;2;5;9.408;42;-69;68.446;13.7813;35.7553;0.4679;0.3366;1.2386;2.3698;2096.4
ENVI;2;5;9.408;42;-70;69.438;13.7775;35.755;0.4796;0.2562;1.1948;2.3688;2091.5
ENVI;2;5;9.408;42;-71;70.43;13.7675;35.7543;0.4645;0.2446;1.2036;2.3675;2087.3
ENVI;2;5;9.408;42;-72;71.422;13.7742;35.7545;0.4575;0.2257;1.2105;2.3647;2098.4
ENVI;2;5;9.408;42;-73;72.414;13.7644;35.755;0.4567;0.2344;1.121;2.3645;2089.8
ENVI;2;5;9.408;42;-74;73.405;13.7636;35.7552;0.4306;0.2344;1.0187;2.3616;2091.1
ENVI;2;5;9.408;42;-75;74.397;13.772;35.7575;0.4465;0.2299;0.94589;2.3597;2090.7
ENVI;2;5;9.408;42;-76;75.389;13.7738;35.7585;0.446;0.2399;0.89115;2.3585;2089.3
ENVI;2;5;9.408;42;-77;76.381;13.7772;35.759;0.4317;0.2442;0.83942;2.3571;2090.2
ENVI;2;5;9.408;42;-78;77.373;13.7811;35.76;0.4343;0.2448;0.81047;2.3551;2094.7
ENVI;2;5;9.408;42;-79;78.364;13.783;35.7603;0.4443;0.245;0.78493;2.3536;2092.8
ENVI;2;5;9.408;42;-80;79.356;13.7847;35.7612;0.4426;0.2394;0.75591;2.3534;2091
ENVI;2;5;9.408;42;-81;80.348;13.7867;35.7613;0.4365;0.2255;0.72115;2.3509;2082.6
ENVI;2;5;9.408;42;-82;81.339;13.795;35.7658;0.3941;0.236;0.64538;2.3513;2077.1
ENVI;2;5;9.408;42;-83;82.331;13.7965;35.7679;0.3869;0.2368;0.59464;2.3486;2080.6
ENVI;2;5;9.408;42;-84;83.323;13.7962;35.769;0.3781;0.2347;0.55294;2.342;2088.1
ENVI;2;5;9.408;42;-85;84.315;13.7908;35.7723;0.3371;0.2319;0.53118;2.3396;2101.6
ENVI;2;5;9.408;42;-86;85.306;13.7841;35.7743;0.3089;0.2391;0.50248;2.3384;2098.1
ENVI;2;5;9.408;42;-87;86.298;13.7832;35.7749;0.2735;0.2454;0.46852;2.3354;2105.1
ENVI;2;5;9.408;42;-88;87.29;13.7826;35.7754;0.2489;0.2371;0.44326;2.3315;2101.6
ENVI;2;5;9.408;42;-89;88.282;13.7824;35.7735;0.2211;0.2273;0.45393;2.3162;2095.4
ENVI;2;5;9.408;42;-90;89.274;13.7591;35.7762;0.1856;0.2346;0.3885;2.3156;2096.9
ENVI;2;5;9.408;42;-91;90.265;13.7413;35.7767;0.2004;0.2372;0.36127;2.315;2104
ENVI;2;5;9.408;42;-92;91.257;13.7205;35.775;0.114;0.2197;0.35364;2.3103;2121
ENVI;2;5;9.408;42;-93;92.249;13.7019;35.7741;0.0783;0.2269;0.34437;2.3027;2112.3
ENVI;2;5;9.408;42;-94;93.24;13.6837;35.7739;0.0652;0.2298;0.33735;2.2927;2108.1
ENVI;2;5;9.408;42;-95;94.232;13.6825;35.7744;0.0566;0.2293;0.32977;2.278;2106.7
ENVI;2;5;9.408;42;-96;95.224;13.6647;35.7738;0.061;0.2317;0.31323;2.274;2106.7
ENVI;2;5;9.408;42;-97;96.215;13.6582;35.774;0.0438;0.2366;0.29085;2.2729;2113
ENVI;2;5;9.408;42;-98;97.207;13.6461;35.7742;0.0425;0.2403;0.27321;2.2709;2111.1
ENVI;2;5;9.408;42;-99;98.199;13.6374;35.7744;0.0467;0.2468;0.27032;2.2679;2108.6
ENVI;2;5;9.408;42;-100;99.19;13.6536;35.7735;0.0425;0.2258;0.24806;2.2635;2109
ENVI;2;5;9.408;42;-101;100.182;13.6112;35.7751;0.039;0.2388;0.22107;2.2634;2112
ENVI;2;5;9.408;42;-102;101.174;13.6004;35.7751;0.0344;0.2596;0.20094;2.262;2116.1
ENVI;2;5;9.408;42;-103;102.165;13.5969;35.7747;0.0273;0.2865;0.18663;2.26;2117.9
ENVI;2;5;9.408;42;-104;103.157;13.594;35.7744;0.0145;0.2818;0.18344;2.2571;2114.6
ENVI;2;5;9.408;42;-105;104.148;13.5893;35.7743;0.0222;0.2992;0.17254;2.2548;2114.1
ENVI;2;5;9.408;42;-106;105.14;13.5874;35.7743;0.0275;0.311;0.16818;2.2536;2114.5
ENVI;2;5;9.408;42;-107;106.132;13.5832;35.7743;0.0282;0.3247;0.15575;2.252;2110.8
ENVI;2;5;9.408;42;-108;107.123;13.5776;35.7744;0.017;0.3391;0.14479;2.2504;2108.1
ENVI;2;5;9.408;42;-109;108.115;13.5759;35.7743;0.0152;0.3421;0.13088;2.2486;2110.4
ENVI;2;5;9.408;42;-110;109.107;13.575;35.7743;0.0168;0.3428;0.11961;2.247;2119.6
ENVI;2;5;9.408;42;-111;110.098;13.5736;35.7745;0.0244;0.3385;0.12701;2.245;2118.5
ENVI;2;5;9.408;42;-112;111.09;13.5715;35.7745;0.027;0.3197;0.12793;2.243;2108.2
ENVI;2;5;9.408;42;-113;112.081;13.5663;35.7743;0.0206;0.3137;0.10991;2.2418;2099.4
ENVI;2;5;9.408;42;-114;113.073;13.5421;35.7756;0.0036;0.3608;0.095449;2.2408;2096.9
ENVI;2;5;9.408;42;-115;114.065;13.5333;35.7758;0.0012;0.3908;0.080918;2.2402;2098.3
ENVI;2;5;9.408;42;-116;115.056;13.5231;35.7758;0.0031;0.4688;0.06912;2.2388;2102.2
ENVI;2;5;9.408;42;-117;116.048;13.5122;35.7764;-0.0172;0.4317;0.057665;2.2365;2109.7
ENVI;2;5;9.408;42;-118;117.04;13.5101;35.7762;-0.0143;0.4176;0.048537;2.2335;2114.1
ENVI;2;5;9.408;42;-119;118.031;13.5105;35.7761;0.0047;0.4226;0.04004;2.2306;2118.9
ENVI;2;5;9.408;42;-120;119.023;13.5118;35.7758;-0.006;0.4122;0.033457;2.2285;2115.8
ENVI;2;5;9.408;42;-121;120.014;13.5115;35.7757;-0.0105;0.4053;0.029605;2.2268;2113.6
ENVI;2;5;9.408;42;-122;121.006;13.5076;35.7759;-0.0091;0.398;0.027319;2.2253;2112.2
ENVI;2;5;9.408;42;-123;121.997;13.5047;35.7762;-0.0316;0.3975;0.026365;2.2239;2110.9
ENVI;2;5;9.408;42;-124;122.989;13.5048;35.7761;-0.0198;0.4104;0.030568;2.2229;2110.3
ENVI;2;5;9.408;42;-125;123.98;13.4716;35.7755;0.0034;0.4331;0.03858;2.2219;2111.3
ENVI;2;5;9.408;42;-126;124.972;13.4475;35.7765;-0.0178;0.4539;0.040421;2.2193;2114.3
ENVI;2;5;9.408;42;-127;125.964;13.4331;35.7774;-0.0234;0.4581;0.033903;2.2135;2116.2
ENVI;2;5;9.408;42;-128;126.955;13.416;35.7759;-0.0258;0.49;0.024673;2.2111;2113.6
ENVI;2;5;9.408;42;-129;127.947;13.4055;35.7748;-0.0132;0.5196;0.015223;2.2083;2110.2
ENVI;2;5;9.408;42;-130;128.938;13.3618;35.7741;-0.0205;0.5475;0.012904;2.206;2105
ENVI;2;5;9.408;42;-131;129.93;13.3306;35.7741;-0.0207;0.6224;0.0075627;2.2033;2105.7
ENVI;2;5;9.408;42;-132;130.921;13.2892;35.7742;-0.0357;0.6544;0.00087506;2.2001;2112.2
ENVI;2;5;9.408;42;-133;131.913;13.2804;35.7738;-0.0476;0.6577;0.000021343;2.1962;2117.4
ENVI;2;5;9.408;42;-134;132.904;13.2745;35.7732;-0.0574;0.5931;1.00E-12;2.1919;2114.7
ENVI;2;5;9.408;42;-135;133.896;13.2594;35.7726;-0.0301;0.5789;1.00E-12;2.1885;2112.9
ENVI;2;5;9.408;42;-136;134.887;13.2535;35.7724;-0.0357;0.5579;1.00E-12;2.185;2114.3
ENVI;2;5;9.408;42;-137;135.879;13.2513;35.7721;-0.0571;0.5324;1.00E-12;2.1822;2118.9
ENVI;2;5;9.408;42;-138;136.87;13.2491;35.7715;-0.0573;0.4452;1.00E-12;2.1797;2114.1
ENVI;2;5;9.408;42;-139;137.862;13.2445;35.7712;-0.0484;0.4785;1.00E-12;2.177;2106.1
ENVI;2;5;9.408;42;-140;138.853;13.2361;35.7708;-0.0464;0.5251;1.00E-12;2.1752;2097.5
ENVI;2;5;9.408;42;-141;139.845;13.2302;35.7707;-0.0476;0.4998;1.00E-12;2.1738;2092.6
ENVI;2;5;9.408;42;-142;140.836;13.2259;35.7703;-0.0426;0.4742;1.00E-12;2.173;2091.9
ENVI;2;5;9.408;42;-143;141.827;13.2128;35.7696;-0.0456;0.4778;1.00E-12;2.1725;2097.3
ENVI;2;5;9.408;42;-144;142.819;13.1717;35.7671;-0.0437;0.5048;1.00E-12;2.1715;2103.8
ENVI;2;5;9.408;42;-145;143.81;13.1215;35.7658;-0.0532;0.5216;1.00E-12;2.1702;2116.6
ENVI;2;5;9.408;42;-146;144.802;13.1006;35.7653;-0.0694;0.5385;1.00E-12;2.1678;2112.2
ENVI;2;5;9.408;42;-147;145.793;13.0881;35.764;-0.0608;0.5215;1.00E-12;2.165;2109.6
ENVI;2;5;9.408;42;-148;146.785;13.0763;35.7631;-0.0569;0.5108;1.00E-12;2.1608;2104.9
ENVI;2;5;9.408;42;-149;147.776;13.0336;35.7597;-0.0583;0.4733;1.00E-12;2.157;2102.4
ENVI;2;5;9.408;42;-150;148.767;12.9919;35.7578;-0.0573;0.4979;1.00E-12;2.1546;2102.3
ENVI;2;5;9.408;42;-151;149.759;12.9822;35.7572;-0.058;0.4797;1.00E-12;2.1521;2102.7
ENVI;2;5;9.408;42;-152;150.75;12.9791;35.7567;-0.0636;0.5831;1.00E-12;2.1502;2104.5
ENVI;2;5;9.408;42;-153;151.742;12.9718;35.7559;-0.0702;0.6261;1.00E-12;2.1485;2105
ENVI;2;5;9.408;42;-154;152.733;12.9766;35.7567;-0.0706;0.4847;1.00E-12;2.1465;2106.6
ENVI;2;5;9.408;42;-155;153.724;12.9759;35.7555;-0.0718;0.4735;1.00E-12;2.145;2105.4
ENVI;2;5;9.408;42;-156;154.716;12.9678;35.755;-0.0701;0.4659;1.00E-12;2.1436;2108.4
ENVI;2;5;9.408;42;-157;155.708;12.972;35.755;-0.0695;0.4776;1.00E-12;2.1428;2109.8
ENVI;2;5;9.408;42;-158;156.699;12.9719;35.7551;-0.0761;0.4843;1.00E-12;2.1419;2103.9
ENVI;2;5;9.408;42;-159;157.69;12.9672;35.7549;-0.0621;0.4603;1.00E-12;2.1411;2110.6
ENVI;2;5;9.408;42;-160;158.681;12.9668;35.7539;-0.0573;0.4618;1.00E-12;2.1404;2116.7
ENVI;2;5;9.408;42;-161;159.673;12.9337;35.7522;-0.0733;0.4636;1.00E-12;2.1398;2118.5
ENVI;2;5;9.408;42;-162;160.664;12.9285;35.752;-0.0831;0.4699;1.00E-12;2.1392;2114.6
ENVI;2;5;9.408;42;-163;161.656;12.9203;35.7511;-0.0817;0.4871;1.00E-12;2.1386;2107.7
ENVI;2;5;9.408;42;-164;162.647;12.8995;35.7499;-0.0817;0.4958;1.00E-12;2.137;2110.2
ENVI;2;5;9.408;42;-165;163.638;12.8853;35.749;-0.0733;0.4761;1.00E-12;2.1354;2112.2
ENVI;2;5;9.408;42;-166;164.63;12.8708;35.7475;-0.0692;0.465;1.00E-12;2.1336;2114.7
ENVI;2;5;9.408;42;-167;165.621;12.8607;35.7467;-0.081;0.4563;1.00E-12;2.1315;2113.2
ENVI;2;5;9.408;42;-168;166.613;12.8553;35.746;-0.0813;0.4667;1.00E-12;2.1304;2108
ENVI;2;5;9.408;42;-169;167.604;12.8499;35.7454;-0.081;0.4943;1.00E-12;2.1293;2100.5
ENVI;2;5;9.408;42;-170;168.595;12.8303;35.7441;-0.0839;0.4728;1.00E-12;2.1288;2094.2
ENVI;2;5;9.408;42;-171;169.587;12.8137;35.7435;-0.0831;0.4594;1.00E-12;2.1276;2092.8
ENVI;2;5;9.408;42;-172;170.578;12.811;35.743;-0.0831;0.4404;1.00E-12;2.1258;2094.8
ENVI;2;5;9.408;42;-173;171.569;12.8076;35.7425;-0.0818;0.4545;1.00E-12;2.1247;2101.2
ENVI;2;5;9.408;42;-174;172.56;12.8019;35.7417;-0.0823;0.4387;1.00E-12;2.1232;2114.3
ENVI;2;5;9.408;42;-175;173.551;12.7968;35.7411;-0.0787;0.4509;1.00E-12;2.1221;2109.1
ENVI;2;5;9.408;42;-176;174.543;12.7901;35.7405;-0.0569;0.4345;1.00E-12;2.1216;2113.9
ENVI;2;5;9.408;42;-177;175.534;12.7834;35.7398;-0.0697;0.4343;1.00E-12;2.1209;2115.8
ENVI;2;5;9.408;42;-178;176.526;12.7742;35.739;-0.081;0.4346;1.00E-12;2.1198;2114.4
ENVI;2;5;9.408;42;-179;177.517;12.767;35.7385;-0.0817;0.4398;1.00E-12;2.1185;2107.3
ENVI;2;5;9.408;42;-180;178.508;12.7666;35.7383;-0.0809;0.4363;1.00E-12;2.1183;2100.5
ENVI;2;5;9.408;42;-181;179.499;12.7645;35.738;-0.0777;0.436;1.00E-12;2.1179;2090.4
ENVI;2;5;9.408;42;-182;180.491;12.7616;35.7377;-0.0713;0.428;1.00E-12;2.1173;2084.4
ENVI;2;5;9.408;42;-183;181.482;12.7543;35.7374;-0.0814;0.4287;1.00E-12;2.1172;2083.2
ENVI;2;5;9.408;42;-184;182.473;12.7528;35.7372;-0.0809;0.4456;1.00E-12;2.1166;2086.1
ENVI;2;5;9.408;42;-185;183.464;12.7526;35.7371;-0.083;0.4399;1.00E-12;2.1159;2092.2
ENVI;2;5;9.408;42;-186;184.456;12.7521;35.7369;-0.0788;0.4076;1.00E-12;2.1147;2102.1
ENVI;2;5;9.408;42;-187;185.447;12.7506;35.7366;-0.0674;0.4196;1.00E-12;2.1143;2112.1
ENVI;2;5;9.408;42;-188;186.438;12.7499;35.7364;-0.0737;0.4244;1.00E-12;2.1146;2121.8
ENVI;2;5;9.408;42;-189;187.43;12.7476;35.7363;-0.0804;0.4497;1.00E-12;2.1149;2101.6
ENVI;2;5;9.408;42;-190;188.421;12.748;35.7364;-0.0817;0.4524;1.00E-12;2.1148;2097.7
ENVI;2;5;9.408;42;-191;189.411;12.7441;35.7359;-0.0825;0.4512;1.00E-12;2.1145;2098.5
ENVI;2;5;9.408;42;-192;190.403;12.737;35.7355;-0.0824;0.4528;1.00E-12;2.114;2099.8
ENVI;2;5;9.408;42;-193;191.395;12.7294;35.7351;-0.0824;0.4242;1.00E-12;2.1136;2103.3
ENVI;2;5;9.408;42;-194;192.385;12.7212;35.7343;-0.0824;0.4142;1.00E-12;2.1131;2104.3
ENVI;2;5;9.408;42;-195;193.377;12.716;35.7339;-0.0797;0.4091;1.00E-12;2.1124;2113.8
ENVI;2;5;9.408;42;-196;194.368;12.7139;35.7337;-0.0726;0.3696;1.00E-12;2.1122;2113.2
ENVI;2;5;9.408;42;-197;195.359;12.7107;35.7331;-0.0828;0.3162;1.00E-12;2.1131;2113.2
ENVI;2;5;9.408;42;-198;196.35;12.7046;35.7325;-0.0812;0.3594;1.00E-12;2.1141;2108.6
ENVI;2;5;9.408;42;-199;197.341;12.701;35.7321;-0.08;0.3963;1.00E-12;2.1133;2105.6
ENVI;2;5;9.408;42;-200;198.333;12.6989;35.7319;-0.0694;0.3859;1.00E-12;2.1126;2105
ENVI;2;5;9.408;42;-201;199.324;12.6953;35.7315;-0.0688;0.3947;1.00E-12;2.1121;2102.7
ENVI;2;5;9.408;42;-202;200.315;12.6804;35.7302;-0.0736;0.3999;1.00E-12;2.1112;2100.4
ENVI;2;5;9.408;42;-203;201.306;12.6621;35.7289;-0.081;0.4036;1.00E-12;2.1104;2100.5
ENVI;2;5;9.408;42;-204;202.297;12.6465;35.728;-0.0817;0.4194;1.00E-12;2.1096;2110.7
ENVI;2;5;9.408;42;-205;203.288;12.6379;35.7272;-0.0817;0.413;1.00E-12;2.1081;2116.2
ENVI;2;5;9.408;42;-206;204.279;12.6263;35.7262;-0.081;0.3977;1.00E-12;2.1074;2114.3
ENVI;2;5;9.408;42;-207;205.271;12.6072;35.7242;-0.0817;0.4148;1.00E-12;2.1058;2114.4
ENVI;2;5;9.408;42;-208;206.262;12.5821;35.7225;-0.0817;0.4162;1.00E-12;2.1043;2114.7
ENVI;2;5;9.408;42;-209;207.253;12.569;35.7212;-0.0817;0.4161;1.00E-12;2.1026;2109.6
ENVI;2;5;9.408;42;-210;208.244;12.5669;35.7207;-0.0817;0.3991;1.00E-12;2.1008;2106.2
ENVI;2;5;9.408;42;-211;209.235;12.5751;35.7207;-0.0782;0.3024;1.00E-12;2.0991;2104.9
ENVI;2;5;9.408;42;-212;210.226;12.5506;35.718;-0.08;0.3761;1.00E-12;2.0994;2106.8
ENVI;2;5;9.408;42;-213;211.217;12.5361;35.7172;-0.0738;0.3986;1.00E-12;2.0982;2110
ENVI;2;5;9.408;42;-214;212.209;12.528;35.7166;-0.0718;0.4045;1.00E-12;2.0974;2111.7
ENVI;2;5;9.408;42;-215;213.2;12.5229;35.7157;-0.0843;0.379;1.00E-12;2.097;2103.2
ENVI;2;5;9.408;42;-216;214.191;12.5196;35.7153;-0.0818;0.3873;1.00E-12;2.0962;2099.4
ENVI;2;5;9.408;42;-217;215.182;12.5174;35.7146;-0.0852;0.3447;1.00E-12;2.0963;2098.1
ENVI;2;5;9.408;42;-218;216.173;12.5131;35.7141;-0.0886;0.3576;1.00E-12;2.0966;2099.2
ENVI;2;5;9.408;42;-219;217.164;12.5005;35.7126;-0.0804;0.3611;1.00E-12;2.0961;2101.9
ENVI;2;5;9.408;42;-220;218.155;12.4713;35.7105;-0.0817;0.361;1.00E-12;2.0956;2107.9
ENVI;2;5;9.408;42;-221;219.147;12.4569;35.7098;-0.0817;0.3435;1.00E-12;2.0944;2111
ENVI;2;5;9.408;42;-222;220.138;12.45;35.7092;-0.0824;0.3398;1.00E-12;2.0935;2117.6
ENVI;2;5;9.408;42;-223;221.129;12.4428;35.7087;-0.0817;0.3378;1.00E-12;2.0928;2123
ENVI;2;5;9.408;42;-224;222.119;12.4288;35.7077;-0.0817;0.3741;1.00E-12;2.092;2119.4
ENVI;2;5;9.408;42;-225;223.111;12.4174;35.7068;-0.081;0.3762;1.00E-12;2.0912;2113.7
ENVI;2;5;9.408;42;-226;224.102;12.4117;35.7059;-0.0875;0.3792;1.00E-12;2.0899;2108.4
ENVI;2;5;9.408;42;-227;225.093;12.4103;35.7057;-0.0943;0.3741;1.00E-12;2.0886;2101.9
ENVI;2;5;9.408;42;-228;226.084;12.4046;35.7049;-0.0848;0.3295;1.00E-12;2.087;2098.9
ENVI;2;5;9.408;42;-229;227.075;12.4016;35.7042;-0.0888;0.3045;1.00E-12;2.0851;2102
ENVI;2;5;9.408;42;-230;228.066;12.3956;35.7036;-0.0821;0.3489;1.00E-12;2.0854;2105.9
ENVI;2;5;9.408;42;-231;229.057;12.3914;35.7032;-0.0821;0.3491;1.00E-12;2.085;2106.9
ENVI;2;5;9.408;42;-232;230.048;12.3836;35.7025;-0.0848;0.3397;1.00E-12;2.0844;2109.4
ENVI;2;5;9.408;42;-233;231.039;12.3751;35.7019;-0.0893;0.3614;1.00E-12;2.0837;2118.6
ENVI;2;5;9.408;42;-234;232.03;12.3733;35.7018;-0.0823;0.3758;1.00E-12;2.0827;2115.8
ENVI;2;5;9.408;42;-235;233.021;12.3693;35.7013;-0.083;0.3676;1.00E-12;2.0819;2112
ENVI;2;5;9.408;42;-236;234.012;12.364;35.7009;-0.0927;0.3663;1.00E-12;2.0809;2109.9
ENVI;2;5;9.408;42;-237;235.003;12.362;35.7007;-0.0868;0.3674;1.00E-12;2.0803;2108.3
ENVI;2;5;9.408;42;-238;235.994;12.3596;35.7003;-0.0811;0.3706;1.00E-12;2.0795;2104.9
ENVI;2;5;9.408;42;-239;236.985;12.3597;35.7003;-0.0817;0.3922;1.00E-12;2.0789;2103.7
ENVI;2;5;9.408;42;-240;237.976;12.3589;35.7003;-0.0817;0.3674;1.00E-12;2.0789;2106.5
ENVI;2;5;9.408;42;-241;238.967;12.3595;35.7002;-0.0864;0.3613;1.00E-12;2.0783;2106.5
ENVI;2;5;9.408;42;-242;239.958;12.3583;35.6998;-0.0941;0.3608;1.00E-12;2.0778;2099.4
ENVI;2;5;9.408;42;-243;240.949;12.3558;35.6998;-0.0869;0.3559;1.00E-12;2.0773;2092.7
ENVI;2;5;9.408;42;-244;241.94;12.3506;35.6994;-0.0801;0.3649;1.00E-12;2.077;2097.4
ENVI;2;5;9.408;42;-245;242.931;12.341;35.6993;-0.0803;0.3729;1.00E-12;2.0767;2111.1
ENVI;2;5;9.408;42;-246;243.922;12.3386;35.6988;-0.0821;0.3675;1.00E-12;2.0763;1818.9
ENVI;2;5;9.408;42;-247;244.913;12.3373;35.6987;-0.093;0.3387;1.00E-12;2.0754;1835.9
ENVI;2;5;9.408;42;-248;245.904;12.3393;35.6989;-0.0872;0.3707;1.00E-12;2.0752;1825.8
ENVI;2;5;9.408;42;-249;246.895;12.3436;35.699;-0.0876;0.3761;1.00E-12;2.0743;1828.5
ENVI;2;5;9.408;42;-250;247.886;12.3427;35.6987;-0.0824;0.3434;1.00E-12;2.0733;1850.3
ENVI;2;5;9.408;42;-251;248.877;12.3407;35.6984;-0.0812;0.3378;1.00E-12;2.073;1837
ENVI;2;5;9.408;42;-252;249.868;12.3077;35.6962;-0.082;0.3394;1.00E-12;2.0709;1834
ENVI;2;51;9.507;42;-4;3.968;13.817;35.6907;1.8779;0.3523;99.613;2.4398;1289.4
ENVI;2;51;9.507;42;-5;4.961;13.8187;35.6943;1.9277;0.3926;73.76;2.4613;1556.7
ENVI;2;51;9.507;42;-6;5.953;13.8342;35.6927;1.814;0.3719;53.783;2.4576;1455.5
ENVI;2;51;9.507;42;-7;6.945;13.8275;35.6933;1.9231;0.3476;49.557;2.457;1280.3
ENVI;2;51;9.507;42;-8;7.937;13.8137;35.6943;2.0845;0.3792;40.008;2.4563;1204.3
ENVI;2;51;9.507;42;-9;8.929;13.8119;35.6944;2.0602;0.3856;36.993;2.4551;1206.4
ENVI;2;51;9.507;42;-10;9.921;13.8109;35.6944;2.037;0.389;32.691;2.4546;1215.4
ENVI;2;51;9.507;42;-11;10.913;13.798;35.6959;1.9682;0.3889;30.126;2.4534;1214.1
ENVI;2;51;9.507;42;-12;11.905;13.7867;35.695;2.0162;0.493;27.329;2.4525;1214
ENVI;2;51;9.507;42;-13;12.897;13.7735;35.694;2.2005;0.395;24.641;2.4501;1294.5
ENVI;2;51;9.507;42;-14;13.89;13.7584;35.6922;2.0367;0.3924;23.157;2.4473;1597.1
ENVI;2;51;9.507;42;-15;14.882;13.7494;35.6916;2.0687;0.3796;23.609;2.4446;1865.4
ENVI;2;51;9.507;42;-16;15.874;13.7394;35.6914;2.0947;0.3938;22.736;2.4428;1666.3
ENVI;2;51;9.507;42;-17;16.866;13.7319;35.6911;2.1671;0.3804;20.945;2.4408;1461.1
ENVI;2;51;9.507;42;-18;17.858;13.7241;35.6905;2.0715;0.3683;19.636;2.4396;1335.2
ENVI;2;51;9.507;42;-19;18.85;13.7198;35.69;2.1908;0.3934;18.183;2.4383;1241.2
ENVI;2;51;9.507;42;-20;19.842;13.7123;35.6898;2.7116;0.3681;17.496;2.4366;1164
ENVI;2;51;9.507;42;-21;20.834;13.7032;35.6894;2.3254;0.3694;16.665;2.436;1146.3
ENVI;2;51;9.507;42;-22;21.826;13.6917;35.6892;2.1303;0.3645;16.05;2.4347;1145.8
ENVI;2;51;9.507;42;-23;22.818;13.6801;35.6893;2.0096;0.3678;16.182;2.4338;1157.1
ENVI;2;51;9.507;42;-24;23.81;13.6717;35.6894;1.8243;0.2961;16.161;2.4314;1265.1
ENVI;2;51;9.507;42;-25;24.802;13.6565;35.6904;1.8651;0.394;18.158;2.4305;1372.7
ENVI;2;51;9.507;42;-26;25.794;13.6425;35.6917;1.7493;0.3354;17.786;2.4295;1430.3
ENVI;2;51;9.507;42;-27;26.786;13.6275;35.694;1.6107;0.3447;17.545;2.4275;1480.1
ENVI;2;51;9.507;42;-28;27.778;13.6262;35.6939;1.3791;0.2921;19.934;2.4227;1452.2
ENVI;2;51;9.507;42;-29;28.77;13.5925;35.701;1.2621;0.2919;17.02;2.4216;1364.3
ENVI;2;51;9.507;42;-30;29.762;13.5835;35.7018;1.0687;0.2753;15.712;2.4168;1557.5
ENVI;2;51;9.507;42;-31;30.754;13.5794;35.7026;1.0809;0.2672;18.316;2.4135;1763
ENVI;2;51;9.507;42;-32;31.746;13.5776;35.7028;1.0774;0.2761;18.832;2.4121;1833.9
ENVI;2;51;9.507;42;-33;32.738;13.5764;35.7028;1.0821;0.2503;18.151;2.4097;1969
ENVI;2;51;9.507;42;-34;33.73;13.5748;35.7034;1.0633;0.2644;17.831;2.4077;1872.9
ENVI;2;51;9.507;42;-35;34.722;13.5745;35.7037;1.017;0.2762;17.617;2.4068;1840.8
ENVI;2;51;9.507;42;-36;35.714;13.5747;35.7038;1.0157;0.2719;17.34;2.4059;1842.6
ENVI;2;51;9.507;42;-37;36.706;13.575;35.704;1.0172;0.2682;16.545;2.4054;1869
ENVI;2;51;9.507;42;-38;37.698;13.5752;35.7038;0.9985;0.2602;14.386;2.404;1999.2
ENVI;2;51;9.507;42;-39;38.69;13.5747;35.7046;0.9304;0.2655;13.922;2.4028;2080.4
ENVI;2;51;9.507;42;-40;39.682;13.5743;35.7047;0.9266;0.2598;14.093;2.402;2143
ENVI;2;51;9.507;42;-41;40.674;13.573;35.705;0.9518;0.2617;13.232;2.4008;2208.6
ENVI;2;51;9.507;42;-42;41.666;13.5692;35.7053;0.8886;0.238;14.064;2.4014;2239.1
ENVI;2;51;9.507;42;-43;42.658;13.5664;35.7057;0.8323;0.2403;12.242;2.4011;2177.4
ENVI;2;51;9.507;42;-44;43.65;13.5647;35.706;0.8368;0.2522;11.253;2.4006;2175
ENVI;2;51;9.507;42;-45;44.642;13.5623;35.7064;0.9287;0.2594;10.885;2.3995;2197.2
ENVI;2;51;9.507;42;-46;45.634;13.5585;35.7067;0.9203;0.2547;10.352;2.3989;2194
ENVI;2;51;9.507;42;-47;46.625;13.5562;35.7069;0.9047;0.2521;9.957;2.3979;2181.9
ENVI;2;51;9.507;42;-48;47.617;13.5537;35.7072;0.765;0.2436;9.131;2.3973;2149.8
ENVI;2;51;9.507;42;-49;48.609;13.5524;35.7076;0.6869;0.2173;7.7893;2.3959;2115.8
ENVI;2;51;9.507;42;-50;49.601;13.5515;35.708;0.7036;0.234;7.4071;2.3953;2135.6
ENVI;2;51;9.507;42;-51;50.593;13.5478;35.7083;0.6893;0.24;7.194;2.3942;2160.4
ENVI;2;51;9.507;42;-52;51.585;13.5449;35.7088;0.6788;0.2427;7.1386;2.3936;2189
ENVI;2;51;9.507;42;-53;52.577;13.543;35.7088;0.656;0.235;7.0058;2.3932;2180.1
ENVI;2;51;9.507;42;-54;53.569;13.5403;35.7093;0.5511;0.2274;5.9011;2.3915;2125.6
ENVI;2;51;9.507;42;-55;54.561;13.5397;35.7094;0.5624;0.2371;5.5154;2.3907;2130.9
ENVI;2;51;9.507;42;-56;55.552;13.5397;35.7095;0.5502;0.238;5.2681;2.3904;2143
ENVI;2;51;9.507;42;-57;56.545;13.5395;35.7094;0.531;0.2408;5.0988;2.39;2161.5
ENVI;2;51;9.507;42;-58;57.536;13.54;35.709;0.5653;0.2228;5.2172;2.3889;2197.4
ENVI;2;51;9.507;42;-59;58.528;13.5393;35.7094;0.5083;0.2388;4.6662;2.3882;2172.3
ENVI;2;51;9.507;42;-60;59.52;13.5396;35.7096;0.552;0.2272;4.3222;2.3873;2164.6
ENVI;2;51;9.507;42;-61;60.512;13.5398;35.7097;0.5718;0.2301;4.0609;2.3868;2169.4
ENVI;2;51;9.507;42;-62;61.504;13.54;35.7098;0.527;0.2299;3.8783;2.3861;2179.6
ENVI;2;51;9.507;42;-63;62.495;13.5407;35.7099;0.5307;0.2345;3.7768;2.3856;2181.2
ENVI;2;51;9.507;42;-64;63.487;13.5415;35.71;0.5263;0.2194;3.6827;2.3857;2172.4
ENVI;2;51;9.507;42;-65;64.479;13.5427;35.7105;0.454;0.2045;3.1432;2.3855;2123.1
ENVI;2;51;9.507;42;-66;65.471;13.5428;35.7107;0.4923;0.2283;2.9436;2.3843;2092.3
ENVI;2;51;9.507;42;-67;66.463;13.5431;35.7109;0.4777;0.2308;2.7683;2.3838;2076.1
ENVI;2;51;9.507;42;-68;67.455;13.5432;35.7108;0.4716;0.231;2.6413;2.3833;2074.3
ENVI;2;51;9.507;42;-69;68.446;13.5431;35.7109;0.5028;0.2365;2.5837;2.3831;2080.1
ENVI;2;51;9.507;42;-70;69.438;13.5433;35.7106;0.5042;0.2214;2.4825;2.383;2080.9
ENVI;2;51;9.507;42;-71;70.43;13.5434;35.7108;0.4687;0.23;2.1213;2.3828;2067.1
ENVI;2;51;9.507;42;-72;71.422;13.5437;35.7108;0.4684;0.2339;2.0573;2.3821;2082.3
ENVI;2;51;9.507;42;-73;72.414;13.5438;35.7109;0.4928;0.2375;1.99;2.3817;2097.8
ENVI;2;51;9.507;42;-74;73.406;13.5439;35.7108;0.4834;0.2329;1.9238;2.3816;2122.3
ENVI;2;51;9.507;42;-75;74.397;13.5439;35.7108;0.4814;0.2355;1.9144;2.3815;2155.5
ENVI;2;51;9.507;42;-76;75.389;13.5441;35.7107;0.5244;0.2212;1.8253;2.382;2163
ENVI;2;51;9.507;42;-77;76.381;13.544;35.7107;0.4923;0.2298;1.6606;2.3814;2153.3
ENVI;2;51;9.507;42;-78;77.373;13.5442;35.7107;0.5039;0.2233;1.5574;2.3808;2150.4
ENVI;2;51;9.507;42;-79;78.364;13.5444;35.7108;0.4937;0.2159;1.4502;2.3807;2138.5
ENVI;2;51;9.507;42;-80;79.356;13.5444;35.7108;0.504;0.2263;1.3458;2.38;2132.6
ENVI;2;51;9.507;42;-81;80.348;13.5443;35.7108;0.4918;0.2507;1.2876;2.3795;2123.8
ENVI;2;51;9.507;42;-82;81.34;13.5445;35.7108;0.5033;0.2302;1.2645;2.3793;2118.8
ENVI;2;51;9.507;42;-83;82.331;13.5446;35.7106;0.5048;0.2399;1.2095;2.3796;2132.7
ENVI;2;51;9.507;42;-84;83.323;13.5448;35.7107;0.52;0.2211;1.1637;2.3798;2155.2
ENVI;2;51;9.507;42;-85;84.315;13.5453;35.7109;0.5294;0.2339;1.0245;2.3792;2137.5
ENVI;2;51;9.507;42;-86;85.307;13.5463;35.7112;0.4925;0.2356;0.95933;2.3783;2138.1
ENVI;2;51;9.507;42;-87;86.298;13.5468;35.7114;0.4922;0.2291;0.90836;2.3776;2136
ENVI;2;51;9.507;42;-88;87.29;13.5478;35.7117;0.4964;0.2254;0.87682;2.3768;2137.8
ENVI;2;51;9.507;42;-89;88.282;13.5488;35.7118;0.513;0.222;0.8611;2.3772;2140.5
ENVI;2;51;9.507;42;-90;89.273;13.5497;35.712;0.5296;0.2165;0.80688;2.3769;2130.4
ENVI;2;51;9.507;42;-91;90.265;13.5502;35.7121;0.4816;0.2212;0.75764;2.3762;2132.5
ENVI;2;51;9.507;42;-92;91.257;13.5503;35.7122;0.4799;0.2291;0.71505;2.3756;2141.9
ENVI;2;51;9.507;42;-93;92.249;13.5505;35.7123;0.4788;0.2253;0.68694;2.3745;2134.7
ENVI;2;51;9.507;42;-94;93.24;13.5519;35.713;0.4677;0.2318;0.63915;2.3754;2116.3
ENVI;2;51;9.507;42;-95;94.232;13.5532;35.7135;0.48;0.2226;0.59546;2.3754;2110
ENVI;2;51;9.507;42;-96;95.224;13.5544;35.7138;0.4964;0.2369;0.56849;2.3746;2117.2
ENVI;2;51;9.507;42;-97;96.215;13.5546;35.7139;0.4947;0.2124;0.50552;2.3733;2114.9
ENVI;2;51;9.507;42;-98;97.207;13.5558;35.7144;0.4558;0.2361;0.45441;2.3737;2078.9
ENVI;2;51;9.507;42;-99;98.199;13.5562;35.7146;0.4555;0.2368;0.42179;2.373;2083.4
ENVI;2;51;9.507;42;-100;99.19;13.5565;35.7147;0.4562;0.2369;0.3846;2.3717;2100.1
ENVI;2;51;9.507;42;-101;100.182;13.5566;35.7149;0.4555;0.2364;0.35006;2.3705;2117.1
ENVI;2;51;9.507;42;-102;101.174;13.5567;35.7147;0.4385;0.2105;0.41538;2.3697;2099.8
ENVI;2;51;9.507;42;-103;102.165;13.5567;35.7147;0.4899;0.2058;0.34232;2.3702;2112.1
ENVI;2;51;9.507;42;-104;103.157;13.5579;35.7154;0.4652;0.2163;0.3184;2.3694;2085.1
ENVI;2;51;9.507;42;-105;104.149;13.5587;35.7157;0.4773;0.2252;0.29495;2.3687;2079.1
ENVI;2;51;9.507;42;-106;105.14;13.5593;35.716;0.4672;0.2126;0.273;2.3683;2087.3
ENVI;2;51;9.507;42;-107;106.132;13.5603;35.7164;0.4412;0.2244;0.26104;2.3677;2104.6
ENVI;2;51;9.507;42;-108;107.123;13.5628;35.717;0.4661;0.2281;0.27477;2.3661;2110.2
ENVI;2;51;9.507;42;-109;108.115;13.5651;35.718;0.471;0.2184;0.27712;2.3657;2101
ENVI;2;51;9.507;42;-110;109.106;13.5675;35.7191;0.4349;0.2238;0.26199;2.3648;2106.3
ENVI;2;51;9.507;42;-111;110.099;13.5703;35.7223;0.4239;0.1983;0.22262;2.3598;2116.8
ENVI;2;51;9.507;42;-112;111.09;13.5637;35.7239;0.4305;0.23;0.19646;2.3587;2089.8
ENVI;2;51;9.507;42;-113;112.082;13.5573;35.7269;0.4067;0.2368;0.18664;2.3577;2090
ENVI;2;51;9.507;42;-114;113.073;13.5453;35.7357;0.3827;0.2186;0.17841;2.3559;2099.2
ENVI;2;51;9.507;42;-115;114.064;13.5311;35.7441;0.3343;0.2167;0.16953;2.352;2104
ENVI;2;51;9.507;42;-116;115.056;13.49;35.7471;0.257;0.21;0.16673;2.3401;2102.2
ENVI;2;51;9.507;42;-117;116.048;13.4457;35.7471;0.1843;0.1967;0.16361;2.3089;2093.9
ENVI;2;51;9.507;42;-118;117.039;13.3892;35.7446;0.1528;0.2003;0.15284;2.2998;2087.9
ENVI;2;51;9.507;42;-119;118.031;13.3506;35.7423;0.1107;0.1913;0.14167;2.2784;2095.6
ENVI;2;51;9.507;42;-120;119.022;13.319;35.7409;0.0888;0.1987;0.12311;2.2646;2084.8
ENVI;2;51;9.507;42;-121;120.014;13.3133;35.7401;0.0877;0.2018;0.1113;2.2607;2098.3
ENVI;2;51;9.507;42;-122;121.006;13.295;35.7382;0.0708;0.1945;0.10256;2.256;2104.8
ENVI;2;51;9.507;42;-123;121.997;13.1809;35.7318;0.047;0.1986;0.095957;2.2526;2097.5
ENVI;2;51;9.507;42;-124;122.989;13.0759;35.7339;0.0182;0.189;0.094402;2.2476;2086
ENVI;2;51;9.507;42;-125;123.98;13.0267;35.736;-0.0357;0.2057;0.092497;2.2401;2087.7
ENVI;2;51;9.507;42;-126;124.972;13.0154;35.7362;-0.049;0.2022;0.091859;2.2243;2102.9
ENVI;2;51;9.507;42;-127;125.963;12.9993;35.7341;-0.0566;0.1905;0.089457;2.1995;2109.6
ENVI;2;51;9.507;42;-128;126.955;12.9735;35.7327;-0.0726;0.177;0.070997;2.1868;2111.3
ENVI;2;51;9.507;42;-129;127.947;12.9627;35.734;-0.0583;0.1894;0.064981;2.1858;2095.7
ENVI;2;51;9.507;42;-130;128.938;12.9568;35.7342;-0.0661;0.198;0.060398;2.1846;2083.8
ENVI;2;51;9.507;42;-131;129.93;12.9523;35.7339;-0.0704;0.2012;0.057764;2.1828;2082.7
ENVI;2;51;9.507;42;-132;130.921;12.9425;35.735;-0.0779;0.2076;0.056695;2.1806;2090.8
ENVI;2;51;9.507;42;-133;131.913;12.9386;35.7351;-0.0763;0.2021;0.055467;2.1779;2098
ENVI;2;51;9.507;42;-134;132.904;12.933;35.7351;-0.0694;0.1862;0.056948;2.1749;2092.6
ENVI;2;51;9.507;42;-135;133.896;12.9276;35.7348;-0.0759;0.1816;0.053496;2.1726;2102.1
ENVI;2;51;9.507;42;-136;134.887;12.9231;35.7346;-0.0655;0.1869;0.048489;2.17;2102
ENVI;2;51;9.507;42;-137;135.879;12.9198;35.7343;-0.0809;0.1856;0.042064;2.1693;2097.6
ENVI;2;51;9.507;42;-138;136.87;12.9106;35.7332;-0.0631;0.1989;0.035302;2.1689;2078.5
ENVI;2;51;9.507;42;-139;137.861;12.8888;35.7314;-0.0698;0.1981;0.032935;2.1686;2082.7
ENVI;2;51;9.507;42;-140;138.853;12.855;35.7314;-0.0721;0.184;0.029192;2.167;2089
ENVI;2;51;9.507;42;-141;139.845;12.8369;35.7298;-0.0818;0.2068;0.026881;2.1653;2095
ENVI;2;51;9.507;42;-142;140.836;12.8035;35.7261;-0.0618;0.1934;0.027188;2.1634;2097.4
ENVI;2;51;9.507;42;-143;141.827;12.7759;35.7244;-0.0709;0.1909;0.022879;2.1616;2095.8
ENVI;2;51;9.507;42;-144;142.819;12.7516;35.7235;-0.0817;0.1869;0.020354;2.1602;2092.9
ENVI;2;51;9.507;42;-145;143.81;12.7423;35.7221;-0.094;0.1801;0.018994;2.1586;2087.2
ENVI;2;51;9.507;42;-146;144.802;12.7356;35.7213;-0.089;0.1919;0.016242;2.1568;2083.4
ENVI;2;51;9.507;42;-147;145.793;12.7304;35.7207;-0.0815;0.2063;0.01437;2.1558;2083.6
ENVI;2;51;9.507;42;-148;146.785;12.7216;35.72;-0.0739;0.1928;0.0092712;2.1541;2086.9
ENVI;2;51;9.507;42;-149;147.776;12.7193;35.7192;-0.082;0.1812;0.010212;2.1528;2098.4
ENVI;2;51;9.507;42;-150;148.767;12.7181;35.7184;-0.0905;0.1707;0.0007115;2.1522;2089.7
ENVI;2;51;9.507;42;-151;149.759;12.7109;35.7182;-0.0815;0.1817;-0.00006634;2.1511;2081.3
ENVI;2;51;9.507;42;-152;150.75;12.7085;35.7182;-0.081;0.1838;1.00E-12;2.1504;2076.1
ENVI;2;51;9.507;42;-153;151.742;12.7072;35.7178;-0.0825;0.1868;1.00E-12;2.15;2071.2
ENVI;2;51;9.507;42;-154;152.733;12.7065;35.7178;-0.0904;0.1868;1.00E-12;2.1495;2067.7
ENVI;2;51;9.507;42;-155;153.725;12.7041;35.7179;-0.0932;0.1881;1.00E-12;2.1489;2065.8
ENVI;2;51;9.507;42;-156;154.716;12.6986;35.7172;-0.0931;0.1812;1.00E-12;2.1481;2068.9
ENVI;2;51;9.507;42;-157;155.707;12.6824;35.7164;-0.088;0.1803;1.00E-12;2.1471;2078.1
ENVI;2;51;9.507;42;-158;156.699;12.6727;35.7163;-0.0833;0.181;1.00E-12;2.1461;2087.2
ENVI;2;51;9.507;42;-159;157.69;12.6682;35.716;-0.093;0.1882;1.00E-12;2.1447;2091.9
ENVI;2;51;9.507;42;-160;158.682;12.6626;35.7155;-0.0904;0.184;1.00E-12;2.1442;2094.8
ENVI;2;51;9.507;42;-161;159.673;12.6529;35.7146;-0.0878;0.1697;1.00E-12;2.1431;2097.1
ENVI;2;51;9.507;42;-162;160.664;12.6327;35.7138;-0.0827;0.1761;1.00E-12;2.1419;2091.1
ENVI;2;51;9.507;42;-163;161.656;12.6195;35.7157;-0.0817;0.186;1.00E-12;2.1411;2083.7
ENVI;2;51;9.507;42;-164;162.647;12.62;35.7204;-0.0817;0.1753;1.00E-12;2.1409;2080.5
ENVI;2;51;9.507;42;-165;163.638;12.6202;35.7221;-0.0823;0.1723;1.00E-12;2.1398;2079.4
ENVI;2;51;9.507;42;-166;164.63;12.6195;35.7223;-0.0829;0.1809;1.00E-12;2.1379;2077.5
ENVI;2;51;9.507;42;-167;165.621;12.6193;35.7224;-0.0933;0.1771;1.00E-12;2.1349;2075.4
ENVI;2;51;9.507;42;-168;166.613;12.6183;35.7226;-0.0831;0.1775;1.00E-12;2.132;2073.4
ENVI;2;51;9.507;42;-169;167.604;12.618;35.7225;-0.0811;0.1812;1.00E-12;2.1296;2077
ENVI;2;51;9.507;42;-170;168.595;12.6168;35.7226;-0.0831;0.1799;1.00E-12;2.1275;2084.4
ENVI;2;51;9.507;42;-171;169.586;12.6166;35.7224;-0.0824;0.1717;1.00E-12;2.1251;2090.7
ENVI;2;51;9.507;42;-172;170.578;12.6164;35.7224;-0.0843;0.176;1.00E-12;2.1234;2087.2
ENVI;2;51;9.507;42;-173;171.569;12.6141;35.7226;-0.093;0.1734;1.00E-12;2.1229;2077.3
ENVI;2;51;9.507;42;-174;172.56;12.613;35.7226;-0.0822;0.2151;1.00E-12;2.1225;2072.8
ENVI;2;51;9.507;42;-175;173.552;12.6097;35.7224;-0.0889;0.1947;1.00E-12;2.122;2075.6
ENVI;2;51;9.507;42;-176;174.543;12.5893;35.7211;-0.093;0.1823;1.00E-12;2.1213;2079.4
ENVI;2;51;9.507;42;-177;175.534;12.5757;35.7203;-0.0819;0.188;1.00E-12;2.1201;2083.9
ENVI;2;51;9.507;42;-178;176.526;12.5652;35.7194;-0.0853;0.1839;1.00E-12;2.1195;2089
ENVI;2;51;9.507;42;-179;177.517;12.5628;35.7188;-0.0903;0.1623;1.00E-12;2.1166;2095.2
ENVI;2;51;9.507;42;-180;178.508;12.5456;35.7172;-0.0831;0.1791;1.00E-12;2.1155;2077.3
ENVI;2;51;9.507;42;-181;179.5;12.532;35.7161;-0.0947;0.1682;1.00E-12;2.1151;2074.1
ENVI;2;51;9.507;42;-182;180.49;12.5177;35.715;-0.083;0.1776;1.00E-12;2.1148;2074.1
ENVI;2;51;9.507;42;-183;181.482;12.5114;35.7145;-0.0906;0.1712;1.00E-12;2.1145;2072.2
ENVI;2;51;9.507;42;-184;182.473;12.5095;35.7143;-0.093;0.1679;1.00E-12;2.1135;2068.8
ENVI;2;51;9.507;42;-185;183.464;12.5043;35.7139;-0.0819;0.1686;1.00E-12;2.1123;2067.5
ENVI;2;51;9.507;42;-186;184.456;12.502;35.7137;-0.0878;0.1742;1.00E-12;2.1111;2066.8
ENVI;2;51;9.507;42;-187;185.447;12.5012;35.7135;-0.0939;0.1807;1.00E-12;2.1105;2066.9
ENVI;2;51;9.507;42;-188;186.438;12.4999;35.7133;-0.0954;0.1777;1.00E-12;2.1095;2067.8
ENVI;2;51;9.507;42;-189;187.429;12.4983;35.7131;-0.094;0.1777;1.00E-12;2.1087;2064.3
ENVI;2;51;9.507;42;-190;188.421;12.497;35.7128;-0.096;0.1752;1.00E-12;2.1082;2061.3
ENVI;2;51;9.507;42;-191;189.412;12.4917;35.7117;-0.094;0.1594;1.00E-12;2.1081;2044.9
ENVI;2;51;9.507;42;-192;190.403;12.4757;35.7096;-0.0886;0.1617;1.00E-12;2.1087;2024.6
ENVI;2;51;9.507;42;-193;191.394;12.4589;35.7076;-0.0842;0.1668;1.00E-12;2.1078;2020.6
ENVI;2;51;9.507;42;-194;192.385;12.4456;35.7046;-0.0818;0.1687;1.00E-12;2.1074;2019
ENVI;2;51;9.507;42;-195;193.377;12.4131;35.701;-0.084;0.1666;1.00E-12;2.1068;2021.2
ENVI;2;51;9.507;42;-196;194.368;12.4104;35.7001;-0.094;0.1674;1.00E-12;2.1064;2024.3
ENVI;2;51;9.507;42;-197;195.359;12.3893;35.6977;-0.0869;0.1662;1.00E-12;2.1062;2032.3
ENVI;2;51;9.507;42;-198;196.35;12.381;35.696;-0.0802;0.1635;1.00E-12;2.1064;2043.3
ENVI;2;51;9.507;42;-199;197.341;12.3752;35.6951;-0.0809;0.1762;1.00E-12;2.1068;2052.5
ENVI;2;51;9.507;42;-200;198.333;12.3742;35.6946;-0.0886;0.1738;1.00E-12;2.1068;2056.3
ENVI;2;51;9.507;42;-201;199.324;12.3589;35.6927;-0.0939;0.1683;1.00E-12;2.1074;2051.1
ENVI;2;51;9.507;42;-202;200.315;12.3518;35.6916;-0.0847;0.1677;1.00E-12;2.1081;2046.1
ENVI;2;51;9.507;42;-203;201.306;12.3463;35.6904;-0.0817;0.1689;1.00E-12;2.1085;2047.8
ENVI;2;51;9.507;42;-204;202.298;12.3365;35.6884;-0.0918;0.1636;1.00E-12;2.11;2066.8
ENVI;2;51;9.507;42;-205;203.289;12.3253;35.6867;-0.0961;0.1608;1.00E-12;2.1129;2056.3
ENVI;2;51;9.507;42;-206;204.28;12.3244;35.6864;-0.0932;0.1574;1.00E-12;2.1128;2037.5
ENVI;2;51;9.507;42;-207;205.271;12.3163;35.6852;-0.0954;0.1578;1.00E-12;2.1123;2036.3
ENVI;2;51;9.507;42;-208;206.262;12.3061;35.6841;-0.0823;0.1672;1.00E-12;2.1124;2042.6
ENVI;2;51;9.507;42;-209;207.253;12.304;35.6838;-0.081;0.1731;1.00E-12;2.1123;2052.3
ENVI;2;51;9.507;42;-210;208.244;12.2961;35.6827;-0.0817;0.178;1.00E-12;2.1124;2056.6
ENVI;2;51;9.507;42;-211;209.236;12.2846;35.6812;-0.0824;0.1627;1.00E-12;2.112;2060.4
ENVI;2;51;9.507;42;-212;210.227;12.2801;35.6809;-0.0824;0.163;1.00E-12;2.1115;2061.8
ENVI;2;51;9.507;42;-213;211.218;12.2741;35.6801;-0.081;0.1632;1.00E-12;2.1116;2062.8
ENVI;2;51;9.507;42;-214;212.209;12.2674;35.6792;-0.0824;0.1574;1.00E-12;2.1113;2065.1
ENVI;2;51;9.507;42;-215;213.2;12.2645;35.6787;-0.088;0.1604;1.00E-12;2.1111;2072.6
ENVI;2;51;9.507;42;-216;214.191;12.26;35.6783;-0.0935;0.1611;1.00E-12;2.1107;2079.4
ENVI;2;51;9.507;42;-217;215.182;12.2559;35.6776;-0.0882;0.1532;1.00E-12;2.1109;2085.8
ENVI;2;51;9.507;42;-218;216.174;12.2506;35.6771;-0.0812;0.1585;1.00E-12;2.1114;2084.3
ENVI;2;51;9.507;42;-219;217.164;12.2488;35.6768;-0.0806;0.1665;1.00E-12;2.1118;2080.2
ENVI;2;51;9.507;42;-220;218.155;12.2468;35.6766;-0.0809;0.1608;1.00E-12;2.1117;2066.8
ENVI;2;51;9.507;42;-221;219.146;12.244;35.6762;-0.0814;0.1739;1.00E-12;2.1116;2023.1
ENVI;2;51;9.507;42;-222;220.137;12.2426;35.676;-0.0833;0.1699;1.00E-12;2.1111;1977.5
ENVI;2;51;9.507;42;-223;221.129;12.2409;35.676;-0.0939;0.1632;1.00E-12;2.1108;1956.1
ENVI;2;51;9.507;42;-224;222.12;12.2389;35.6758;-0.0933;0.1675;1.00E-12;2.1107;1946.1
ENVI;2;51;9.507;42;-225;223.111;12.2352;35.6755;-0.0855;0.1699;1.00E-12;2.1105;1948.7
ENVI;2;51;9.507;42;-226;224.102;12.2331;35.6752;-0.0896;0.1664;1.00E-12;2.1097;1955.6
ENVI;2;51;9.507;42;-227;225.093;12.2317;35.6751;-0.1006;0.1617;1.00E-12;2.1096;1959.3
ENVI;2;51;9.507;42;-228;226.084;12.2311;35.6751;-0.1092;0.1578;1.00E-12;2.1091;1961.9
ENVI;2;51;9.507;42;-229;227.075;12.2306;35.675;-0.0949;0.1696;1.00E-12;2.1086;1970.5
ENVI;2;51;9.507;42;-230;228.066;12.2303;35.6751;-0.0939;0.1652;1.00E-12;2.108;1986.7
ENVI;2;51;9.507;42;-231;229.057;12.2279;35.6748;-0.0915;0.1565;1.00E-12;2.1075;2006.1
ENVI;2;51;9.507;42;-232;230.048;12.2265;35.6747;-0.0854;0.1632;1.00E-12;2.1067;2024.5
ENVI;2;51;9.507;42;-233;231.039;12.2258;35.6746;-0.0808;0.1635;1.00E-12;2.1061;2040.9
ENVI;2;51;9.507;42;-234;232.03;12.2199;35.6742;-0.0842;0.164;1.00E-12;2.1052;2053.5
ENVI;2;51;9.507;42;-235;233.021;12.2218;35.6736;-0.0954;0.1525;1.00E-12;2.1051;2046.4
ENVI;2;51;9.507;42;-236;234.012;12.2072;35.6727;-0.0959;0.1556;1.00E-12;2.1054;2038.1
ENVI;2;51;9.507;42;-237;235.003;12.2072;35.6727;-0.0939;0.1766;1.00E-12;2.1052;2036.2
ENVI;2;51;9.507;42;-238;235.994;12.2048;35.6722;-0.101;0.1727;1.00E-12;2.105;2035.1
ENVI;2;51;9.507;42;-239;236.985;12.2018;35.6722;-0.106;0.1716;1.00E-12;2.1044;2038.1
ENVI;2;51;9.507;42;-240;237.976;12.1942;35.6712;-0.0962;0.1562;1.00E-12;2.1039;2045.8
ENVI;2;51;9.507;42;-241;238.967;12.1826;35.6705;-0.0931;0.159;1.00E-12;2.1036;2052.6
ENVI;2;51;9.507;42;-242;239.958;12.1812;35.6703;-0.0939;0.163;1.00E-12;2.1023;2057.5
ENVI;2;51;9.507;42;-243;240.949;12.1737;35.6694;-0.1023;0.1598;1.00E-12;2.1018;2062.5
ENVI;2;51;9.507;42;-244;241.94;12.166;35.6686;-0.103;0.1594;1.00E-12;2.1014;2059.1
ENVI;2;51;9.507;42;-245;242.931;12.1611;35.6683;-0.0819;0.1644;1.00E-12;2.1007;2050.6
ENVI;2;51;9.507;42;-246;243.922;12.1545;35.6675;-0.093;0.1625;1.00E-12;2.1005;2035.5
ENVI;2;51;9.507;42;-247;244.913;12.1496;35.667;-0.0818;0.1681;1.00E-12;2.1003;2012
ENVI;2;51;9.507;42;-248;245.904;12.148;35.6668;-0.0941;0.1577;1.00E-12;2.1004;1984.5
ENVI;2;51;9.507;42;-249;246.895;12.1437;35.6661;-0.0939;0.1637;1.00E-12;2.1007;1961
ENVI;2;51;9.507;42;-250;247.886;12.1405;35.6655;-0.0939;0.1642;1.00E-12;2.1005;1939
ENVI;2;51;9.507;42;-251;248.877;12.1274;35.6644;-0.1037;0.1641;1.00E-12;2.1005;1919.4
ENVI;2;51;9.507;42;-252;249.868;12.1241;35.6637;-0.1054;0.1631;1.00E-12;2.1002;1927.3
ENVI;2;6;9.608;42;-4;3.969;13.6645;35.7009;1.0556;0.3097;138.37;2.4416;1804.8
ENVI;2;6;9.608;42;-5;4.961;13.6517;35.7049;1.0744;0.3337;106.79;2.4611;1675.2
ENVI;2;6;9.608;42;-6;5.953;13.6482;35.7051;1.3261;0.3451;98.744;2.4565;1692.2
ENVI;2;6;9.608;42;-7;6.945;13.6407;35.7049;1.4626;0.3542;84.405;2.4564;1683.8
ENVI;2;6;9.608;42;-8;7.937;13.6351;35.7055;1.3497;0.3398;71.606;2.4564;1677.6
ENVI;2;6;9.608;42;-9;8.929;13.6256;35.7061;1.3875;0.3549;64.38;2.4554;1674.6
ENVI;2;6;9.608;42;-10;9.921;13.6236;35.7062;1.4596;0.3448;57.788;2.4545;1691.2
ENVI;2;6;9.608;42;-11;10.913;13.6192;35.7066;1.5917;0.3365;53.06;2.4535;1696.3
ENVI;2;6;9.608;42;-12;11.905;13.604;35.7054;1.6373;0.3313;47.799;2.4511;1687.2
ENVI;2;6;9.608;42;-13;12.898;13.6029;35.7053;1.6412;0.3384;46.437;2.4491;1683.6
ENVI;2;6;9.608;42;-14;13.89;13.6035;35.7053;1.6217;0.357;43.165;2.4483;1688.9
ENVI;2;6;9.608;42;-15;14.882;13.6054;35.7055;1.6267;0.3492;40.123;2.4475;1705
ENVI;2;6;9.608;42;-16;15.874;13.6056;35.7051;1.7553;0.3175;39.324;2.447;1696.6
ENVI;2;6;9.608;42;-17;16.866;13.6036;35.7052;1.7042;0.3377;36.069;2.4472;1677.1
ENVI;2;6;9.608;42;-18;17.858;13.6045;35.7052;1.6163;0.3415;34.061;2.4466;1668.8
ENVI;2;6;9.608;42;-19;18.85;13.6021;35.705;1.6594;0.3383;34.653;2.4454;1662
ENVI;2;6;9.608;42;-20;19.842;13.6003;35.7046;1.7128;0.3228;33.477;2.4446;1649.9
ENVI;2;6;9.608;42;-21;20.834;13.5965;35.7046;1.7846;0.3187;34.687;2.4444;1632.9
ENVI;2;6;9.608;42;-22;21.826;13.5968;35.7046;1.7549;0.3355;36.174;2.4429;1634.3
ENVI;2;6;9.608;42;-23;22.818;13.5969;35.7044;1.7334;0.3353;34.244;2.4421;1646.3
ENVI;2;6;9.608;42;-24;23.81;13.5975;35.7042;1.6886;0.321;32.718;2.4413;1687.7
ENVI;2;6;9.608;42;-25;24.802;13.5974;35.7044;1.689;0.3302;34.654;2.4416;1679.2
ENVI;2;6;9.608;42;-26;25.794;13.5968;35.7043;1.7103;0.3694;31.438;2.4409;1665.4
ENVI;2;6;9.608;42;-27;26.786;13.5966;35.7043;1.7782;0.3388;29.962;2.4407;1680.6
ENVI;2;6;9.608;42;-28;27.778;13.5955;35.7042;1.7132;0.3261;27.914;2.44;1698.3
ENVI;2;6;9.608;42;-29;28.77;13.5946;35.7044;1.6884;0.3242;29.782;2.4387;1707.1
ENVI;2;6;9.608;42;-30;29.762;13.5928;35.7073;1.5041;0.3012;28.477;2.4371;1721.2
ENVI;2;6;9.608;42;-31;30.754;13.5941;35.7072;1.256;0.2771;25.998;2.4269;1713.1
ENVI;2;6;9.608;42;-32;31.746;13.5938;35.7109;1.1947;0.2738;23.773;2.4257;1685.4
ENVI;2;6;9.608;42;-33;32.738;13.5941;35.7111;1.187;0.3218;22.632;2.4236;1684.5
ENVI;2;6;9.608;42;-34;33.73;13.5933;35.7126;1.1221;0.2694;21.275;2.4195;1689.4
ENVI;2;6;9.608;42;-35;34.722;13.5911;35.7141;0.9933;0.2513;21.464;2.4132;1663.9
ENVI;2;6;9.608;42;-36;35.714;13.589;35.7144;0.9629;0.2588;20.021;2.4099;1656.7
ENVI;2;6;9.608;42;-37;36.706;13.5896;35.7138;0.9607;0.2587;17.849;2.407;1652.2
ENVI;2;6;9.608;42;-38;37.698;13.5897;35.714;0.974;0.2692;16.837;2.4061;1627
ENVI;2;6;9.608;42;-39;38.69;13.5896;35.7143;0.9979;0.2727;15.902;2.4073;1619.8
ENVI;2;6;9.608;42;-40;39.682;13.5899;35.7143;0.9592;0.2619;14.859;2.4063;1622
ENVI;2;6;9.608;42;-41;40.674;13.59;35.7139;0.998;0.2437;14.556;2.4037;1638.3
ENVI;2;6;9.608;42;-42;41.666;13.5876;35.7145;0.9498;0.2414;13.768;2.404;1640
ENVI;2;6;9.608;42;-43;42.658;13.5866;35.7146;0.9301;0.2538;12.687;2.4041;1640.4
ENVI;2;6;9.608;42;-44;43.649;13.5867;35.7143;0.903;0.2493;11.809;2.4025;1646.7
ENVI;2;6;9.608;42;-45;44.642;13.5838;35.7147;0.9666;0.2301;11.013;2.4014;1634.4
ENVI;2;6;9.608;42;-46;45.634;13.5807;35.7146;0.9155;0.2416;10.416;2.4009;1626.2
ENVI;2;6;9.608;42;-47;46.625;13.5784;35.7144;0.8063;0.2535;9.7924;2.4;1627.9
ENVI;2;6;9.608;42;-48;47.617;13.5764;35.7139;0.7319;0.2569;9.2423;2.3981;1641.1
ENVI;2;6;9.608;42;-49;48.609;13.5778;35.714;0.7199;0.2213;9.3309;2.3952;1668.5
ENVI;2;6;9.608;42;-50;49.601;13.5767;35.7144;0.7925;0.223;8.6752;2.3946;1697
ENVI;2;6;9.608;42;-51;50.593;13.5773;35.7144;0.6879;0.2295;8.0952;2.393;1725.6
ENVI;2;6;9.608;42;-52;51.585;13.5775;35.7147;0.6453;0.2319;7.6051;2.3922;1703.2
ENVI;2;6;9.608;42;-53;52.577;13.5777;35.7147;0.6385;0.2449;7.107;2.3922;1703.4
ENVI;2;6;9.608;42;-54;53.569;13.5751;35.714;0.6482;0.2331;6.7817;2.3913;1706.3
ENVI;2;6;9.608;42;-55;54.561;13.5735;35.7136;0.6358;0.2349;6.6788;2.3907;1730.5
ENVI;2;6;9.608;42;-56;55.553;13.574;35.7137;0.6452;0.2246;6.2787;2.3905;1729.7
ENVI;2;6;9.608;42;-57;56.544;13.5742;35.7137;0.6659;0.2227;5.6146;2.3909;1736.1
ENVI;2;6;9.608;42;-58;57.536;13.5742;35.7137;0.6914;0.2446;5.356;2.3899;1722.4
ENVI;2;6;9.608;42;-59;58.528;13.5735;35.7136;0.6465;0.2396;5.1429;2.3897;1731.3
ENVI;2;6;9.608;42;-60;59.52;13.5738;35.7137;0.6152;0.2551;4.9818;2.3889;1746.3
ENVI;2;6;9.608;42;-61;60.512;13.5739;35.7136;0.6791;0.2379;4.8618;2.3884;1767
ENVI;2;6;9.608;42;-62;61.504;13.5743;35.7135;0.6416;0.2232;4.5313;2.3895;1779.7
ENVI;2;6;9.608;42;-63;62.496;13.5734;35.7136;0.6383;0.2243;4.0962;2.3891;1779.6
ENVI;2;6;9.608;42;-64;63.487;13.5733;35.7136;0.6916;0.2353;3.9025;2.3882;1768.7
ENVI;2;6;9.608;42;-65;64.479;13.5736;35.7136;0.6343;0.2396;3.7703;2.388;1768.2
ENVI;2;6;9.608;42;-66;65.471;13.5738;35.7135;0.6826;0.2377;3.5949;2.3871;1778.6
ENVI;2;6;9.608;42;-67;66.463;13.5741;35.7135;0.661;0.2094;3.4041;2.3878;1768.9
ENVI;2;6;9.608;42;-68;67.455;13.574;35.7136;0.6939;0.2435;3.2192;2.3876;1771.4
ENVI;2;6;9.608;42;-69;68.446;13.5746;35.7138;0.6498;0.2383;3.063;2.3867;1773
ENVI;2;6;9.608;42;-70;69.438;13.573;35.7133;0.6656;0.2357;2.8903;2.386;1782.6
ENVI;2;6;9.608;42;-71;70.43;13.5729;35.7132;0.6104;0.2124;2.6078;2.3865;1776.9
ENVI;2;6;9.608;42;-72;71.422;13.5721;35.7132;0.6343;0.2268;2.4887;2.3863;1766.3
ENVI;2;6;9.608;42;-73;72.414;13.5724;35.7132;0.6264;0.2435;2.3956;2.3856;1766.9
ENVI;2;6;9.608;42;-74;73.405;13.5721;35.7132;0.6312;0.2401;2.3173;2.3843;1768.1
ENVI;2;6;9.608;42;-75;74.397;13.5718;35.713;0.6688;0.2511;2.2355;2.3842;1785.2
ENVI;2;6;9.608;42;-76;75.389;13.5724;35.7129;0.6401;0.2237;2.0608;2.3849;1799.5
ENVI;2;6;9.608;42;-77;76.381;13.5723;35.7131;0.6126;0.2268;1.8709;2.3843;1759
ENVI;2;6;9.608;42;-78;77.373;13.5725;35.7131;0.5574;0.2268;1.7798;2.3837;1753.3
ENVI;2;6;9.608;42;-79;78.364;13.5741;35.7133;0.5408;0.2289;1.6852;2.3834;1766.7
ENVI;2;6;9.608;42;-80;79.356;13.5741;35.7133;0.551;0.2398;1.6306;2.3829;1795.7
ENVI;2;6;9.608;42;-81;80.348;13.5738;35.7132;0.6246;0.208;1.56;2.3831;1796.1
ENVI;2;6;9.608;42;-82;81.34;13.5739;35.7133;0.6279;0.2214;1.4287;2.3827;1801.8
ENVI;2;6;9.608;42;-83;82.331;13.5734;35.7131;0.6789;0.2406;1.3288;2.3823;1805.1
ENVI;2;6;9.608;42;-84;83.323;13.5738;35.7132;0.7672;0.243;1.2538;2.381;1796.3
ENVI;2;6;9.608;42;-85;84.315;13.5738;35.7133;0.67;0.2554;1.2114;2.3804;1793
ENVI;2;6;9.608;42;-86;85.307;13.5749;35.7134;0.6112;0.2342;1.1589;2.3804;1794.3
ENVI;2;6;9.608;42;-87;86.298;13.5746;35.7133;0.6461;0.2368;1.1057;2.3804;1789.9
ENVI;2;6;9.608;42;-88;87.29;13.5744;35.7131;0.7688;0.2332;1.035;2.3811;1787.9
ENVI;2;6;9.608;42;-89;88.282;13.5742;35.7131;0.7645;0.2287;0.95488;2.3802;1767.3
ENVI;2;6;9.608;42;-90;89.274;13.5739;35.7132;0.688;0.2331;0.89036;2.3792;1767.3
ENVI;2;6;9.608;42;-91;90.265;13.5741;35.7131;0.6529;0.233;0.83331;2.3788;1774.6
ENVI;2;6;9.608;42;-92;91.257;13.5741;35.713;0.7395;0.2475;0.80439;2.3789;1779
ENVI;2;6;9.608;42;-93;92.249;13.5739;35.7129;0.8153;0.2319;0.77273;2.3783;1785.9
ENVI;2;6;9.608;42;-94;93.24;13.5732;35.7129;0.8356;0.2413;0.71069;2.3779;1777.7
ENVI;2;6;9.608;42;-95;94.232;13.5734;35.7129;0.7136;0.2321;0.66427;2.3777;1765.1
ENVI;2;6;9.608;42;-96;95.224;13.5733;35.7129;0.6403;0.239;0.62523;2.3777;1768.7
ENVI;2;6;9.608;42;-97;96.215;13.5733;35.7129;0.6693;0.2516;0.59549;2.3779;1763.4
ENVI;2;6;9.608;42;-98;97.207;13.5734;35.7129;0.6903;0.2429;0.56843;2.377;1773.6
ENVI;2;6;9.608;42;-99;98.199;13.5737;35.7129;0.6978;0.236;0.54687;2.3764;1788.7
ENVI;2;6;9.608;42;-100;99.19;13.5739;35.7129;0.7445;0.2351;0.52084;2.3759;1799.2
ENVI;2;6;9.608;42;-101;100.182;13.5742;35.7129;0.7419;0.2311;0.48468;2.3762;1804
ENVI;2;6;9.608;42;-102;101.174;13.5742;35.7129;0.6352;0.2233;0.44231;2.3747;1829.4
ENVI;2;6;9.608;42;-103;102.165;13.5746;35.7131;0.6909;0.2281;0.41666;2.3742;1822.1
ENVI;2;6;9.608;42;-104;103.157;13.5745;35.713;0.6489;0.2308;0.38818;2.3741;1824.8
ENVI;2;6;9.608;42;-105;104.148;13.5744;35.7131;0.6204;0.2272;0.36569;2.3739;1823.2
ENVI;2;6;9.608;42;-106;105.14;13.5741;35.7129;0.6015;0.2429;0.34805;2.3738;1819.9
ENVI;2;6;9.608;42;-107;106.132;13.574;35.7128;0.5999;0.2375;0.34036;2.3735;1825.7
ENVI;2;6;9.608;42;-108;107.124;13.5739;35.7127;0.6969;0.2354;0.32696;2.3732;1845
ENVI;2;6;9.608;42;-109;108.115;13.5738;35.7126;0.7084;0.2327;0.30559;2.3733;1849.1
ENVI;2;6;9.608;42;-110;109.107;13.5738;35.7126;0.6609;0.2299;0.27677;2.373;1861.7
ENVI;2;6;9.608;42;-111;110.098;13.5735;35.7127;0.6374;0.244;0.25268;2.3726;1854
ENVI;2;6;9.608;42;-112;111.09;13.5737;35.7127;0.6252;0.2301;0.2363;2.3719;1850.6
ENVI;2;6;9.608;42;-113;112.082;13.5739;35.7128;0.6372;0.2439;0.22688;2.3715;1847.6
ENVI;2;6;9.608;42;-114;113.073;13.573;35.7134;0.637;0.245;0.21614;2.3713;1846.9
ENVI;2;6;9.608;42;-115;114.065;13.5725;35.7137;0.5789;0.2272;0.20864;2.3714;1831.9
ENVI;2;6;9.608;42;-116;115.056;13.5728;35.7139;0.5455;0.2372;0.19985;2.3704;1822.3
ENVI;2;6;9.608;42;-117;116.048;13.5718;35.7139;0.59;0.2437;0.18852;2.3691;1841.1
ENVI;2;6;9.608;42;-118;117.039;13.5728;35.7142;0.6431;0.2177;0.16275;2.3673;1847.4
ENVI;2;6;9.608;42;-119;118.031;13.5728;35.7162;0.6396;0.2486;0.14574;2.368;1815.8
ENVI;2;6;9.608;42;-120;119.023;13.5723;35.7168;0.5672;0.2487;0.13334;2.3678;1799.8
ENVI;2;6;9.608;42;-121;120.014;13.5723;35.7171;0.4909;0.2394;0.12433;2.3671;1785
ENVI;2;6;9.608;42;-122;121.006;13.5712;35.7174;0.5018;0.2391;0.11511;2.3662;1788.9
ENVI;2;6;9.608;42;-123;121.997;13.5671;35.719;0.5005;0.2391;0.10496;2.3646;1785.3
ENVI;2;6;9.608;42;-124;122.989;13.5608;35.7217;0.493;0.2391;0.096781;2.3633;1784
ENVI;2;6;9.608;42;-125;123.98;13.5569;35.7229;0.4424;0.2309;0.092687;2.3613;1771.1
ENVI;2;6;9.608;42;-126;124.972;13.5572;35.724;0.4455;0.2272;0.087269;2.3589;1742.4
ENVI;2;6;9.608;42;-127;125.963;13.5575;35.7256;0.469;0.2291;0.082684;2.3551;1748.4
ENVI;2;6;9.608;42;-128;126.955;13.5555;35.727;0.4423;0.2452;0.07823;2.3515;1737.9
ENVI;2;6;9.608;42;-129;127.946;13.553;35.7306;0.4193;0.2541;0.072779;2.3476;1730.1
ENVI;2;6;9.608;42;-130;128.938;13.5441;35.7349;0.412;0.2216;0.067607;2.3441;1729.8
ENVI;2;6;9.608;42;-131;129.93;13.528;35.7398;0.3587;0.2271;0.059597;2.3406;1728.9
ENVI;2;6;9.608;42;-132;130.921;13.5213;35.7429;0.3322;0.2109;0.054915;2.3348;1740.3
ENVI;2;6;9.608;42;-133;131.913;13.5221;35.7484;0.3011;0.2171;0.046351;2.3214;1775.6
ENVI;2;6;9.608;42;-134;132.904;13.525;35.7537;0.2821;0.2141;0.040289;2.3111;1774.5
ENVI;2;6;9.608;42;-135;133.896;13.5272;35.7542;0.2646;0.2158;0.036233;2.3052;1764.9
ENVI;2;6;9.608;42;-136;134.887;13.5502;35.7737;0.2718;0.2196;0.029659;2.2999;1767.5
ENVI;2;6;9.608;42;-137;135.879;13.5515;35.7823;0.1788;0.2085;0.029524;2.2969;1776.9
ENVI;2;6;9.608;42;-138;136.87;13.5486;35.7861;0.1433;0.2044;0.027343;2.2935;1781.9
ENVI;2;6;9.608;42;-139;137.862;13.5485;35.7869;0.1217;0.2078;0.025186;2.2868;1783.4
ENVI;2;6;9.608;42;-140;138.853;13.5474;35.7884;0.1136;0.2275;0.023969;2.2784;1790.4
ENVI;2;6;9.608;42;-141;139.845;13.547;35.7889;0.1083;0.2132;0.023294;2.2709;1791.3
ENVI;2;6;9.608;42;-142;140.836;13.5462;35.7913;0.1127;0.2082;0.020111;2.2653;1784
ENVI;2;6;9.608;42;-143;141.828;13.546;35.7922;0.1236;0.2078;0.013013;2.2607;1782
ENVI;2;6;9.608;42;-144;142.819;13.5453;35.7943;0.1169;0.2044;0.0091945;2.2567;1782.7
ENVI;2;6;9.608;42;-145;143.81;13.5435;35.795;0.1073;0.2052;0.010159;2.2526;1797.9
ENVI;2;6;9.608;42;-146;144.802;13.5377;35.7982;0.1147;0.202;0.0069042;2.2455;1781.4
ENVI;2;6;9.608;42;-147;145.793;13.5077;35.8141;0.0977;0.1957;-0.00002875;2.2394;1750.2
ENVI;2;6;9.608;42;-148;146.785;13.4663;35.8261;0.0532;0.1905;-0.000006607;2.2337;1725.4
ENVI;2;6;9.608;42;-149;147.776;13.4292;35.8306;0.0078;0.1926;1.00E-12;2.2274;1709.5
ENVI;2;6;9.608;42;-150;148.767;13.4169;35.83;-0.0168;0.1926;1.00E-12;2.2191;1705.7
ENVI;2;6;9.608;42;-151;149.759;13.4061;35.828;-0.0582;0.1773;1.00E-12;2.2104;1709.5
ENVI;2;6;9.608;42;-152;150.75;13.4008;35.8272;-0.0514;0.1795;1.00E-12;2.2018;1718.4
ENVI;2;6;9.608;42;-153;151.742;13.3987;35.8269;-0.0458;0.1827;1.00E-12;2.1941;1724.5
ENVI;2;6;9.608;42;-154;152.733;13.3957;35.8267;-0.0707;0.1825;1.00E-12;2.1879;1729.8
ENVI;2;6;9.608;42;-155;153.725;13.3858;35.8261;-0.0695;0.1885;1.00E-12;2.1823;1733.6
ENVI;2;6;9.608;42;-156;154.716;13.3701;35.8249;-0.0667;0.1873;1.00E-12;2.1774;1736.1
ENVI;2;6;9.608;42;-157;155.707;13.3287;35.8226;-0.0574;0.1798;1.00E-12;2.1732;1739.3
ENVI;2;6;9.608;42;-158;156.699;13.3028;35.8205;-0.0597;0.1837;1.00E-12;2.1691;1744.5
ENVI;2;6;9.608;42;-159;157.69;13.2873;35.8179;-0.0744;0.1902;1.00E-12;2.1654;1748.8
ENVI;2;6;9.608;42;-160;158.682;13.2712;35.816;-0.0747;0.1863;1.00E-12;2.1615;1752.6
ENVI;2;6;9.608;42;-161;159.673;13.2327;35.812;-0.08;0.179;1.00E-12;2.1597;1741.7
ENVI;2;6;9.608;42;-162;160.664;13.1967;35.8092;-0.0817;0.1833;1.00E-12;2.1567;1733.5
ENVI;2;6;9.608;42;-163;161.656;13.1823;35.8073;-0.0821;0.1797;1.00E-12;2.1539;1734.8
ENVI;2;6;9.608;42;-164;162.647;13.1791;35.8068;-0.0727;0.1726;1.00E-12;2.1526;1731.3
ENVI;2;6;9.608;42;-165;163.638;13.1755;35.8061;-0.0738;0.1762;1.00E-12;2.1511;1721.9
ENVI;2;6;9.608;42;-166;164.63;13.1736;35.8053;-0.0817;0.1845;1.00E-12;2.1505;1714.9
ENVI;2;6;9.608;42;-167;165.621;13.1717;35.8048;-0.0817;0.188;1.00E-12;2.1496;1707.5
ENVI;2;6;9.608;42;-168;166.612;13.1733;35.8047;-0.0804;0.1859;1.00E-12;2.1482;1704.5
ENVI;2;6;9.608;42;-169;167.604;13.171;35.8042;-0.0817;0.1786;1.00E-12;2.1477;1704.9
ENVI;2;6;9.608;42;-170;168.595;13.1675;35.8036;-0.0824;0.1718;1.00E-12;2.1467;1707.7
ENVI;2;6;9.608;42;-171;169.586;13.1662;35.8032;-0.0817;0.1708;1.00E-12;2.1463;1705.9
ENVI;2;6;9.608;42;-172;170.578;13.1676;35.8034;-0.0809;0.1716;1.00E-12;2.1458;1699.7
ENVI;2;6;9.608;42;-173;171.569;13.1681;35.8031;-0.0817;0.1796;1.00E-12;2.145;1686
ENVI;2;6;9.608;42;-174;172.56;13.1627;35.8021;-0.0892;0.1716;1.00E-12;2.1443;1669
ENVI;2;6;9.608;42;-175;173.552;13.1582;35.802;-0.081;0.1767;1.00E-12;2.1448;1649.8
ENVI;2;6;9.608;42;-176;174.543;13.1557;35.8014;-0.0817;0.1786;1.00E-12;2.1451;1633
ENVI;2;6;9.608;42;-177;175.534;13.1449;35.8008;-0.079;0.1731;1.00E-12;2.1446;1617.8
ENVI;2;6;9.608;42;-178;176.525;13.1312;35.8006;-0.0722;0.1784;1.00E-12;2.1434;1605.6
ENVI;2;6;9.608;42;-179;177.517;13.1234;35.8009;-0.0824;0.1784;1.00E-12;2.1418;1593.5
ENVI;2;6;9.608;42;-180;178.508;13.1165;35.8003;-0.0817;0.1765;1.00E-12;2.1411;1582
ENVI;2;6;9.608;42;-181;179.499;13.1105;35.8003;-0.081;0.1703;1.00E-12;2.1401;1573.6
ENVI;2;6;9.608;42;-182;180.491;13.1104;35.8002;-0.0823;0.1682;1.00E-12;2.1394;1567.9
ENVI;2;6;9.608;42;-183;181.482;13.1108;35.8002;-0.0817;0.1702;1.00E-12;2.1384;1561.5
ENVI;2;6;9.608;42;-184;182.473;13.109;35.8;-0.0864;0.1703;1.00E-12;2.1377;1549.8
ENVI;2;6;9.608;42;-185;183.465;13.0832;35.7977;-0.0925;0.1698;1.00E-12;2.1372;1538.8
ENVI;2;6;9.608;42;-186;184.456;13.0641;35.7955;-0.0823;0.1568;1.00E-12;2.1365;1534.4
ENVI;2;6;9.608;42;-187;185.447;13.0393;35.7926;-0.0801;0.1582;1.00E-12;2.1353;1538.6
ENVI;2;6;9.608;42;-188;186.438;13.0247;35.7905;-0.081;0.1584;1.00E-12;2.1341;1545.1
ENVI;2;6;9.608;42;-189;187.43;13.0077;35.7879;-0.1038;0.1775;1.00E-12;2.133;1552.4
ENVI;2;6;9.608;42;-190;188.421;12.998;35.7861;-0.096;0.174;1.00E-12;2.1315;1560.7
ENVI;2;6;9.608;42;-191;189.412;12.9725;35.7827;-0.0847;0.1704;1.00E-12;2.1308;1569
ENVI;2;6;9.608;42;-192;190.403;12.9674;35.7812;-0.086;0.1679;1.00E-12;2.1281;1591.7
ENVI;2;6;9.608;42;-193;191.394;12.9376;35.7772;-0.0829;0.1611;1.00E-12;2.1279;1600.1
ENVI;2;6;9.608;42;-194;192.386;12.8668;35.7679;-0.0816;0.1628;1.00E-12;2.1253;1589.6
ENVI;2;6;9.608;42;-195;193.377;12.8517;35.7649;-0.0885;0.1719;1.00E-12;2.1219;1585.1
ENVI;2;6;9.608;42;-196;194.368;12.8478;35.7643;-0.0868;0.1707;1.00E-12;2.1208;1572.5
ENVI;2;6;9.608;42;-197;195.359;12.8423;35.7631;-0.0839;0.163;1.00E-12;2.1196;1562.5
ENVI;2;6;9.608;42;-198;196.35;12.8355;35.7623;-0.0818;0.1567;1.00E-12;2.1192;1557.1
ENVI;2;6;9.608;42;-199;197.342;12.8314;35.7617;-0.0898;0.1604;1.00E-12;2.1186;1546
ENVI;2;6;9.608;42;-200;198.333;12.8268;35.7608;-0.0947;0.1647;1.00E-12;2.1179;1552.1
ENVI;2;6;9.608;42;-201;199.324;12.825;35.7605;-0.0939;0.1631;1.00E-12;2.1173;1586.2
ENVI;2;6;9.608;42;-202;200.315;12.8223;35.76;-0.0872;0.1608;1.00E-12;2.1163;1607.6
ENVI;2;6;9.608;42;-203;201.307;12.8204;35.7596;-0.0849;0.1595;1.00E-12;2.1158;1627.8
ENVI;2;6;9.608;42;-204;202.298;12.8208;35.7596;-0.0932;0.1652;1.00E-12;2.1149;1641.7
ENVI;2;6;9.608;42;-205;203.289;12.8205;35.7592;-0.0939;0.1483;1.00E-12;2.1141;1640.3
ENVI;2;6;9.608;42;-206;204.28;12.8197;35.7588;-0.0872;0.1503;1.00E-12;2.1138;1635.2
ENVI;2;6;9.608;42;-207;205.271;12.8156;35.7582;-0.0844;0.1511;1.00E-12;2.1135;1628.9
ENVI;2;6;9.608;42;-208;206.262;12.8209;35.7585;-0.0999;0.148;1.00E-12;2.1128;1602.9
ENVI;2;6;9.608;42;-209;207.254;12.8206;35.7582;-0.0959;0.1418;1.00E-12;2.1139;1539.3
ENVI;2;6;9.608;42;-210;208.245;12.801;35.7559;-0.107;0.154;1.00E-12;2.1137;1510.4
ENVI;2;6;9.608;42;-211;209.236;12.7928;35.755;-0.1002;0.1595;1.00E-12;2.1131;1482.9
ENVI;2;6;9.608;42;-212;210.227;12.7864;35.7541;-0.0933;0.1647;1.00E-12;2.1119;1465.6
ENVI;2;6;9.608;42;-213;211.218;12.7793;35.7531;-0.0946;0.1594;1.00E-12;2.1107;1449.9
ENVI;2;6;9.608;42;-214;212.209;12.7702;35.7516;-0.0869;0.1623;1.00E-12;2.1102;1449
ENVI;2;6;9.608;42;-215;213.2;12.7421;35.7477;-0.081;0.1646;1.00E-12;2.1098;1460.5
ENVI;2;6;9.608;42;-216;214.191;12.7152;35.745;-0.0817;0.1656;1.00E-12;2.1091;1481.5
ENVI;2;6;9.608;42;-217;215.182;12.7068;35.7436;-0.1066;0.1546;1.00E-12;2.1072;1495.7
ENVI;2;6;9.608;42;-218;216.174;12.6987;35.7421;-0.0883;0.1436;1.00E-12;2.1064;1494
ENVI;2;6;9.608;42;-219;217.165;12.6914;35.7411;-0.0816;0.1402;1.00E-12;2.1053;1485.6
ENVI;2;6;9.608;42;-220;218.155;12.6864;35.7399;-0.0832;0.1411;1.00E-12;2.1043;1477.7
ENVI;2;6;9.608;42;-221;219.146;12.6734;35.7381;-0.1068;0.1473;1.00E-12;2.1035;1469
ENVI;2;6;9.608;42;-222;220.137;12.6512;35.7362;-0.095;0.1461;1.00E-12;2.1032;1457
ENVI;2;6;9.608;42;-223;221.129;12.6651;35.7368;-0.0939;0.1445;1.00E-12;2.1017;1429.5
ENVI;2;6;9.608;42;-224;222.12;12.6616;35.7359;-0.0848;0.1453;1.00E-12;2.1004;1406.8
ENVI;2;6;9.608;42;-225;223.111;12.6101;35.7291;-0.0937;0.1459;1.00E-12;2.1008;1419.1
ENVI;2;6;9.608;42;-226;224.102;12.5752;35.7262;-0.0939;0.1711;1.00E-12;2.1;1434.7
ENVI;2;6;9.608;42;-227;225.093;12.557;35.7236;-0.0946;0.168;1.00E-12;2.0987;1448.1
ENVI;2;6;9.608;42;-228;226.084;12.5383;35.7209;-0.0939;0.1665;1.00E-12;2.0971;1452.4
ENVI;2;6;9.608;42;-229;227.075;12.5164;35.7182;-0.0939;0.1785;1.00E-12;2.0952;1456.2
ENVI;2;6;9.608;42;-230;228.066;12.5082;35.717;-0.0946;0.1654;1.00E-12;2.0934;1453.7
ENVI;2;6;9.608;42;-231;229.057;12.4875;35.7142;-0.0939;0.1579;1.00E-12;2.0924;1447
ENVI;2;6;9.608;42;-232;230.048;12.4655;35.7119;-0.0946;0.153;1.00E-12;2.0909;1443.5
ENVI;2;6;9.608;42;-233;231.039;12.4573;35.7108;-0.1083;0.1529;1.00E-12;2.09;1442.3
ENVI;2;6;9.608;42;-234;232.03;12.4543;35.7102;-0.1179;0.1547;1.00E-12;2.0891;1451.4
ENVI;2;6;9.608;42;-235;233.021;12.4525;35.7095;-0.1047;0.1592;1.00E-12;2.0881;1465.1
ENVI;2;6;9.608;42;-236;234.012;12.4494;35.709;-0.1053;0.1553;1.00E-12;2.0872;1477.9
ENVI;2;6;9.608;42;-237;235.003;12.4418;35.708;-0.1038;0.1533;1.00E-12;2.0863;1485.8
ENVI;2;6;9.608;42;-238;235.994;12.4365;35.7069;-0.0944;0.1534;1.00E-12;2.0853;1486.4
ENVI;2;6;9.608;42;-239;236.985;12.4351;35.7062;-0.0911;0.148;1.00E-12;2.0856;1469.6
ENVI;2;6;9.608;42;-240;237.976;12.4338;35.7059;-0.0893;0.1539;1.00E-12;2.0857;1452.7
ENVI;2;6;9.608;42;-241;238.967;12.4284;35.705;-0.0903;0.152;1.00E-12;2.0845;1434.5
ENVI;2;6;9.608;42;-242;239.958;12.4219;35.7042;-0.0846;0.1488;1.00E-12;2.0839;1416.9
ENVI;2;6;9.608;42;-243;240.949;12.4158;35.7036;-0.0946;0.1537;1.00E-12;2.0834;1406
ENVI;2;6;9.608;42;-244;241.94;12.413;35.7031;-0.0939;0.1589;1.00E-12;2.0829;1398.9
ENVI;2;6;9.608;42;-245;242.931;12.4041;35.7019;-0.0946;0.1507;1.00E-12;2.0827;1391.4
ENVI;2;6;9.608;42;-246;243.922;12.3957;35.701;-0.0933;0.147;1.00E-12;2.0822;1388.1
ENVI;2;6;9.608;42;-247;244.913;12.388;35.7002;-0.0947;0.1529;1.00E-12;2.0818;1390.1
ENVI;2;6;9.608;42;-248;245.904;12.3812;35.6992;-0.1102;0.157;1.00E-12;2.0811;1393.8
ENVI;2;6;9.608;42;-249;246.895;12.3764;35.6987;-0.1012;0.1612;1.00E-12;2.0799;1400.5
ENVI;2;6;9.608;42;-250;247.886;12.3848;35.6991;-0.1025;0.1501;1.00E-12;2.0793;1416.8
ENVI;2;6;9.608;42;-251;248.877;12.3836;35.6994;-0.0923;0.1431;1.00E-12;2.0793;1421.6
ENVI;2;6;9.608;42;-252;249.868;12.3732;35.6971;-0.0999;0.1432;1.00E-12;2.0783;1409.6
ENVI;2;61;9.708;42;-6;5.953;14.1176;35.8172;1.1848;0.2867;76.241;2.4407;1260.5
ENVI;2;61;9.708;42;-7;6.945;14.1107;35.7799;1.1019;0.2937;70.857;2.4377;1239.7
ENVI;2;61;9.708;42;-8;7.937;14.114;35.7796;1.1731;0.2861;62.226;2.4375;1199.2
ENVI;2;61;9.708;42;-9;8.929;14.1206;35.7798;1.1889;0.2492;52.977;2.4379;1129.1
ENVI;2;61;9.708;42;-10;9.921;14.1441;35.78;1.1926;0.2795;46.3;2.4384;1125.6
ENVI;2;61;9.708;42;-11;10.913;14.1427;35.7799;1.1582;0.2786;41.833;2.4381;1180.1
ENVI;2;61;9.708;42;-12;11.905;14.1295;35.7801;1.1459;0.2716;38.378;2.4375;1323.1
ENVI;2;61;9.708;42;-13;12.897;14.1298;35.7797;1.1781;0.2794;36.573;2.4375;1682
ENVI;2;61;9.708;42;-14;13.889;14.0806;35.78;1.2256;0.2675;36.489;2.4368;1920.2
ENVI;2;61;9.708;42;-15;14.882;14.0805;35.7799;1.2773;0.294;34.889;2.4354;1905.7
ENVI;2;61;9.708;42;-16;15.874;14.0782;35.7798;1.3735;0.2885;34.789;2.4346;1852.7
ENVI;2;61;9.708;42;-17;16.866;14.0745;35.78;1.4176;0.3046;37.49;2.4339;1693.1
ENVI;2;61;9.708;42;-18;17.858;14.0719;35.7815;1.5203;0.2804;36.495;2.433;1444.9
ENVI;2;61;9.708;42;-19;18.85;14.0697;35.7813;1.5883;0.2773;38.47;2.4291;1278.5
ENVI;2;61;9.708;42;-20;19.842;14.0681;35.781;1.5476;0.2981;37.116;2.427;1221.4
ENVI;2;61;9.708;42;-21;20.834;14.0713;35.7821;1.6884;0.2882;33.655;2.4249;1168.3
ENVI;2;61;9.708;42;-22;21.826;14.0726;35.7825;1.6152;0.2885;31.764;2.4238;1102.3
ENVI;2;61;9.708;42;-23;22.818;14.0727;35.7827;1.4987;0.2646;32.198;2.4235;1069.3
ENVI;2;61;9.708;42;-24;23.81;14.0725;35.7826;1.6439;0.2881;29.608;2.4238;1053.1
ENVI;2;61;9.708;42;-25;24.802;14.0727;35.7827;1.9019;0.3203;27.518;2.4241;1038.3
ENVI;2;61;9.708;42;-26;25.794;14.0724;35.7827;1.7005;0.3637;27.134;2.4234;1026.8
ENVI;2;61;9.708;42;-27;26.786;14.0728;35.7823;1.6155;0.2483;23.845;2.4223;999.11
ENVI;2;61;9.708;42;-28;27.778;14.0727;35.7827;1.5761;0.2691;20.568;2.423;969.72
ENVI;2;61;9.708;42;-29;28.77;14.0731;35.7828;1.4525;0.2818;18.777;2.4221;965.05
ENVI;2;61;9.708;42;-30;29.762;14.0732;35.7827;1.4847;0.2747;18.087;2.4209;958.85
ENVI;2;61;9.708;42;-31;30.754;14.0734;35.7831;1.6534;0.2589;17.503;2.4204;938.21
ENVI;2;61;9.708;42;-32;31.746;14.0735;35.7832;1.6558;0.2755;15.911;2.42;942.01
ENVI;2;61;9.708;42;-33;32.738;14.0703;35.7825;1.6136;0.3007;14.691;2.4196;953.85
ENVI;2;61;9.708;42;-34;33.73;14.07;35.7824;1.5204;0.2836;14.327;2.4182;974.27
ENVI;2;61;9.708;42;-35;34.722;14.0705;35.7825;1.5086;0.2593;13.749;2.4162;961.68
ENVI;2;61;9.708;42;-36;35.714;14.067;35.7819;1.5394;0.2622;12.21;2.4155;961.92
ENVI;2;61;9.708;42;-37;36.706;14.0657;35.7816;1.4841;0.302;11.56;2.4148;973.1
ENVI;2;61;9.708;42;-38;37.698;14.0657;35.7816;1.3465;0.2711;11.229;2.4128;1008.1
ENVI;2;61;9.708;42;-39;38.69;14.0659;35.7817;1.3641;0.2745;10.681;2.411;1045.8
ENVI;2;61;9.708;42;-40;39.682;14.0661;35.7816;1.3375;0.2818;10.169;2.4104;1064.5
ENVI;2;61;9.708;42;-41;40.674;14.0661;35.7816;1.3651;0.2857;9.5801;2.4094;1064.3
ENVI;2;61;9.708;42;-42;41.666;14.066;35.7815;1.3681;0.28;9.0792;2.41;1057.8
ENVI;2;61;9.708;42;-43;42.658;14.0665;35.7815;1.437;0.3368;8.5684;2.4099;1114.3
ENVI;2;61;9.708;42;-44;43.65;14.0669;35.7815;1.3517;0.3189;7.908;2.4097;1248.7
ENVI;2;61;9.708;42;-45;44.642;14.0659;35.7815;1.3047;0.2732;7.7096;2.4095;1393.2
ENVI;2;61;9.708;42;-46;45.633;14.0669;35.7817;1.316;0.3063;7.4511;2.4079;1373
ENVI;2;61;9.708;42;-47;46.625;14.0658;35.7814;1.3347;0.2892;7.2403;2.4074;1383.2
ENVI;2;61;9.708;42;-48;47.617;14.0663;35.7815;1.4001;0.3272;7.2141;2.4075;1455.8
ENVI;2;61;9.708;42;-49;48.609;14.0667;35.7815;1.3849;0.2732;6.9212;2.4074;1616.8
ENVI;2;61;9.708;42;-50;49.601;14.0669;35.7817;1.3363;0.2996;6.0614;2.4076;1474
ENVI;2;61;9.708;42;-51;50.593;14.0664;35.7816;1.3591;0.2799;5.5059;2.4078;1188.1
ENVI;2;61;9.708;42;-52;51.585;14.0663;35.7816;1.3054;0.2737;5.0825;2.4072;1059.4
ENVI;2;61;9.708;42;-53;52.577;14.0663;35.7813;1.2992;0.2623;4.3297;2.4055;974.05
ENVI;2;61;9.708;42;-54;53.569;14.0661;35.7816;1.3186;0.2589;3.7656;2.4057;946.88
ENVI;2;61;9.708;42;-55;54.561;14.0664;35.7815;1.5268;0.2753;3.4048;2.4055;948.6
ENVI;2;61;9.708;42;-56;55.552;14.0663;35.7816;1.2023;0.2474;3.0846;2.405;929.11
ENVI;2;61;9.708;42;-57;56.544;14.0655;35.7817;1.3023;0.2568;2.8949;2.4046;915.06
ENVI;2;61;9.708;42;-58;57.536;14.0655;35.7816;1.3622;0.2796;2.7342;2.404;911.8
ENVI;2;61;9.708;42;-59;58.528;14.0656;35.7814;1.3661;0.278;2.6123;2.4037;907.46
ENVI;2;61;9.708;42;-60;59.52;14.0657;35.7816;1.5048;0.281;2.4713;2.4031;902.13
ENVI;2;61;9.708;42;-61;60.512;14.0654;35.7814;1.2796;0.2754;2.2164;2.4031;906.91
ENVI;2;61;9.708;42;-62;61.504;14.0651;35.7814;1.2993;0.2618;1.8821;2.4036;900.65
ENVI;2;61;9.708;42;-63;62.495;14.0653;35.7815;1.3389;0.2692;1.7739;2.4027;890.12
ENVI;2;61;9.708;42;-64;63.487;14.0657;35.7815;1.3732;0.2734;1.6794;2.4018;877.63
ENVI;2;61;9.708;42;-65;64.479;14.0659;35.7814;1.3273;0.2784;1.6025;2.4019;869.74
ENVI;2;61;9.708;42;-66;65.471;14.0655;35.7815;1.2769;0.2885;1.5294;2.4012;866.16
ENVI;2;61;9.708;42;-67;66.463;14.0656;35.7815;1.2724;0.2822;1.4719;2.4004;865.36
ENVI;2;61;9.708;42;-68;67.455;14.0656;35.7814;1.2933;0.2774;1.4047;2.4001;870.37
ENVI;2;61;9.708;42;-69;68.446;14.066;35.7813;1.3863;0.2636;1.2014;2.4007;886.3
ENVI;2;61;9.708;42;-70;69.438;14.0658;35.7816;1.2988;0.2725;1.0497;2.4006;861.35
ENVI;2;61;9.708;42;-71;70.43;14.0646;35.7818;1.259;0.271;0.99181;2.3992;847.79
ENVI;2;61;9.708;42;-72;71.422;14.0641;35.782;1.2399;0.2707;0.93844;2.3981;843.02
ENVI;2;61;9.708;42;-73;72.414;14.0641;35.782;1.186;0.2762;0.88698;2.3979;842.5
ENVI;2;61;9.708;42;-74;73.405;14.0635;35.782;1.1279;0.2849;0.85262;2.3973;847.74
ENVI;2;61;9.708;42;-75;74.397;14.064;35.7817;1.1994;0.2594;0.81648;2.3978;872.16
ENVI;2;61;9.708;42;-76;75.389;14.0634;35.7819;1.2422;0.245;0.70735;2.3984;874.85
ENVI;2;61;9.708;42;-77;76.381;14.0629;35.7819;1.2345;0.2605;0.65119;2.3981;869.11
ENVI;2;61;9.708;42;-78;77.373;14.0632;35.782;1.2326;0.2573;0.61325;2.3981;860.17
ENVI;2;61;9.708;42;-79;78.364;14.0633;35.7821;1.2218;0.2699;0.57871;2.3979;852.29
ENVI;2;61;9.708;42;-80;79.356;14.0633;35.7823;1.356;0.2763;0.54479;2.3976;847.93
ENVI;2;61;9.708;42;-81;80.348;14.0638;35.7826;1.5561;0.3322;0.51399;2.3975;853.79
ENVI;2;61;9.708;42;-82;81.34;14.0643;35.7825;1.1805;0.2455;0.48243;2.3969;870.5
ENVI;2;61;9.708;42;-83;82.331;14.0648;35.7829;1.2246;0.2707;0.4506;2.3975;870.75
ENVI;2;61;9.708;42;-84;83.323;14.0658;35.7832;1.2497;0.2781;0.41963;2.3968;871.84
ENVI;2;61;9.708;42;-85;84.315;14.0661;35.7833;1.3681;0.2842;0.39186;2.3964;870.64
ENVI;2;61;9.708;42;-86;85.307;14.0661;35.7831;1.1595;0.268;0.35459;2.3962;864.51
ENVI;2;61;9.708;42;-87;86.298;14.0665;35.7834;1.1304;0.2712;0.30955;2.3965;860.6
ENVI;2;61;9.708;42;-88;87.29;14.0668;35.7837;1.2176;0.2734;0.29469;2.3953;856.78
ENVI;2;61;9.708;42;-89;88.282;14.0673;35.784;1.2078;0.2717;0.27216;2.3947;857.74
ENVI;2;61;9.708;42;-90;89.273;14.0679;35.7841;1.2018;0.2686;0.25332;2.3944;861.71
ENVI;2;61;9.708;42;-91;90.265;14.0679;35.784;1.1699;0.2655;0.24408;2.3949;872.45
ENVI;2;61;9.708;42;-92;91.257;14.0704;35.785;1.1584;0.2493;0.22892;2.3952;860.98
ENVI;2;61;9.708;42;-93;92.249;14.0756;35.787;1.1924;0.2677;0.20952;2.3953;860.8
ENVI;2;61;9.708;42;-94;93.24;14.0848;35.7899;1.2678;0.2899;0.1895;2.3951;861.2
ENVI;2;61;9.708;42;-95;94.232;14.0832;35.7895;1.1653;0.2653;0.16773;2.395;866.32
ENVI;2;61;9.708;42;-96;95.224;14.0823;35.7892;1.1392;0.2926;0.14925;2.3963;869.07
ENVI;2;61;9.708;42;-97;96.215;14.0922;35.792;1.2255;0.2645;0.13674;2.3958;863.67
ENVI;2;61;9.708;42;-98;97.207;14.0943;35.7931;1.2402;0.2823;0.12483;2.3955;866.81
ENVI;2;61;9.708;42;-99;98.199;14.1055;35.7957;1.1801;0.2763;0.11546;2.3951;871.86
ENVI;2;61;9.708;42;-100;99.19;14.1035;35.7954;1.1865;0.2509;0.10631;2.3947;873.97
ENVI;2;61;9.708;42;-101;100.182;14.0977;35.8044;1.0953;0.2493;0.10009;2.3956;854.46
ENVI;2;61;9.708;42;-102;101.174;14.0872;35.8079;0.8286;0.24;0.092069;2.3943;851.55
ENVI;2;61;9.708;42;-103;102.165;14.089;35.8073;0.688;0.2385;0.084576;2.388;857.24
ENVI;2;61;9.708;42;-104;103.157;14.089;35.8059;0.7322;0.2275;0.073761;2.3721;871.4
ENVI;2;61;9.708;42;-105;104.149;14.0871;35.8076;0.7722;0.2642;0.059688;2.3667;861.28
ENVI;2;61;9.708;42;-106;105.14;14.0916;35.807;0.7359;0.2334;0.051617;2.3683;851.81
ENVI;2;61;9.708;42;-107;106.132;14.0935;35.8075;0.7583;0.2273;0.046311;2.3678;846.45
ENVI;2;61;9.708;42;-108;107.124;14.0953;35.8083;0.7066;0.2369;0.042864;2.3664;845.54
ENVI;2;61;9.708;42;-109;108.115;14.0949;35.808;0.6246;0.2518;0.036642;2.3642;847.64
ENVI;2;61;9.708;42;-110;109.107;14.0937;35.8083;0.5939;0.2462;0.024527;2.3623;849.25
ENVI;2;61;9.708;42;-111;110.098;14.0918;35.8078;0.5823;0.2426;0.015813;2.361;851.59
ENVI;2;61;9.708;42;-112;111.09;14.0908;35.8075;0.5775;0.2388;0.00802;2.3603;852.41
ENVI;2;61;9.708;42;-113;112.082;14.0819;35.8088;0.5895;0.2334;0.0012878;2.3593;854.05
ENVI;2;61;9.708;42;-114;113.073;14.0741;35.8096;0.5338;0.2361;-0.00002346;2.3584;857.93
ENVI;2;61;9.708;42;-115;114.065;14.0755;35.809;0.491;0.2391;1.00E-12;2.3577;860.64
ENVI;2;61;9.708;42;-116;115.056;14.0695;35.8087;0.4922;0.2234;0.008352;2.3573;863.19
ENVI;2;61;9.708;42;-117;116.048;14.0616;35.8091;0.4767;0.2221;0.014076;2.3542;861.21
ENVI;2;61;9.708;42;-118;117.04;14.0591;35.809;0.5071;0.2058;0.0072839;2.3504;861.08
ENVI;2;61;9.708;42;-119;118.031;14.0569;35.8094;0.5056;0.2262;0.000025667;2.347;861.44
ENVI;2;61;9.708;42;-120;119.023;14.0457;35.8103;0.5297;0.2393;0.00012259;2.3463;852.37
ENVI;2;61;9.708;42;-121;120.014;14.0459;35.8104;0.5318;0.2447;-0.000005441;2.3451;845.75
ENVI;2;61;9.708;42;-122;121.006;14.0435;35.8102;0.5426;0.227;1.00E-12;2.3442;842.44
ENVI;2;61;9.708;42;-123;121.997;14.0431;35.8102;0.5226;0.2301;1.00E-12;2.3426;841.88
ENVI;2;61;9.708;42;-124;122.989;14.0447;35.81;0.512;0.2318;1.00E-12;2.3412;842.74
ENVI;2;61;9.708;42;-125;123.98;14.044;35.8099;0.4568;0.2273;1.00E-12;2.3394;845.76
ENVI;2;61;9.708;42;-126;124.972;14.0509;35.81;0.5029;0.2155;1.00E-12;2.3378;849.03
ENVI;2;61;9.708;42;-127;125.963;14.0549;35.8093;0.5626;0.2227;1.00E-12;2.3375;846.65
ENVI;2;61;9.708;42;-128;126.955;14.044;35.8102;0.5412;0.2393;1.00E-12;2.3379;840.9
ENVI;2;61;9.708;42;-129;127.947;14.0355;35.8098;0.5057;0.2186;1.00E-12;2.3384;833.36
ENVI;2;61;9.708;42;-130;128.938;14.0428;35.8099;0.4901;0.2168;1.00E-12;2.3377;827.84
ENVI;2;61;9.708;42;-131;129.929;14.0454;35.8098;0.48;0.2268;1.00E-12;2.3369;824.35
ENVI;2;61;9.708;42;-132;130.921;14.0489;35.8098;0.4585;0.2228;1.00E-12;2.3355;825.37
ENVI;2;61;9.708;42;-133;131.912;14.0408;35.8099;0.4437;0.22;1.00E-12;2.3346;829.28
ENVI;2;61;9.708;42;-134;132.904;13.9905;35.8103;0.4179;0.2207;1.00E-12;2.334;833.83
ENVI;2;61;9.708;42;-135;133.896;13.9453;35.8104;0.3835;0.2203;1.00E-12;2.3322;839.85
ENVI;2;61;9.708;42;-136;134.887;13.979;35.8087;0.3657;0.208;1.00E-12;2.3139;844.08
ENVI;2;61;9.708;42;-137;135.879;13.9175;35.807;0.4371;0.2028;1.00E-12;2.3139;814.64
ENVI;2;61;9.708;42;-138;136.87;13.9057;35.8053;0.4551;0.2018;1.00E-12;2.3133;811.92
ENVI;2;61;9.708;42;-139;137.862;13.9013;35.8048;0.3924;0.2234;1.00E-12;2.3101;813.08
ENVI;2;61;9.708;42;-140;138.853;13.8897;35.8019;0.3274;0.2271;1.00E-12;2.3061;815.91
ENVI;2;61;9.708;42;-141;139.845;13.8631;35.7997;0.2185;0.2272;1.00E-12;2.3012;815.96
ENVI;2;61;9.708;42;-142;140.836;13.8304;35.8013;0.1766;0.2269;1.00E-12;2.2955;813.29
ENVI;2;61;9.708;42;-143;141.827;13.8205;35.8023;0.1554;0.2209;1.00E-12;2.2902;810.69
ENVI;2;61;9.708;42;-144;142.819;13.8187;35.8019;0.1317;0.2146;1.00E-12;2.2839;811.08
ENVI;2;61;9.708;42;-145;143.81;13.8128;35.8017;0.1147;0.2198;1.00E-12;2.2777;814.78
ENVI;2;61;9.708;42;-146;144.802;13.799;35.8019;0.0999;0.2077;1.00E-12;2.2721;821.04
ENVI;2;61;9.708;42;-147;145.793;13.7933;35.8021;0.0832;0.1936;1.00E-12;2.2683;827.06
ENVI;2;61;9.708;42;-148;146.785;13.7903;35.8026;0.0819;0.1947;1.00E-12;2.2651;830.92
ENVI;2;61;9.708;42;-149;147.776;13.7834;35.8029;0.085;0.209;1.00E-12;2.263;832
ENVI;2;61;9.708;42;-150;148.768;13.7694;35.8022;0.0784;0.1925;1.00E-12;2.2593;826.48
ENVI;2;61;9.708;42;-151;149.759;13.6625;35.8021;0.0639;0.189;1.00E-12;2.2545;813.39
ENVI;2;61;9.708;42;-152;150.75;13.6263;35.8028;0.0624;0.3312;1.00E-12;2.2498;811.56
ENVI;2;61;9.708;42;-153;151.742;13.6048;35.8043;0.05;0.207;1.00E-12;2.2419;813.99
ENVI;2;61;9.708;42;-154;152.733;13.5572;35.8019;0.0322;0.2045;1.00E-12;2.2333;813.65
ENVI;2;61;9.708;42;-155;153.725;13.5544;35.8012;0.0143;0.1893;1.00E-12;2.2277;808.14
ENVI;2;61;9.708;42;-156;154.716;13.5481;35.8003;0.0042;0.2018;1.00E-12;2.2237;801.85
ENVI;2;61;9.708;42;-157;155.707;13.5354;35.7996;0.0045;0.2054;1.00E-12;2.2195;798.07
ENVI;2;61;9.708;42;-158;156.699;13.5308;35.799;0.0046;0.207;1.00E-12;2.216;798.13
ENVI;2;61;9.708;42;-159;157.69;13.519;35.7969;0.0045;0.2086;1.00E-12;2.2129;801.55
ENVI;2;61;9.708;42;-160;158.681;13.5044;35.7947;-0.0029;0.2085;1.00E-12;2.2107;806.16
ENVI;2;61;9.708;42;-161;159.673;13.4554;35.7896;-0.0097;0.2082;1.00E-12;2.2082;809.89
ENVI;2;61;9.708;42;-162;160.664;13.396;35.7854;-0.0091;0.2144;1.00E-12;2.2058;812.03
ENVI;2;61;9.708;42;-163;161.656;13.3538;35.7847;-0.0244;0.2053;1.00E-12;2.2033;813.22
ENVI;2;61;9.708;42;-164;162.647;13.3096;35.7847;-0.0444;0.1959;1.00E-12;2.2009;814.19
ENVI;2;61;9.708;42;-165;163.638;13.3035;35.7871;-0.0772;0.19;1.00E-12;2.1976;816.15
ENVI;2;61;9.708;42;-166;164.63;13.2979;35.789;-0.0687;0.1985;1.00E-12;2.1864;809.33
ENVI;2;61;9.708;42;-167;165.621;13.2881;35.7884;-0.0574;0.1778;1.00E-12;2.1771;813.39
ENVI;2;61;9.708;42;-168;166.612;13.2748;35.7882;-0.0579;0.1962;1.00E-12;2.1746;812.58
ENVI;2;61;9.708;42;-169;167.604;13.2621;35.789;-0.0573;0.2064;1.00E-12;2.1726;806.03
ENVI;2;61;9.708;42;-170;168.595;13.2436;35.7875;-0.0816;0.2189;1.00E-12;2.1706;795.7
ENVI;2;61;9.708;42;-171;169.587;13.2013;35.7841;-0.0748;0.2355;1.00E-12;2.1687;788.92
ENVI;2;61;9.708;42;-172;170.577;13.1517;35.7794;-0.0678;0.2512;1.00E-12;2.1661;788.32
ENVI;2;61;9.708;42;-173;171.569;13.1396;35.7786;-0.0807;0.2113;1.00E-12;2.1632;792.39
ENVI;2;61;9.708;42;-174;172.56;13.1362;35.778;-0.0809;0.2093;1.00E-12;2.1604;802.1
ENVI;2;61;9.708;42;-175;173.552;13.1297;35.7773;-0.0818;0.2141;1.00E-12;2.1592;811.08
ENVI;2;61;9.708;42;-176;174.543;13.1092;35.7757;-0.0817;0.2089;1.00E-12;2.1578;817.35
ENVI;2;61;9.708;42;-177;175.534;13.135;35.7752;-0.0811;0.177;1.00E-12;2.1547;813.32
ENVI;2;61;9.708;42;-178;176.526;13.0448;35.7704;-0.0817;0.2028;1.00E-12;2.1552;797.27
ENVI;2;61;9.708;42;-179;177.517;13.0324;35.7692;-0.0725;0.2049;1.00E-12;2.1538;793.92
ENVI;2;61;9.708;42;-180;178.508;13.0114;35.7669;-0.0685;0.2061;1.00E-12;2.1521;798.01
ENVI;2;61;9.708;42;-181;179.499;12.9803;35.7639;-0.0702;0.2072;1.00E-12;2.1505;804.75
ENVI;2;61;9.708;42;-182;180.491;12.9494;35.7613;-0.0789;0.2032;1.00E-12;2.1483;811.56
ENVI;2;61;9.708;42;-183;181.482;12.9335;35.7599;-0.0825;0.2052;1.00E-12;2.1456;810.44
ENVI;2;61;9.708;42;-184;182.473;12.9247;35.7583;-0.0734;0.2065;1.00E-12;2.1435;798.42
ENVI;2;61;9.708;42;-185;183.464;12.9131;35.7569;-0.0783;0.2099;1.00E-12;2.1425;786.62
ENVI;2;61;9.708;42;-186;184.456;12.903;35.7568;-0.081;0.2118;1.00E-12;2.1415;784.24
ENVI;2;61;9.708;42;-187;185.447;12.8884;35.7553;-0.081;0.2012;1.00E-12;2.1409;791.16
ENVI;2;61;9.708;42;-188;186.438;12.8707;35.7538;-0.0817;0.222;1.00E-12;2.1397;805.19
ENVI;2;61;9.708;42;-189;187.429;12.9039;35.7546;-0.0865;0.1772;1.00E-12;2.1363;817.37
ENVI;2;61;9.708;42;-190;188.421;12.8473;35.7497;-0.0839;0.1887;1.00E-12;2.1368;803.82
ENVI;2;61;9.708;42;-191;189.412;12.823;35.7458;-0.0823;0.2077;1.00E-12;2.1355;807.97
ENVI;2;61;9.708;42;-192;190.403;12.8014;35.7435;-0.0836;0.2054;1.00E-12;2.1342;809.97
ENVI;2;61;9.708;42;-193;191.394;12.8046;35.7431;-0.083;0.1944;1.00E-12;2.1336;808.34
ENVI;2;61;9.708;42;-194;192.386;12.7848;35.7397;-0.0817;0.1816;1.00E-12;2.1338;801.38
ENVI;2;61;9.708;42;-195;193.377;12.7772;35.7388;-0.0735;0.1866;1.00E-12;2.1341;793.72
ENVI;2;61;9.708;42;-196;194.368;12.774;35.7375;-0.0709;0.1892;1.00E-12;2.1341;788.68
ENVI;2;61;9.708;42;-197;195.359;12.7689;35.7367;-0.0814;0.1902;1.00E-12;2.1341;786.11
ENVI;2;61;9.708;42;-198;196.35;12.7676;35.7363;-0.0817;0.1899;1.00E-12;2.1347;787.41
ENVI;2;61;9.708;42;-199;197.342;12.7664;35.7358;-0.0817;0.1902;1.00E-12;2.1352;790.72
ENVI;2;61;9.708;42;-200;198.333;12.7626;35.7351;-0.081;0.1782;1.00E-12;2.1352;795.14
ENVI;2;61;9.708;42;-201;199.324;12.7534;35.7335;-0.0802;0.1799;1.00E-12;2.1354;799.95
ENVI;2;61;9.708;42;-202;200.315;12.7457;35.7321;-0.0811;0.182;1.00E-12;2.1356;803.71
ENVI;2;61;9.708;42;-203;201.306;12.7469;35.7315;-0.0845;0.1759;1.00E-12;2.137;814.19
ENVI;2;61;9.708;42;-204;202.298;12.7404;35.7297;-0.0822;0.1661;1.00E-12;2.1383;793.58
ENVI;2;61;9.708;42;-205;203.289;12.6889;35.7264;-0.0817;0.1701;1.00E-12;2.1385;783.46
ENVI;2;61;9.708;42;-206;204.28;12.6707;35.7247;-0.0927;0.1808;1.00E-12;2.1366;778.67
ENVI;2;61;9.708;42;-207;205.271;12.6617;35.7241;-0.0961;0.1806;1.00E-12;2.1349;781.99
ENVI;2;61;9.708;42;-208;206.262;12.6566;35.7232;-0.1061;0.1784;1.00E-12;2.1339;789.11
ENVI;2;61;9.708;42;-209;207.253;12.6488;35.7225;-0.0975;0.1863;1.00E-12;2.1332;796.03
ENVI;2;61;9.708;42;-210;208.244;12.6437;35.7219;-0.0906;0.1872;1.00E-12;2.133;800.93
ENVI;2;61;9.708;42;-211;209.236;12.6392;35.7213;-0.0812;0.1786;1.00E-12;2.1324;801.98
ENVI;2;61;9.708;42;-212;210.227;12.6347;35.7207;-0.0817;0.1728;1.00E-12;2.132;799.75
ENVI;2;61;9.708;42;-213;211.218;12.6325;35.7202;-0.0925;0.1686;1.00E-12;2.1311;794.59
ENVI;2;61;9.708;42;-214;212.209;12.6367;35.7201;-0.1059;0.1655;1.00E-12;2.1307;792.14
ENVI;2;61;9.708;42;-215;213.2;12.6337;35.7197;-0.1054;0.1662;1.00E-12;2.1302;794.87
ENVI;2;61;9.708;42;-216;214.191;12.6324;35.7196;-0.1061;0.1535;1.00E-12;2.1303;800.69
ENVI;2;61;9.708;42;-217;215.182;12.6284;35.7191;-0.1061;0.1478;1.00E-12;2.1304;804.06
ENVI;2;61;9.708;42;-218;216.173;12.622;35.7186;-0.1061;0.1533;1.00E-12;2.1305;807.33
ENVI;2;61;9.708;42;-219;217.164;12.6309;35.719;-0.0884;0.1602;1.00E-12;2.1294;812.28
ENVI;2;61;9.708;42;-220;218.156;12.6192;35.718;-0.0919;0.1651;1.00E-12;2.1295;794.32
ENVI;2;61;9.708;42;-221;219.147;12.6097;35.7172;-0.083;0.1645;1.00E-12;2.1291;777.81
ENVI;2;61;9.708;42;-222;220.137;12.6003;35.7163;-0.0916;0.1785;1.00E-12;2.1286;770.69
ENVI;2;61;9.708;42;-223;221.129;12.5868;35.7146;-0.0953;0.1832;1.00E-12;2.1281;773.61
ENVI;2;61;9.708;42;-224;222.119;12.5757;35.7136;-0.1038;0.1841;1.00E-12;2.1268;782.56
ENVI;2;61;9.708;42;-225;223.111;12.5634;35.7118;-0.0981;0.1805;1.00E-12;2.1261;791.91
ENVI;2;61;9.708;42;-226;224.102;12.5435;35.7096;-0.0939;0.1791;1.00E-12;2.1256;798.23
ENVI;2;61;9.708;42;-227;225.093;12.5207;35.7081;-0.0939;0.1902;1.00E-12;2.1242;800
ENVI;2;61;9.708;42;-228;226.084;12.5108;35.7072;-0.1017;0.1824;1.00E-12;2.1235;797.91
ENVI;2;61;9.708;42;-229;227.075;12.5064;35.7064;-0.1038;0.1773;1.00E-12;2.1231;795.38
ENVI;2;61;9.708;42;-230;228.066;12.5017;35.7053;-0.0861;0.1729;1.00E-12;2.1223;791.51
ENVI;2;61;9.708;42;-231;229.057;12.4858;35.7036;-0.0895;0.1857;1.00E-12;2.1226;791.41
ENVI;2;61;9.708;42;-232;230.048;12.4737;35.7024;-0.0821;0.1808;1.00E-12;2.1228;793.43
ENVI;2;61;9.708;42;-233;231.039;12.4679;35.7015;-0.0817;0.1817;1.00E-12;2.1224;793.82
ENVI;2;61;9.708;42;-234;232.03;12.456;35.7002;-0.0836;0.1721;1.00E-12;2.1222;792.35
ENVI;2;61;9.708;42;-235;233.021;12.4447;35.6989;-0.0822;0.1662;1.00E-12;2.1213;791.96
ENVI;2;61;9.708;42;-236;234.012;12.4356;35.6979;-0.0902;0.1771;1.00E-12;2.1199;793.08
ENVI;2;61;9.708;42;-237;235.003;12.4213;35.6963;-0.0809;0.1749;1.00E-12;2.1192;791.14
ENVI;2;61;9.708;42;-238;235.994;12.4086;35.6948;-0.0893;0.1626;1.00E-12;2.1188;779.68
ENVI;2;61;9.708;42;-239;236.985;12.3954;35.6932;-0.0899;0.1639;1.00E-12;2.118;769.94
ENVI;2;61;9.708;42;-240;237.976;12.3869;35.6926;-0.0804;0.1715;1.00E-12;2.1171;766.04
ENVI;2;61;9.708;42;-241;238.967;12.3837;35.6919;-0.0817;0.1776;1.00E-12;2.116;770.88
ENVI;2;61;9.708;42;-242;239.958;12.3817;35.6914;-0.0855;0.1692;1.00E-12;2.1155;783.02
ENVI;2;61;9.708;42;-243;240.949;12.3722;35.6902;-0.099;0.1701;1.00E-12;2.1157;785.52
ENVI;2;61;9.708;42;-244;241.94;12.3615;35.6892;-0.0988;0.1614;1.00E-12;2.1158;775.47
ENVI;2;61;9.708;42;-245;242.931;12.3591;35.6889;-0.0815;0.1662;1.00E-12;2.1151;763.04
ENVI;2;61;9.708;42;-246;243.922;12.3589;35.6888;-0.1003;0.1596;1.00E-12;2.1147;756.36
ENVI;2;61;9.708;42;-247;244.913;12.3576;35.6887;-0.1032;0.1601;1.00E-12;2.1143;758.11
ENVI;2;61;9.708;42;-248;245.904;12.3561;35.6884;-0.0947;0.1643;1.00E-12;2.1137;767
ENVI;2;61;9.708;42;-249;246.895;12.3558;35.6883;-0.0939;0.1644;1.00E-12;2.113;776.5
ENVI;2;61;9.708;42;-250;247.886;12.3544;35.688;-0.089;0.1631;1.00E-12;2.112;781.44
