cruise;day;st;Longitude;Latitude;presion;depth;temp;sal;fluo;turb;par;oxig;PARsurf
ENVI;6;3;8.956;42;-4;3.968;13.3476;33.5883;6.812;1.2683;0.37592;2.5667;3.99
ENVI;6;3;8.956;42;-5;4.961;13.353;33.6454;7.6059;1.415;0.29436;2.573;3.99
ENVI;6;3;8.956;42;-6;5.953;13.3321;33.7349;9.1858;1.6679;0.18387;2.5823;3.99
ENVI;6;3;8.956;42;-7;6.945;13.3579;34.2472;9.729;1.7267;0.14311;2.6022;3.99
ENVI;6;3;8.956;42;-8;7.937;13.4004;34.8438;8.8565;1.5108;0.068221;2.6312;3.99
ENVI;6;3;8.956;42;-9;8.929;13.3701;35.0567;7.9803;1.449;0.046917;2.6212;3.99
ENVI;6;3;8.956;42;-10;9.921;13.4268;35.2523;6.0091;1.37;0.019711;2.6097;3.99
ENVI;6;3;8.956;42;-11;10.913;13.3858;35.2864;3.7246;1.057;0.00066486;2.5533;3.99
ENVI;6;3;8.956;42;-12;11.905;13.3041;35.2852;4.0123;0.964;-0.000007712;2.4893;4.0363
ENVI;6;3;8.956;42;-13;12.897;13.3277;35.3008;3.9081;1.0497;1.00E-12;2.4885;3.9913
ENVI;6;3;8.956;42;-14;13.889;13.3345;35.3159;3.6049;1.0369;1.00E-12;2.4945;3.99
ENVI;6;3;8.956;42;-15;14.882;13.3386;35.3326;3.4109;1.0431;1.00E-12;2.4916;3.99
ENVI;6;3;8.956;42;-16;15.874;13.3705;35.3659;3.2848;1.081;1.00E-12;2.4893;3.99
ENVI;6;3;8.956;42;-17;16.866;13.4302;35.4074;2.6294;1.0379;1.00E-12;2.4792;3.99
ENVI;6;3;8.956;42;-18;17.858;13.4615;35.4773;1.6945;0.864;1.00E-12;2.4492;4.0454
ENVI;6;3;8.956;42;-19;18.85;13.433;35.5135;1.5102;0.8119;1.00E-12;2.4328;3.988
ENVI;6;3;8.956;42;-20;19.842;13.4369;35.5271;1.4747;0.853;1.00E-12;2.4269;4.0675
ENVI;6;3;8.956;42;-21;20.834;13.4333;35.535;1.4558;0.8464;1.00E-12;2.4228;3.9901
ENVI;6;3;8.956;42;-22;21.826;13.4316;35.5377;1.3836;0.8499;1.00E-12;2.4203;4.2259
ENVI;6;3;8.956;42;-23;22.818;13.4359;35.5404;1.2644;0.8425;1.00E-12;2.4163;4.0797
ENVI;6;3;8.956;42;-24;23.81;13.4538;35.5568;0.8775;0.6571;1.00E-12;2.4086;4.0412
ENVI;6;3;8.956;42;-25;24.802;13.4492;35.5741;0.8047;0.8201;1.00E-12;2.3981;4.0471
ENVI;6;3;8.956;42;-26;25.794;13.4287;35.5898;0.7023;0.9243;1.00E-12;2.3875;4.1723
ENVI;6;3;8.956;42;-27;26.786;13.401;35.6015;0.5607;0.9163;1.00E-12;2.3759;4.2264
ENVI;6;3;8.956;42;-28;27.778;13.4049;35.614;0.4854;0.9409;1.00E-12;2.3638;4.2201
ENVI;6;3;8.956;42;-29;28.77;13.4085;35.6234;0.4291;0.9546;1.00E-12;2.3554;4.077
ENVI;6;3;8.956;42;-30;29.762;13.414;35.6168;0.3314;0.7937;1.00E-12;2.3389;4.5
ENVI;6;3;8.956;42;-31;30.754;13.411;35.6531;0.2585;0.8143;1.00E-12;2.3404;5.5488
ENVI;6;3;8.956;42;-32;31.746;13.4102;35.6584;0.2542;0.8889;1.00E-12;2.3377;4.4885
ENVI;6;3;8.956;42;-33;32.738;13.4138;35.6642;0.2411;0.9085;1.00E-12;2.3324;4.5444
ENVI;6;3;8.956;42;-34;33.73;13.416;35.6699;0.2009;0.9339;1.00E-12;2.327;4.3038
ENVI;6;3;8.956;42;-35;34.722;13.3988;35.6738;0.2182;0.8752;1.00E-12;2.3182;4.7284
ENVI;6;3;8.956;42;-36;35.714;13.3899;35.6738;0.1641;0.6924;1.00E-12;2.3083;5.0563
ENVI;6;3;8.956;42;-37;36.706;13.3741;35.675;0.1362;0.6651;1.00E-12;2.3038;5.3404
ENVI;6;3;8.956;42;-38;37.698;13.3532;35.676;0.1452;0.7953;1.00E-12;2.3023;5.7617
ENVI;6;3;8.956;42;-39;38.69;13.2993;35.6797;0.1404;0.8587;1.00E-12;2.3005;5.7004
ENVI;6;3;8.956;42;-40;39.682;13.2542;35.6828;0.1186;0.8981;1.00E-12;2.2978;5.4398
ENVI;6;3;8.956;42;-41;40.674;13.1691;35.6901;0.0882;0.9476;1.00E-12;2.2916;5.407
ENVI;6;3;8.956;42;-42;41.666;13.1398;35.6915;0.0821;0.9719;1.00E-12;2.2726;5.6078
ENVI;6;3;8.956;42;-43;42.658;13.0825;35.6998;0.0688;1.0686;1.00E-12;2.253;5.6857
ENVI;6;3;8.956;42;-44;43.65;13.0422;35.7019;0.0628;1.4957;1.00E-12;2.2479;5.7362
ENVI;6;3;8.956;42;-45;44.642;12.9756;35.701;0.0534;1.6194;1.00E-12;2.2348;5.7941
ENVI;6;3;8.956;42;-46;45.634;12.8762;35.6984;0.0652;1.6039;1.00E-12;2.2221;5.5229
ENVI;6;3;8.956;42;-47;46.625;12.7868;35.7;0.0527;1.6108;1.00E-12;2.2122;5.7355
ENVI;6;3;8.956;42;-48;47.617;12.7934;35.6976;0.0323;1.2827;1.00E-12;2.1953;5.903
ENVI;6;3;8.956;42;-49;48.609;12.7451;35.697;0.0082;1.2772;1.00E-12;2.1883;5.9878
ENVI;6;3;8.956;42;-50;49.601;12.6557;35.6957;0.0172;1.1389;1.00E-12;2.183;5.876
ENVI;6;3;8.956;42;-51;50.593;12.6254;35.6942;-0.0108;0.8285;1.00E-12;2.1815;5.9991
ENVI;6;3;8.956;42;-52;51.585;12.6065;35.694;0.0001;0.9023;1.00E-12;2.1825;5.9851
ENVI;6;3;8.956;42;-53;52.577;12.5853;35.694;-0.009;0.9149;1.00E-12;2.182;5.8855
ENVI;6;3;8.956;42;-54;53.569;12.5446;35.6952;-0.009;0.9468;1.00E-12;2.1801;5.9827
ENVI;6;3;8.956;42;-55;54.561;12.528;35.6953;-0.0189;0.9062;1.00E-12;2.1777;5.9142
ENVI;6;3;8.956;42;-56;55.553;12.551;35.694;-0.0167;0.798;1.00E-12;2.1713;5.9808
ENVI;6;3;8.956;42;-57;56.544;12.4872;35.6937;-0.0197;0.8358;1.00E-12;2.171;5.9853
ENVI;6;3;8.956;42;-58;57.536;12.4231;35.6942;-0.0319;0.8599;1.00E-12;2.1679;5.9851
ENVI;6;3;8.956;42;-59;58.528;12.4037;35.6953;-0.0334;0.8607;1.00E-12;2.1631;5.9851
ENVI;6;3;8.956;42;-60;59.52;12.3969;35.6962;-0.0474;0.7908;1.00E-12;2.1579;5.9851
ENVI;6;3;8.956;42;-61;60.512;12.3919;35.6989;-0.0655;0.672;1.00E-12;2.1529;5.9851
ENVI;6;3;8.956;42;-62;61.504;12.4032;35.6957;-0.0722;0.5363;1.00E-12;2.1417;5.9851
ENVI;6;3;8.956;42;-63;62.496;12.3752;35.6983;-0.0729;0.5402;1.00E-12;2.1416;5.9851
ENVI;6;3;8.956;42;-64;63.487;12.3363;35.6952;-0.0801;0.5788;1.00E-12;2.1404;5.9851
ENVI;6;3;8.956;42;-65;64.479;12.2906;35.691;-0.0715;0.7877;1.00E-12;2.1377;5.9851
ENVI;6;3;8.956;42;-66;65.471;12.2754;35.6899;-0.0824;0.8478;1.00E-12;2.1342;5.9851
ENVI;6;3;8.956;42;-67;66.463;12.2669;35.6886;-0.069;0.8788;1.00E-12;2.1315;5.9851
ENVI;6;3;8.956;42;-68;67.454;12.2803;35.6878;-0.0616;0.7973;1.00E-12;2.1261;5.9851
ENVI;6;3;8.956;42;-69;68.446;12.2382;35.6858;-0.0695;0.8604;1.00E-12;2.1265;5.9851
ENVI;6;3;8.956;42;-70;69.438;12.2266;35.6856;-0.0641;0.9446;1.00E-12;2.1255;5.9851
ENVI;6;3;8.956;42;-71;70.43;12.2378;35.6854;-0.0632;1.0049;1.00E-12;2.123;5.9851
ENVI;6;3;8.956;42;-72;71.422;12.2266;35.6846;-0.0636;0.9063;1.00E-12;2.1205;5.9851
ENVI;6;3;8.956;42;-73;72.414;12.2246;35.6847;-0.0676;1.149;1.00E-12;2.1203;5.9851
ENVI;6;3;8.956;42;-74;73.405;12.2248;35.6845;-0.0837;1.2881;1.00E-12;2.1198;5.9851
ENVI;6;3;8.956;42;-75;74.397;12.226;35.6841;-0.0755;1.3494;1.00E-12;2.118;5.9851
ENVI;6;3;8.956;42;-76;75.389;12.2262;35.6838;-0.0649;1.4454;1.00E-12;2.117;5.9851
ENVI;6;3;8.956;42;-77;76.381;12.2261;35.6837;-0.0654;1.9709;1.00E-12;2.1159;5.9851
ENVI;6;3;8.956;42;-78;77.373;12.2262;35.6838;-0.0555;2.0296;1.00E-12;2.1153;5.9851
ENVI;6;3;8.956;42;-79;78.364;12.2264;35.6836;-0.0546;2.1916;1.00E-12;2.1143;5.9851
ENVI;6;3;8.956;42;-80;79.356;12.2267;35.6835;-0.0541;2.3376;1.00E-12;2.1138;5.9851
ENVI;6;3;8.956;42;-81;80.348;12.2272;35.6833;-0.0521;2.0156;1.00E-12;2.1131;5.9851
ENVI;6;3;8.956;42;-82;81.34;12.2271;35.6835;-0.0382;2.3712;1.00E-12;2.1133;5.9851
ENVI;6;3;8.956;42;-83;82.331;12.2274;35.6833;-0.047;2.3304;1.00E-12;2.1122;5.9851
ENVI;6;3;8.956;42;-84;83.323;12.2276;35.683;-0.0453;2.8283;1.00E-12;2.1113;5.9851
ENVI;6;2;8.9145;42;-4;3.969;13.4246;32.0326;5.7159;1.3539;12.19;2.3579;58.877
ENVI;6;2;8.9145;42;-5;4.961;13.5247;34.0779;6.0684;1.5848;10.212;2.5477;62.328
ENVI;6;2;8.9145;42;-6;5.953;13.6108;34.0121;5.7565;1.6671;7.2141;2.523;61.846
ENVI;6;2;8.9145;42;-7;6.945;13.7368;34.6084;4.7443;1.7295;5.2536;2.5277;61.846
ENVI;6;2;8.9145;42;-8;7.937;13.7651;34.7673;3.58;1.6942;4.3647;2.5235;61.846
ENVI;6;2;8.9145;42;-9;8.929;13.7689;34.7662;3.4974;1.617;2.9579;2.4953;61.973
ENVI;6;2;8.9145;42;-10;9.921;13.7809;34.8268;3.457;1.5702;2.3128;2.4751;61.83
ENVI;6;2;8.9145;42;-11;10.913;13.7818;34.9044;3.2001;1.9579;2.0811;2.4744;61.846
ENVI;6;2;8.9145;42;-12;11.905;13.8192;34.9367;2.901;1.9861;1.7463;2.469;62.034
ENVI;6;2;8.9145;42;-13;12.898;13.8326;35.0786;2.7345;2.0463;1.372;2.4621;63.565
ENVI;6;2;8.9145;42;-14;13.89;13.8464;35.1774;2.2174;2.1607;0.96286;2.4498;63.825
ENVI;6;2;8.9145;42;-15;14.882;13.8589;35.1674;1.8;1.7564;0.60833;2.383;63.841
ENVI;6;2;8.9145;42;-16;15.874;13.9099;35.2933;1.7825;2.1751;0.65968;2.3827;63.696
ENVI;6;2;8.9145;42;-17;16.866;13.9312;35.4328;1.382;2.6017;0.51126;2.3759;63.436
ENVI;6;2;8.9145;42;-18;17.858;13.882;35.5106;0.9244;2.8457;0.39373;2.3544;63.842
ENVI;6;2;8.9145;42;-19;18.85;13.9779;35.5596;0.7109;3.1543;0.30049;2.3236;63.841
ENVI;6;2;8.9145;42;-20;19.842;13.9828;35.5829;0.6096;3.1821;0.20078;2.2952;63.841
ENVI;6;2;8.9145;42;-21;20.834;13.9169;35.598;0.5522;2.6762;0.15326;2.2573;63.841
ENVI;6;2;8.9145;42;-22;21.826;13.812;35.6051;0.5278;3.2385;0.12166;2.2513;63.841
ENVI;6;2;8.9145;42;-23;22.818;13.6089;35.6052;0.5241;3.428;0.078083;2.2419;63.841
ENVI;6;2;8.9145;42;-24;23.81;13.4094;35.6354;0.4869;3.4574;0.05174;2.2278;63.841
ENVI;6;2;8.9145;42;-25;24.802;13.2941;35.6487;0.3783;3.5366;0.029159;2.215;63.841
ENVI;6;2;8.9145;42;-26;25.794;13.2213;35.6546;0.3283;3.2055;0.0064015;2.193;65.14
ENVI;6;2;8.9145;42;-27;26.786;13.1857;35.6533;0.3032;2.72;-0.0003089;2.1741;63.746
ENVI;6;2;8.9145;42;-28;27.778;13.1497;35.6565;0.3143;3.2674;1.00E-12;2.1718;63.913
ENVI;6;2;8.9145;42;-29;28.77;13.1256;35.6593;0.3013;3.2837;1.00E-12;2.1704;64.85
ENVI;6;2;8.9145;42;-30;29.762;13.055;35.669;0.2981;3.1352;1.00E-12;2.1697;65.747
ENVI;6;2;8.9145;42;-31;30.754;12.9053;35.6808;0.2544;2.9793;1.00E-12;2.1683;65.836
ENVI;6;2;8.9145;42;-32;31.746;12.8255;35.6817;0.2283;2.9138;1.00E-12;2.1631;65.836
ENVI;6;2;8.9145;42;-33;32.738;12.6685;35.6911;0.1732;2.9737;1.00E-12;2.1514;65.836
ENVI;6;2;8.9145;42;-34;33.73;12.5544;35.6911;0.1545;3.182;1.00E-12;2.1372;65.836
ENVI;6;2;8.9145;42;-35;34.722;12.4598;35.6884;0.1592;3.3046;1.00E-12;2.1275;65.836
ENVI;6;2;8.9145;42;-36;35.714;12.4011;35.6865;0.1465;3.3205;1.00E-12;2.1206;65.836
ENVI;6;2;8.9145;42;-37;36.706;12.3817;35.6855;0.1411;3.3067;1.00E-12;2.1178;65.836
ENVI;6;2;8.9145;42;-38;37.698;12.3379;35.6838;0.1406;3.1624;1.00E-12;2.1145;65.836
ENVI;6;2;8.9145;42;-39;38.69;12.3068;35.684;0.1108;3.1942;1.00E-12;2.1123;65.836
ENVI;6;2;8.9145;42;-40;39.682;12.3021;35.683;0.117;3.2193;1.00E-12;2.1103;65.836
ENVI;6;2;8.9145;42;-41;40.674;12.2748;35.6814;0.096;2.7121;1.00E-12;2.1077;65.836
ENVI;6;2;8.9145;42;-42;41.666;12.2261;35.6815;0.0904;3.3516;1.00E-12;2.1053;65.836
ENVI;6;2;8.9145;42;-43;42.658;12.2144;35.6812;0.0924;3.7974;1.00E-12;2.1037;65.836
ENVI;6;2;8.9145;42;-44;43.65;12.2083;35.6807;0.1054;3.9641;1.00E-12;2.1013;66.254
ENVI;6;2;8.9145;42;-45;44.642;12.1974;35.6802;0.125;3.8824;1.00E-12;2.0978;66.594
ENVI;6;2;8.9145;42;-46;45.634;12.1795;35.6802;0.1022;3.6473;1.00E-12;2.0935;66.936
ENVI;6;2;8.9145;42;-47;46.625;12.1736;35.6798;0.1016;3.3049;1.00E-12;2.0884;65.763
ENVI;6;2;8.9145;42;-48;47.617;12.1607;35.6802;0.0931;4.0242;1.00E-12;2.087;65.836
ENVI;6;2;8.9145;42;-49;48.609;12.1104;35.6803;0.0954;4.0483;1.00E-12;2.0849;66.913
ENVI;6;2;8.9145;42;-50;49.601;12.0766;35.6791;0.0785;3.3441;1.00E-12;2.0817;67.713
ENVI;6;2;8.9145;42;-51;50.593;12.0684;35.6778;0.0453;2.5333;1.00E-12;2.0843;67.831
ENVI;6;2;8.9145;42;-52;51.585;12.0512;35.6772;0.0366;2.6603;1.00E-12;2.0856;67.831
ENVI;6;2;8.9145;42;-53;52.577;12.0374;35.6774;0.0854;3.3922;1.00E-12;2.0737;67.831
ENVI;6;2;8.9145;42;-54;53.569;12.0402;35.6772;0.085;4.4408;1.00E-12;2.0796;68.653
ENVI;6;2;8.9145;42;-53;52.577;12.0609;35.6761;0.0831;3.0977;1.00E-12;2.0773;69.826
ENVI;6;31;9.0395;42;-6;5.953;13.4706;35.4609;8.9639;1.1145;7.3394;2.6311;83.942
ENVI;6;31;9.0395;42;-7;6.945;13.4881;35.3772;8.2045;1.1028;5.5735;2.624;85.606
ENVI;6;31;9.0395;42;-8;7.937;13.5294;35.4893;5.9389;0.8385;4.4622;2.603;85.781
ENVI;6;31;9.0395;42;-9;8.929;13.5382;35.5507;4.0735;0.7225;3.7289;2.55;85.123
ENVI;6;31;9.0395;42;-10;9.921;13.5366;35.5576;3.5527;0.7098;3.0371;2.5199;83.931
ENVI;6;31;9.0395;42;-11;10.913;13.5347;35.5626;3.1805;0.6211;2.1412;2.4945;83.859
ENVI;6;31;9.0395;42;-12;11.905;13.533;35.5716;2.9343;0.6386;1.9513;2.4834;85.62
ENVI;6;31;9.0395;42;-13;12.897;13.5315;35.5765;2.5988;0.6715;1.7409;2.4803;85.791
ENVI;6;31;9.0395;42;-14;13.89;13.53;35.5794;2.4183;0.6682;1.6605;2.4761;85.786
ENVI;6;31;9.0395;42;-15;14.882;13.5349;35.5829;2.3726;0.6474;1.581;2.4698;85.786
ENVI;6;31;9.0395;42;-16;15.874;13.536;35.5859;2.2176;0.6372;1.3217;2.4644;85.786
ENVI;6;31;9.0395;42;-17;16.866;13.5363;35.5906;1.9023;0.5753;0.92093;2.4535;84.873
ENVI;6;31;9.0395;42;-18;17.858;13.5365;35.5909;1.8886;0.6444;0.94947;2.4499;83.867
ENVI;6;31;9.0395;42;-19;18.85;13.5366;35.5915;1.8626;0.6586;0.87914;2.4483;85.706
ENVI;6;31;9.0395;42;-20;19.842;13.5364;35.5945;1.8103;0.6688;0.77859;2.4455;85.786
ENVI;6;31;9.0395;42;-21;20.834;13.542;35.6007;1.522;0.6354;0.66397;2.4435;85.786
ENVI;6;31;9.0395;42;-22;21.826;13.5487;35.6072;1.3245;0.6411;0.6228;2.4406;85.786
ENVI;6;31;9.0395;42;-23;22.818;13.5515;35.6123;1.0149;0.5118;0.49445;2.4172;84.363
ENVI;6;31;9.0395;42;-24;23.81;13.5494;35.6146;1.0162;0.5737;0.47336;2.4125;83.756
ENVI;6;31;9.0395;42;-25;24.802;13.5464;35.6169;1.0144;0.609;0.42938;2.4105;85.701
ENVI;6;31;9.0395;42;-26;25.794;13.5348;35.6238;1.0312;0.6165;0.38287;2.4096;85.789
ENVI;6;31;9.0395;42;-27;26.786;13.5259;35.6285;1.1741;0.5913;0.3304;2.409;86.61
ENVI;6;31;9.0395;42;-28;27.778;13.5171;35.6337;1.2444;0.5408;0.28629;2.4079;87.798
ENVI;6;31;9.0395;42;-29;28.77;13.5174;35.6355;1.2898;0.4214;0.28985;2.4193;86.055
ENVI;6;31;9.0395;42;-30;29.762;13.5132;35.64;1.2216;0.4146;0.25555;2.4254;83.759
ENVI;6;31;9.0395;42;-31;30.754;13.5136;35.644;1.1583;0.4304;0.24705;2.4261;85.763
ENVI;6;31;9.0395;42;-32;31.746;13.5132;35.6509;1.1203;0.4274;0.23663;2.4262;86.317
ENVI;6;31;9.0395;42;-33;32.738;13.5117;35.6557;0.998;0.4051;0.2158;2.4261;87.754
ENVI;6;31;9.0395;42;-34;33.73;13.5054;35.664;0.9355;0.3972;0.19205;2.424;87.781
ENVI;6;31;9.0395;42;-35;34.722;13.4896;35.673;0.8676;0.3864;0.15899;2.4225;87.781
ENVI;6;31;9.0395;42;-36;35.714;13.4889;35.6735;0.6181;0.369;0.16016;2.4186;87.781
ENVI;6;31;9.0395;42;-37;36.706;13.4878;35.6753;0.5953;0.3509;0.14684;2.3999;86.018
ENVI;6;31;9.0395;42;-38;37.698;13.4858;35.6773;0.5241;0.3606;0.13712;2.3972;86.451
ENVI;6;31;9.0395;42;-39;38.69;13.4851;35.678;0.5131;0.3626;0.13003;2.3959;87.794
ENVI;6;31;9.0395;42;-40;39.682;13.4848;35.6784;0.5123;0.3623;0.11681;2.3948;87.781
ENVI;6;31;9.0395;42;-41;40.674;13.4849;35.6789;0.4738;0.3384;0.11015;2.3937;87.781
ENVI;6;31;9.0395;42;-42;41.666;13.4831;35.6807;0.4576;0.3467;0.10418;2.3924;87.781
ENVI;6;31;9.0395;42;-43;42.658;13.4748;35.6834;0.4272;0.3325;0.085735;2.3889;86.141
ENVI;6;31;9.0395;42;-44;43.65;13.4553;35.6891;0.3741;0.3559;0.077642;2.3875;87.198
ENVI;6;31;9.0395;42;-45;44.642;13.444;35.6905;0.3476;0.374;0.066003;2.3865;87.786
ENVI;6;31;9.0395;42;-46;45.634;13.4423;35.691;0.3211;0.4105;0.05022;2.3839;87.781
ENVI;6;31;9.0395;42;-47;46.625;13.4386;35.691;0.304;0.3817;0.034012;2.3809;88.955
ENVI;6;31;9.0395;42;-48;47.617;13.4384;35.6901;0.3244;0.3125;0.045513;2.3712;87.643
ENVI;6;31;9.0395;42;-49;48.609;13.432;35.6913;0.3206;0.3312;0.041022;2.369;85.67
ENVI;6;31;9.0395;42;-50;49.601;13.4291;35.6917;0.3109;0.35;0.035185;2.368;85.786
ENVI;6;31;9.0395;42;-51;50.593;13.4268;35.692;0.3004;0.3621;0.028083;2.3669;87.054
ENVI;6;31;9.0395;42;-52;51.585;13.4204;35.6924;0.2833;0.375;0.021195;2.3646;87.783
ENVI;6;31;9.0395;42;-53;52.577;13.4119;35.6934;0.2359;0.3812;0.021374;2.3635;88.515
ENVI;6;31;9.0395;42;-54;53.569;13.3957;35.6942;0.2439;0.3747;0.022573;2.3621;89.765
ENVI;6;31;9.0395;42;-55;54.561;13.3835;35.6946;0.2538;0.3792;0.014664;2.3602;89.776
ENVI;6;31;9.0395;42;-56;55.552;13.3759;35.6941;0.2543;0.3469;0.0074451;2.3564;88.561
ENVI;6;31;9.0395;42;-57;56.544;13.3706;35.694;0.2295;0.347;0.0063744;2.3548;85.778
ENVI;6;31;9.0395;42;-58;57.536;13.3696;35.6943;0.2333;0.3913;0.0036327;2.3543;85.786
ENVI;6;31;9.0395;42;-59;58.528;13.366;35.6947;0.228;0.4691;0.00040636;2.3538;87.05
ENVI;6;31;9.0395;42;-60;59.52;13.3603;35.6956;0.227;0.4847;0.000044659;2.3527;87.788
ENVI;6;31;9.0395;42;-61;60.512;13.3455;35.6964;0.2336;0.3842;-0.0000013;2.3511;88.854
ENVI;6;31;9.0395;42;-62;61.504;13.3289;35.6973;0.207;0.3983;1.00E-12;2.349;89.763
ENVI;6;31;9.0395;42;-63;62.495;13.3108;35.6982;0.1878;0.4089;1.00E-12;2.3458;89.776
ENVI;6;31;9.0395;42;-64;63.487;13.2958;35.6977;0.1642;0.3798;1.00E-12;2.3406;89.776
ENVI;6;31;9.0395;42;-65;64.479;13.2923;35.6972;0.1614;0.3852;1.00E-12;2.3344;89.259
ENVI;6;31;9.0395;42;-66;65.471;13.289;35.6971;0.1573;0.3435;1.00E-12;2.3312;87.676
ENVI;6;31;9.0395;42;-67;66.463;13.2853;35.6973;0.159;0.3712;1.00E-12;2.3294;87.781
ENVI;6;31;9.0395;42;-68;67.455;13.2813;35.6979;0.1518;0.4112;1.00E-12;2.3282;87.781
ENVI;6;31;9.0395;42;-69;68.446;13.2801;35.6983;0.1517;0.5132;1.00E-12;2.3266;89.303
ENVI;6;31;9.0395;42;-70;69.438;13.2798;35.7008;0.1511;0.4742;1.00E-12;2.3257;89.775
ENVI;6;31;9.0395;42;-71;70.43;13.2939;35.7104;0.151;0.4295;1.00E-12;2.3241;89.776
ENVI;6;31;9.0395;42;-72;71.422;13.3077;35.7203;0.1059;0.4294;1.00E-12;2.3221;89.776
ENVI;6;31;9.0395;42;-73;72.414;13.2771;35.725;0.0491;0.3947;1.00E-12;2.2943;89.735
ENVI;6;31;9.0395;42;-74;73.406;13.235;35.7259;0.0401;0.4717;1.00E-12;2.2716;88.483
ENVI;6;31;9.0395;42;-75;74.397;13.163;35.7225;0.0269;0.5405;1.00E-12;2.267;89.662
ENVI;6;31;9.0395;42;-76;75.389;13.118;35.7223;0.039;0.6193;1.00E-12;2.2613;89.777
ENVI;6;31;9.0395;42;-77;76.381;13.1049;35.7224;0.0368;0.6583;1.00E-12;2.2553;90.38
ENVI;6;31;9.0395;42;-78;77.372;13.1006;35.7223;0.0295;0.6988;1.00E-12;2.249;91.81
ENVI;6;31;9.0395;42;-79;78.364;13.0927;35.7225;0.0132;0.699;1.00E-12;2.2427;91.771
ENVI;6;31;9.0395;42;-80;79.356;13.0799;35.723;0.0039;0.6917;1.00E-12;2.2373;91.771
ENVI;6;31;9.0395;42;-81;80.348;13.043;35.7239;-0.019;0.6192;1.00E-12;2.2315;91.771
ENVI;6;31;9.0395;42;-82;81.34;13.0188;35.7222;0.0027;0.5397;1.00E-12;2.2173;89.941
ENVI;6;31;9.0395;42;-83;82.331;12.9717;35.7216;-0.0035;0.6275;1.00E-12;2.213;89.868
ENVI;6;31;9.0395;42;-84;83.323;12.9418;35.7209;-0.0012;0.6501;1.00E-12;2.2105;91.636
ENVI;6;31;9.0395;42;-85;84.315;12.9106;35.7206;-0.018;0.6025;1.00E-12;2.2074;91.771
ENVI;6;31;9.0395;42;-86;85.307;12.8648;35.7201;-0.0284;0.5779;1.00E-12;2.2036;91.771
ENVI;6;31;9.0395;42;-87;86.298;12.8522;35.7197;-0.0406;0.5494;1.00E-12;2.1987;91.771
ENVI;6;31;9.0395;42;-88;87.29;12.8276;35.7189;-0.0398;0.5056;1.00E-12;2.1939;91.771
ENVI;6;31;9.0395;42;-89;88.282;12.8097;35.7191;-0.0386;0.4898;1.00E-12;2.1897;91.771
ENVI;6;31;9.0395;42;-90;89.274;12.7837;35.7182;-0.0388;0.4653;1.00E-12;2.1767;90.797
ENVI;6;31;9.0395;42;-91;90.265;12.7299;35.7177;-0.058;0.5287;1.00E-12;2.1705;90.003
ENVI;6;31;9.0395;42;-92;91.257;12.7239;35.7177;-0.0666;0.5279;1.00E-12;2.1685;91.779
ENVI;6;31;9.0395;42;-93;92.248;12.7209;35.7178;-0.049;0.5077;1.00E-12;2.1663;91.771
ENVI;6;31;9.0395;42;-94;93.24;12.7161;35.7181;-0.0607;0.503;1.00E-12;2.1639;93.326
ENVI;6;31;9.0395;42;-95;94.232;12.7086;35.7184;-0.0614;0.4959;1.00E-12;2.162;93.766
ENVI;6;31;9.0395;42;-96;95.224;12.6991;35.7184;-0.0722;0.4767;1.00E-12;2.1607;93.766
ENVI;6;31;9.0395;42;-97;96.215;12.6839;35.7184;-0.068;0.4456;1.00E-12;2.1592;93.766
ENVI;6;31;9.0395;42;-98;97.207;12.6629;35.718;-0.0674;0.4251;1.00E-12;2.1577;93.766
ENVI;6;31;9.0395;42;-99;98.199;12.619;35.7165;-0.0724;0.3666;1.00E-12;2.1538;92.152
ENVI;6;31;9.0395;42;-100;99.19;12.6019;35.7153;-0.0638;0.3519;1.00E-12;2.1505;91.452
ENVI;6;31;9.0395;42;-101;100.182;12.5883;35.7151;-0.0741;0.3115;1.00E-12;2.1491;92.022
ENVI;6;31;9.0395;42;-102;101.174;12.5782;35.7151;-0.0867;0.3131;1.00E-12;2.1477;93.764
ENVI;6;31;9.0395;42;-103;102.165;12.5743;35.7147;-0.0851;0.3117;1.00E-12;2.146;93.766
ENVI;6;31;9.0395;42;-104;103.157;12.5686;35.7143;-0.0851;0.3067;1.00E-12;2.1447;93.766
ENVI;6;31;9.0395;42;-105;104.149;12.544;35.7135;-0.0851;0.2707;1.00E-12;2.1438;93.766
ENVI;6;31;9.0395;42;-106;105.14;12.538;35.7122;-0.0822;0.2521;1.00E-12;2.1384;93.417
ENVI;6;31;9.0395;42;-107;106.132;12.5285;35.7119;-0.09;0.3084;1.00E-12;2.1373;91.819
ENVI;6;31;9.0395;42;-108;107.124;12.5259;35.7113;-0.0807;0.2368;1.00E-12;2.1365;91.666
ENVI;6;31;9.0395;42;-109;108.115;12.5255;35.7113;-0.0822;0.2389;1.00E-12;2.1357;92.149
ENVI;6;31;9.0395;42;-110;109.107;12.5258;35.7113;-0.0808;0.2481;1.00E-12;2.1351;93.755
ENVI;6;31;9.0395;42;-111;110.099;12.5253;35.7111;-0.0742;0.2662;1.00E-12;2.1348;94.476
ENVI;6;31;9.0395;42;-112;111.09;12.5249;35.7111;-0.0774;0.2642;1.00E-12;2.1347;95.696
ENVI;6;31;9.0395;42;-113;112.081;12.5227;35.7105;-0.079;0.2486;1.00E-12;2.1343;94.243
ENVI;6;31;9.0395;42;-114;113.073;12.5206;35.7099;-0.0805;0.2396;1.00E-12;2.134;95.872
ENVI;6;32;9.1246;42;-6;5.953;13.5795;35.2386;4.9253;0.5691;44.61;2.4962;301.2
ENVI;6;32;9.1246;42;-7;6.945;13.5902;35.4766;5.0436;0.5816;36.992;2.5673;303.32
ENVI;6;32;9.1246;42;-8;7.937;13.6006;35.4917;4.8749;0.5958;31.743;2.5638;303.4
ENVI;6;32;9.1246;42;-9;8.929;13.6042;35.4954;4.2934;0.5222;25.107;2.5567;300.25
ENVI;6;32;9.1246;42;-10;9.921;13.609;35.5032;4.2049;0.5382;20.453;2.5528;298.21
ENVI;6;32;9.1246;42;-11;10.913;13.6139;35.5102;3.5598;0.5111;17.963;2.55;301.75
ENVI;6;32;9.1246;42;-12;11.905;13.6241;35.5255;3.4971;0.5462;14.632;2.5495;303.32
ENVI;6;32;9.1246;42;-13;12.897;13.6233;35.5356;3.3796;0.5548;12.371;2.5483;303.35
ENVI;6;32;9.1246;42;-14;13.89;13.6225;35.5469;3.2223;0.5504;11.162;2.5468;305.02
ENVI;6;32;9.1246;42;-15;14.882;13.6199;35.5492;2.7651;0.4863;10.807;2.5397;303.94
ENVI;6;32;9.1246;42;-16;15.874;13.6022;35.5653;2.6589;0.4674;8.7866;2.5335;299.95
ENVI;6;32;9.1246;42;-17;16.866;13.581;35.5849;2.6773;0.4162;7.5837;2.5295;298.77
ENVI;6;32;9.1246;42;-18;17.858;13.5608;35.5928;2.7976;0.4278;6.7399;2.5257;300.13
ENVI;6;32;9.1246;42;-19;18.85;13.554;35.5956;2.1176;0.4048;6.0112;2.5222;301.88
ENVI;6;32;9.1246;42;-20;19.842;13.5469;35.5985;2.0291;0.398;5.6175;2.516;304.52
ENVI;6;32;9.1246;42;-21;20.834;13.5422;35.6009;1.8611;0.3786;5.4097;2.5084;305.23
ENVI;6;32;9.1246;42;-22;21.826;13.5392;35.6034;1.798;0.3732;5.0428;2.4995;305.24
ENVI;6;32;9.1246;42;-23;22.818;13.5396;35.6034;1.7892;0.3542;4.2007;2.483;301.09
ENVI;6;32;9.1246;42;-24;23.81;13.5398;35.6076;1.6718;0.3442;3.599;2.4752;299.38
ENVI;6;32;9.1246;42;-25;24.802;13.5408;35.6092;1.6192;0.3286;3.4682;2.4671;301.97
ENVI;6;32;9.1246;42;-26;25.794;13.5444;35.6135;1.5664;0.357;3.1968;2.4658;304.65
ENVI;6;32;9.1246;42;-27;26.786;13.5561;35.6273;1.5556;0.458;2.8174;2.4646;305.49
ENVI;6;32;9.1246;42;-28;27.778;13.5591;35.6304;1.2984;0.3893;2.4507;2.463;307.11
ENVI;6;32;9.1246;42;-29;28.77;13.5613;35.6327;1.1487;0.3495;2.189;2.4606;307.23
ENVI;6;32;9.1246;42;-30;29.762;13.5615;35.6318;1.0267;0.324;2.3268;2.442;301.02
ENVI;6;32;9.1246;42;-31;30.754;13.5686;35.6421;1.0093;0.3326;2.1268;2.4369;300.15
ENVI;6;32;9.1246;42;-32;31.746;13.5688;35.6463;0.9905;0.3282;1.885;2.4337;302.37
ENVI;6;32;9.1246;42;-33;32.738;13.5672;35.6517;0.9379;0.3212;1.7217;2.4302;303.5
ENVI;6;32;9.1246;42;-34;33.73;13.5669;35.656;0.8365;0.3249;1.6291;2.4252;305.1
ENVI;6;32;9.1246;42;-35;34.722;13.5688;35.661;0.7125;0.3099;1.5792;2.4167;307.08
ENVI;6;32;9.1246;42;-36;35.714;13.5716;35.6723;0.581;0.3486;1.6101;2.411;306.4
ENVI;6;32;9.1246;42;-37;36.706;13.5718;35.6752;0.5574;0.3226;1.5052;2.408;303.93
ENVI;6;32;9.1246;42;-38;37.698;13.5715;35.6735;0.5512;0.3016;1.2468;2.398;300.82
ENVI;6;32;9.1246;42;-39;38.69;13.5692;35.6847;0.4971;0.3194;1.1211;2.3961;304.44
ENVI;6;32;9.1246;42;-40;39.682;13.5688;35.6882;0.4315;0.3221;1.0265;2.3947;305.77
ENVI;6;32;9.1246;42;-41;40.674;13.5674;35.6895;0.3563;0.3134;0.93215;2.3928;307.23
ENVI;6;32;9.1246;42;-42;41.666;13.5554;35.6902;0.3359;0.33;0.89518;2.3898;307.23
ENVI;6;32;9.1246;42;-43;42.658;13.5331;35.6896;0.3254;0.3249;0.98208;2.385;307.23
ENVI;6;32;9.1246;42;-44;43.65;13.5281;35.6881;0.3899;0.3055;0.85251;2.3756;301.71
ENVI;6;32;9.1246;42;-45;44.642;13.5067;35.6854;0.3493;0.3274;0.76341;2.3758;300.4
ENVI;6;32;9.1246;42;-46;45.633;13.5016;35.6848;0.4247;0.3412;0.67509;2.3749;302.59
ENVI;6;32;9.1246;42;-47;46.625;13.4988;35.6843;0.4669;0.3467;0.5918;2.374;304.82
ENVI;6;32;9.1246;42;-48;47.617;13.4856;35.6823;0.4273;0.3503;0.51243;2.374;306.77
ENVI;6;32;9.1246;42;-49;48.609;13.4752;35.6814;0.4787;0.3796;0.43403;2.3746;307.23
ENVI;6;32;9.1246;42;-50;49.601;13.4732;35.6817;0.4566;0.3763;0.39989;2.3745;307.23
ENVI;6;32;9.1246;42;-51;50.593;13.4748;35.682;0.4555;0.3177;0.56563;2.3786;307.23
ENVI;6;32;9.1246;42;-52;51.585;13.4677;35.6839;0.4012;0.3214;0.52916;2.3832;305.56
ENVI;6;32;9.1246;42;-53;52.577;13.4601;35.6845;0.3403;0.3014;0.49825;2.3842;303.8
ENVI;6;32;9.1246;42;-54;53.569;13.4582;35.6841;0.3322;0.2852;0.44661;2.3833;302.31
ENVI;6;32;9.1246;42;-55;54.561;13.452;35.6834;0.2973;0.2456;0.39166;2.3846;303.81
ENVI;6;32;9.1246;42;-56;55.553;13.4508;35.6837;0.2707;0.2342;0.3596;2.3844;305.27
ENVI;6;32;9.1246;42;-57;56.544;13.452;35.684;0.2517;0.2563;0.33461;2.3845;307.14
ENVI;6;32;9.1246;42;-58;57.536;13.4518;35.6853;0.241;0.2624;0.32854;2.3835;307.23
ENVI;6;32;9.1246;42;-59;58.528;13.4467;35.6859;0.2414;0.2563;0.32669;2.382;307.23
ENVI;6;32;9.1246;42;-60;59.52;13.4436;35.686;0.2532;0.2534;0.30601;2.3811;307.23
ENVI;6;32;9.1246;42;-61;60.512;13.4432;35.6857;0.2776;0.2599;0.28359;2.3807;307.23
ENVI;6;32;9.1246;42;-62;61.504;13.4433;35.6855;0.2706;0.2294;0.27687;2.3808;305.16
ENVI;6;32;9.1246;42;-63;62.496;13.443;35.6856;0.2328;0.2467;0.26681;2.3811;303.44
ENVI;6;32;9.1246;42;-64;63.487;13.4432;35.6858;0.2231;0.2412;0.2444;2.3803;304.04
ENVI;6;32;9.1246;42;-65;64.479;13.4432;35.6861;0.2114;0.2519;0.22396;2.3794;305.23
ENVI;6;32;9.1246;42;-66;65.471;13.4433;35.6863;0.2325;0.2367;0.20365;2.3786;305.24
ENVI;6;32;9.1246;42;-67;66.463;13.4423;35.6866;0.2762;0.2451;0.18188;2.3768;306.76
ENVI;6;32;9.1246;42;-68;67.455;13.4416;35.6875;0.2572;0.2763;0.17081;2.3763;307.23
ENVI;6;32;9.1246;42;-69;68.447;13.4387;35.688;0.2233;0.2521;0.16365;2.3752;307.23
ENVI;6;32;9.1246;42;-70;69.438;13.4365;35.6897;0.1908;0.2407;0.15847;2.3744;307.23
ENVI;6;32;9.1246;42;-71;70.43;13.4318;35.6928;0.1938;0.276;0.1527;2.3739;307.23
ENVI;6;32;9.1246;42;-72;71.422;13.4383;35.7008;0.174;0.2355;0.14197;2.3739;307.23
ENVI;6;32;9.1246;42;-73;72.414;13.4412;35.7019;0.1856;0.2322;0.13514;2.3725;307.23
ENVI;6;32;9.1246;42;-74;73.406;13.4475;35.7043;0.1705;0.2017;0.12315;2.3602;305.88
ENVI;6;32;9.1246;42;-75;74.397;13.4524;35.7065;0.1885;0.1988;0.10506;2.3538;305.24
ENVI;6;32;9.1246;42;-76;75.389;13.4571;35.7088;0.156;0.2179;0.095593;2.3509;306.72
ENVI;6;32;9.1246;42;-77;76.381;13.4622;35.7114;0.1374;0.2202;0.091791;2.3473;306.35
ENVI;6;32;9.1246;42;-78;77.373;13.4698;35.7159;0.1259;0.2294;0.090178;2.3448;307.27
ENVI;6;32;9.1246;42;-79;78.364;13.4671;35.7246;0.1503;0.2648;0.084092;2.3428;308.05
ENVI;6;32;9.1246;42;-80;79.356;13.4734;35.7372;0.1111;0.2919;0.078676;2.3398;309.19
ENVI;6;32;9.1246;42;-81;80.348;13.4669;35.7417;0.1028;0.3118;0.071806;2.3361;309.23
ENVI;6;32;9.1246;42;-82;81.34;13.4601;35.7557;0.0819;0.3615;0.068263;2.3272;309.23
ENVI;6;32;9.1246;42;-83;82.331;13.4563;35.7603;0.0294;0.3903;0.060562;2.2783;307.01
ENVI;6;32;9.1246;42;-84;83.323;13.4452;35.7613;0.0418;0.4194;0.054046;2.2537;307.23
ENVI;6;32;9.1246;42;-85;84.315;13.4275;35.7621;0.0238;0.4711;0.047609;2.2484;307.23
ENVI;6;32;9.1246;42;-86;85.306;13.4059;35.7616;0.0103;0.4771;0.041842;2.2436;307.23
ENVI;6;32;9.1246;42;-87;86.298;13.3923;35.7606;0.0079;0.4979;0.03574;2.2362;306.79
ENVI;6;32;9.1246;42;-88;87.29;13.3312;35.7571;0.0196;0.49;0.032702;2.2277;308.35
ENVI;6;32;9.1246;42;-89;88.282;13.2152;35.748;0.0077;0.5319;0.030199;2.2222;309.26
ENVI;6;32;9.1246;42;-90;89.273;13.1524;35.7429;-0.0166;0.591;0.025646;2.2166;309.23
ENVI;6;32;9.1246;42;-91;90.265;13.1317;35.7408;0.006;0.6662;0.021284;2.2124;309.23
ENVI;6;32;9.1246;42;-92;91.257;13.1255;35.739;0.0001;0.6492;0.014081;2.2085;309.23
ENVI;6;32;9.1246;42;-93;92.248;13.1192;35.7375;0.0154;0.6407;0.01148;2.2035;309.15
ENVI;6;32;9.1246;42;-94;93.24;13.1146;35.7357;0.0045;0.5054;0.0028399;2.1983;306.54
ENVI;6;32;9.1246;42;-95;94.232;13.1104;35.7353;0.0073;0.5911;0.000070692;2.1985;306.95
ENVI;6;32;9.1246;42;-96;95.224;13.1106;35.7351;0.0205;0.6309;5.99E-07;2.1972;307.05
ENVI;6;32;9.1246;42;-97;96.215;13.1081;35.7347;0.0245;0.6229;1.00E-12;2.1974;307.23
ENVI;6;32;9.1246;42;-98;97.207;13.1047;35.7345;0.025;0.6417;1.00E-12;2.1974;307.84
ENVI;6;32;9.1246;42;-99;98.199;13.0985;35.7341;0.0115;0.6416;1.00E-12;2.1964;309.2
ENVI;6;32;9.1246;42;-100;99.19;13.0807;35.7331;0.0194;0.6387;1.00E-12;2.1952;309.23
ENVI;6;32;9.1246;42;-101;100.182;13.0692;35.7319;0.0408;0.6085;1.00E-12;2.1942;308.26
ENVI;6;32;9.1246;42;-102;101.174;13.0515;35.7308;0.0281;0.5951;1.00E-12;2.1929;309.24
ENVI;6;32;9.1246;42;-103;102.165;13.0324;35.73;0.0147;0.6138;1.00E-12;2.1914;308.95
ENVI;6;32;9.1246;42;-104;103.157;13.0029;35.7275;0.0329;0.6323;1.00E-12;2.1894;306.02
ENVI;6;32;9.1246;42;-105;104.149;12.9564;35.7253;0.0266;0.5994;1.00E-12;2.1863;305.83
ENVI;6;32;9.1246;42;-106;105.14;12.944;35.7243;0.0282;0.6464;1.00E-12;2.1843;307.24
ENVI;6;32;9.1246;42;-107;106.132;12.9152;35.7227;0.0084;0.6599;1.00E-12;2.182;307.23
ENVI;6;32;9.1246;42;-108;107.124;12.8902;35.7213;0.0159;0.6537;1.00E-12;2.1787;307.23
ENVI;6;32;9.1246;42;-109;108.115;12.8779;35.7211;0.0144;0.6569;1.00E-12;2.1746;308.97
ENVI;6;32;9.1246;42;-110;109.107;12.8478;35.719;-0.0084;0.6222;1.00E-12;2.1709;309.23
ENVI;6;32;9.1246;42;-111;110.098;12.8221;35.7181;-0.003;0.657;1.00E-12;2.1684;307.53
ENVI;6;32;9.1246;42;-112;111.09;12.8034;35.7169;0.0029;0.6876;1.00E-12;2.166;307.22
ENVI;6;32;9.1246;42;-113;112.082;12.7851;35.7159;0.0044;0.716;1.00E-12;2.164;307.95
ENVI;6;32;9.1246;42;-114;113.073;12.7594;35.7145;0.0017;0.7369;1.00E-12;2.1621;309.24
ENVI;6;32;9.1246;42;-115;114.065;12.7344;35.7135;-0.0041;0.7227;1.00E-12;2.1599;309.23
ENVI;6;32;9.1246;42;-116;115.056;12.7181;35.7119;-0.0135;0.6423;1.00E-12;2.1534;305.83
ENVI;6;32;9.1246;42;-117;116.048;12.6968;35.7105;-0.0154;0.6957;1.00E-12;2.15;307.22
ENVI;6;32;9.1246;42;-118;117.04;12.6775;35.7096;-0.0101;0.7421;1.00E-12;2.1491;307.52
ENVI;6;32;9.1246;42;-119;118.031;12.6592;35.7092;-0.0076;0.8398;1.00E-12;2.1477;309.31
ENVI;6;32;9.1246;42;-120;119.023;12.6363;35.7083;-0.0015;0.7943;1.00E-12;2.1464;309.23
ENVI;6;32;9.1246;42;-121;120.014;12.612;35.7084;0.003;0.7662;1.00E-12;2.1447;309.23
ENVI;6;32;9.1246;42;-122;121.006;12.6005;35.7077;-0.0185;0.7776;1.00E-12;2.1426;309.23
ENVI;6;32;9.1246;42;-123;121.997;12.5821;35.7069;-0.0198;0.761;1.00E-12;2.14;308.08
ENVI;6;32;9.1246;42;-124;122.989;12.5714;35.7043;-0.0354;0.5978;1.00E-12;2.1304;305.94
ENVI;6;32;9.1246;42;-125;123.981;12.5521;35.7037;-0.0102;0.6389;1.00E-12;2.1282;305.19
ENVI;6;32;9.1246;42;-126;124.972;12.5489;35.7036;-0.0183;0.6779;1.00E-12;2.1263;305.48
ENVI;6;32;9.1246;42;-127;125.963;12.5408;35.7033;-0.0226;0.7095;1.00E-12;2.1257;307.24
ENVI;6;32;9.1246;42;-128;126.955;12.5301;35.7024;-0.0215;0.7289;1.00E-12;2.1247;308.58
ENVI;6;32;9.1246;42;-129;127.947;12.4193;35.6968;-0.0318;0.7504;1.00E-12;2.1238;309.25
ENVI;6;32;9.1246;42;-130;128.938;12.294;35.6947;-0.0271;0.841;1.00E-12;2.1216;310.17
ENVI;6;32;9.1246;42;-131;129.93;12.2362;35.6936;-0.0282;0.9562;1.00E-12;2.1176;311.24
ENVI;6;32;9.1246;42;-132;130.921;12.2151;35.691;-0.0274;1.1678;1.00E-12;2.112;311.12
ENVI;6;32;9.1246;42;-133;131.913;12.2127;35.6884;-0.026;1.0456;1.00E-12;2.0929;309.55
ENVI;6;32;9.1246;42;-134;132.904;12.2215;35.6866;-0.0344;1.1045;1.00E-12;2.0798;311.19
ENVI;6;32;9.1246;42;-135;133.895;12.2334;35.6876;-0.0396;1.1202;1.00E-12;2.0788;311.22
ENVI;6;32;9.1246;42;-136;134.887;12.2484;35.6808;-0.0154;0.9433;1.00E-12;2.0775;311.22
ENVI;6;4;9.207;42;-5;4.961;13.9053;35.5847;3.5529;0.4443;67.141;2.5324;294.69
ENVI;6;4;9.207;42;-6;5.953;13.9023;35.5856;3.5153;0.4439;54.334;2.5321;290.86
ENVI;6;4;9.207;42;-7;6.945;13.904;35.5856;3.6383;0.454;47.604;2.5326;289.97
ENVI;6;4;9.207;42;-8;7.937;13.9038;35.5855;3.3957;0.4689;40.734;2.5318;291.18
ENVI;6;4;9.207;42;-9;8.929;13.9028;35.5856;3.3737;0.4551;34.508;2.5311;291.27
ENVI;6;4;9.207;42;-10;9.921;13.903;35.5855;3.5419;0.4678;28.864;2.5311;291.27
ENVI;6;4;9.207;42;-11;10.913;13.9044;35.5853;4.1273;0.5051;25.342;2.5303;289.22
ENVI;6;4;9.207;42;-12;11.905;13.9044;35.5856;3.5503;0.5217;21.989;2.5302;289.27
ENVI;6;4;9.207;42;-13;12.897;13.904;35.5855;3.6108;0.517;19.532;2.5312;289.28
ENVI;6;4;9.207;42;-14;13.889;13.9002;35.586;3.494;0.4703;17.474;2.531;290.45
ENVI;6;4;9.207;42;-15;14.882;13.8973;35.5865;3.2447;0.4459;14.924;2.529;291.23
ENVI;6;4;9.207;42;-16;15.874;13.8977;35.5864;3.3558;0.4223;12.779;2.5274;288.51
ENVI;6;4;9.207;42;-17;16.866;13.8967;35.5868;3.3047;0.425;11.262;2.5266;287.27
ENVI;6;4;9.207;42;-18;17.858;13.8969;35.5867;3.2479;0.439;9.4159;2.5257;288.25
ENVI;6;4;9.207;42;-19;18.85;13.8987;35.5864;3.3746;0.4356;8.8227;2.5255;287.19
ENVI;6;4;9.207;42;-20;19.842;13.8978;35.5867;4.0421;0.4991;7.3001;2.5254;288.46
ENVI;6;4;9.207;42;-21;20.834;13.8922;35.5881;3.5182;0.4919;5.9928;2.5255;289.27
ENVI;6;4;9.207;42;-22;21.826;13.8908;35.5883;3.1253;0.4747;5.753;2.525;290.6
ENVI;6;4;9.207;42;-23;22.818;13.8893;35.5889;3.0345;0.4231;5.6354;2.5201;288.81
ENVI;6;4;9.207;42;-24;23.81;13.8743;35.6004;2.7199;0.4202;4.3446;2.5026;285.24
ENVI;6;4;9.207;42;-25;24.802;13.856;35.6065;2.9174;0.4191;4.0357;2.4827;283.26
ENVI;6;4;9.207;42;-26;25.794;13.8523;35.6067;2.2119;0.4167;3.8542;2.479;286.5
ENVI;6;4;9.207;42;-27;26.786;13.8478;35.6069;2.2;0.3939;3.5052;2.4741;288.75
ENVI;6;4;9.207;42;-28;27.778;13.8428;35.6068;2.2252;0.3983;3.1233;2.471;289.29
ENVI;6;4;9.207;42;-29;28.77;13.8367;35.6064;2.2066;0.402;2.7578;2.4677;289.28
ENVI;6;4;9.207;42;-30;29.762;13.8327;35.6074;2.1061;0.4033;2.5671;2.4657;288.83
ENVI;6;4;9.207;42;-31;30.754;13.8272;35.6073;2.113;0.4134;2.1665;2.4638;282.96
ENVI;6;4;9.207;42;-32;31.746;13.8227;35.61;2.0742;0.3939;2.0801;2.4639;283.48
ENVI;6;4;9.207;42;-33;32.738;13.822;35.6114;2.0096;0.3993;1.8654;2.4641;285.25
ENVI;6;4;9.207;42;-34;33.73;13.8006;35.6177;2.0068;0.4048;1.6134;2.464;285.52
ENVI;6;4;9.207;42;-35;34.722;13.7395;35.6203;1.8114;0.3863;1.4178;2.4631;286.84
ENVI;6;4;9.207;42;-36;35.714;13.6636;35.621;1.6194;0.382;1.1923;2.4602;288.23
ENVI;6;4;9.207;42;-37;36.706;13.6162;35.6145;1.3871;0.3869;1.1312;2.4471;284.07
ENVI;6;4;9.207;42;-38;37.698;13.5637;35.6099;1.721;0.3964;1.1413;2.4381;281.52
ENVI;6;4;9.207;42;-39;38.69;13.5504;35.6083;1.7124;0.3787;0.93714;2.4434;285.19
ENVI;6;4;9.207;42;-40;39.682;13.5499;35.6077;1.6764;0.3847;0.9159;2.4471;285.29
ENVI;6;4;9.207;42;-41;40.674;13.5493;35.6076;1.595;0.3784;0.87065;2.4488;285.29
ENVI;6;4;9.207;42;-42;41.666;13.547;35.6084;1.6049;0.39;0.76736;2.4492;285.29
ENVI;6;4;9.207;42;-43;42.658;13.5445;35.6101;1.6208;0.398;0.68095;2.4486;285.29
ENVI;6;4;9.207;42;-44;43.65;13.5462;35.6094;1.7004;0.4025;0.63251;2.4475;282.05
ENVI;6;4;9.207;42;-45;44.642;13.544;35.6096;1.6715;0.4044;0.5629;2.4479;281.57
ENVI;6;4;9.207;42;-46;45.633;13.5443;35.6097;1.6879;0.4013;0.51859;2.4478;283.4
ENVI;6;4;9.207;42;-47;46.626;13.5437;35.6101;1.7152;0.3958;0.46836;2.4472;285.34
ENVI;6;4;9.207;42;-48;47.617;13.5433;35.6106;1.7355;0.4297;0.41656;2.4472;285.29
ENVI;6;4;9.207;42;-49;48.609;13.5415;35.6114;1.8166;0.4611;0.37197;2.4469;285.16
ENVI;6;4;9.207;42;-50;49.601;13.5375;35.6134;1.8252;0.448;0.34768;2.4466;285.28
ENVI;6;4;9.207;42;-51;50.593;13.5379;35.6131;2.5135;0.5236;0.30598;2.4466;279.79
ENVI;6;4;9.207;42;-52;51.585;13.5372;35.6141;1.747;0.4253;0.27495;2.4469;281
ENVI;6;4;9.207;42;-53;52.577;13.5363;35.6147;1.7169;0.42;0.24214;2.4471;283.33
ENVI;6;4;9.207;42;-54;53.569;13.5337;35.6154;1.6326;0.4064;0.22208;2.4468;283.29
ENVI;6;4;9.207;42;-55;54.561;13.5339;35.6154;1.6656;0.3962;0.20486;2.446;284.9
ENVI;6;4;9.207;42;-56;55.553;13.5329;35.6153;1.7282;0.4073;0.18789;2.4455;285.28
ENVI;6;4;9.207;42;-57;56.544;13.5333;35.6153;1.7398;0.3817;0.15871;2.4454;282.86
ENVI;6;4;9.207;42;-58;57.536;13.531;35.616;1.7102;0.3997;0.12827;2.4461;278.97
ENVI;6;4;9.207;42;-59;58.528;13.5312;35.6172;1.7552;0.4098;0.1149;2.4459;280.47
ENVI;6;4;9.207;42;-60;59.52;13.5294;35.6184;1.7908;0.4499;0.098584;2.4447;282.26
ENVI;6;4;9.207;42;-61;60.512;13.5291;35.6187;1.702;0.419;0.093701;2.4433;283.32
ENVI;6;4;9.207;42;-62;61.504;13.528;35.6201;1.6494;0.3973;0.085621;2.4414;283.29
ENVI;6;4;9.207;42;-63;62.496;13.523;35.6215;1.6387;0.4266;0.074067;2.4398;284.62
ENVI;6;4;9.207;42;-64;63.487;13.5201;35.6224;1.5311;0.4157;0.06065;2.4379;284.27
ENVI;6;4;9.207;42;-65;64.479;13.5194;35.623;1.5078;0.4063;0.045757;2.433;279.47
ENVI;6;4;9.207;42;-66;65.471;13.5123;35.6265;1.5215;0.4071;0.037491;2.433;280.94
ENVI;6;4;9.207;42;-67;66.463;13.5106;35.6275;1.4492;0.4184;0.035449;2.4307;281.51
ENVI;6;4;9.207;42;-68;67.455;13.507;35.6298;1.4002;0.4134;0.03035;2.4283;282.15
ENVI;6;4;9.207;42;-69;68.447;13.5006;35.6335;1.3383;0.4227;0.024563;2.4268;283.3
ENVI;6;4;9.207;42;-70;69.438;13.4969;35.6367;1.2422;0.4483;0.015724;2.4241;283.29
ENVI;6;4;9.207;42;-71;70.43;13.503;35.633;1.1882;0.4056;0.0069641;2.4128;283.66
ENVI;6;4;9.207;42;-72;71.422;13.495;35.6406;1.0907;0.4403;0.0035682;2.4137;278.2
ENVI;6;4;9.207;42;-73;72.414;13.4947;35.641;1.034;0.4161;0.00037664;2.4082;280.22
ENVI;6;4;9.207;42;-74;73.405;13.4949;35.6417;0.9948;0.3884;-0.00003036;2.4004;281.46
ENVI;6;4;9.207;42;-75;74.397;13.4975;35.6445;1.119;0.444;1.00E-12;2.3993;281.3
ENVI;6;4;9.207;42;-76;75.389;13.499;35.6456;1.094;0.4558;1.00E-12;2.3977;282.66
ENVI;6;4;9.207;42;-77;76.381;13.4993;35.6453;0.9854;0.4142;1.00E-12;2.3954;282.64
ENVI;6;4;9.207;42;-78;77.373;13.5026;35.6487;0.9349;0.3875;1.00E-12;2.3952;281.08
ENVI;6;4;9.207;42;-79;78.364;13.5049;35.6514;0.9056;0.4138;1.00E-12;2.3946;281.14
ENVI;6;4;9.207;42;-80;79.356;13.5092;35.6552;0.8371;0.4051;1.00E-12;2.3916;281.09
ENVI;6;4;9.207;42;-81;80.348;13.514;35.659;0.6913;0.3566;1.00E-12;2.387;281.32
ENVI;6;4;9.207;42;-82;81.34;13.5191;35.6623;0.6859;0.3932;1.00E-12;2.3857;281.3
ENVI;6;4;9.207;42;-83;82.331;13.5184;35.6629;0.6867;0.398;1.00E-12;2.384;281.92
ENVI;6;4;9.207;42;-84;83.323;13.5156;35.6635;0.6859;0.3937;1.00E-12;2.3813;280.66
ENVI;6;4;9.207;42;-85;84.315;13.5184;35.6668;0.6382;0.3914;1.00E-12;2.3798;277.25
ENVI;6;4;9.207;42;-86;85.306;13.5207;35.6681;0.6192;0.3789;1.00E-12;2.3793;279.3
ENVI;6;4;9.207;42;-87;86.298;13.5214;35.6681;0.6151;0.3746;1.00E-12;2.3774;280.1
ENVI;6;4;9.207;42;-88;87.29;13.5247;35.6705;0.5956;0.3622;1.00E-12;2.3761;278.13
ENVI;6;4;9.207;42;-89;88.282;13.5277;35.6721;0.6003;0.376;1.00E-12;2.3754;277.3
ENVI;6;4;9.207;42;-90;89.274;13.5304;35.6736;0.5961;0.3816;1.00E-12;2.3751;278.35
ENVI;6;4;9.207;42;-91;90.265;13.5305;35.6737;0.5889;0.3756;1.00E-12;2.3741;279.26
ENVI;6;4;9.207;42;-92;91.257;13.5329;35.6776;0.6366;0.3989;1.00E-12;2.3725;280.65
ENVI;6;4;9.207;42;-93;92.249;13.5321;35.6784;0.5047;0.3381;1.00E-12;2.3696;279.41
ENVI;6;4;9.207;42;-94;93.24;13.5329;35.6827;0.4242;0.3594;1.00E-12;2.3697;278.27
ENVI;6;4;9.207;42;-95;94.232;13.5244;35.6822;0.4401;0.3812;1.00E-12;2.3688;278.21
ENVI;6;4;9.207;42;-96;95.224;13.5231;35.6818;0.4378;0.3247;1.00E-12;2.3666;278.57
ENVI;6;4;9.207;42;-97;96.215;13.5129;35.6831;0.4424;0.3224;1.00E-12;2.3664;279.34
ENVI;6;4;9.207;42;-98;97.207;13.5145;35.6831;0.454;0.3258;1.00E-12;2.3659;279.3
ENVI;6;4;9.207;42;-99;98.199;13.5166;35.6836;0.4219;0.3318;1.00E-12;2.3661;279.3
ENVI;6;4;9.207;42;-100;99.19;13.5179;35.6843;0.4423;0.3523;1.00E-12;2.3664;280.96
ENVI;6;4;9.207;42;-101;100.182;13.5223;35.6845;0.4676;0.3176;1.00E-12;2.3672;278.11
ENVI;6;4;9.207;42;-102;101.174;13.5295;35.6874;0.4099;0.3183;1.00E-12;2.3682;278.57
ENVI;6;4;9.207;42;-103;102.165;13.5326;35.6879;0.3831;0.3183;1.00E-12;2.3668;279.23
ENVI;6;4;9.207;42;-104;103.157;13.5372;35.6896;0.3692;0.2666;1.00E-12;2.3642;279.09
ENVI;6;4;9.207;42;-105;104.149;13.5657;35.6977;0.3817;0.3485;1.00E-12;2.3652;279.3
ENVI;6;4;9.207;42;-106;105.14;13.6052;35.7092;0.2936;0.2957;1.00E-12;2.3651;279.91
ENVI;6;4;9.207;42;-107;106.132;13.6583;35.7249;0.2251;0.2443;1.00E-12;2.3643;281.55
ENVI;6;4;9.207;42;-108;107.123;13.7096;35.7435;0.1557;0.2761;1.00E-12;2.3551;277.65
ENVI;6;4;9.207;42;-109;108.115;13.7427;35.7575;0.1265;0.3942;1.00E-12;2.3525;279.13
ENVI;6;4;9.207;42;-110;109.107;13.7464;35.7607;0.0845;0.4921;1.00E-12;2.3383;279.38
ENVI;6;4;9.207;42;-111;110.099;13.7479;35.762;0.0963;0.5338;1.00E-12;2.32;280.68
ENVI;6;4;9.207;42;-112;111.09;13.7472;35.7624;0.1198;0.5543;1.00E-12;2.2974;280.45
ENVI;6;4;9.207;42;-113;112.082;13.7516;35.7696;0.1005;0.5639;1.00E-12;2.2774;281.37
ENVI;6;4;9.207;42;-114;113.073;13.7552;35.7766;0.0847;0.6698;1.00E-12;2.2716;281.22
ENVI;6;4;9.207;42;-115;114.065;13.7407;35.7786;0.0565;0.5717;1.00E-12;2.2517;279.55
ENVI;6;4;9.207;42;-116;115.056;13.7071;35.7788;0.051;0.6063;1.00E-12;2.2357;279.59
ENVI;6;4;9.207;42;-117;116.048;13.6916;35.779;0.0605;0.7161;1.00E-12;2.2346;280.38
ENVI;6;4;9.207;42;-118;117.039;13.6572;35.7776;0.0508;0.7191;1.00E-12;2.2321;281.35
ENVI;6;4;9.207;42;-119;118.031;13.6297;35.7768;0.0479;0.7549;1.00E-12;2.2291;281.73
ENVI;6;4;9.207;42;-120;119.022;13.6133;35.7754;0.0293;0.7008;1.00E-12;2.2258;283.16
ENVI;6;4;9.207;42;-121;120.014;13.5475;35.7701;0.0322;0.6568;1.00E-12;2.2223;281.99
ENVI;6;4;9.207;42;-122;121.006;13.4683;35.7606;0.045;0.5087;1.00E-12;2.2217;281.28
ENVI;6;4;9.207;42;-123;121.997;13.423;35.7579;0.0447;0.491;1.00E-12;2.221;281.3
ENVI;6;4;9.207;42;-124;122.989;13.3824;35.7548;0.0318;0.5391;1.00E-12;2.2203;281.41
ENVI;6;4;9.207;42;-125;123.98;13.3429;35.7543;0.0218;0.5514;1.00E-12;2.2187;283.18
ENVI;6;4;9.207;42;-126;124.972;13.3037;35.7549;0.014;0.5586;1.00E-12;2.216;283.29
ENVI;6;4;9.207;42;-127;125.963;13.279;35.756;0.0232;0.5905;1.00E-12;2.2117;283.39
ENVI;6;4;9.207;42;-128;126.955;13.2417;35.7573;0.0077;0.5807;1.00E-12;2.2058;283.29
ENVI;6;4;9.207;42;-129;127.947;13.22;35.7541;-0.0226;0.4667;1.00E-12;2.1918;282.23
ENVI;6;4;9.207;42;-130;128.938;13.1225;35.7476;0.018;0.5714;1.00E-12;2.1882;283.11
ENVI;6;4;9.207;42;-131;129.93;13.0901;35.7454;0.0785;0.6095;1.00E-12;2.1844;284.27
ENVI;6;4;9.207;42;-132;130.921;13.068;35.743;-0.0161;0.6308;1.00E-12;2.18;285.24
ENVI;6;4;9.207;42;-133;131.913;13.0079;35.7378;-0.0073;0.6268;1.00E-12;2.1757;285.29
ENVI;6;4;9.207;42;-134;132.904;12.9354;35.7298;0.0075;0.6812;1.00E-12;2.1716;285.29
ENVI;6;4;9.207;42;-135;133.896;12.9366;35.7265;0.0058;0.5896;1.00E-12;2.1662;285.66
ENVI;6;4;9.207;42;-136;134.887;12.8425;35.7169;0.0038;0.6994;1.00E-12;2.1646;284.05
ENVI;6;4;9.207;42;-137;135.879;12.6969;35.7077;0.0022;0.5711;1.00E-12;2.1567;285.09
ENVI;6;4;9.207;42;-138;136.87;12.6438;35.7072;-0.0109;0.7698;1.00E-12;2.1533;286.77
ENVI;6;4;9.207;42;-139;137.862;12.6344;35.7059;-0.021;0.8421;1.00E-12;2.1503;287.3
ENVI;6;4;9.207;42;-140;138.853;12.6075;35.7051;-0.0185;0.8687;1.00E-12;2.1472;288.11
ENVI;6;4;9.207;42;-141;139.845;12.5956;35.705;-0.0051;0.8865;1.00E-12;2.1437;287.95
ENVI;6;4;9.207;42;-142;140.836;12.5807;35.7035;0.0074;0.8999;1.00E-12;2.1405;287.88
ENVI;6;4;9.207;42;-143;141.827;12.4853;35.7004;-0.001;0.887;1.00E-12;2.1282;286.07
ENVI;6;4;9.207;42;-144;142.819;12.4244;35.6969;-0.0164;0.8741;1.00E-12;2.1164;285.8
ENVI;6;4;9.207;42;-145;143.81;12.4206;35.6967;-0.0239;0.9183;1.00E-12;2.1117;287.67
ENVI;6;4;9.207;42;-146;144.802;12.414;35.6964;-0.0145;0.9979;1.00E-12;2.1087;289.25
ENVI;6;4;9.207;42;-147;145.793;12.4065;35.6963;-0.0388;1.0571;1.00E-12;2.1064;289.97
ENVI;6;4;9.207;42;-148;146.785;12.4017;35.6961;-0.0299;1.0957;1.00E-12;2.1038;290.91
ENVI;6;4;9.207;42;-149;147.776;12.3828;35.6952;-0.0152;1.1121;1.00E-12;2.1025;290.16
ENVI;6;4;9.207;42;-150;148.768;12.3141;35.6912;-0.0253;0.9445;1.00E-12;2.094;289.13
ENVI;6;4;9.207;42;-151;149.759;12.2843;35.6889;-0.0319;0.9959;1.00E-12;2.088;291.03
ENVI;6;4;9.207;42;-152;150.75;12.277;35.6884;-0.0297;1.1059;1.00E-12;2.0871;291.28
ENVI;6;4;9.207;42;-153;151.742;12.2662;35.6878;-0.0283;1.175;1.00E-12;2.0857;291.27
ENVI;6;4;9.207;42;-154;152.733;12.2604;35.6865;-0.0324;1.093;1.00E-12;2.0825;291.18
ENVI;6;4;9.207;42;-155;153.724;12.2487;35.6851;-0.0344;1.2018;1.00E-12;2.0788;291.28
ENVI;6;41;9.308;42;-3;2.976;13.7348;33.638;3.468;0.4847;179.95;2.2532;521.74
ENVI;6;41;9.308;42;-4;3.969;13.831;35.8178;3.3119;0.4835;143.35;2.5687;519.94
ENVI;6;41;9.308;42;-5;4.961;13.8218;35.5942;3.4976;0.4686;115.78;2.5344;519.16
ENVI;6;41;9.308;42;-6;5.953;13.8217;35.5942;3.2821;0.4314;99.366;2.5361;512.96
ENVI;6;41;9.308;42;-7;6.945;13.8212;35.5943;3.2528;0.448;81.143;2.5362;509.89
ENVI;6;41;9.308;42;-8;7.937;13.8215;35.5947;3.3221;0.4434;71.369;2.5359;514.06
ENVI;6;41;9.308;42;-9;8.929;13.823;35.5955;3.3611;0.4713;61.426;2.536;516.41
ENVI;6;41;9.308;42;-10;9.921;13.823;35.5954;3.393;0.4851;50.741;2.5355;518.57
ENVI;6;41;9.308;42;-11;10.913;13.8252;35.597;3.3904;0.4831;43.41;2.5336;520.04
ENVI;6;41;9.308;42;-12;11.905;13.8255;35.5969;3.1953;0.4543;41.823;2.5263;516.44
ENVI;6;41;9.308;42;-13;12.897;13.8254;35.5967;3.2318;0.4706;34.594;2.5224;512.42
ENVI;6;41;9.308;42;-14;13.89;13.8253;35.5966;3.3327;0.4882;28.108;2.5219;510.86
ENVI;6;41;9.308;42;-15;14.882;13.8251;35.5962;3.3213;0.4482;25.653;2.522;513.84
ENVI;6;41;9.308;42;-16;15.874;13.8253;35.5964;3.3141;0.456;23.977;2.5222;515.98
ENVI;6;41;9.308;42;-17;16.866;13.8259;35.5966;3.4301;0.4778;20.845;2.5218;517.39
ENVI;6;41;9.308;42;-18;17.858;13.8264;35.5971;3.2733;0.4858;17.675;2.521;518.7
ENVI;6;41;9.308;42;-19;18.85;13.833;35.6021;2.9159;0.4463;15.309;2.5109;514.18
ENVI;6;41;9.308;42;-20;19.842;13.8275;35.598;3.0506;0.4534;14.054;2.4998;508.55
ENVI;6;41;9.308;42;-21;20.834;13.836;35.6047;3.2363;0.4798;12.572;2.5021;510.98
ENVI;6;41;9.308;42;-22;21.826;13.8405;35.6077;3.1861;0.4752;10.998;2.5057;513.95
ENVI;6;41;9.308;42;-23;22.818;13.8435;35.6094;2.4352;0.5064;9.6693;2.5063;516.17
ENVI;6;41;9.308;42;-24;23.81;13.8454;35.6106;2.7647;0.5024;9.3196;2.5002;518.29
ENVI;6;41;9.308;42;-25;24.802;13.8449;35.6118;2.4793;0.4494;8.0399;2.4901;518.33
ENVI;6;41;9.308;42;-26;25.794;13.8467;35.6136;2.5406;0.4263;7.2468;2.4796;506.81
ENVI;6;41;9.308;42;-27;26.786;13.8504;35.6153;2.171;0.4586;6.8439;2.4783;509.87
ENVI;6;41;9.308;42;-28;27.778;13.8533;35.6165;2.527;0.4608;6.1221;2.4781;512.84
ENVI;6;41;9.308;42;-29;28.77;13.8529;35.6164;2.6997;0.4615;5.2733;2.4768;515.38
ENVI;6;41;9.308;42;-30;29.762;13.8578;35.6184;2.6037;0.4611;4.3882;2.4754;517.24
ENVI;6;41;9.308;42;-31;30.754;13.862;35.6195;2.1611;0.417;3.9319;2.4718;514.38
ENVI;6;41;9.308;42;-32;31.746;13.886;35.627;2.1379;0.4368;3.6784;2.4708;507.44
ENVI;6;41;9.308;42;-33;32.738;13.8913;35.6308;2.0295;0.4493;3.4605;2.4689;509.31
ENVI;6;41;9.308;42;-34;33.73;13.895;35.6329;1.9593;0.4575;3.2398;2.4655;512.25
ENVI;6;41;9.308;42;-35;34.722;13.8955;35.633;1.9009;0.43;2.9545;2.4624;514.07
ENVI;6;41;9.308;42;-36;35.714;13.8999;35.6361;2.0657;0.4715;2.6589;2.4604;514.91
ENVI;6;41;9.308;42;-37;36.706;13.9008;35.6384;1.9532;0.4414;2.3986;2.4577;516.66
ENVI;6;41;9.308;42;-38;37.698;13.9038;35.6415;1.9415;0.4404;2.1879;2.4551;516.71
ENVI;6;41;9.308;42;-39;38.69;13.9137;35.6493;1.8178;0.4078;1.7953;2.4501;514.06
ENVI;6;41;9.308;42;-40;39.682;13.9269;35.6582;1.704;0.3692;1.5703;2.4422;505.55
ENVI;6;41;9.308;42;-41;40.674;13.956;35.6777;1.7693;0.4089;1.4865;2.4411;508.61
ENVI;6;41;9.308;42;-42;41.666;13.9845;35.6987;1.5836;0.4269;1.3461;2.4395;511.47
ENVI;6;41;9.308;42;-43;42.658;13.9894;35.7022;1.0664;0.4199;1.2094;2.4368;513.47
ENVI;6;41;9.308;42;-44;43.65;13.99;35.7035;0.9274;0.3986;1.0779;2.4318;515.59
ENVI;6;41;9.308;42;-45;44.642;13.9899;35.7036;0.895;0.3978;0.93641;2.4247;516.71
ENVI;6;41;9.308;42;-46;45.634;13.9916;35.7075;0.905;0.406;0.80793;2.4179;516.71
ENVI;6;41;9.308;42;-47;46.625;13.9927;35.7105;0.8658;0.4017;0.78781;2.4119;517.68
ENVI;6;41;9.308;42;-48;47.617;13.9911;35.7098;0.9962;0.4092;0.83296;2.3999;513.92
ENVI;6;41;9.308;42;-49;48.609;13.9904;35.7124;1.5351;0.6004;0.67648;2.3953;507.97
ENVI;6;41;9.308;42;-50;49.601;13.9862;35.7129;0.8667;0.406;0.59083;2.3938;510.74
ENVI;6;41;9.308;42;-51;50.593;13.9855;35.7131;0.851;0.4107;0.50081;2.3915;512.5
ENVI;6;41;9.308;42;-52;51.585;13.9836;35.713;0.8306;0.4072;0.42209;2.3901;514.12
ENVI;6;41;9.308;42;-53;52.577;13.9813;35.7128;0.7978;0.3994;0.36743;2.3895;515.99
ENVI;6;41;9.308;42;-54;53.569;13.9786;35.7136;0.7935;0.409;0.54034;2.3887;517.91
ENVI;6;41;9.308;42;-55;54.561;13.9739;35.7148;0.8403;0.4281;0.51151;2.3883;517.02
ENVI;6;41;9.308;42;-56;55.553;13.9734;35.7149;0.9115;0.3905;0.44824;2.3882;516.71
ENVI;6;41;9.308;42;-57;56.544;13.9722;35.7149;0.9163;0.3615;0.3696;2.3875;511.64
ENVI;6;41;9.308;42;-58;57.536;13.9704;35.7151;0.8933;0.3811;0.33871;2.3869;508
ENVI;6;41;9.308;42;-59;58.528;13.9715;35.7151;0.8523;0.3923;0.30352;2.386;510.08
ENVI;6;41;9.308;42;-60;59.52;13.9715;35.7149;0.8188;0.4011;0.27893;2.3853;512.02
ENVI;6;41;9.308;42;-61;60.512;13.9701;35.7148;0.7857;0.4116;0.26258;2.3844;514.32
ENVI;6;41;9.308;42;-62;61.504;13.9698;35.7149;0.8192;0.4021;0.24951;2.384;516.01
ENVI;6;41;9.308;42;-63;62.496;13.9618;35.7143;0.8797;0.3854;0.23723;2.3836;515.73
ENVI;6;41;9.308;42;-64;63.487;13.9508;35.7138;0.9363;0.3665;0.21699;2.3832;517.36
ENVI;6;41;9.308;42;-65;64.479;13.9318;35.7136;0.8228;0.378;0.1965;2.3835;516.2
ENVI;6;41;9.308;42;-66;65.471;13.8616;35.7108;0.8452;0.3592;0.17374;2.3824;513.74
ENVI;6;41;9.308;42;-67;66.463;13.8321;35.7079;0.6224;0.3456;0.15538;2.3794;511.93
ENVI;6;41;9.308;42;-68;67.455;13.821;35.7057;0.6305;0.3247;0.13763;2.3805;510.65
ENVI;6;41;9.308;42;-69;68.447;13.7982;35.7013;0.6292;0.3222;0.12361;2.3812;511.08
ENVI;6;41;9.308;42;-70;69.438;13.7803;35.6977;0.6226;0.3263;0.11331;2.3811;513.62
ENVI;6;41;9.308;42;-71;70.43;13.7747;35.6964;0.7136;0.3323;0.10519;2.3802;515.41
ENVI;6;41;9.308;42;-72;71.422;13.7669;35.6949;0.6546;0.3235;0.098611;2.3802;516.9
ENVI;6;41;9.308;42;-73;72.414;13.7571;35.6945;0.7101;0.3549;0.092446;2.3823;516.9
ENVI;6;41;9.308;42;-74;73.405;13.7426;35.6934;0.7273;0.3176;0.082752;2.384;516.7
ENVI;6;41;9.308;42;-75;74.397;13.7174;35.6911;0.5948;0.2919;0.073711;2.3843;516.71
ENVI;6;41;9.308;42;-76;75.389;13.6921;35.689;0.6086;0.3073;0.065102;2.3847;515.07
ENVI;6;41;9.308;42;-77;76.381;13.6647;35.6877;0.6343;0.2999;0.054163;2.3856;512.87
ENVI;6;41;9.308;42;-78;77.373;13.6433;35.6881;0.5641;0.288;0.046252;2.3854;512.73
ENVI;6;41;9.308;42;-79;78.364;13.6239;35.6883;0.5058;0.2765;0.042077;2.3859;513.64
ENVI;6;41;9.308;42;-80;79.356;13.6103;35.6895;0.5032;0.2864;0.03988;2.3856;514.75
ENVI;6;41;9.308;42;-81;80.348;13.6027;35.6901;0.4842;0.3078;0.035452;2.385;514.71
ENVI;6;41;9.308;42;-82;81.34;13.5931;35.6907;0.4616;0.3135;0.028841;2.3841;516.38
ENVI;6;41;9.308;42;-83;82.331;13.5917;35.6907;0.41;0.353;0.025088;2.3829;517.58
ENVI;6;41;9.308;42;-84;83.323;13.5907;35.6907;0.4227;0.2726;0.02415;2.3816;518.69
ENVI;6;41;9.308;42;-85;84.315;13.5882;35.6915;0.4094;0.2899;0.018912;2.3806;518.7
ENVI;6;41;9.308;42;-86;85.307;13.585;35.6925;0.3797;0.2835;0.010154;2.3804;518.7
ENVI;6;41;9.308;42;-87;86.298;13.5847;35.6923;0.345;0.2451;0.00057138;2.3797;514.79
ENVI;6;41;9.308;42;-88;87.29;13.5843;35.6927;0.3672;0.252;5.02E-06;2.3781;515.84
ENVI;6;41;9.308;42;-89;88.282;13.5837;35.6931;0.3797;0.252;-3.42E-07;2.3774;518.16
ENVI;6;41;9.308;42;-90;89.273;13.5835;35.6933;0.3032;0.2517;1.00E-12;2.3768;520.1
ENVI;6;41;9.308;42;-91;90.265;13.5834;35.6933;0.3142;0.2638;1.00E-12;2.3763;520.68
ENVI;6;41;9.308;42;-92;91.257;13.5832;35.6935;0.3325;0.2731;1.00E-12;2.3764;521.4
ENVI;6;41;9.308;42;-93;92.249;13.5814;35.6953;0.3094;0.227;1.00E-12;2.376;521.2
ENVI;6;41;9.308;42;-94;93.24;13.5804;35.6964;0.3189;0.2415;1.00E-12;2.3759;514.9
ENVI;6;41;9.308;42;-95;94.232;13.5801;35.6968;0.3294;0.2377;1.00E-12;2.3751;514.54
ENVI;6;41;9.308;42;-96;95.224;13.58;35.6971;0.3327;0.2296;1.00E-12;2.3744;516.58
ENVI;6;41;9.308;42;-97;96.215;13.5803;35.6978;0.3334;0.2336;1.00E-12;2.3743;518.21
ENVI;6;41;9.308;42;-98;97.207;13.5809;35.6986;0.2921;0.2295;1.00E-12;2.3739;519.95
ENVI;6;41;9.308;42;-99;98.199;13.5811;35.6998;0.2799;0.2306;1.00E-12;2.3734;522.45
ENVI;6;41;9.308;42;-100;99.19;13.5806;35.7004;0.2723;0.2345;1.00E-12;2.3726;524.13
ENVI;6;41;9.308;42;-101;100.182;13.5791;35.7008;0.2744;0.2348;1.00E-12;2.3723;524.68
ENVI;6;41;9.308;42;-102;101.174;13.5781;35.7006;0.2738;0.2133;1.00E-12;2.3719;519.84
ENVI;6;41;9.308;42;-103;102.165;13.5773;35.7006;0.2668;0.2298;1.00E-12;2.372;515.78
ENVI;6;41;9.308;42;-104;103.157;13.5757;35.7006;0.2387;0.2173;1.00E-12;2.3714;516.71
ENVI;6;41;9.308;42;-105;104.148;13.5752;35.7008;0.26;0.2233;1.00E-12;2.3713;519.52
ENVI;6;41;9.308;42;-106;105.14;13.5734;35.7005;0.254;0.227;1.00E-12;2.371;521.99
ENVI;6;41;9.308;42;-107;106.132;13.5657;35.699;0.2505;0.2292;1.00E-12;2.3711;524.63
ENVI;6;41;9.308;42;-108;107.124;13.5549;35.6971;0.3082;0.2737;1.00E-12;2.371;526.42
ENVI;6;41;9.308;42;-109;108.115;13.5491;35.6961;0.3274;0.2801;1.00E-12;2.3701;526.67
ENVI;6;41;9.308;42;-110;109.107;13.545;35.6951;0.3455;0.2837;1.00E-12;2.3696;528.55
ENVI;6;41;9.308;42;-111;110.098;13.5387;35.6935;0.3564;0.2334;1.00E-12;2.3689;528.33
ENVI;6;41;9.308;42;-112;111.09;13.5325;35.6923;0.367;0.2361;1.00E-12;2.369;527.52
ENVI;6;41;9.308;42;-113;112.082;13.5279;35.6909;0.3803;0.2469;1.00E-12;2.3694;526.66
ENVI;6;41;9.308;42;-114;113.073;13.5259;35.6903;0.4475;0.2379;1.00E-12;2.3735;520.45
ENVI;6;41;9.308;42;-115;114.065;13.524;35.69;0.4986;0.249;1.00E-12;2.3762;517.58
ENVI;6;41;9.308;42;-116;115.056;13.5215;35.6899;0.5008;0.2474;1.00E-12;2.3753;520.26
ENVI;6;41;9.308;42;-117;116.048;13.518;35.6895;0.5006;0.2467;1.00E-12;2.3749;523.51
ENVI;6;41;9.308;42;-118;117.039;13.5132;35.6888;0.4783;0.247;1.00E-12;2.3747;526.22
ENVI;6;41;9.308;42;-119;118.031;13.5085;35.6881;0.4953;0.2518;1.00E-12;2.3744;529.08
ENVI;6;41;9.308;42;-120;119.023;13.506;35.6874;0.5253;0.2598;1.00E-12;2.3742;530.66
ENVI;6;41;9.308;42;-121;120.014;13.5041;35.6869;0.5027;0.2728;1.00E-12;2.3741;530.67
ENVI;6;41;9.308;42;-122;121.006;13.5018;35.6875;0.486;0.2688;1.00E-12;2.3747;530.67
ENVI;6;41;9.308;42;-123;121.998;13.5038;35.6894;0.4651;0.2526;1.00E-12;2.3754;529.61
ENVI;6;41;9.308;42;-124;122.989;13.506;35.6913;0.4633;0.2289;1.00E-12;2.3759;530.55
ENVI;6;41;9.308;42;-125;123.98;13.5096;35.6933;0.4705;0.2249;1.00E-12;2.376;528.34
ENVI;6;41;9.308;42;-126;124.972;13.5134;35.695;0.4486;0.2287;1.00E-12;2.3751;525.62
ENVI;6;41;9.308;42;-127;125.963;13.5149;35.6953;0.4423;0.2279;1.00E-12;2.3737;521.56
ENVI;6;41;9.308;42;-128;126.955;13.5157;35.696;0.3866;0.2245;1.00E-12;2.3724;520.65
ENVI;6;41;9.308;42;-129;127.947;13.5171;35.6963;0.3924;0.2489;1.00E-12;2.3721;523.81
ENVI;6;41;9.308;42;-130;128.938;13.521;35.698;0.4017;0.2521;1.00E-12;2.3719;526.3
ENVI;6;41;9.308;42;-131;129.93;13.5257;35.6999;0.3862;0.2465;1.00E-12;2.3708;527.89
ENVI;6;41;9.308;42;-132;130.921;13.5252;35.7009;0.3469;0.2343;1.00E-12;2.3699;528.68
ENVI;6;41;9.308;42;-133;131.912;13.5268;35.7016;0.3339;0.2115;1.00E-12;2.3683;530.18
ENVI;6;41;9.308;42;-134;132.904;13.5274;35.7021;0.3423;0.2195;1.00E-12;2.3663;530.67
ENVI;6;41;9.308;42;-135;133.896;13.5282;35.7027;0.3457;0.2113;1.00E-12;2.3646;530.84
ENVI;6;41;9.308;42;-136;134.887;13.5281;35.7032;0.3247;0.2134;1.00E-12;2.3638;530.66
ENVI;6;41;9.308;42;-137;135.879;13.5216;35.7023;0.285;0.223;1.00E-12;2.3634;530.67
ENVI;6;41;9.308;42;-138;136.87;13.5095;35.7011;0.2577;0.2233;1.00E-12;2.3631;530.67
ENVI;6;41;9.308;42;-139;137.861;13.5007;35.6996;0.1878;0.2097;1.00E-12;2.3623;530.67
ENVI;6;41;9.308;42;-140;138.853;13.4924;35.6981;0.1697;0.2063;1.00E-12;2.3606;530.78
ENVI;6;41;9.308;42;-141;139.845;13.4867;35.6975;0.1559;0.2023;1.00E-12;2.3584;531.28
ENVI;6;41;9.308;42;-142;140.836;13.476;35.6972;0.1597;0.1938;1.00E-12;2.3505;528.07
ENVI;6;41;9.308;42;-143;141.827;13.4703;35.6972;0.2663;0.1855;1.00E-12;2.3467;526.5
ENVI;6;41;9.308;42;-144;142.819;13.4681;35.6975;0.3889;0.1991;1.00E-12;2.346;526.68
ENVI;6;41;9.308;42;-145;143.81;13.4649;35.6974;0.1556;0.2027;1.00E-12;2.345;528.53
ENVI;6;41;9.308;42;-146;144.802;13.4523;35.6988;0.1268;0.1999;1.00E-12;2.344;530.65
ENVI;6;41;9.308;42;-147;145.793;13.4512;35.6988;0.1174;0.1985;1.00E-12;2.3426;531.71
ENVI;6;41;9.308;42;-148;146.785;13.4518;35.6985;0.1152;0.2029;1.00E-12;2.3407;533.7
ENVI;6;41;9.308;42;-149;147.776;13.4502;35.6984;0.1164;0.1991;1.00E-12;2.339;535.22
ENVI;6;41;9.308;42;-150;148.768;13.446;35.6983;0.1137;0.1963;1.00E-12;2.3368;536.67
ENVI;6;41;9.308;42;-151;149.759;13.4437;35.6984;0.1056;0.1844;1.00E-12;2.3349;536.86
ENVI;6;41;9.308;42;-152;150.75;13.4421;35.6984;0.089;0.1976;1.00E-12;2.3333;536.39
ENVI;6;41;9.308;42;-153;151.741;13.4412;35.6988;0.1123;0.1844;1.00E-12;2.3312;532.62
ENVI;6;41;9.308;42;-154;152.733;13.4375;35.6991;0.1725;0.1917;1.00E-12;2.3286;530.07
ENVI;6;41;9.308;42;-155;153.725;13.4289;35.7007;0.1046;0.2063;1.00E-12;2.3278;528.71
ENVI;6;41;9.308;42;-156;154.716;13.4211;35.7015;0.1182;0.1946;1.00E-12;2.3264;527.31
ENVI;6;41;9.308;42;-157;155.707;13.4136;35.7026;0.1181;0.2023;1.00E-12;2.3234;528.39
ENVI;6;41;9.308;42;-158;156.699;13.4058;35.7035;0.1024;0.2042;1.00E-12;2.3208;530.39
ENVI;6;41;9.308;42;-159;157.69;13.4013;35.7038;0.0885;0.198;1.00E-12;2.319;532.9
ENVI;6;41;9.308;42;-160;158.681;13.3977;35.7041;0.0884;0.2031;1.00E-12;2.3169;535.12
ENVI;6;41;9.308;42;-161;159.673;13.3934;35.7041;0.09;0.2001;1.00E-12;2.3145;537.4
ENVI;6;41;9.308;42;-162;160.664;13.3197;35.7241;0.09;0.1967;1.00E-12;2.3123;538.65
ENVI;6;41;9.308;42;-163;161.656;13.2899;35.7422;0.0227;0.2833;1.00E-12;2.309;540.6
ENVI;6;41;9.308;42;-164;162.647;13.2497;35.7525;0.006;0.3326;1.00E-12;2.305;540.65
ENVI;6;41;9.308;42;-165;163.638;13.223;35.7549;-0.0018;0.4273;1.00E-12;2.2953;540.3
ENVI;6;41;9.308;42;-166;164.63;13.1916;35.7565;-0.0323;0.4557;1.00E-12;2.2804;538.64
ENVI;6;41;9.308;42;-167;165.621;13.1638;35.7565;-0.0383;0.4454;1.00E-12;2.2108;529.36
ENVI;6;41;9.308;42;-168;166.612;13.1562;35.7562;-0.0293;0.4606;1.00E-12;2.1829;528.6
ENVI;6;41;9.308;42;-169;167.604;13.1391;35.7561;-0.0309;0.4746;1.00E-12;2.1807;530.8
ENVI;6;41;9.308;42;-170;168.595;13.1255;35.7556;-0.0464;0.4836;1.00E-12;2.1785;534.23
ENVI;6;41;9.308;42;-171;169.586;13.1088;35.755;-0.0644;0.4716;1.00E-12;2.1753;537.7
ENVI;6;41;9.308;42;-172;170.578;13.0884;35.7554;-0.0689;0.4692;1.00E-12;2.1725;540.11
ENVI;6;41;9.308;42;-173;171.569;13.0619;35.756;-0.0593;0.49;1.00E-12;2.1695;541.37
ENVI;6;41;9.308;42;-174;172.56;13.0537;35.756;-0.0623;0.5326;1.00E-12;2.1665;542.15
ENVI;6;41;9.308;42;-175;173.552;13.0461;35.7558;-0.0589;0.5563;1.00E-12;2.1629;542.51
ENVI;6;41;9.308;42;-176;174.543;13.037;35.7554;-0.0599;0.5922;1.00E-12;2.1588;541.06
ENVI;6;41;9.308;42;-177;175.534;13.0287;35.7544;-0.0605;0.5699;1.00E-12;2.1541;540.67
ENVI;6;41;9.308;42;-178;176.525;13.0155;35.7537;-0.0645;0.5466;1.00E-12;2.1492;539.05
ENVI;6;41;9.308;42;-179;177.517;12.9801;35.7523;-0.0704;0.5412;1.00E-12;2.1383;527.58
ENVI;6;41;9.308;42;-180;178.508;12.9531;35.7515;-0.0568;0.5377;1.00E-12;2.1353;529.71
ENVI;6;41;9.308;42;-181;179.5;12.9417;35.7506;-0.049;0.5413;1.00E-12;2.1329;533.46
ENVI;6;41;9.308;42;-182;180.49;12.9211;35.7492;-0.0492;0.5456;1.00E-12;2.131;537.71
ENVI;6;41;9.308;42;-183;181.482;12.8946;35.7478;-0.0702;0.5563;1.00E-12;2.1294;541.33
ENVI;6;41;9.308;42;-184;182.473;12.8816;35.7469;-0.0702;0.5386;1.00E-12;2.1277;544.64
ENVI;6;41;9.308;42;-185;183.464;12.8744;35.7459;-0.0688;0.5277;1.00E-12;2.127;545.91
ENVI;6;41;9.308;42;-186;184.456;12.8509;35.7429;-0.0691;0.4366;1.00E-12;2.1221;543.99
ENVI;6;41;9.308;42;-187;185.447;12.825;35.7419;-0.0733;0.4267;1.00E-12;2.1202;546.55
ENVI;6;41;9.308;42;-188;186.438;12.8228;35.7415;-0.0712;0.4419;1.00E-12;2.1188;546.64
ENVI;6;41;9.308;42;-189;187.429;12.8077;35.7406;-0.0696;0.4423;1.00E-12;2.1172;544.34
ENVI;6;41;9.308;42;-190;188.421;12.7882;35.7391;-0.0644;0.4104;1.00E-12;2.1149;537.73
ENVI;6;41;9.308;42;-191;189.412;12.756;35.737;-0.0712;0.4583;1.00E-12;2.1145;543.85
ENVI;6;41;9.308;42;-192;190.403;12.7046;35.7338;-0.0726;0.4612;1.00E-12;2.1132;545.72
ENVI;6;41;9.308;42;-193;191.394;12.6389;35.73;-0.0528;0.527;1.00E-12;2.1114;546.64
ENVI;6;41;9.308;42;-194;192.385;12.5908;35.7262;-0.068;0.7028;1.00E-12;2.1048;545.63
ENVI;6;5;9.408;42;-8;7.937;14.0407;35.822;2.3774;0.3242;9.71E+01;2.4741;5.90E+02
ENVI;6;5;9.408;42;-9;8.929;14.0354;35.7634;2.3076;0.3533;8.77E+01;2.4723;5.91E+02
ENVI;6;5;9.408;42;-10;9.921;14.035;35.7641;2.3179;0.3539;7.79E+01;2.4724;5.92E+02
ENVI;6;5;9.408;42;-11;10.913;14.0347;35.7638;2.3181;0.3446;6.98E+01;2.4722;5.93E+02
ENVI;6;5;9.408;42;-12;11.905;14.0333;35.7633;2.4094;0.3353;6.02E+01;2.4719;5.94E+02
ENVI;6;5;9.408;42;-13;12.897;14.0348;35.7637;2.3873;0.3466;5.36E+01;2.4712;5.92E+02
ENVI;6;5;9.408;42;-14;13.889;14.0335;35.7634;2.2048;0.3279;4.67E+01;2.47;5.91E+02
ENVI;6;5;9.408;42;-15;14.882;14.0327;35.7636;2.1926;0.2973;4.05E+01;2.4702;5.88E+02
ENVI;6;5;9.408;42;-16;15.874;14.0303;35.7632;2.0515;0.3045;3.63E+01;2.4694;5.89E+02
ENVI;6;5;9.408;42;-17;16.866;14.0299;35.763;2.0472;0.3409;3.42E+01;2.4675;5.90E+02
ENVI;6;5;9.408;42;-18;17.858;14.0309;35.7629;2.3972;0.358;3.15E+01;2.4647;5.91E+02
ENVI;6;5;9.408;42;-19;18.85;14.0304;35.7629;2.3539;0.3699;2.89E+01;2.4633;5.92E+02
ENVI;6;5;9.408;42;-20;19.842;14.0305;35.7631;2.116;0.3361;2.70E+01;2.4619;5.93E+02
ENVI;6;5;9.408;42;-21;20.834;14.0299;35.7629;1.8745;0.3398;2.45E+01;2.4611;5.93E+02
ENVI;6;5;9.408;42;-22;21.826;14.03;35.7626;2.1226;0.3447;2.13E+01;2.4598;5.93E+02
ENVI;6;5;9.408;42;-23;22.818;14.0297;35.763;2.0422;0.3106;1.95E+01;2.4583;5.92E+02
ENVI;6;5;9.408;42;-24;23.81;14.0292;35.7628;2.0571;0.3452;1.79E+01;2.4578;5.91E+02
ENVI;6;5;9.408;42;-25;24.802;14.0296;35.763;1.8814;0.3108;1.67E+01;2.4569;5.91E+02
ENVI;6;5;9.408;42;-26;25.794;14.0299;35.7629;1.9474;0.317;1.52E+01;2.4549;5.89E+02
ENVI;6;5;9.408;42;-27;26.786;14.03;35.7631;1.894;0.3188;1.36E+01;2.4556;5.92E+02
ENVI;6;5;9.408;42;-28;27.778;14.0296;35.7631;1.8456;0.3136;1.23E+01;2.4553;5.93E+02
ENVI;6;5;9.408;42;-29;28.77;14.0276;35.7629;1.9454;0.335;1.15E+01;2.4543;5.93E+02
ENVI;6;5;9.408;42;-30;29.762;14.0286;35.763;1.9512;0.3314;1.08E+01;2.4533;5.93E+02
ENVI;6;5;9.408;42;-31;30.754;14.0285;35.763;1.8113;0.33;1.02E+01;2.4525;5.93E+02
ENVI;6;5;9.408;42;-32;31.746;14.0271;35.7629;1.8408;0.3182;9.51E+00;2.4516;5.92E+02
ENVI;6;5;9.408;42;-33;32.738;14.0272;35.7628;1.9355;0.3211;8.41E+00;2.4507;5.90E+02
ENVI;6;5;9.408;42;-34;33.73;14.0273;35.7627;1.944;0.2827;7.13E+00;2.449;5.86E+02
ENVI;6;5;9.408;42;-35;34.722;14.0229;35.7625;1.9489;0.31;6.77E+00;2.4485;5.89E+02
ENVI;6;5;9.408;42;-36;35.714;14.0234;35.7626;1.9916;0.3259;6.20E+00;2.4482;5.91E+02
ENVI;6;5;9.408;42;-37;36.706;14.0246;35.7628;1.8468;0.3352;5.64E+00;2.4469;5.93E+02
ENVI;6;5;9.408;42;-38;37.698;14.0247;35.7626;1.7724;0.3363;5.21E+00;2.445;5.93E+02
ENVI;6;5;9.408;42;-39;38.69;14.0252;35.7627;1.671;0.3129;5.06E+00;2.4429;5.93E+02
ENVI;6;5;9.408;42;-40;39.682;14.0244;35.7627;1.5812;0.3026;4.79E+00;2.4423;5.93E+02
ENVI;6;5;9.408;42;-41;40.674;14.0171;35.7619;1.3168;0.2732;4.32E+00;2.442;5.90E+02
ENVI;6;5;9.408;42;-42;41.666;14.0133;35.7624;1.3128;0.282;3.86E+00;2.4361;5.86E+02
ENVI;6;5;9.408;42;-43;42.658;14.0117;35.7632;1.2278;0.2693;3.60E+00;2.4306;5.86E+02
ENVI;6;5;9.408;42;-44;43.65;14.0107;35.7634;1.267;0.2796;3.27E+00;2.4288;5.88E+02
ENVI;6;5;9.408;42;-45;44.642;14.0086;35.7632;1.3948;0.2966;3.00E+00;2.4268;5.89E+02
ENVI;6;5;9.408;42;-46;45.633;14.007;35.7628;1.2457;0.285;2.89E+00;2.4261;5.91E+02
ENVI;6;5;9.408;42;-47;46.625;14.0046;35.7624;1.2166;0.2837;2.79E+00;2.425;5.92E+02
ENVI;6;5;9.408;42;-48;47.617;14.0029;35.7623;1.2671;0.2891;2.57E+00;2.4232;5.92E+02
ENVI;6;5;9.408;42;-49;48.609;14.0088;35.7638;1.2545;0.2831;2.37E+00;2.4205;5.89E+02
ENVI;6;5;9.408;42;-50;49.601;14.0114;35.7651;1.2756;0.2796;2.19E+00;2.4191;5.86E+02
ENVI;6;5;9.408;42;-51;50.593;14.0117;35.7651;1.2602;0.2891;1.99E+00;2.4193;5.87E+02
ENVI;6;5;9.408;42;-52;51.585;14.0083;35.7644;1.3187;0.2976;1.82E+00;2.419;5.88E+02
ENVI;6;5;9.408;42;-53;52.577;14.0044;35.7637;1.2156;0.2785;1.67E+00;2.4184;5.86E+02
ENVI;6;5;9.408;42;-54;53.569;14.0114;35.7648;1.2592;0.2749;1.57E+00;2.4176;5.87E+02
ENVI;6;5;9.408;42;-55;54.561;14.0108;35.7651;1.2833;0.2842;1.45E+00;2.4168;5.89E+02
ENVI;6;5;9.408;42;-56;55.552;14.01;35.7648;1.295;0.2979;1.37E+00;2.4171;5.89E+02
ENVI;6;5;9.408;42;-57;56.544;14.0089;35.7647;1.2952;0.2861;1.30E+00;2.4174;5.89E+02
ENVI;6;5;9.408;42;-58;57.536;14.0059;35.764;1.2084;0.299;1.18E+00;2.4172;5.89E+02
ENVI;6;5;9.408;42;-59;58.528;14.0065;35.7641;1.2827;0.2823;1.09E+00;2.4161;5.88E+02
ENVI;6;5;9.408;42;-60;59.52;14.0112;35.7651;1.2386;0.2697;1.01E+00;2.4152;5.87E+02
ENVI;6;5;9.408;42;-61;60.512;14.0079;35.7643;1.1587;0.2739;9.11E-01;2.4152;5.87E+02
ENVI;6;5;9.408;42;-62;61.504;14.0033;35.7639;1.1341;0.2801;8.34E-01;2.4149;5.88E+02
ENVI;6;5;9.408;42;-63;62.495;14.0077;35.764;1.2037;0.2579;7.67E-01;2.4143;5.85E+02
ENVI;6;5;9.408;42;-64;63.487;14.0059;35.7639;1.1351;0.2785;7.15E-01;2.4143;5.87E+02
ENVI;6;5;9.408;42;-65;64.479;14.0034;35.7637;1.1466;0.2856;6.28E-01;2.4139;5.88E+02
ENVI;6;5;9.408;42;-66;65.471;13.9968;35.7631;1.0649;0.2899;5.47E-01;2.4129;5.89E+02
ENVI;6;5;9.408;42;-67;66.463;13.9891;35.762;1.0031;0.2918;4.93E-01;2.412;5.89E+02
ENVI;6;5;9.408;42;-68;67.455;13.9814;35.761;0.9376;0.284;5.53E-01;2.4105;5.89E+02
ENVI;6;5;9.408;42;-69;68.446;13.9654;35.7617;0.8319;0.2523;5.14E-01;2.406;5.89E+02
ENVI;6;5;9.408;42;-70;69.438;13.9632;35.7614;0.7147;0.2435;4.37E-01;2.3985;5.87E+02
ENVI;6;5;9.408;42;-71;70.43;13.9608;35.7617;0.7636;0.2582;4.07E-01;2.3968;5.84E+02
ENVI;6;5;9.408;42;-72;71.422;13.9615;35.7616;0.7772;0.2608;3.94E-01;2.3962;5.84E+02
ENVI;6;5;9.408;42;-73;72.414;13.9622;35.7617;0.7934;0.2647;3.90E-01;2.3958;5.85E+02
ENVI;6;5;9.408;42;-74;73.405;13.9609;35.7621;0.7621;0.2559;3.73E-01;2.3955;5.86E+02
ENVI;6;5;9.408;42;-75;74.397;13.9577;35.7619;0.7493;0.2527;3.45E-01;2.3945;5.88E+02
ENVI;6;5;9.408;42;-76;75.389;13.9528;35.7612;0.7507;0.2528;3.16E-01;2.3941;5.89E+02
ENVI;6;5;9.408;42;-77;76.381;13.9495;35.7613;0.7598;0.2465;2.83E-01;2.3928;5.90E+02
ENVI;6;5;9.408;42;-78;77.373;13.9332;35.7601;0.6917;0.2718;2.64E-01;2.3914;5.91E+02
ENVI;6;5;9.408;42;-79;78.364;13.9298;35.7596;0.5187;0.2338;2.29E-01;2.389;5.85E+02
ENVI;6;5;9.408;42;-80;79.356;13.9124;35.7583;0.5341;0.2423;2.16E-01;2.3867;5.83E+02
ENVI;6;5;9.408;42;-81;80.348;13.9098;35.7579;0.5265;0.2473;2.06E-01;2.3834;5.84E+02
ENVI;6;5;9.408;42;-82;81.34;13.9058;35.7574;0.5492;0.248;1.95E-01;2.3804;5.85E+02
ENVI;6;5;9.408;42;-83;82.331;13.8987;35.7572;0.6503;0.2625;1.89E-01;2.379;5.85E+02
ENVI;6;5;9.408;42;-84;83.323;13.8915;35.7577;0.6013;0.2651;1.78E-01;2.377;5.86E+02
ENVI;6;5;9.408;42;-85;84.315;13.8874;35.758;0.5661;0.2584;1.66E-01;2.3751;5.87E+02
ENVI;6;5;9.408;42;-86;85.307;13.885;35.7577;0.5192;0.2442;1.50E-01;2.3733;5.88E+02
ENVI;6;5;9.408;42;-87;86.298;13.882;35.7576;0.4913;0.2291;1.30E-01;2.3728;5.89E+02
ENVI;6;5;9.408;42;-88;87.29;13.8802;35.758;0.52;0.2431;1.15E-01;2.3724;5.88E+02
ENVI;6;5;9.408;42;-89;88.282;13.8771;35.7575;0.4822;0.2229;1.03E-01;2.3718;5.81E+02
ENVI;6;5;9.408;42;-90;89.273;13.8558;35.7556;0.4806;0.2275;1.02E-01;2.3708;5.82E+02
ENVI;6;5;9.408;42;-91;90.265;13.856;35.7554;0.5223;0.2491;9.66E-02;2.371;5.84E+02
ENVI;6;5;9.408;42;-92;91.257;13.8495;35.7543;0.5261;0.2544;8.37E-02;2.3712;5.85E+02
ENVI;6;5;9.408;42;-93;92.249;13.8281;35.7515;0.5016;0.2471;7.26E-02;2.3713;5.87E+02
ENVI;6;5;9.408;42;-94;93.24;13.773;35.7432;0.4506;0.247;6.09E-02;2.3708;5.87E+02
ENVI;6;5;9.408;42;-95;94.232;13.753;35.7413;0.4306;0.2432;4.89E-02;2.3697;5.88E+02
ENVI;6;5;9.408;42;-96;95.224;13.7815;35.7439;0.4207;0.2204;5.53E-02;2.3734;5.86E+02
ENVI;6;5;9.408;42;-97;96.215;13.7518;35.7396;0.397;0.2106;4.79E-02;2.3769;5.81E+02
ENVI;6;5;9.408;42;-98;97.207;13.7485;35.7389;0.411;0.2246;4.49E-02;2.3758;5.81E+02
ENVI;6;5;9.408;42;-99;98.198;13.7479;35.7391;0.4277;0.2409;4.00E-02;2.3758;5.83E+02
ENVI;6;5;9.408;42;-100;99.19;13.7468;35.7389;0.4371;0.2449;3.84E-02;2.3754;5.83E+02
ENVI;6;5;9.408;42;-101;100.182;13.7454;35.7385;0.4263;0.2301;3.38E-02;2.375;5.84E+02
ENVI;6;5;9.408;42;-102;101.174;13.7405;35.7373;0.4197;0.2399;2.94E-02;2.3745;5.84E+02
ENVI;6;5;9.408;42;-103;102.165;13.7368;35.7365;0.4279;0.2395;2.49E-02;2.3739;5.85E+02
ENVI;6;5;9.408;42;-104;103.157;13.7385;35.7361;0.4321;0.2082;2.03E-02;2.3764;5.82E+02
ENVI;6;5;9.408;42;-105;104.149;13.7324;35.7354;0.4049;0.2263;1.22E-02;2.3765;5.82E+02
ENVI;6;5;9.408;42;-106;105.14;13.7301;35.7352;0.4281;0.2346;5.44E-03;2.3764;5.83E+02
ENVI;6;5;9.408;42;-107;106.132;13.72;35.7339;0.4283;0.2515;5.44E-03;2.3755;5.82E+02
ENVI;6;5;9.408;42;-108;107.123;13.7127;35.7331;0.4219;0.2343;5.76E-03;2.3736;5.82E+02
ENVI;6;5;9.408;42;-109;108.115;13.7121;35.7331;0.4089;0.242;8.35E-04;2.3743;5.85E+02
ENVI;6;5;9.408;42;-110;109.107;13.7068;35.7327;0.3934;0.2465;2.37E-05;2.3745;5.85E+02
ENVI;6;5;9.408;42;-111;110.098;13.7023;35.733;0.3688;0.2351;-2.57E-07;2.374;5.86E+02
ENVI;6;5;9.408;42;-112;111.09;13.7019;35.733;0.3688;0.2336;1.00E-12;2.3733;5.86E+02
ENVI;6;5;9.408;42;-113;112.082;13.7014;35.7329;0.3643;0.2362;1.00E-12;2.3725;5.85E+02
ENVI;6;5;9.408;42;-114;113.073;13.6982;35.7333;0.3604;0.2276;1.00E-12;2.3712;5.83E+02
ENVI;6;5;9.408;42;-115;114.065;13.6971;35.7334;0.4177;0.2185;1.00E-12;2.3705;5.83E+02
ENVI;6;5;9.408;42;-116;115.056;13.6966;35.7334;0.4404;0.2379;1.00E-12;2.3706;5.81E+02
ENVI;6;5;9.408;42;-117;116.048;13.6945;35.7338;0.3801;0.2213;1.00E-12;2.371;5.79E+02
ENVI;6;5;9.408;42;-118;117.04;13.6944;35.7339;0.3669;0.2185;1.00E-12;2.3703;5.80E+02
ENVI;6;5;9.408;42;-119;118.031;13.6938;35.7343;0.3522;0.2227;1.00E-12;2.3696;5.81E+02
ENVI;6;5;9.408;42;-120;119.023;13.6927;35.7362;0.3821;0.2214;1.00E-12;2.3685;5.81E+02
ENVI;6;5;9.408;42;-121;120.014;13.692;35.7365;0.3681;0.233;1.00E-12;2.3673;5.83E+02
ENVI;6;5;9.408;42;-122;121.006;13.6917;35.7371;0.3773;0.2379;1.00E-12;2.3659;5.83E+02
ENVI;6;5;9.408;42;-123;121.998;13.6916;35.7372;0.378;0.2361;1.00E-12;2.3647;5.84E+02
ENVI;6;5;9.408;42;-124;122.989;13.6906;35.737;0.3699;0.2284;1.00E-12;2.3639;5.85E+02
ENVI;6;5;9.408;42;-125;123.98;13.6895;35.737;0.3393;0.2176;1.00E-12;2.3624;5.84E+02
ENVI;6;5;9.408;42;-126;124.972;13.6885;35.7371;0.3394;0.2237;1.00E-12;2.3613;5.83E+02
ENVI;6;5;9.408;42;-127;125.963;13.6869;35.7371;0.3573;0.2233;1.00E-12;2.3605;5.83E+02
ENVI;6;5;9.408;42;-128;126.955;13.6857;35.7372;0.3795;0.2316;1.00E-12;2.36;5.82E+02
ENVI;6;5;9.408;42;-129;127.946;13.6852;35.7372;0.4164;0.2224;1.00E-12;2.3594;5.81E+02
ENVI;6;5;9.408;42;-130;128.938;13.6848;35.7371;0.35;0.2181;1.00E-12;2.3589;5.79E+02
ENVI;6;5;9.408;42;-131;129.93;13.6846;35.737;0.3455;0.2257;1.00E-12;2.3577;5.79E+02
ENVI;6;5;9.408;42;-132;130.921;13.6841;35.7369;0.3679;0.2232;1.00E-12;2.3574;5.79E+02
ENVI;6;5;9.408;42;-133;131.913;13.6834;35.7372;0.3307;0.2147;1.00E-12;2.3575;5.79E+02
ENVI;6;5;9.408;42;-134;132.904;13.6833;35.7373;0.3456;0.2224;1.00E-12;2.3571;5.82E+02
ENVI;6;5;9.408;42;-135;133.896;13.6835;35.7373;0.3517;0.2226;1.00E-12;2.3568;5.83E+02
ENVI;6;5;9.408;42;-136;134.887;13.6834;35.7377;0.3538;0.2238;1.00E-12;2.3563;5.84E+02
ENVI;6;5;9.408;42;-137;135.878;13.6831;35.7379;0.3212;0.2228;1.00E-12;2.3556;5.84E+02
ENVI;6;5;9.408;42;-138;136.87;13.6829;35.7383;0.3327;0.2225;1.00E-12;2.3548;5.85E+02
ENVI;6;5;9.408;42;-139;137.861;13.6829;35.7386;0.345;0.223;1.00E-12;2.3543;5.84E+02
ENVI;6;5;9.408;42;-140;138.853;13.6815;35.7387;0.3108;0.2225;1.00E-12;2.3529;5.82E+02
ENVI;6;5;9.408;42;-141;139.844;13.6815;35.7387;0.3162;0.2093;1.00E-12;2.3505;5.80E+02
ENVI;6;5;9.408;42;-142;140.836;13.6807;35.7391;0.312;0.207;1.00E-12;2.3505;5.76E+02
ENVI;6;5;9.408;42;-143;141.827;13.6803;35.7394;0.322;0.2259;1.00E-12;2.3502;5.77E+02
ENVI;6;5;9.408;42;-144;142.819;13.6802;35.7394;0.3326;0.2336;1.00E-12;2.3499;5.78E+02
ENVI;6;5;9.408;42;-145;143.81;13.6788;35.743;0.3242;0.234;1.00E-12;2.3492;5.80E+02
ENVI;6;5;9.408;42;-146;144.802;13.6791;35.7462;0.3148;0.2301;1.00E-12;2.3486;5.82E+02
ENVI;6;5;9.408;42;-147;145.793;13.6792;35.7471;0.2966;0.2225;1.00E-12;2.3478;5.83E+02
ENVI;6;5;9.408;42;-148;146.785;13.6809;35.7493;0.2587;0.2167;1.00E-12;2.3458;5.83E+02
ENVI;6;5;9.408;42;-149;147.776;13.6831;35.751;0.2517;0.2119;1.00E-12;2.343;5.84E+02
ENVI;6;5;9.408;42;-150;148.768;13.6832;35.7509;0.2609;0.2027;1.00E-12;2.3403;5.83E+02
ENVI;6;5;9.408;42;-151;149.759;13.6832;35.7511;0.2476;0.1986;1.00E-12;2.3369;5.83E+02
ENVI;6;5;9.408;42;-152;150.75;13.6826;35.7512;0.2566;0.189;1.00E-12;2.3334;5.81E+02
ENVI;6;5;9.408;42;-153;151.742;13.6826;35.7515;0.2411;0.199;1.00E-12;2.3306;5.81E+02
ENVI;6;5;9.408;42;-154;152.733;13.6831;35.7516;0.2966;0.2182;1.00E-12;2.3292;5.80E+02
ENVI;6;5;9.408;42;-155;153.725;13.6836;35.7519;0.2877;0.2067;1.00E-12;2.3287;5.77E+02
ENVI;6;5;9.408;42;-156;154.716;13.6873;35.7544;0.3165;0.2203;1.00E-12;2.3288;5.77E+02
ENVI;6;5;9.408;42;-157;155.707;13.698;35.7623;0.2733;0.2173;1.00E-12;2.3282;5.79E+02
ENVI;6;5;9.408;42;-158;156.699;13.7054;35.768;0.2543;0.2123;1.00E-12;2.3274;5.81E+02
ENVI;6;5;9.408;42;-159;157.69;13.7104;35.7726;0.2489;0.2096;1.00E-12;2.3249;5.81E+02
ENVI;6;5;9.408;42;-160;158.681;13.7053;35.7805;0.2302;0.1957;1.00E-12;2.3177;5.81E+02
ENVI;6;5;9.408;42;-161;159.673;13.6864;35.7858;0.1795;0.2259;1.00E-12;2.3125;5.81E+02
ENVI;6;5;9.408;42;-162;160.664;13.6565;35.7862;0.1585;0.23;1.00E-12;2.3078;5.83E+02
ENVI;6;5;9.408;42;-163;161.656;13.6181;35.7819;0.1626;0.1965;1.00E-12;2.3016;5.83E+02
ENVI;6;5;9.408;42;-164;162.647;13.5326;35.7807;0.1378;0.2444;1.00E-12;2.2944;5.83E+02
ENVI;6;5;9.408;42;-165;163.639;13.4939;35.7783;0.1212;0.2558;1.00E-12;2.2855;5.83E+02
ENVI;6;5;9.408;42;-166;164.63;13.468;35.7772;0.0885;0.2033;1.00E-12;2.2769;5.82E+02
ENVI;6;5;9.408;42;-167;165.621;13.4866;35.7761;0.0868;0.1911;1.00E-12;2.2581;5.79E+02
ENVI;6;5;9.408;42;-168;166.613;13.4534;35.7726;0.063;0.1798;1.00E-12;2.2417;5.76E+02
ENVI;6;5;9.408;42;-169;167.603;13.432;35.7734;0.0522;0.1987;1.00E-12;2.2415;5.77E+02
ENVI;6;5;9.408;42;-170;168.595;13.4368;35.7735;0.0687;0.1974;1.00E-12;2.2403;5.77E+02
ENVI;6;5;9.408;42;-171;169.586;13.4211;35.7717;0.0695;0.1984;1.00E-12;2.2374;5.79E+02
ENVI;6;5;9.408;42;-172;170.578;13.4066;35.7712;0.0445;0.203;1.00E-12;2.234;5.80E+02
ENVI;6;5;9.408;42;-173;171.569;13.4073;35.7707;0.0347;0.2028;1.00E-12;2.2312;5.81E+02
ENVI;6;5;9.408;42;-174;172.56;13.4115;35.7709;0.0289;0.2032;1.00E-12;2.229;5.82E+02
ENVI;6;5;9.408;42;-175;173.552;13.3785;35.7665;0.0303;0.2042;1.00E-12;2.2267;5.82E+02
ENVI;6;5;9.408;42;-176;174.543;13.3492;35.7634;0.0282;0.2167;1.00E-12;2.2246;5.83E+02
ENVI;6;5;9.408;42;-177;175.534;13.3248;35.7592;0.0294;0.2114;1.00E-12;2.2225;5.81E+02
ENVI;6;5;9.408;42;-178;176.526;13.2718;35.7531;0.0282;0.1906;1.00E-12;2.2205;5.81E+02
ENVI;6;5;9.408;42;-179;177.517;13.1872;35.7408;0.0071;0.1853;1.00E-12;2.2129;5.78E+02
ENVI;6;5;9.408;42;-180;178.508;13.171;35.7375;0.0004;0.1994;1.00E-12;2.2111;5.74E+02
ENVI;6;5;9.408;42;-181;179.499;13.1516;35.7348;-0.004;0.2155;1.00E-12;2.2108;5.75E+02
ENVI;6;5;9.408;42;-182;180.491;13.1453;35.7337;-0.0208;0.228;1.00E-12;2.21;5.77E+02
ENVI;6;5;9.408;42;-183;181.482;13.1344;35.7316;-0.0166;0.239;1.00E-12;2.2093;5.79E+02
ENVI;6;5;9.408;42;-184;182.473;13.1158;35.729;-0.0058;0.2339;1.00E-12;2.2085;5.80E+02
ENVI;6;5;9.408;42;-185;183.465;13.0601;35.7251;0.0044;0.2273;1.00E-12;2.2077;5.80E+02
ENVI;6;5;9.408;42;-186;184.456;13.0131;35.7256;-0.0157;0.2405;1.00E-12;2.2058;5.79E+02
ENVI;6;5;9.408;42;-187;185.447;12.9883;35.7253;-0.0297;0.2353;1.00E-12;2.2039;5.79E+02
ENVI;6;5;9.408;42;-188;186.438;12.9739;35.7257;-0.0397;0.2279;1.00E-12;2.2014;5.80E+02
ENVI;6;5;9.408;42;-189;187.429;12.9696;35.7254;-0.0468;0.2339;1.00E-12;2.1981;5.82E+02
ENVI;6;5;9.408;42;-190;188.421;12.907;35.7268;-0.0515;0.2091;1.00E-12;2.1907;5.82E+02
ENVI;6;5;9.408;42;-191;189.412;12.878;35.7264;-0.0481;0.2126;1.00E-12;2.18;5.78E+02
ENVI;6;5;9.408;42;-192;190.403;12.8757;35.7258;-0.063;0.2142;1.00E-12;2.1725;5.75E+02
ENVI;6;5;9.408;42;-193;191.394;12.8515;35.7251;-0.0515;0.2301;1.00E-12;2.1691;5.75E+02
ENVI;6;5;9.408;42;-194;192.386;12.8432;35.7252;-0.0478;0.235;1.00E-12;2.1664;5.76E+02
ENVI;6;5;9.408;42;-195;193.377;12.8408;35.7251;-0.048;0.2362;1.00E-12;2.1644;5.77E+02
ENVI;6;5;9.408;42;-196;194.368;12.8378;35.7247;-0.0609;0.2528;1.00E-12;2.1631;5.79E+02
ENVI;6;5;9.408;42;-197;195.359;12.8351;35.7247;-0.0524;0.2457;1.00E-12;2.1613;5.80E+02
ENVI;6;5;9.408;42;-198;196.35;12.8293;35.7242;-0.0458;0.2402;1.00E-12;2.1599;5.81E+02
ENVI;6;5;9.408;42;-199;197.342;12.8249;35.724;-0.0612;0.2514;1.00E-12;2.1584;5.80E+02
ENVI;6;5;9.408;42;-200;198.333;12.8224;35.7238;-0.0612;0.246;1.00E-12;2.157;5.79E+02
ENVI;6;5;9.408;42;-201;199.324;12.821;35.7233;-0.0614;0.2386;1.00E-12;2.1556;5.79E+02
ENVI;6;5;9.408;42;-202;200.315;12.8186;35.7229;-0.0626;0.2314;1.00E-12;2.154;5.81E+02
ENVI;6;5;9.408;42;-203;201.306;12.8097;35.7223;-0.0683;0.2151;1.00E-12;2.1526;5.79E+02
ENVI;6;5;9.408;42;-204;202.297;12.8089;35.7224;-0.0641;0.2136;1.00E-12;2.1512;5.75E+02
ENVI;6;5;9.408;42;-205;203.289;12.8123;35.7229;-0.0376;0.2762;1.00E-12;2.1503;5.75E+02
ENVI;6;5;9.408;42;-206;204.28;12.8083;35.7232;-0.0475;0.2406;1.00E-12;2.1493;5.76E+02
ENVI;6;5;9.408;42;-207;205.271;12.7994;35.7235;-0.0575;0.2398;1.00E-12;2.149;5.77E+02
ENVI;6;5;9.408;42;-208;206.262;12.7911;35.7231;-0.0603;0.2403;1.00E-12;2.1481;5.79E+02
ENVI;6;5;9.408;42;-209;207.253;12.7823;35.7224;-0.0479;0.2479;1.00E-12;2.1477;5.80E+02
ENVI;6;5;9.408;42;-210;208.244;12.7729;35.7216;-0.0505;0.2483;1.00E-12;2.1465;5.80E+02
ENVI;6;5;9.408;42;-211;209.235;12.7392;35.7208;-0.0596;0.2488;1.00E-12;2.1452;5.81E+02
ENVI;6;5;9.408;42;-212;210.227;12.6959;35.7199;-0.0609;0.2673;1.00E-12;2.1431;5.81E+02
ENVI;6;5;9.408;42;-213;211.218;12.6805;35.7187;-0.0611;0.2714;1.00E-12;2.1414;5.81E+02
ENVI;6;5;9.408;42;-214;212.209;12.6595;35.7168;-0.0752;0.2322;1.00E-12;2.1327;5.78E+02
ENVI;6;5;9.408;42;-215;213.2;12.6564;35.7161;-0.083;0.2398;1.00E-12;2.1278;5.75E+02
ENVI;6;5;9.408;42;-216;214.191;12.6461;35.7156;-0.0764;0.2527;1.00E-12;2.1272;5.75E+02
ENVI;6;5;9.408;42;-217;215.182;12.6352;35.7152;-0.0737;0.2605;1.00E-12;2.1268;5.75E+02
ENVI;6;5;9.408;42;-218;216.173;12.6158;35.7141;-0.0842;0.2656;1.00E-12;2.1256;5.77E+02
ENVI;6;5;9.408;42;-219;217.164;12.5939;35.7137;-0.0788;0.2704;1.00E-12;2.1242;5.78E+02
ENVI;6;5;9.408;42;-220;218.156;12.5849;35.7134;-0.072;0.2741;1.00E-12;2.1227;5.79E+02
ENVI;6;5;9.408;42;-221;219.147;12.5606;35.7118;-0.083;0.2957;1.00E-12;2.1208;5.81E+02
ENVI;6;5;9.408;42;-222;220.138;12.5169;35.7116;-0.0826;0.3019;1.00E-12;2.1191;5.81E+02
ENVI;6;5;9.408;42;-223;221.129;12.4971;35.7106;-0.0849;0.3082;1.00E-12;2.1169;5.80E+02
ENVI;6;5;9.408;42;-224;222.12;12.478;35.7086;-0.0863;0.3217;1.00E-12;2.1145;5.79E+02
ENVI;6;5;9.408;42;-225;223.111;12.4299;35.707;-0.0878;0.3078;1.00E-12;2.1071;5.80E+02
ENVI;6;5;9.408;42;-226;224.102;12.4179;35.7057;-0.091;0.29;1.00E-12;2.0981;5.78E+02
ENVI;6;5;9.408;42;-227;225.093;12.4131;35.7055;-0.0892;0.314;1.00E-12;2.0963;5.77E+02
ENVI;6;5;9.408;42;-228;226.084;12.4106;35.7054;-0.0848;0.321;1.00E-12;2.0946;5.77E+02
ENVI;6;5;9.408;42;-229;227.075;12.4076;35.705;-0.0829;0.3194;1.00E-12;2.093;5.77E+02
ENVI;6;5;9.408;42;-230;228.066;12.4024;35.7048;-0.0853;0.3153;1.00E-12;2.0921;5.77E+02
ENVI;6;5;9.408;42;-231;229.057;12.3933;35.7048;-0.0833;0.3321;1.00E-12;2.091;5.77E+02
ENVI;6;5;9.408;42;-232;230.048;12.3913;35.7047;-0.0846;0.3396;1.00E-12;2.0906;5.79E+02
ENVI;6;5;9.408;42;-233;231.039;12.3931;35.7044;-0.0829;0.3453;1.00E-12;2.089;5.79E+02
ENVI;6;5;9.408;42;-234;232.03;12.3863;35.7039;-0.0828;0.339;1.00E-12;2.0878;5.81E+02
ENVI;6;5;9.408;42;-235;233.021;12.3838;35.7034;-0.084;0.3382;1.00E-12;2.0868;5.82E+02
ENVI;6;5;9.408;42;-236;234.012;12.3734;35.7028;-0.0822;0.331;1.00E-12;2.0864;5.81E+02
ENVI;6;5;9.408;42;-237;235.003;12.3657;35.7023;-0.0855;0.3319;1.00E-12;2.0856;5.80E+02
ENVI;6;5;9.408;42;-238;235.994;12.3641;35.7022;-0.0844;0.332;1.00E-12;2.0849;5.81E+02
ENVI;6;5;9.408;42;-239;236.985;12.3658;35.7019;-0.0831;0.3337;1.00E-12;2.084;5.81E+02
ENVI;6;5;9.408;42;-240;237.976;12.3536;35.7005;-0.0832;0.2796;1.00E-12;2.0814;5.77E+02
ENVI;6;5;9.408;42;-241;238.967;12.3365;35.6999;-0.0827;0.3067;1.00E-12;2.0815;5.77E+02
ENVI;6;5;9.408;42;-242;239.958;12.3362;35.6997;-0.0848;0.3286;1.00E-12;2.0804;5.78E+02
ENVI;6;5;9.408;42;-243;240.949;12.3358;35.6997;-0.0808;0.3375;1.00E-12;2.0799;5.80E+02
ENVI;6;5;9.408;42;-244;241.94;12.3349;35.699;-0.085;0.2894;1.00E-12;2.0779;5.79E+02
ENVI;6;5;9.408;42;-245;242.931;12.3362;35.6992;-0.0838;0.2938;1.00E-12;2.0779;5.78E+02
ENVI;6;5;9.408;42;-246;243.922;12.3333;35.6988;-0.0841;0.3059;1.00E-12;2.0777;5.79E+02
ENVI;6;5;9.408;42;-247;244.913;12.33;35.6989;-0.0824;0.3209;1.00E-12;2.0773;5.79E+02
ENVI;6;5;9.408;42;-248;245.904;12.3262;35.6987;-0.0837;0.3378;1.00E-12;2.0765;5.80E+02
ENVI;6;5;9.408;42;-249;246.895;12.3255;35.6984;-0.0839;0.3474;1.00E-12;2.0759;579.14
ENVI;6;5;9.408;42;-250;247.886;12.3229;35.6979;-0.0829;0.3275;1.00E-12;2.0753;580.85
ENVI;6;5;9.408;42;-251;248.877;12.3219;35.6979;-0.0744;0.3061;1.00E-12;2.0752;580.94
ENVI;6;5;9.408;42;-252;249.868;12.3189;35.6976;-0.0851;0.3334;1.00E-12;2.075;580.55
ENVI;6;5;9.408;42;-253;250.859;12.2982;35.6977;-0.0857;0.3054;1.00E-12;2.0711;578.24
ENVI;6;51;9.507;42;-6;5.953;14.011;35.805;2.0481;0.3127;141.5;2.4671;620.92
ENVI;6;51;9.507;42;-7;6.945;14.0094;35.7701;2.0922;0.3073;126.93;2.4651;617.45
ENVI;6;51;9.507;42;-8;7.937;14.0087;35.77;2.0116;0.2916;112.04;2.4644;620.07
ENVI;6;51;9.507;42;-9;8.929;14.0091;35.77;2.1376;0.3056;100.82;2.4637;622.36
ENVI;6;51;9.507;42;-10;9.921;14.0065;35.7697;2.4233;0.3166;90.526;2.463;622.32
ENVI;6;51;9.507;42;-11;10.913;14.0052;35.7696;2.2116;0.2943;79.077;2.463;622.34
ENVI;6;51;9.507;42;-12;11.905;14.0041;35.7694;2.1396;0.3144;71.286;2.4618;622.44
ENVI;6;51;9.507;42;-13;12.897;14.0021;35.7691;2.1501;0.3045;65.402;2.4613;621.1
ENVI;6;51;9.507;42;-14;13.89;14.0029;35.7692;2.2308;0.3035;58.354;2.461;618.92
ENVI;6;51;9.507;42;-15;14.882;14.0048;35.7695;2.2444;0.2973;52.62;2.4606;618.84
ENVI;6;51;9.507;42;-16;15.874;14.0018;35.7691;2.3015;0.3176;48.688;2.4607;620.46
ENVI;6;51;9.507;42;-17;16.866;13.9997;35.7687;2.195;0.2998;45.173;2.4593;620.45
ENVI;6;51;9.507;42;-18;17.858;14.0008;35.7688;2.3174;0.2904;40.185;2.4581;620.45
ENVI;6;51;9.507;42;-19;18.85;13.999;35.7685;2.2083;0.3001;34.783;2.4577;620.45
ENVI;6;51;9.507;42;-20;19.842;13.9983;35.7684;2.1742;0.2853;32.426;2.4565;622.58
ENVI;6;51;9.507;42;-21;20.834;13.9962;35.7682;2.0421;0.2956;30.134;2.4557;622.08
ENVI;6;51;9.507;42;-22;21.826;13.9909;35.7673;2.2276;0.3501;28.264;2.4552;616.94
ENVI;6;51;9.507;42;-23;22.818;13.991;35.7672;2.1421;0.2882;25.391;2.4534;616.03
ENVI;6;51;9.507;42;-24;23.81;13.9962;35.7679;2.2836;0.3065;23.17;2.4526;618.13
ENVI;6;51;9.507;42;-25;24.802;13.9969;35.768;2.3191;0.2956;21.158;2.4525;620.36
ENVI;6;51;9.507;42;-26;25.794;13.9872;35.7664;2.0357;0.2968;19.427;2.4527;622.22
ENVI;6;51;9.507;42;-27;26.786;13.9814;35.7656;1.9574;0.2961;17.89;2.4523;619.71
ENVI;6;51;9.507;42;-28;27.778;13.978;35.7649;1.9571;0.2888;16.687;2.4499;617.04
ENVI;6;51;9.507;42;-29;28.77;13.9786;35.765;2.0146;0.3017;14.781;2.4478;616.19
ENVI;6;51;9.507;42;-30;29.762;13.9777;35.7648;1.8544;0.299;13.667;2.4472;616.06
ENVI;6;51;9.507;42;-31;30.754;13.9776;35.7649;1.9414;0.3052;12.749;2.4471;616.45
ENVI;6;51;9.507;42;-32;31.746;13.9759;35.7645;1.9398;0.298;11.987;2.4466;614.46
ENVI;6;51;9.507;42;-33;32.738;13.9762;35.7645;1.9554;0.3014;11.017;2.4465;616.87
ENVI;6;51;9.507;42;-34;33.73;13.9759;35.7645;1.9457;0.2865;9.8876;2.4455;620
ENVI;6;51;9.507;42;-35;34.722;13.9721;35.7639;2.0054;0.3112;8.6757;2.445;617.29
ENVI;6;51;9.507;42;-36;35.714;13.9704;35.7637;1.906;0.303;8.064;2.4444;613.62
ENVI;6;51;9.507;42;-37;36.706;13.9689;35.7635;1.9341;0.3081;7.6958;2.444;611.37
ENVI;6;51;9.507;42;-38;37.698;13.972;35.764;1.9938;0.3359;7.4414;2.444;609.24
ENVI;6;51;9.507;42;-39;38.69;13.9715;35.7637;1.9209;0.3048;6.9154;2.4438;610.87
ENVI;6;51;9.507;42;-40;39.682;13.9654;35.763;1.9106;0.2919;5.6342;2.4424;614.64
ENVI;6;51;9.507;42;-41;40.674;13.9666;35.763;1.864;0.294;5.0536;2.4423;617.86
ENVI;6;51;9.507;42;-42;41.666;13.968;35.7631;2.1578;0.3193;4.8527;2.442;615.68
ENVI;6;51;9.507;42;-43;42.658;13.9494;35.7611;2.0732;0.3175;4.7159;2.4417;612.6
ENVI;6;51;9.507;42;-44;43.65;13.944;35.7603;1.9378;0.3181;4.4681;2.44;610.32
ENVI;6;51;9.507;42;-45;44.642;13.9376;35.7596;1.8991;0.2821;3.8373;2.4394;607.15
ENVI;6;51;9.507;42;-46;45.634;13.9322;35.7591;1.8305;0.2859;3.3222;2.4396;611.3
ENVI;6;51;9.507;42;-47;46.625;13.9292;35.7591;2.034;0.3493;3.1453;2.4395;613.72
ENVI;6;51;9.507;42;-48;47.617;13.9282;35.7592;1.9685;0.3333;2.9172;2.4389;614.29
ENVI;6;51;9.507;42;-49;48.609;13.9276;35.7591;1.8386;0.3036;2.7549;2.438;613.3
ENVI;6;51;9.507;42;-50;49.601;13.9277;35.7589;1.8714;0.2791;2.5142;2.4377;606.87
ENVI;6;51;9.507;42;-51;50.593;13.9281;35.7589;1.7843;0.2848;2.2543;2.4379;603.59
ENVI;6;51;9.507;42;-52;51.585;13.924;35.7592;1.8463;0.291;2.089;2.437;606.5
ENVI;6;51;9.507;42;-53;52.577;13.9086;35.7582;1.9077;0.3057;1.9302;2.4361;606.64
ENVI;6;51;9.507;42;-54;53.569;13.894;35.7562;1.8609;0.2949;1.7426;2.4354;604.06
ENVI;6;51;9.507;42;-55;54.561;13.886;35.755;1.7855;0.3367;1.5825;2.4343;605.56
ENVI;6;51;9.507;42;-56;55.553;13.8792;35.754;1.7943;0.3232;1.476;2.4346;604.47
ENVI;6;51;9.507;42;-57;56.544;13.8763;35.7535;1.8052;0.3054;1.3797;2.4345;601.9
ENVI;6;51;9.507;42;-58;57.536;13.8664;35.7523;1.8855;0.2927;1.26;2.4335;600.89
ENVI;6;51;9.507;42;-59;58.528;13.8678;35.7524;1.8696;0.293;1.1217;2.4329;601.66
ENVI;6;51;9.507;42;-60;59.52;13.8691;35.7524;1.8172;0.2954;1.0254;2.4326;599.03
ENVI;6;51;9.507;42;-61;60.512;13.868;35.7522;1.724;0.2928;0.96273;2.432;596.65
ENVI;6;51;9.507;42;-62;61.504;13.863;35.752;1.8112;0.289;0.90283;2.4318;596.75
ENVI;6;51;9.507;42;-63;62.496;13.8593;35.7516;1.8003;0.2875;0.81636;2.4311;596.42
ENVI;6;51;9.507;42;-64;63.487;13.854;35.7513;1.5707;0.2688;0.72661;2.428;596.15
ENVI;6;51;9.507;42;-65;64.479;13.8409;35.7508;1.5422;0.28;0.66314;2.4272;596.52
ENVI;6;51;9.507;42;-66;65.471;13.8181;35.7482;1.5458;0.2779;0.62023;2.4261;595.72
ENVI;6;51;9.507;42;-67;66.463;13.7837;35.7432;1.4644;0.2698;0.59453;2.4222;590.16
ENVI;6;51;9.507;42;-68;67.455;13.7686;35.7405;1.5082;0.2679;0.52811;2.4228;588.44
ENVI;6;51;9.507;42;-69;68.447;13.7653;35.74;1.5299;0.263;0.46366;2.4239;589.78
ENVI;6;51;9.507;42;-70;69.438;13.7663;35.74;1.5452;0.2769;0.43445;2.4239;592.11
ENVI;6;51;9.507;42;-71;70.43;13.7453;35.7376;1.5476;0.2887;0.40591;2.4236;592.45
ENVI;6;51;9.507;42;-72;71.422;13.7123;35.7341;1.6747;0.2889;0.37971;2.4228;591.27
ENVI;6;51;9.507;42;-73;72.414;13.6909;35.7308;1.5516;0.2936;0.35342;2.4221;589.97
ENVI;6;51;9.507;42;-74;73.405;13.5833;35.717;1.4234;0.2682;0.30737;2.4175;582.69
ENVI;6;51;9.507;42;-75;74.397;13.5457;35.7111;1.0272;0.2611;0.27776;2.4127;582.64
ENVI;6;51;9.507;42;-76;75.389;13.5369;35.709;0.9624;0.2763;0.26333;2.4092;584.56
ENVI;6;51;9.507;42;-77;76.381;13.532;35.7076;0.9472;0.2741;0.24785;2.4063;584.54
ENVI;6;51;9.507;42;-78;77.373;13.5275;35.7067;0.897;0.2748;0.22997;2.4039;584.05
ENVI;6;51;9.507;42;-79;78.364;13.5265;35.7056;0.8804;0.255;0.2085;2.3989;576.48
ENVI;6;51;9.507;42;-80;79.356;13.5266;35.7057;0.8411;0.2735;0.18919;2.3981;576.56
ENVI;6;51;9.507;42;-81;80.348;13.5268;35.7057;0.8346;0.2779;0.17333;2.3983;576.46
ENVI;6;51;9.507;42;-82;81.34;13.5267;35.7056;0.8517;0.2737;0.16121;2.398;576.47
ENVI;6;51;9.507;42;-83;82.331;13.524;35.7052;0.8383;0.2662;0.15078;2.3965;576.56
ENVI;6;51;9.507;42;-84;83.323;13.5217;35.7049;0.8414;0.2749;0.13529;2.3961;576.43
ENVI;6;51;9.507;42;-85;84.315;13.5217;35.7047;0.8051;0.2654;0.12131;2.3958;572.7
ENVI;6;51;9.507;42;-86;85.307;13.5213;35.7044;0.796;0.2622;0.11008;2.395;570.7
ENVI;6;51;9.507;42;-87;86.298;13.5216;35.7045;0.8298;0.2799;0.10205;2.3952;570.57
ENVI;6;51;9.507;42;-88;87.29;13.5215;35.7045;0.8863;0.2874;0.09479;2.3951;570.95
ENVI;6;51;9.507;42;-89;88.282;13.5217;35.7044;0.8942;0.279;0.088282;2.3944;571.17
ENVI;6;51;9.507;42;-90;89.274;13.5221;35.7045;0.837;0.2733;0.079787;2.3941;569.68
ENVI;6;51;9.507;42;-91;90.265;13.5214;35.7042;0.8478;0.2609;0.057898;2.394;565.87
ENVI;6;51;9.507;42;-92;91.257;13.5216;35.7044;0.9063;0.2807;0.048706;2.3929;564.95
ENVI;6;51;9.507;42;-93;92.249;13.521;35.7045;0.8813;0.2884;0.042113;2.3923;566.25
ENVI;6;51;9.507;42;-94;93.24;13.5178;35.704;0.8335;0.3079;0.037971;2.392;566.09
ENVI;6;51;9.507;42;-95;94.232;13.5105;35.704;0.8123;0.2915;0.034819;2.3918;566.09
ENVI;6;51;9.507;42;-96;95.224;13.5075;35.7041;0.771;0.2765;0.040168;2.3911;565.14
ENVI;6;51;9.507;42;-97;96.215;13.5036;35.7043;0.7054;0.2753;0.036114;2.3905;564.94
ENVI;6;51;9.507;42;-98;97.207;13.4989;35.7046;0.6076;0.2617;0.023066;2.3845;562.89
ENVI;6;51;9.507;42;-99;98.199;13.4985;35.7055;0.5698;0.2515;0.014119;2.3787;558.4
ENVI;6;51;9.507;42;-100;99.19;13.4997;35.7064;0.5112;0.252;0.016012;2.3786;558.61
ENVI;6;51;9.507;42;-101;100.182;13.4982;35.7095;0.4792;0.2525;0.013645;2.3782;559.14
ENVI;6;51;9.507;42;-102;101.174;13.4208;35.7195;0.4419;0.2485;0.011527;2.3765;560.48
ENVI;6;51;9.507;42;-103;102.165;13.3601;35.732;0.3608;0.241;0.0099808;2.3741;560.59
ENVI;6;51;9.507;42;-104;103.157;13.3499;35.7339;0.1942;0.2359;0.0072118;2.3695;560.71
ENVI;6;51;9.507;42;-105;104.149;13.3457;35.7346;0.1276;0.2315;0.0045087;2.3598;562.57
ENVI;6;51;9.507;42;-106;105.14;13.3411;35.7357;0.1168;0.2217;0.00088684;2.3437;562.36
ENVI;6;51;9.507;42;-107;106.132;13.2958;35.7514;0.0921;0.2011;0.000060835;2.2963;557.79
ENVI;6;51;9.507;42;-108;107.124;13.2852;35.7553;0.0341;0.1834;-0.000003767;2.2567;554.31
ENVI;6;51;9.507;42;-109;108.115;13.2575;35.7673;0.0187;0.1851;1.00E-12;2.2542;553.99
ENVI;6;51;9.507;42;-110;109.107;13.2421;35.7728;-0.0071;0.1848;1.00E-12;2.2505;554.6
ENVI;6;51;9.507;42;-111;110.098;13.2368;35.7745;-0.0241;0.1834;1.00E-12;2.2455;554.62
ENVI;6;51;9.507;42;-112;111.09;13.2306;35.7765;-0.0371;0.1738;1.00E-12;2.2392;555.43
ENVI;6;51;9.507;42;-113;112.082;13.2267;35.7778;-0.0443;0.1803;1.00E-12;2.232;556.61
ENVI;6;51;9.507;42;-114;113.073;13.2203;35.7808;-0.048;0.1846;1.00E-12;2.2244;556.49
ENVI;6;51;9.507;42;-115;114.065;13.2175;35.7821;-0.035;0.1849;1.00E-12;2.2179;556.73
ENVI;6;51;9.507;42;-116;115.057;13.214;35.7845;-0.0356;0.1815;1.00E-12;2.2125;553.88
ENVI;6;51;9.507;42;-117;116.048;13.2133;35.7874;-0.0395;0.1784;1.00E-12;2.2071;552.2
ENVI;6;51;9.507;42;-118;117.04;13.2131;35.7881;-0.0454;0.1834;1.00E-12;2.2036;550.85
ENVI;6;51;9.507;42;-119;118.031;13.2199;35.7829;-0.0549;0.156;1.00E-12;2.1946;553.02
ENVI;6;51;9.507;42;-120;119.023;13.1827;35.7894;-0.0615;0.1657;1.00E-12;2.1919;554.66
ENVI;6;51;9.507;42;-121;120.014;13.131;35.7918;-0.0482;0.1664;1.00E-12;2.1893;554.55
ENVI;6;51;9.507;42;-122;121.006;13.1185;35.7911;-0.0839;0.1749;1.00E-12;2.185;553.14
ENVI;6;51;9.507;42;-123;121.997;13.1142;35.7903;-0.0824;0.1667;1.00E-12;2.18;552.61
ENVI;6;51;9.507;42;-124;122.989;13.108;35.7902;-0.0832;0.1739;1.00E-12;2.1763;551.78
ENVI;6;51;9.507;42;-125;123.98;13.1015;35.7896;-0.0824;0.1847;1.00E-12;2.1729;550.72
ENVI;6;51;9.507;42;-126;124.972;13.0993;35.7894;-0.0842;0.1746;1.00E-12;2.1701;550.63
ENVI;6;51;9.507;42;-127;125.964;13.0484;35.7863;-0.0765;0.1697;1.00E-12;2.1677;548.98
ENVI;6;51;9.507;42;-128;126.955;12.9977;35.7812;-0.0791;0.162;1.00E-12;2.1624;546.6
ENVI;6;51;9.507;42;-129;127.947;12.9805;35.78;-0.0818;0.1663;1.00E-12;2.1583;548.94
ENVI;6;51;9.507;42;-130;128.938;12.9805;35.7797;-0.0849;0.1662;1.00E-12;2.1556;550.84
ENVI;6;51;9.507;42;-131;129.93;12.9721;35.7786;-0.0904;0.1715;1.00E-12;2.1538;552.37
ENVI;6;51;9.507;42;-132;130.921;12.9567;35.777;-0.0899;0.1692;1.00E-12;2.1518;551.69
ENVI;6;51;9.507;42;-133;131.913;12.9384;35.7744;-0.0833;0.1649;1.00E-12;2.15;550.97
ENVI;6;51;9.507;42;-134;132.904;12.9165;35.772;-0.0832;0.1703;1.00E-12;2.1484;550.29
ENVI;6;51;9.507;42;-135;133.896;12.8935;35.769;-0.0867;0.1645;1.00E-12;2.1467;548.65
ENVI;6;51;9.507;42;-136;134.887;12.8676;35.7661;-0.0903;0.1719;1.00E-12;2.1448;547.63
ENVI;6;51;9.507;42;-137;135.879;12.8525;35.7635;-0.0813;0.1558;1.00E-12;2.1426;546.15
ENVI;6;51;9.507;42;-138;136.87;12.8441;35.7621;-0.0949;0.174;1.00E-12;2.1415;546.57
ENVI;6;51;9.507;42;-139;137.862;12.8429;35.7617;-0.0843;0.1546;1.00E-12;2.1402;546.64
ENVI;6;51;9.507;42;-140;138.853;12.8431;35.7615;-0.0843;0.1642;1.00E-12;2.1391;546.64
ENVI;6;51;9.507;42;-141;139.844;12.8428;35.7614;-0.0844;0.1635;1.00E-12;2.1388;547.21
ENVI;6;51;9.507;42;-142;140.836;12.839;35.7607;-0.0839;0.1602;1.00E-12;2.1378;547.34
ENVI;6;51;9.507;42;-143;141.827;12.8293;35.7592;-0.0929;0.1664;1.00E-12;2.1369;546.66
ENVI;6;51;9.507;42;-144;142.819;12.8157;35.7576;-0.0871;0.1662;1.00E-12;2.1364;544.14
ENVI;6;51;9.507;42;-145;143.81;12.8044;35.756;-0.0839;0.1572;1.00E-12;2.1352;543.13
ENVI;6;51;9.507;42;-146;144.802;12.7964;35.7547;-0.0796;0.1577;1.00E-12;2.1345;546.53
ENVI;6;51;9.507;42;-147;145.793;12.7815;35.7526;-0.0748;0.1489;1.00E-12;2.1333;546.64
ENVI;6;51;9.507;42;-148;146.785;12.7675;35.7509;-0.0938;0.1543;1.00E-12;2.1322;546.14
ENVI;6;51;9.507;42;-149;147.776;12.7572;35.7496;-0.0944;0.1651;1.00E-12;2.1314;544.23
ENVI;6;51;9.507;42;-150;148.768;12.7526;35.7489;-0.0944;0.1662;1.00E-12;2.1304;543.89
ENVI;6;51;9.507;42;-151;149.759;12.7455;35.7477;-0.0949;0.1615;1.00E-12;2.1296;544.08
ENVI;6;51;9.507;42;-152;150.75;12.7355;35.7463;-0.0939;0.1516;1.00E-12;2.1293;544.27
ENVI;6;51;9.507;42;-153;151.742;12.7145;35.7436;-0.0878;0.1584;1.00E-12;2.1286;542.72
ENVI;6;51;9.507;42;-154;152.733;12.7013;35.7419;-0.0888;0.1622;1.00E-12;2.1271;542.05
ENVI;6;51;9.507;42;-155;153.725;12.6854;35.7397;-0.0944;0.16;1.00E-12;2.1257;540.61
ENVI;6;51;9.507;42;-156;154.716;12.6708;35.7378;-0.1074;0.1609;1.00E-12;2.124;540.65
ENVI;6;51;9.507;42;-157;155.707;12.653;35.7355;-0.0849;0.1603;1.00E-12;2.1232;540.65
ENVI;6;51;9.507;42;-158;156.699;12.65;35.7349;-0.0932;0.1489;1.00E-12;2.1219;541.19
ENVI;6;51;9.507;42;-159;157.69;12.6307;35.7321;-0.0855;0.1533;1.00E-12;2.1209;540.67
ENVI;6;51;9.507;42;-160;158.682;12.6157;35.7307;-0.0824;0.1492;1.00E-12;2.1198;540.65
ENVI;6;51;9.507;42;-161;159.673;12.6106;35.7298;-0.0973;0.1485;1.00E-12;2.1192;540.65
ENVI;6;51;9.507;42;-162;160.664;12.6093;35.7295;-0.1052;0.1507;1.00E-12;2.1182;540.65
ENVI;6;51;9.507;42;-163;161.656;12.6065;35.7287;-0.1017;0.1543;1.00E-12;2.1179;540.56
ENVI;6;51;9.507;42;-164;162.647;12.5983;35.7278;-0.0835;0.154;1.00E-12;2.1167;539.29
ENVI;6;51;9.507;42;-165;163.638;12.5973;35.7274;-0.0821;0.154;1.00E-12;2.1159;538.51
ENVI;6;51;9.507;42;-166;164.63;12.5761;35.7248;-0.0927;0.1569;1.00E-12;2.1153;536.93
ENVI;6;51;9.507;42;-167;165.621;12.5605;35.7224;-0.0961;0.164;1.00E-12;2.1142;536.11
ENVI;6;51;9.507;42;-168;166.612;12.5401;35.7204;-0.0842;0.1615;1.00E-12;2.1134;536.69
ENVI;6;51;9.507;42;-169;167.604;12.5305;35.7189;-0.0823;0.1476;1.00E-12;2.1126;538.7
ENVI;6;51;9.507;42;-170;168.595;12.5248;35.7183;-0.0848;0.1479;1.00E-12;2.1119;540.09
ENVI;6;51;9.507;42;-171;169.586;12.5205;35.7175;-0.0853;0.1481;1.00E-12;2.1108;539.65
ENVI;6;51;9.507;42;-172;170.578;12.5183;35.7168;-0.0935;0.1551;1.00E-12;2.1101;535.96
ENVI;6;51;9.507;42;-173;171.569;12.5117;35.7155;-0.0943;0.1654;1.00E-12;2.1098;533.82
ENVI;6;51;9.507;42;-174;172.56;12.4901;35.713;-0.1027;0.1519;1.00E-12;2.109;535.24
ENVI;6;51;9.507;42;-175;173.552;12.4854;35.7125;-0.0971;0.1466;1.00E-12;2.1086;535.36
ENVI;6;51;9.507;42;-176;174.543;12.4815;35.7118;-0.0871;0.1479;1.00E-12;2.1077;534.65
ENVI;6;51;9.507;42;-177;175.534;12.4792;35.7116;-0.0857;0.1496;1.00E-12;2.1073;534.66
ENVI;6;51;9.507;42;-178;176.526;12.4697;35.71;-0.0939;0.154;1.00E-12;2.1071;533.12
ENVI;6;51;9.507;42;-179;177.517;12.4471;35.7081;-0.0946;0.1697;1.00E-12;2.1063;533.41
ENVI;6;51;9.507;42;-180;178.508;12.439;35.7072;-0.091;0.1673;1.00E-12;2.1052;534.43
ENVI;6;51;9.507;42;-181;179.5;12.4359;35.7066;-0.0826;0.1546;1.00E-12;2.1045;534.66
ENVI;6;51;9.507;42;-182;180.49;12.4313;35.7059;-0.0918;0.154;1.00E-12;2.1032;534.58
ENVI;6;51;9.507;42;-183;181.482;12.4284;35.7052;-0.0905;0.1517;1.00E-12;2.102;532.94
ENVI;6;51;9.507;42;-184;182.473;12.4265;35.7046;-0.0882;0.1399;1.00E-12;2.1022;532.06
ENVI;6;51;9.507;42;-185;183.465;12.4174;35.7034;-0.0914;0.1448;1.00E-12;2.1021;530.62
ENVI;6;51;9.507;42;-186;184.456;12.4011;35.7019;-0.0944;0.1571;1.00E-12;2.1017;530.67
ENVI;6;51;9.507;42;-187;185.447;12.3979;35.7013;-0.0897;0.1681;1.00E-12;2.1006;530.67
ENVI;6;51;9.507;42;-188;186.438;12.3911;35.7003;-0.0844;0.1781;1.00E-12;2.0999;530.67
ENVI;6;51;9.507;42;-189;187.43;12.3644;35.6978;-0.1053;0.1602;1.00E-12;2.0987;531.02
ENVI;6;51;9.507;42;-190;188.421;12.354;35.6967;-0.0938;0.1601;1.00E-12;2.0974;532.68
ENVI;6;51;9.507;42;-191;189.412;12.3466;35.6956;-0.0866;0.1597;1.00E-12;2.0962;532.43
ENVI;6;51;9.507;42;-192;190.403;12.3417;35.695;-0.0932;0.1477;1.00E-12;2.0959;532.17
ENVI;6;51;9.507;42;-193;191.394;12.3368;35.6942;-0.0934;0.1481;1.00E-12;2.0951;529.86
ENVI;6;51;9.507;42;-194;192.385;12.3311;35.6933;-0.0907;0.1531;1.00E-12;2.0948;526.71
ENVI;6;51;9.507;42;-195;193.377;12.3263;35.6925;-0.0991;0.15;1.00E-12;2.0951;528.77
ENVI;6;51;9.507;42;-196;194.368;12.3202;35.6919;-0.0835;0.1535;1.00E-12;2.095;528.83
ENVI;6;51;9.507;42;-197;195.359;12.3158;35.6913;-0.0829;0.154;1.00E-12;2.0943;528.68
ENVI;6;51;9.507;42;-198;196.35;12.3026;35.6896;-0.0975;0.1578;1.00E-12;2.0936;527.44
ENVI;6;51;9.507;42;-199;197.342;12.2899;35.6884;-0.107;0.1583;1.00E-12;2.0925;526.66
ENVI;6;51;9.507;42;-200;198.333;12.2802;35.687;-0.1068;0.148;1.00E-12;2.0918;526.79
ENVI;6;51;9.507;42;-201;199.324;12.2746;35.6863;-0.1061;0.1528;1.00E-12;2.0905;528.72
ENVI;6;51;9.507;42;-202;200.315;12.2703;35.6855;-0.0887;0.154;1.00E-12;2.09;527.29
ENVI;6;51;9.507;42;-203;201.306;12.2644;35.6846;-0.0939;0.1594;1.00E-12;2.0902;525.06
ENVI;6;51;9.507;42;-204;202.297;12.2622;35.6842;-0.1047;0.1475;1.00E-12;2.0904;524.7
ENVI;6;51;9.507;42;-205;203.289;12.2545;35.683;-0.0966;0.1449;1.00E-12;2.0905;524.69
ENVI;6;51;9.507;42;-206;204.28;12.2157;35.6776;-0.1063;0.1542;1.00E-12;2.0903;524.69
ENVI;6;51;9.507;42;-207;205.271;12.1787;35.6749;-0.1067;0.152;1.00E-12;2.0902;523.28
ENVI;6;51;9.507;42;-208;206.262;12.1671;35.6734;-0.1061;0.1419;1.00E-12;2.0897;522.7
ENVI;6;51;9.507;42;-209;207.253;12.153;35.6721;-0.0882;0.1418;1.00E-12;2.0897;523.28
ENVI;6;51;9.507;42;-210;208.244;12.1475;35.6712;-0.0871;0.1435;1.00E-12;2.0899;524.03
ENVI;6;51;9.507;42;-211;209.236;12.1351;35.67;-0.094;0.1502;1.00E-12;2.0899;524.21
ENVI;6;51;9.507;42;-212;210.227;12.131;35.6693;-0.0921;0.1565;1.00E-12;2.0901;522.95
ENVI;6;51;9.507;42;-213;211.218;12.1247;35.6684;-0.0878;0.1478;1.00E-12;2.0905;522.53
ENVI;6;51;9.507;42;-214;212.209;12.1155;35.6676;-0.0945;0.1479;1.00E-12;2.09;522.62
ENVI;6;51;9.507;42;-215;213.2;12.1094;35.667;-0.0933;0.1474;1.00E-12;2.0887;521.86
ENVI;6;51;9.507;42;-216;214.191;12.1068;35.6665;-0.0863;0.1417;1.00E-12;2.0874;520.69
ENVI;6;51;9.507;42;-217;215.182;12.1041;35.6663;-0.0971;0.143;1.00E-12;2.0866;519.33
ENVI;6;51;9.507;42;-218;216.173;12.0989;35.6656;-0.1062;0.1483;1.00E-12;2.0861;519.48
ENVI;6;51;9.507;42;-219;217.164;12.0945;35.6655;-0.0957;0.1583;1.00E-12;2.0856;520.38
ENVI;6;51;9.507;42;-220;218.155;12.0851;35.6644;-0.0924;0.1577;1.00E-12;2.0851;520.71
ENVI;6;51;9.507;42;-221;219.147;12.0802;35.6641;-0.0831;0.154;1.00E-12;2.0841;520.7
ENVI;6;51;9.507;42;-222;220.138;12.0793;35.6637;-0.0824;0.154;1.00E-12;2.0834;520.7
ENVI;6;51;9.507;42;-223;221.129;12.0791;35.6637;-0.0835;0.1488;1.00E-12;2.0824;520.3
ENVI;6;51;9.507;42;-224;222.12;12.0794;35.6633;-0.0941;0.1498;1.00E-12;2.082;518.97
ENVI;6;51;9.507;42;-225;223.111;12.0795;35.663;-0.0877;0.1431;1.00E-12;2.0825;518.07
ENVI;6;51;9.507;42;-226;224.102;12.0775;35.6629;-0.0942;0.1466;1.00E-12;2.0828;516.71
ENVI;6;51;9.507;42;-227;225.093;12.0749;35.6623;-0.0945;0.142;1.00E-12;2.0828;517.82
ENVI;6;51;9.507;42;-228;226.084;12.0608;35.6612;-0.0939;0.1418;1.00E-12;2.0828;516.78
ENVI;6;51;9.507;42;-229;227.075;12.0535;35.6607;-0.0939;0.1359;1.00E-12;2.0822;516.71
ENVI;6;51;9.507;42;-230;228.066;12.0465;35.6599;-0.0939;0.1364;1.00E-12;2.081;516.71
ENVI;6;51;9.507;42;-231;229.057;12.0419;35.6595;-0.0944;0.1503;1.00E-12;2.0801;516.71
ENVI;6;51;9.507;42;-232;230.048;12.0419;35.6593;-0.0967;0.1534;1.00E-12;2.0799;516.71
ENVI;6;51;9.507;42;-233;231.039;12.0414;35.6592;-0.0938;0.1477;1.00E-12;2.0799;517.39
ENVI;6;51;9.507;42;-234;232.03;12.0403;35.659;-0.1019;0.1479;1.00E-12;2.0799;517.41
ENVI;6;51;9.507;42;-235;233.021;12.0386;35.6588;-0.1062;0.1472;1.00E-12;2.0796;517.41
ENVI;6;51;9.507;42;-236;234.012;12.0372;35.6585;-0.0927;0.1422;1.00E-12;2.0794;516.6
ENVI;6;51;9.507;42;-237;235.003;12.0367;35.6582;-0.104;0.1369;1.00E-12;2.0788;512.8
ENVI;6;51;9.507;42;-238;235.994;12.0326;35.6579;-0.1077;0.1423;1.00E-12;2.0799;512.14
ENVI;6;51;9.507;42;-239;236.985;12.0275;35.6576;-0.0988;0.1485;1.00E-12;2.0802;514.22
ENVI;6;51;9.507;42;-240;237.976;12.023;35.6571;-0.0888;0.1432;1.00E-12;2.0795;514.72
ENVI;6;51;9.507;42;-241;238.967;12.0129;35.6565;-0.0841;0.1366;1.00E-12;2.0785;514.71
ENVI;6;51;9.507;42;-242;239.958;12.0106;35.6562;-0.0834;0.1418;1.00E-12;2.0777;513.18
ENVI;6;51;9.507;42;-243;240.949;12.0085;35.6561;-0.0832;0.1478;1.00E-12;2.077;512.73
ENVI;6;51;9.507;42;-244;241.94;12.0078;35.6557;-0.0942;0.1367;1.00E-12;2.076;512.72
ENVI;6;51;9.507;42;-245;242.931;12.0043;35.6554;-0.0849;0.1413;1.00E-12;2.0759;513.15
ENVI;6;51;9.507;42;-246;243.922;12.0048;35.6554;-0.1009;0.1521;1.00E-12;2.0754;512.7
ENVI;6;51;9.507;42;-247;244.913;12.0044;35.6552;-0.0958;0.1516;1.00E-12;2.0752;512.72
ENVI;6;51;9.507;42;-248;245.904;12.0053;35.6553;-0.0825;0.1479;1.00E-12;2.075;512.47
ENVI;6;51;9.507;42;-249;246.895;12.0056;35.6552;-0.0943;0.1419;1.00E-12;2.075;512.24
ENVI;6;51;9.507;42;-250;247.886;12.0048;35.6551;-0.0875;0.1389;1.00E-12;2.0746;510.86
ENVI;6;51;9.507;42;-251;248.877;12.0047;35.6549;-0.0916;0.1463;1.00E-12;2.0748;508.96
ENVI;6;51;9.507;42;-252;249.868;12.0024;35.6548;-0.1048;0.1373;1.00E-12;2.0752;509.93
ENVI;6;51;9.507;42;-253;250.859;11.9969;35.6546;-0.0959;0.1338;1.00E-12;2.0747;509.17
ENVI;6;51;9.507;42;-254;251.85;11.9943;35.6543;-0.0968;0.1453;1.00E-12;2.0737;510.48
ENVI;6;51;9.507;42;-255;252.841;11.9927;35.654;-0.1057;0.1392;1.00E-12;2.0721;508.06
ENVI;6;51;9.507;42;-256;253.832;11.992;35.6533;-0.0837;0.1326;1.00E-12;2.0721;513.01
ENVI;6;6;9.608;42;-6;5.953;14.0448;35.5211;2.6583;0.3247;146.09;2.4604;698.97
ENVI;6;6;9.608;42;-7;6.945;14.0464;35.796;2.6049;0.3472;124.15;2.4944;692.07
ENVI;6;6;9.608;42;-8;7.937;14.0463;35.7929;2.7578;0.3575;110.75;2.4934;695.52
ENVI;6;6;9.608;42;-9;8.929;14.0463;35.7928;2.7406;0.3486;98.415;2.4932;700.13
ENVI;6;6;9.608;42;-10;9.921;14.0467;35.7928;2.9269;0.3624;88.072;2.4931;701.91
ENVI;6;6;9.608;42;-11;10.913;14.0469;35.7927;3.1218;0.3509;77.284;2.4918;701.95
ENVI;6;6;9.608;42;-12;11.905;14.0471;35.7924;3.1454;0.3388;69.618;2.4927;697.15
ENVI;6;6;9.608;42;-13;12.897;14.0471;35.7926;3.0823;0.3533;60.973;2.4928;694.13
ENVI;6;6;9.608;42;-14;13.89;14.0468;35.7923;3.1376;0.3706;53.936;2.4922;695.54
ENVI;6;6;9.608;42;-15;14.881;14.047;35.7928;3.2197;0.343;48.355;2.4914;697.92
ENVI;6;6;9.608;42;-16;15.874;14.0471;35.793;3.2672;0.3331;42.463;2.4916;699.36
ENVI;6;6;9.608;42;-17;16.866;14.047;35.7928;3.3128;0.3488;38.504;2.491;700.56
ENVI;6;6;9.608;42;-18;17.858;14.0464;35.7922;3.1745;0.3481;35.034;2.4908;699.97
ENVI;6;6;9.608;42;-19;18.85;14.0461;35.7923;3.038;0.3231;32.47;2.4905;698.09
ENVI;6;6;9.608;42;-20;19.842;14.0464;35.7923;3.1582;0.3554;28.68;2.4897;698.26
ENVI;6;6;9.608;42;-21;20.834;14.0467;35.7921;3.0933;0.3367;25.991;2.4879;696.43
ENVI;6;6;9.608;42;-22;21.826;14.0467;35.7922;3.1797;0.3304;22.162;2.4884;694.56
ENVI;6;6;9.608;42;-23;22.818;14.0465;35.7923;3.2455;0.3186;19.493;2.4875;699.95
ENVI;6;6;9.608;42;-24;23.81;14.0466;35.7924;3.1655;0.3357;18.528;2.4874;700.31
ENVI;6;6;9.608;42;-25;24.802;14.0456;35.7925;3.0748;0.3545;17.515;2.4871;700.25
ENVI;6;6;9.608;42;-26;25.794;14.044;35.7933;3.0195;0.374;16.635;2.4868;700.25
ENVI;6;6;9.608;42;-27;26.786;14.0442;35.7933;2.8285;0.3549;15.176;2.4854;698.99
ENVI;6;6;9.608;42;-28;27.778;14.044;35.7934;3.2199;0.3212;12.024;2.4792;696.21
ENVI;6;6;9.608;42;-29;28.77;14.0434;35.794;3.1017;0.346;10.969;2.4767;697.17
ENVI;6;6;9.608;42;-30;29.762;14.0438;35.7945;2.9172;0.3325;10.2;2.4745;696.73
ENVI;6;6;9.608;42;-31;30.754;14.0447;35.7955;2.8203;0.3192;9.7333;2.4715;697.75
ENVI;6;6;9.608;42;-32;31.746;14.046;35.797;2.8621;0.3275;8.6561;2.4702;699.89
ENVI;6;6;9.608;42;-33;32.738;14.0485;35.7989;2.6696;0.3226;7.7548;2.4693;699.75
ENVI;6;6;9.608;42;-34;33.73;14.049;35.7988;2.5274;0.3071;6.8838;2.4633;696.7
ENVI;6;6;9.608;42;-35;34.722;14.0493;35.7992;2.48;0.317;6.3655;2.4612;694.04
ENVI;6;6;9.608;42;-36;35.714;14.0494;35.7991;2.5864;0.3296;6.0212;2.4595;694.88
ENVI;6;6;9.608;42;-37;36.706;14.05;35.7994;2.6259;0.3402;5.5334;2.4586;697.85
ENVI;6;6;9.608;42;-38;37.698;14.0507;35.7999;2.6569;0.3342;4.9884;2.4585;698.19
ENVI;6;6;9.608;42;-39;38.69;14.0518;35.8004;2.4027;0.2859;4.3776;2.4566;697.08
ENVI;6;6;9.608;42;-40;39.682;14.0518;35.8007;2.4755;0.2986;4.1076;2.4562;698.26
ENVI;6;6;9.608;42;-41;40.674;14.0523;35.8009;2.3828;0.3086;3.8803;2.4554;697.96
ENVI;6;6;9.608;42;-42;41.666;14.0582;35.8034;2.3764;0.315;3.5549;2.4544;695.1
ENVI;6;6;9.608;42;-43;42.658;14.0648;35.8059;1.912;0.2804;3.2055;2.4504;697.76
ENVI;6;6;9.608;42;-44;43.65;14.0654;35.8068;2.0099;0.295;2.8893;2.4463;698.42
ENVI;6;6;9.608;42;-45;44.642;14.066;35.8068;1.8994;0.283;2.6402;2.444;697.72
ENVI;6;6;9.608;42;-46;45.634;14.0664;35.8074;2.0336;0.2832;2.4026;2.4415;696.71
ENVI;6;6;9.608;42;-47;46.625;14.0671;35.8078;2.0306;0.3042;2.3258;2.4401;698.86
ENVI;6;6;9.608;42;-48;47.617;14.0684;35.8086;1.8962;0.2955;2.211;2.4393;700.29
ENVI;6;6;9.608;42;-49;48.609;14.0696;35.809;1.9326;0.2853;2.0563;2.4385;700.87
ENVI;6;6;9.608;42;-50;49.601;14.0717;35.8097;1.889;0.2865;1.9034;2.4372;700.77
ENVI;6;6;9.608;42;-51;50.593;14.072;35.8097;1.7763;0.2573;1.6048;2.4358;698.04
ENVI;6;6;9.608;42;-52;51.585;14.0804;35.8146;1.7664;0.2773;1.5041;2.4354;698.4
ENVI;6;6;9.608;42;-53;52.577;14.0875;35.8183;1.653;0.2711;1.4514;2.4336;701.32
ENVI;6;6;9.608;42;-54;53.569;14.0898;35.8193;1.5581;0.2672;1.3766;2.4311;703.36
ENVI;6;6;9.608;42;-55;54.561;14.0925;35.8206;1.387;0.2653;1.3031;2.4279;704.98
ENVI;6;6;9.608;42;-56;55.552;14.0928;35.8214;1.2263;0.2533;1.2207;2.424;704.72
ENVI;6;6;9.608;42;-57;56.544;14.09;35.8204;1.0263;0.2175;1.0583;2.4152;703.18
ENVI;6;6;9.608;42;-58;57.536;14.0918;35.8235;0.9774;0.2447;1.0053;2.4147;702.86
ENVI;6;6;9.608;42;-59;58.528;14.0912;35.8246;0.8985;0.2327;0.95779;2.4101;701.65
ENVI;6;6;9.608;42;-60;59.52;14.0908;35.8255;0.8117;0.2295;0.8864;2.4077;704.26
ENVI;6;6;9.608;42;-61;60.512;14.092;35.8256;0.724;0.2214;0.8405;2.4031;706.54
ENVI;6;6;9.608;42;-62;61.504;14.097;35.8292;0.6099;0.1937;0.83337;2.3985;709.68
ENVI;6;6;9.608;42;-63;62.495;14.101;35.8307;0.6358;0.2118;0.78096;2.3982;708.99
ENVI;6;6;9.608;42;-64;63.488;14.1056;35.8319;0.6506;0.2257;0.73343;2.3962;709.13
ENVI;6;6;9.608;42;-65;64.479;14.1009;35.8301;0.5879;0.2088;0.65789;2.3928;708.29
ENVI;6;6;9.608;42;-66;65.471;14.1019;35.8314;0.5906;0.2048;0.62971;2.3915;704.97
ENVI;6;6;9.608;42;-67;66.463;14.1017;35.8313;0.5852;0.2219;0.59896;2.3908;708.16
ENVI;6;6;9.608;42;-68;67.455;14.1008;35.8309;0.564;0.2218;0.54984;2.3896;712.56
ENVI;6;6;9.608;42;-69;68.446;14.1017;35.8312;0.554;0.2139;0.54314;2.3884;714.5
ENVI;6;6;9.608;42;-70;69.438;14.1013;35.8312;0.558;0.2196;0.55616;2.3871;715.55
ENVI;6;6;9.608;42;-71;70.43;14.098;35.8301;0.5689;0.1986;0.46777;2.3872;714.72
ENVI;6;6;9.608;42;-72;71.422;14.0928;35.8291;0.5551;0.2104;0.43845;2.3872;712.75
ENVI;6;6;9.608;42;-73;72.414;14.0966;35.8305;0.5707;0.2103;0.43131;2.3868;713.1
ENVI;6;6;9.608;42;-74;73.405;14.1007;35.8316;0.5429;0.2093;0.4211;2.3867;714.4
ENVI;6;6;9.608;42;-75;74.397;14.1032;35.8322;0.5756;0.2119;0.41441;2.3865;715.57
ENVI;6;6;9.608;42;-76;75.389;14.1026;35.8322;0.5801;0.2151;0.39091;2.3855;720.72
ENVI;6;6;9.608;42;-77;76.381;14.0964;35.8308;0.5464;0.2109;0.35674;2.3851;723.29
ENVI;6;6;9.608;42;-78;77.373;14.0982;35.8309;0.5466;0.2003;0.31143;2.3848;719.86
ENVI;6;6;9.608;42;-79;78.364;14.0879;35.8285;0.5367;0.2049;0.29942;2.3857;718.13
ENVI;6;6;9.608;42;-80;79.356;14.0815;35.8272;0.5511;0.2089;0.29974;2.3844;717.89
ENVI;6;6;9.608;42;-81;80.348;14.0807;35.8273;0.5586;0.2073;0.2936;2.3836;717.77
ENVI;6;6;9.608;42;-82;81.34;14.0841;35.8278;0.5737;0.2084;0.27694;2.3835;720.35
ENVI;6;6;9.608;42;-83;82.332;14.0832;35.8273;0.582;0.2121;0.23788;2.384;726.54
ENVI;6;6;9.608;42;-84;83.323;14.0697;35.8244;0.5534;0.2062;0.21421;2.3832;723.1
ENVI;6;6;9.608;42;-85;84.315;14.0538;35.821;0.5891;0.2115;0.21116;2.3816;720.61
ENVI;6;6;9.608;42;-86;85.307;14.0429;35.8182;0.5998;0.215;0.20697;2.381;720.2
ENVI;6;6;9.608;42;-87;86.298;14.0235;35.8144;0.595;0.213;0.19849;2.381;722.25
ENVI;6;6;9.608;42;-88;87.29;14.0096;35.8121;0.562;0.207;0.18522;2.3808;724.72
ENVI;6;6;9.608;42;-89;88.282;14.0218;35.8139;0.5642;0.2033;0.15689;2.3811;727.4
ENVI;6;6;9.608;42;-90;89.273;14.0057;35.8113;0.492;0.2161;0.13996;2.3808;728.91
ENVI;6;6;9.608;42;-91;90.265;14.0025;35.8107;0.5409;0.2429;0.14002;2.3795;728.2
ENVI;6;6;9.608;42;-92;91.257;13.9993;35.8102;0.5564;0.2227;0.13808;2.3786;728.18
ENVI;6;6;9.608;42;-93;92.249;13.9976;35.81;0.5646;0.2201;0.12901;2.3786;729.98
ENVI;6;6;9.608;42;-94;93.24;13.9904;35.8095;0.5208;0.2083;0.12137;2.3786;730.17
ENVI;6;6;9.608;42;-95;94.232;13.9936;35.8096;0.5151;0.197;0.10138;2.3785;727.45
ENVI;6;6;9.608;42;-96;95.224;13.9892;35.8093;0.4905;0.1988;0.094811;2.3785;729.43
ENVI;6;6;9.608;42;-97;96.215;13.9889;35.8094;0.4916;0.2028;0.089062;2.3775;731.01
ENVI;6;6;9.608;42;-98;97.207;13.9875;35.8095;0.4714;0.2031;0.079592;2.3767;732.38
ENVI;6;6;9.608;42;-99;98.199;13.9857;35.8095;0.4523;0.2062;0.076339;2.3765;734.11
ENVI;6;6;9.608;42;-100;99.19;13.9849;35.8097;0.4435;0.2166;0.074772;2.3757;735.73
ENVI;6;6;9.608;42;-101;100.182;13.9766;35.8096;0.4262;0.1967;0.064941;2.3726;729.14
ENVI;6;6;9.608;42;-102;101.174;13.9621;35.8096;0.396;0.2028;0.052857;2.3705;729.97
ENVI;6;6;9.608;42;-103;102.165;13.9434;35.8076;0.3773;0.2039;0.046455;2.3682;732.52
ENVI;6;6;9.608;42;-104;103.157;13.93;35.8075;0.357;0.2039;0.039402;2.3661;734.66
ENVI;6;6;9.608;42;-105;104.149;13.902;35.8068;0.3358;0.2501;0.033388;2.3633;736.72
ENVI;6;6;9.608;42;-106;105.14;13.8608;35.8098;0.2966;0.2448;0.026588;2.36;738.17
ENVI;6;6;9.608;42;-107;106.132;13.8584;35.8101;0.2466;0.2347;0.018863;2.3557;738.38
ENVI;6;6;9.608;42;-108;107.124;13.8575;35.8103;0.2146;0.206;0.0065707;2.3501;738.96
ENVI;6;6;9.608;42;-109;108.115;13.8553;35.81;0.2107;0.2022;0.00023274;2.3434;737.43
ENVI;6;6;9.608;42;-110;109.107;13.8521;35.8106;0.21;0.1978;7.33E-07;2.3362;735.41
ENVI;6;6;9.608;42;-111;110.099;13.8451;35.8116;0.1877;0.1921;0.0017466;2.3301;730.9
ENVI;6;6;9.608;42;-112;111.09;13.8554;35.8107;0.2452;0.1846;0.014974;2.3148;722.05
ENVI;6;6;9.608;42;-113;112.081;13.8193;35.8153;0.2227;0.191;0.007622;2.3158;728.45
ENVI;6;6;9.608;42;-114;113.073;13.7925;35.8177;0.2055;0.1863;0.002168;2.3154;732.43
ENVI;6;6;9.608;42;-115;114.065;13.7724;35.8175;0.1952;0.1891;-0.00002053;2.3135;734.69
ENVI;6;6;9.608;42;-116;115.056;13.7609;35.819;0.1738;0.199;1.00E-12;2.3094;736.06
ENVI;6;6;9.608;42;-117;116.048;13.7217;35.8219;0.1519;0.1985;1.00E-12;2.3036;736.04
ENVI;6;6;9.608;42;-118;117.039;13.5392;35.8326;0.1193;0.1959;1.00E-12;2.2973;736.16
ENVI;6;6;9.608;42;-119;118.031;13.4687;35.8334;0.0067;0.1846;1.00E-12;2.2882;737.87
ENVI;6;6;9.608;42;-120;119.022;13.4285;35.8314;-0.0257;0.1855;1.00E-12;2.2756;738.16
ENVI;6;6;9.608;42;-121;120.014;13.4046;35.8309;-0.0385;0.179;1.00E-12;2.2585;738.16
ENVI;6;6;9.608;42;-122;121.006;13.4039;35.8294;-0.0358;0.1669;1.00E-12;2.2389;736.65
ENVI;6;6;9.608;42;-123;121.997;13.4005;35.8285;-0.0605;0.1666;1.00E-12;2.2213;733.72
ENVI;6;6;9.608;42;-124;122.989;13.3891;35.8282;-0.0538;0.1627;1.00E-12;2.2062;729.97
ENVI;6;6;9.608;42;-125;123.98;13.3646;35.8268;-0.0616;0.1727;1.00E-12;2.1869;728.01
ENVI;6;6;9.608;42;-126;124.972;13.3297;35.825;-0.0587;0.1792;1.00E-12;2.1815;730.07
ENVI;6;6;9.608;42;-127;125.964;13.2842;35.8213;-0.0659;0.1815;1.00E-12;2.176;730.18
ENVI;6;6;9.608;42;-128;126.955;13.2116;35.8165;-0.064;0.1804;1.00E-12;2.1704;731.56
ENVI;6;6;9.608;42;-129;127.947;13.194;35.8146;-0.0747;0.1826;1.00E-12;2.1662;735.56
ENVI;6;6;9.608;42;-130;128.938;13.188;35.8138;-0.0816;0.1795;1.00E-12;2.1629;738.35
ENVI;6;6;9.608;42;-131;129.93;13.1847;35.8133;-0.0809;0.186;1.00E-12;2.1601;740.25
ENVI;6;6;9.608;42;-132;130.921;13.1847;35.8129;-0.0817;0.1849;1.00E-12;2.1572;740.91
ENVI;6;6;9.608;42;-133;131.913;13.1842;35.8125;-0.0839;0.1849;1.00E-12;2.155;739.79
ENVI;6;6;9.608;42;-134;132.904;13.182;35.8119;-0.0918;0.1845;1.00E-12;2.1532;737.56
ENVI;6;6;9.608;42;-135;133.895;13.1802;35.8114;-0.0874;0.182;1.00E-12;2.1516;735.79
ENVI;6;6;9.608;42;-136;134.887;13.1785;35.8109;-0.071;0.1757;1.00E-12;2.1499;734.23
ENVI;6;6;9.608;42;-137;135.879;13.1682;35.8096;-0.0844;0.1779;1.00E-12;2.1485;734.41
ENVI;6;6;9.608;42;-138;136.87;13.1572;35.8082;-0.0827;0.1902;1.00E-12;2.1471;734.17
ENVI;6;6;9.608;42;-139;137.862;13.1476;35.8064;-0.0782;0.1797;1.00E-12;2.1461;732.68
ENVI;6;6;9.608;42;-140;138.853;13.0948;35.7993;-0.0792;0.1679;1.00E-12;2.1451;731.75
ENVI;6;6;9.608;42;-141;139.845;13.0428;35.7937;-0.0817;0.1691;1.00E-12;2.1436;735.61
ENVI;6;6;9.608;42;-142;140.836;13.0308;35.7917;-0.0829;0.1723;1.00E-12;2.1418;736.26
ENVI;6;6;9.608;42;-143;141.828;13.0201;35.7903;-0.0817;0.161;1.00E-12;2.1409;736.36
ENVI;6;6;9.608;42;-144;142.819;13.0158;35.7894;-0.0824;0.1762;1.00E-12;2.1402;738.22
ENVI;6;6;9.608;42;-145;143.81;13.012;35.7887;-0.0905;0.1752;1.00E-12;2.1392;738.28
ENVI;6;6;9.608;42;-146;144.802;13.0098;35.7882;-0.0925;0.1754;1.00E-12;2.1384;740.09
ENVI;6;6;9.608;42;-147;145.793;13.0045;35.7876;-0.0843;0.1855;1.00E-12;2.1376;740.16
ENVI;6;6;9.608;42;-148;146.785;12.9988;35.7861;-0.0832;0.1779;1.00E-12;2.1364;740.66
ENVI;6;6;9.608;42;-149;147.776;12.974;35.7831;-0.0824;0.1734;1.00E-12;2.1349;740.15
ENVI;6;6;9.608;42;-150;148.768;12.9437;35.7796;-0.0823;0.1663;1.00E-12;2.1337;737.55
ENVI;6;6;9.608;42;-151;149.759;12.9361;35.7781;-0.0825;0.1612;1.00E-12;2.1326;735.25
ENVI;6;6;9.608;42;-152;150.75;12.9253;35.7758;-0.0877;0.1601;1.00E-12;2.1314;735.43
ENVI;6;6;9.608;42;-153;151.742;12.913;35.7738;-0.0861;0.1605;1.00E-12;2.1297;735.95
ENVI;6;6;9.608;42;-154;152.733;12.9046;35.7725;-0.095;0.1662;1.00E-12;2.1293;736.34
ENVI;6;6;9.608;42;-155;153.725;12.8827;35.7695;-0.0836;0.1777;1.00E-12;2.1287;737.32
ENVI;6;6;9.608;42;-156;154.716;12.8675;35.7673;-0.0828;0.1659;1.00E-12;2.1274;738.17
ENVI;6;6;9.608;42;-157;155.707;12.8475;35.7647;-0.0826;0.1623;1.00E-12;2.1267;738.16
ENVI;6;6;9.608;42;-158;156.699;12.832;35.763;-0.0837;0.1669;1.00E-12;2.1259;738.16
ENVI;6;6;9.608;42;-159;157.69;12.8071;35.7609;-0.0817;0.1752;1.00E-12;2.1246;738.16
ENVI;6;6;9.608;42;-160;158.682;12.8058;35.7607;-0.0893;0.1671;1.00E-12;2.1232;738.99
ENVI;6;6;9.608;42;-161;159.673;12.7987;35.7598;-0.0933;0.1604;1.00E-12;2.1206;739.83
ENVI;6;6;9.608;42;-162;160.664;12.7952;35.7592;-0.0829;0.1671;1.00E-12;2.1176;738.94
ENVI;6;6;9.608;42;-163;161.655;12.7885;35.7579;-0.0813;0.1617;1.00E-12;2.1128;738.72
ENVI;6;6;9.608;42;-164;162.647;12.7873;35.7577;-0.0944;0.1669;1.00E-12;2.1096;738.95
ENVI;6;6;9.608;42;-165;163.638;12.7872;35.7575;-0.0837;0.1614;1.00E-12;2.1082;740.15
ENVI;6;6;9.608;42;-166;164.629;12.7822;35.7568;-0.0893;0.1604;1.00E-12;2.1072;740.77
ENVI;6;6;9.608;42;-167;165.621;12.7776;35.756;-0.0946;0.1852;1.00E-12;2.1057;740.03
ENVI;6;6;9.608;42;-168;166.612;12.7709;35.7551;-0.0891;0.194;1.00E-12;2.1038;739.15
ENVI;6;6;9.608;42;-169;167.604;12.7614;35.7534;-0.0902;0.1663;1.00E-12;2.1022;739.58
ENVI;6;6;9.608;42;-170;168.595;12.7279;35.7491;-0.0887;0.1419;1.00E-12;2.0995;740.04
ENVI;6;6;9.608;42;-171;169.586;12.7268;35.7495;-0.0939;0.154;1.00E-12;2.0978;740.15
ENVI;6;6;9.608;42;-172;170.578;12.7146;35.7473;-0.0939;0.158;1.00E-12;2.0968;740.15
ENVI;6;6;9.608;42;-173;171.569;12.6868;35.7451;-0.0931;0.1601;1.00E-12;2.0954;741.28
ENVI;6;6;9.608;42;-174;172.56;12.6778;35.7437;-0.0806;0.1538;1.00E-12;2.0935;740.12
ENVI;6;6;9.608;42;-175;173.552;12.6719;35.7429;-0.0857;0.16;1.00E-12;2.0914;739.89
ENVI;6;6;9.608;42;-176;174.543;12.6681;35.7423;-0.088;0.1634;1.00E-12;2.0897;739.31
ENVI;6;6;9.608;42;-177;175.534;12.6537;35.7404;-0.0966;0.1545;1.00E-12;2.0874;739.95
ENVI;6;6;9.608;42;-178;176.525;12.6466;35.7395;-0.0946;0.1544;1.00E-12;2.0857;741.45
ENVI;6;6;9.608;42;-179;177.517;12.6348;35.7378;-0.0984;0.1525;1.00E-12;2.0847;744.24
ENVI;6;6;9.608;42;-180;178.508;12.6232;35.7367;-0.1071;0.1482;1.00E-12;2.0836;746.18
ENVI;6;6;9.608;42;-181;179.499;12.625;35.7359;-0.0914;0.1447;1.00E-12;2.0808;742.87
ENVI;6;6;9.608;42;-182;180.491;12.6192;35.7346;-0.0937;0.1419;1.00E-12;2.0785;737.81
ENVI;6;6;9.608;42;-183;181.482;12.5869;35.7318;-0.0817;0.1418;1.00E-12;2.078;740.5
ENVI;6;6;9.608;42;-184;182.473;12.5777;35.73;-0.0919;0.1462;1.00E-12;2.0768;742.06
ENVI;6;6;9.608;42;-185;183.464;12.5647;35.7289;-0.0924;0.1482;1.00E-12;2.0757;743.13
ENVI;6;6;9.608;42;-186;184.456;12.5578;35.7276;-0.0814;0.1487;1.00E-12;2.0744;743.9
ENVI;6;6;9.608;42;-187;185.447;12.5504;35.7268;-0.0895;0.1517;1.00E-12;2.0735;744.5
ENVI;6;6;9.608;42;-188;186.438;12.5477;35.7263;-0.0954;0.154;1.00E-12;2.0721;745.88
ENVI;6;6;9.608;42;-189;187.429;12.5408;35.7254;-0.0846;0.154;1.00E-12;2.0712;746.14
ENVI;6;6;9.608;42;-190;188.421;12.5374;35.7248;-0.0822;0.1586;1.00E-12;2.0708;746.77
ENVI;6;6;9.608;42;-191;189.412;12.5358;35.7242;-0.095;0.1618;1.00E-12;2.0704;747.17
ENVI;6;6;9.608;42;-192;190.403;12.5341;35.724;-0.0939;0.148;1.00E-12;2.0697;746.48
ENVI;6;6;9.608;42;-193;191.394;12.5261;35.7227;-0.0939;0.1476;1.00E-12;2.0688;745.66
ENVI;6;6;9.608;42;-194;192.386;12.5025;35.7203;-0.0933;0.1419;1.00E-12;2.0679;744.91
ENVI;6;6;9.608;42;-195;193.377;12.4707;35.717;-0.1056;0.1525;1.00E-12;2.0667;745.06
ENVI;6;6;9.608;42;-196;194.368;12.4462;35.7141;-0.0919;0.1479;1.00E-12;2.065;744.41
ENVI;6;6;9.608;42;-197;195.359;12.4293;35.7121;-0.0853;0.1463;1.00E-12;2.0637;745.82
ENVI;6;6;9.608;42;-198;196.35;12.4202;35.7108;-0.0938;0.1422;1.00E-12;2.0634;747.56
ENVI;6;6;9.608;42;-199;197.341;12.415;35.7099;-0.0932;0.1475;1.00E-12;2.0626;748.71
ENVI;6;6;9.608;42;-200;198.333;12.4113;35.7092;-0.0939;0.1482;1.00E-12;2.0619;748.6
ENVI;6;6;9.608;42;-201;199.324;12.4077;35.7084;-0.0943;0.1487;1.00E-12;2.0614;747.22
ENVI;6;6;9.608;42;-202;200.315;12.4034;35.7076;-0.0939;0.1524;1.00E-12;2.0617;746.16
ENVI;6;6;9.608;42;-203;201.306;12.403;35.7073;-0.0934;0.1451;1.00E-12;2.0622;747.48
ENVI;6;6;9.608;42;-204;202.298;12.401;35.707;-0.0868;0.1462;1.00E-12;2.0628;749.02
ENVI;6;6;9.608;42;-205;203.289;12.3989;35.7066;-0.0853;0.1526;1.00E-12;2.0631;750.36
ENVI;6;6;9.608;42;-206;204.28;12.3951;35.7059;-0.0851;0.1604;1.00E-12;2.063;752.44
ENVI;6;6;9.608;42;-207;205.27;12.3867;35.7047;-0.0926;0.1492;1.00E-12;2.0625;752.9
ENVI;6;6;9.608;42;-208;206.262;12.3757;35.7032;-0.0879;0.1521;1.00E-12;2.0621;753.11
ENVI;6;6;9.608;42;-209;207.253;12.3671;35.7018;-0.0904;0.1507;1.00E-12;2.0619;752.34
ENVI;6;6;9.608;42;-210;208.244;12.3527;35.6995;-0.0868;0.1486;1.00E-12;2.0629;749.8
ENVI;6;6;9.608;42;-211;209.235;12.3338;35.6966;-0.0945;0.1529;1.00E-12;2.0646;749.07
ENVI;6;6;9.608;42;-212;210.226;12.307;35.6929;-0.0939;0.148;1.00E-12;2.0657;747.59
ENVI;6;6;9.608;42;-213;211.218;12.2827;35.69;-0.0939;0.1479;1.00E-12;2.067;748.65
ENVI;6;6;9.608;42;-214;212.209;12.2798;35.6893;-0.0859;0.1479;1.00E-12;2.0676;749.91
ENVI;6;6;9.608;42;-215;213.2;12.2741;35.6879;-0.0819;0.1498;1.00E-12;2.0687;751.6
ENVI;6;6;9.608;42;-216;214.191;12.2549;35.685;-0.0808;0.1538;1.00E-12;2.0713;752.09
ENVI;6;6;9.608;42;-217;215.182;12.2295;35.6808;-0.088;0.1448;1.00E-12;2.076;752.92
ENVI;6;6;9.608;42;-218;216.173;12.1894;35.6759;-0.0947;0.142;1.00E-12;2.0792;755.58
ENVI;6;6;9.608;42;-219;217.164;12.1808;35.6748;-0.0939;0.1418;1.00E-12;2.081;756.98
ENVI;6;6;9.608;42;-220;218.155;12.1767;35.6737;-0.1022;0.1424;1.00E-12;2.0824;757.9
ENVI;6;6;9.608;42;-221;219.147;12.1684;35.6723;-0.1146;0.1415;1.00E-12;2.0848;757.26
ENVI;6;6;9.608;42;-222;220.138;12.1544;35.6703;-0.0938;0.1373;1.00E-12;2.0873;755.64
ENVI;6;6;9.608;42;-223;221.129;12.1468;35.6691;-0.0828;0.1672;1.00E-12;2.0897;754.21
ENVI;6;6;9.608;42;-224;222.119;12.1397;35.6678;-0.1018;0.1524;1.00E-12;2.0917;753.71
ENVI;6;6;9.608;42;-225;223.111;12.134;35.6669;-0.1011;0.1487;1.00E-12;2.0935;752.4
ENVI;6;6;9.608;42;-226;224.102;12.1307;35.6664;-0.0944;0.1487;1.00E-12;2.0952;751.12
ENVI;6;6;9.608;42;-227;225.093;12.1297;35.6658;-0.0843;0.1457;1.00E-12;2.0974;752
ENVI;6;6;9.608;42;-228;226.084;12.1282;35.6653;-0.0903;0.1378;1.00E-12;2.0996;755.08
ENVI;6;6;9.608;42;-229;227.075;12.1196;35.6639;-0.1044;0.145;1.00E-12;2.1012;757.17
ENVI;6;6;9.608;42;-230;228.066;12.1099;35.6626;-0.0892;0.1544;1.00E-12;2.1022;758.15
ENVI;6;6;9.608;42;-231;229.057;12.1079;35.662;-0.086;0.1413;1.00E-12;2.1033;758.68
ENVI;6;6;9.608;42;-232;230.048;12.0975;35.6609;-0.0972;0.1425;1.00E-12;2.1038;758.66
ENVI;6;6;9.608;42;-233;231.039;12.0797;35.6593;-0.1187;0.1492;1.00E-12;2.1047;758.1
ENVI;6;6;9.608;42;-234;232.03;12.0717;35.6586;-0.1022;0.149;1.00E-12;2.1046;757.87
ENVI;6;6;9.608;42;-235;233.021;12.0685;35.6585;-0.0845;0.1483;1.00E-12;2.1043;756.74
ENVI;6;6;9.608;42;-236;234.012;12.0649;35.6585;-0.0949;0.1492;1.00E-12;2.104;756.13
ENVI;6;6;9.608;42;-237;235.003;12.0633;35.6587;-0.0939;0.1479;1.00E-12;2.1032;757.36
ENVI;6;6;9.608;42;-238;235.994;12.0623;35.6588;-0.1;0.1464;1.00E-12;2.102;760.59
ENVI;6;6;9.608;42;-239;236.985;12.0615;35.6586;-0.0968;0.1425;1.00E-12;2.1001;762
ENVI;6;6;9.608;42;-240;237.976;12.0609;35.6585;-0.0838;0.1493;1.00E-12;2.0981;759.22
ENVI;6;6;9.608;42;-241;238.967;12.0609;35.6584;-0.0844;0.149;1.00E-12;2.0959;758.17
ENVI;6;6;9.608;42;-242;239.958;12.0609;35.6584;-0.0927;0.1496;1.00E-12;2.0942;758.42
ENVI;6;6;9.608;42;-243;240.949;12.0609;35.6583;-0.0847;0.152;1.00E-12;2.0932;760.28
ENVI;6;6;9.608;42;-244;241.94;12.0604;35.6584;-0.0835;0.1423;1.00E-12;2.0926;761.92
ENVI;6;6;9.608;42;-245;242.931;12.0592;35.6586;-0.0969;0.1532;1.00E-12;2.0917;762.01
ENVI;6;6;9.608;42;-246;243.922;12.0566;35.6587;-0.0965;0.154;1.00E-12;2.0907;763.05
ENVI;6;6;9.608;42;-247;244.913;12.055;35.6588;-0.0945;0.152;1.00E-12;2.0902;762.62
ENVI;6;6;9.608;42;-248;245.904;12.0547;35.6588;-0.0939;0.1482;1.00E-12;2.0893;764.09
ENVI;6;6;9.608;42;-249;246.895;12.0546;35.6587;-0.0831;0.1482;1.00E-12;2.088;763.8
ENVI;6;6;9.608;42;-250;247.886;12.0542;35.6586;-0.1014;0.1439;1.00E-12;2.0858;761.52
ENVI;6;6;9.608;42;-251;248.877;12.0535;35.6585;-0.094;0.1442;1.00E-12;2.0834;759.41
ENVI;6;6;9.608;42;-252;249.868;12.0538;35.6586;-0.0944;0.1504;1.00E-12;2.0826;761.61
ENVI;6;6;9.608;42;-253;250.859;12.0527;35.6587;-0.0932;0.1524;1.00E-12;2.0823;762.13
ENVI;6;6;9.608;42;-254;251.85;12.0502;35.6588;-0.0978;0.1576;1.00E-12;2.0816;762.74
ENVI;6;6;9.608;42;-255;252.841;12.0477;35.6588;-0.1059;0.1667;1.00E-12;2.0809;764.05
ENVI;6;6;9.608;42;-256;253.832;12.0451;35.6587;-0.0891;0.1569;1.00E-12;2.0798;764.34
ENVI;6;6;9.608;42;-257;254.823;12.0439;35.6587;-0.0846;0.1551;1.00E-12;2.079;764.21
ENVI;6;6;9.608;42;-258;255.813;12.0411;35.6583;-0.0937;0.1604;1.00E-12;2.078;765.81
ENVI;6;6;9.608;42;-259;256.804;12.0441;35.6582;-0.0909;0.1405;1.00E-12;2.0753;762.83
ENVI;6;6;9.608;42;-260;257.795;12.0392;35.6578;-0.0921;0.1375;1.00E-12;2.0746;762.56
ENVI;6;6;9.608;42;-261;258.786;12.0111;35.6553;-0.0947;0.1403;1.00E-12;2.0738;764.28
ENVI;6;6;9.608;42;-262;259.777;11.9974;35.6545;-0.083;0.1433;1.00E-12;2.0756;769.56
ENVI;6;61;9.708;42;-6;5.953;14.0358;35.7528;2.5273;0.3429;156.2;2.5041;645.03
ENVI;6;61;9.708;42;-7;6.945;14.0359;35.7566;2.6313;0.3165;134.81;2.5057;645.85
ENVI;6;61;9.708;42;-8;7.937;14.0354;35.7567;2.9322;0.3352;115.08;2.5055;647.47
ENVI;6;61;9.708;42;-9;8.929;14.0355;35.7567;2.8506;0.3394;102.17;2.5054;647.36
ENVI;6;61;9.708;42;-10;9.921;14.0344;35.7564;3.1058;0.3447;94.09;2.5049;644.28
ENVI;6;61;9.708;42;-11;10.913;14.035;35.7564;3.0702;0.3889;81.488;2.5031;643.44
ENVI;6;61;9.708;42;-12;11.905;14.0346;35.7565;3.2681;0.3634;71.109;2.5027;648.97
ENVI;6;61;9.708;42;-13;12.897;14.0348;35.7566;3.4598;0.3796;62.908;2.5029;650.5
ENVI;6;61;9.708;42;-14;13.889;14.032;35.7561;2.9694;0.3404;57.965;2.5031;649.85
ENVI;6;61;9.708;42;-15;14.882;14.0321;35.7561;3.216;0.3366;53.358;2.5021;646.95
ENVI;6;61;9.708;42;-16;15.874;14.0315;35.7562;3.1433;0.3629;45.081;2.5002;649.05
ENVI;6;61;9.708;42;-17;16.866;14.0311;35.7562;3.4344;0.3395;41.395;2.4997;649.74
ENVI;6;61;9.708;42;-18;17.858;14.0268;35.7567;3.2212;0.3553;37.444;2.499;648.71
ENVI;6;61;9.708;42;-19;18.85;14.0262;35.7566;2.7533;0.3064;33.357;2.4936;647.44
ENVI;6;61;9.708;42;-20;19.842;14.0253;35.7569;3.0499;0.3766;30.268;2.4912;648.33
ENVI;6;61;9.708;42;-21;20.834;14.0218;35.7577;2.9046;0.3436;27.931;2.49;649.02
ENVI;6;61;9.708;42;-22;21.826;14.022;35.7577;2.7487;0.3398;25.371;2.4858;647.78
ENVI;6;61;9.708;42;-23;22.818;14.0213;35.7579;2.7295;0.3041;22.175;2.4816;647.73
ENVI;6;61;9.708;42;-24;23.81;14.021;35.7583;2.6334;0.2961;19.505;2.4797;644.55
ENVI;6;61;9.708;42;-25;24.802;14.0211;35.7584;2.7069;0.3385;18.108;2.4783;647.04
ENVI;6;61;9.708;42;-26;25.794;14.0204;35.7596;2.7119;0.3382;16.737;2.4776;647.27
ENVI;6;61;9.708;42;-27;26.786;14.0202;35.76;2.2639;0.3068;15.273;2.477;645.35
ENVI;6;61;9.708;42;-28;27.778;14.0203;35.7601;2.3583;0.3483;14.237;2.475;647.58
ENVI;6;61;9.708;42;-29;28.77;14.0203;35.7601;2.461;0.3058;12.472;2.4737;644.91
ENVI;6;61;9.708;42;-30;29.762;14.0204;35.7601;2.4287;0.2968;10.316;2.4718;644.87
ENVI;6;61;9.708;42;-31;30.754;14.0208;35.7597;2.6476;0.2982;9.7459;2.4699;645.6
ENVI;6;61;9.708;42;-32;31.746;14.0199;35.7601;2.4637;0.3105;9.2977;2.4701;643.96
ENVI;6;61;9.708;42;-33;32.738;14.0199;35.7601;2.4432;0.3602;8.746;2.4698;644.2
ENVI;6;61;9.708;42;-34;33.73;14.0197;35.76;2.4523;0.369;8.2799;2.4698;643.84
ENVI;6;61;9.708;42;-35;34.722;14.0193;35.7598;2.4077;0.3058;6.8988;2.4683;642.23
ENVI;6;61;9.708;42;-36;35.714;14.0194;35.7602;2.1961;0.3083;5.7708;2.4682;640.37
ENVI;6;61;9.708;42;-37;36.706;14.0195;35.7601;2.5126;0.307;5.227;2.4674;640.4
ENVI;6;61;9.708;42;-38;37.698;14.0186;35.7604;2.6861;0.3553;5.071;2.4663;640.48
ENVI;6;61;9.708;42;-39;38.69;14.0176;35.7606;2.6924;0.3574;4.9833;2.466;641.11
ENVI;6;61;9.708;42;-40;39.682;14.0149;35.7612;1.9784;0.2918;4.5543;2.4652;643.34
ENVI;6;61;9.708;42;-41;40.674;14.0092;35.7631;1.8322;0.2855;4.0395;2.46;642.77
ENVI;6;61;9.708;42;-42;41.666;14.0038;35.7652;1.3048;0.2532;3.4038;2.4369;633.37
ENVI;6;61;9.708;42;-43;42.658;14.0022;35.767;1.2992;0.2614;3.211;2.4339;637.74
ENVI;6;61;9.708;42;-44;43.65;14.0018;35.7689;1.1765;0.2807;3.0128;2.431;638.97
ENVI;6;61;9.708;42;-45;44.642;14.0004;35.7688;1.1378;0.2791;2.8131;2.4282;640.58
ENVI;6;61;9.708;42;-46;45.634;14.0004;35.7697;1.2923;0.2694;2.6466;2.4243;641.21
ENVI;6;61;9.708;42;-47;46.625;13.9992;35.77;1.1589;0.2457;2.5049;2.4199;637.04
ENVI;6;61;9.708;42;-48;47.617;13.9987;35.7701;1.1991;0.2594;2.2936;2.418;634.6
ENVI;6;61;9.708;42;-49;48.609;13.9985;35.7701;1.0748;0.2569;2.0184;2.4171;634.41
ENVI;6;61;9.708;42;-50;49.601;13.9991;35.7711;1.0227;0.2357;1.8662;2.4151;634.42
ENVI;6;61;9.708;42;-51;50.593;13.9996;35.7731;1.0526;0.2577;1.7383;2.4145;634.42
ENVI;6;61;9.708;42;-52;51.585;14.0033;35.7752;1.1985;0.2953;1.6201;2.4141;634.42
ENVI;6;61;9.708;42;-53;52.577;14.0039;35.7753;1.139;0.2743;1.5539;2.4142;634.42
ENVI;6;61;9.708;42;-54;53.569;14.0037;35.7753;0.9335;0.219;1.4581;2.4141;630.29
ENVI;6;61;9.708;42;-55;54.561;14.0042;35.7756;1.0757;0.2449;1.3201;2.4131;628.64
ENVI;6;61;9.708;42;-56;55.553;14.0028;35.7759;1.0154;0.2401;1.176;2.4127;623.73
ENVI;6;61;9.708;42;-57;56.544;14.0019;35.7765;1.043;0.2345;1.0518;2.4131;626.46
ENVI;6;61;9.708;42;-58;57.536;13.9996;35.778;1.2237;0.2519;0.96981;2.4128;626.96
ENVI;6;61;9.708;42;-59;58.528;13.9988;35.7792;0.9771;0.2405;0.93522;2.4125;626.44
ENVI;6;61;9.708;42;-60;59.52;14.002;35.7807;0.9487;0.2535;0.92371;2.411;626.3
ENVI;6;61;9.708;42;-61;60.512;14.0036;35.7811;0.8332;0.2187;0.84964;2.408;616.73
ENVI;6;61;9.708;42;-62;61.504;14.0048;35.7819;0.8819;0.2321;0.74066;2.4073;616.4
ENVI;6;61;9.708;42;-63;62.495;14.0067;35.783;0.9332;0.2423;0.686;2.4074;619.04
ENVI;6;61;9.708;42;-64;63.487;14.0067;35.7831;0.8894;0.2332;0.65385;2.407;620.29
ENVI;6;61;9.708;42;-65;64.479;14.0074;35.7835;0.8002;0.2371;0.60777;2.4059;617.42
ENVI;6;61;9.708;42;-66;65.471;14.0093;35.7844;0.8128;0.2253;0.57536;2.4055;613.16
ENVI;6;61;9.708;42;-67;66.463;14.0138;35.7862;0.8249;0.2245;0.56367;2.4052;608.9
ENVI;6;61;9.708;42;-68;67.455;14.0342;35.7936;0.7927;0.2371;0.52984;2.4052;608.81
ENVI;6;61;9.708;42;-69;68.446;14.0424;35.7961;0.7903;0.2343;0.47995;2.4048;610.93
ENVI;6;61;9.708;42;-70;69.438;14.0505;35.7986;0.7336;0.2082;0.41325;2.4035;612.8
ENVI;6;61;9.708;42;-71;70.43;14.0694;35.8048;0.77;0.2149;0.38641;2.4028;609.26
ENVI;6;61;9.708;42;-72;71.422;14.0809;35.8086;0.7227;0.2113;0.37668;2.4017;606.23
ENVI;6;61;9.708;42;-73;72.414;14.0864;35.8104;0.6752;0.2197;0.36336;2.3995;605.72
ENVI;6;61;9.708;42;-74;73.405;14.0943;35.813;0.6972;0.2121;0.34548;2.3982;605.03
ENVI;6;61;9.708;42;-75;74.397;14.1007;35.8148;0.6756;0.2307;0.31985;2.397;605.65
ENVI;6;61;9.708;42;-76;75.389;14.1022;35.8153;0.6486;0.2061;0.28183;2.3948;605.29
ENVI;6;61;9.708;42;-77;76.381;14.1019;35.8156;0.6328;0.2058;0.25349;2.3934;602.32
ENVI;6;61;9.708;42;-78;77.373;14.1025;35.8159;0.6564;0.2126;0.24085;2.3931;602.44
ENVI;6;61;9.708;42;-79;78.364;14.1037;35.8162;0.6789;0.2191;0.22974;2.3922;602.37
ENVI;6;61;9.708;42;-80;79.356;14.0971;35.8147;0.6748;0.2223;0.22029;2.3913;601.96
ENVI;6;61;9.708;42;-81;80.348;14.0909;35.8132;0.6859;0.2203;0.20954;2.3907;602.05
ENVI;6;61;9.708;42;-82;81.34;14.0811;35.8111;0.6066;0.2076;0.19054;2.3902;599.34
ENVI;6;61;9.708;42;-83;82.331;14.0773;35.8101;0.5789;0.2128;0.16552;2.3891;598.56
ENVI;6;61;9.708;42;-84;83.323;14.0535;35.8047;0.5955;0.2059;0.14793;2.3884;596.64
ENVI;6;61;9.708;42;-85;84.315;14.0378;35.8007;0.5866;0.2194;0.14384;2.3881;594.95
ENVI;6;61;9.708;42;-86;85.307;14.0215;35.7968;0.5817;0.2111;0.13647;2.3884;596.96
ENVI;6;61;9.708;42;-87;86.298;14.0162;35.7956;0.6314;0.2153;0.12893;2.3883;597.75
ENVI;6;61;9.708;42;-88;87.29;14.0062;35.7932;0.7056;0.209;0.12167;2.3877;597.42
ENVI;6;61;9.708;42;-89;88.282;13.9978;35.7908;0.6466;0.2051;0.10994;2.3878;594.51
ENVI;6;61;9.708;42;-90;89.273;13.9995;35.791;0.5822;0.2007;0.087794;2.3886;593.17
ENVI;6;61;9.708;42;-91;90.265;13.9946;35.7905;0.5908;0.2033;0.082007;2.388;592.43
ENVI;6;61;9.708;42;-92;91.257;13.9909;35.7899;0.6508;0.2127;0.078087;2.3874;592.52
ENVI;6;61;9.708;42;-93;92.248;13.983;35.7882;0.6509;0.213;0.076231;2.3869;593.79
ENVI;6;61;9.708;42;-94;93.24;13.9499;35.781;0.6111;0.2227;0.071488;2.3861;594.02
ENVI;6;61;9.708;42;-95;94.232;13.9384;35.7784;0.6173;0.2096;0.065604;2.385;591.94
ENVI;6;61;9.708;42;-96;95.224;13.9397;35.7786;0.5653;0.2076;0.056538;2.3862;592.64
ENVI;6;61;9.708;42;-97;96.215;13.9404;35.7785;0.576;0.2021;0.048127;2.3876;589.48
ENVI;6;61;9.708;42;-98;97.207;13.9388;35.7785;0.5698;0.2178;0.043032;2.3875;591.67
ENVI;6;61;9.708;42;-99;98.199;13.9365;35.7786;0.5559;0.2202;0.037588;2.3864;591.97
ENVI;6;61;9.708;42;-100;99.19;13.9452;35.7813;0.549;0.2079;0.034251;2.3854;592.24
ENVI;6;61;9.708;42;-101;100.182;13.951;35.7829;0.5293;0.1964;0.03157;2.3851;591.28
ENVI;6;61;9.708;42;-102;101.174;13.9565;35.7848;0.5351;0.2036;0.028406;2.3841;588.85
ENVI;6;61;9.708;42;-103;102.165;13.9576;35.7853;0.5152;0.202;0.022306;2.3843;590.51
ENVI;6;61;9.708;42;-104;103.157;13.9575;35.7856;0.5326;0.2056;0.017937;2.3836;590.48
ENVI;6;61;9.708;42;-105;104.149;13.9597;35.7861;0.4851;0.1971;0.010398;2.3834;590.34
ENVI;6;61;9.708;42;-106;105.141;13.9564;35.7856;0.4636;0.1969;0.0060411;2.383;589.25
ENVI;6;61;9.708;42;-107;106.132;13.955;35.7855;0.4963;0.2127;0.0024182;2.383;588.69
ENVI;6;61;9.708;42;-108;107.123;13.9309;35.7812;0.5186;0.2402;0.00011537;2.3821;590.47
ENVI;6;61;9.708;42;-109;108.115;13.9052;35.775;0.5249;0.2639;6.41E-07;2.3813;590.77
ENVI;6;61;9.708;42;-110;109.107;13.8976;35.7734;0.5342;0.2138;1.00E-12;2.3804;590.53
ENVI;6;61;9.708;42;-111;110.098;13.8959;35.7728;0.5222;0.2064;1.00E-12;2.3801;591.2
ENVI;6;61;9.708;42;-112;111.09;13.8842;35.7703;0.4783;0.1976;1.00E-12;2.3792;590.42
ENVI;6;61;9.708;42;-113;112.082;13.8764;35.7684;0.6333;0.2206;1.00E-12;2.3797;588.71
ENVI;6;61;9.708;42;-114;113.073;13.8688;35.7664;0.5213;0.2088;1.00E-12;2.3804;588.52
ENVI;6;61;9.708;42;-115;114.065;13.8655;35.7656;0.4915;0.1992;1.00E-12;2.3801;590
ENVI;6;61;9.708;42;-116;115.057;13.8645;35.7654;0.4703;0.2068;1.00E-12;2.3809;590.33
ENVI;6;61;9.708;42;-117;116.048;13.8654;35.7658;0.4348;0.2034;1.00E-12;2.381;589.26
ENVI;6;61;9.708;42;-118;117.04;13.8703;35.7666;0.4565;0.2033;1.00E-12;2.3812;590.56
ENVI;6;61;9.708;42;-119;118.031;13.8676;35.7663;0.4708;0.2202;1.00E-12;2.3809;592.51
ENVI;6;61;9.708;42;-120;119.023;13.8595;35.7655;0.4798;0.2248;1.00E-12;2.3797;592.52
ENVI;6;61;9.708;42;-121;120.014;13.8516;35.7654;0.4702;0.199;1.00E-12;2.3788;591.45
ENVI;6;61;9.708;42;-122;121.006;13.8497;35.7665;0.4313;0.1891;1.00E-12;2.3778;590.52
ENVI;6;61;9.708;42;-123;121.997;13.8478;35.7677;0.4052;0.196;1.00E-12;2.376;589.74
ENVI;6;61;9.708;42;-124;122.989;13.8417;35.7681;0.367;0.1934;1.00E-12;2.374;588.54
ENVI;6;61;9.708;42;-125;123.981;13.8393;35.7679;0.3329;0.2237;1.00E-12;2.3714;588.53
ENVI;6;61;9.708;42;-126;124.972;13.8364;35.7673;0.3594;0.1976;1.00E-12;2.3687;588.53
ENVI;6;61;9.708;42;-127;125.963;13.8295;35.7661;0.3617;0.1914;1.00E-12;2.3661;588.53
ENVI;6;61;9.708;42;-128;126.955;13.823;35.765;0.3358;0.1914;1.00E-12;2.3636;588.79
ENVI;6;61;9.708;42;-129;127.947;13.799;35.7624;0.346;0.1937;1.00E-12;2.3606;591.25
ENVI;6;61;9.708;42;-130;128.938;13.7798;35.7629;0.2437;0.183;1.00E-12;2.3594;594.09
ENVI;6;61;9.708;42;-131;129.93;13.7691;35.7631;0.223;0.1784;1.00E-12;2.359;594.54
ENVI;6;61;9.708;42;-132;130.921;13.7327;35.764;0.2111;0.1803;1.00E-12;2.3557;594.52
ENVI;6;61;9.708;42;-133;131.913;13.693;35.7685;0.1723;0.1866;1.00E-12;2.352;593.47
ENVI;6;61;9.708;42;-134;132.904;13.6606;35.7701;0.1281;0.1781;1.00E-12;2.3474;592.48
ENVI;6;61;9.708;42;-135;133.896;13.6295;35.7721;0.1011;0.1866;1.00E-12;2.3385;591.27
ENVI;6;61;9.708;42;-136;134.887;13.5855;35.7696;0.084;0.2022;1.00E-12;2.3247;588.94
ENVI;6;61;9.708;42;-137;135.879;13.5678;35.7685;0.0733;0.2063;1.00E-12;2.3087;588.18
ENVI;6;61;9.708;42;-138;136.87;13.5662;35.7677;0.0686;0.1848;1.00E-12;2.295;589.2
ENVI;6;61;9.708;42;-139;137.862;13.5618;35.767;0.0737;0.1806;1.00E-12;2.2846;591.91
ENVI;6;61;9.708;42;-140;138.853;13.5494;35.7664;0.0503;0.2001;1.00E-12;2.2769;592.99
ENVI;6;61;9.708;42;-141;139.845;13.5339;35.7664;0.0321;0.186;1.00E-12;2.2712;593.51
ENVI;6;61;9.708;42;-142;140.836;13.5215;35.766;0.0391;0.1852;1.00E-12;2.2679;593.68
ENVI;6;61;9.708;42;-143;141.827;13.4848;35.7657;0.032;0.1751;1.00E-12;2.265;595.26
ENVI;6;61;9.708;42;-144;142.819;13.4377;35.7651;0.0436;0.1849;1.00E-12;2.261;596.48
ENVI;6;61;9.708;42;-145;143.81;13.3844;35.7657;0.0099;0.1848;1.00E-12;2.2563;596.51
ENVI;6;61;9.708;42;-146;144.802;13.3394;35.765;0.0002;0.1851;1.00E-12;2.2492;595.85
ENVI;6;61;9.708;42;-147;145.793;13.3161;35.7627;-0.02;0.1779;1.00E-12;2.2383;592.64
ENVI;6;61;9.708;42;-148;146.785;13.2934;35.7611;-0.0285;0.1773;1.00E-12;2.2267;590.19
ENVI;6;61;9.708;42;-149;147.776;13.2742;35.7607;-0.0193;0.1705;1.00E-12;2.2205;588.79
ENVI;6;61;9.708;42;-150;148.768;13.2588;35.7601;-0.0239;0.1761;1.00E-12;2.2176;590
ENVI;6;61;9.708;42;-151;149.759;13.2393;35.7599;-0.0282;0.184;1.00E-12;2.2155;591.13
ENVI;6;61;9.708;42;-152;150.75;13.2248;35.7593;-0.0279;0.1788;1.00E-12;2.2135;593.43
ENVI;6;61;9.708;42;-153;151.742;13.1925;35.7571;-0.0288;0.1768;1.00E-12;2.211;595.14
ENVI;6;61;9.708;42;-154;152.733;13.1107;35.755;-0.031;0.176;1.00E-12;2.2075;596.47
ENVI;6;61;9.708;42;-155;153.725;13.0828;35.7539;-0.0634;0.1912;1.00E-12;2.2022;598.02
ENVI;6;61;9.708;42;-156;154.716;13.0092;35.7502;-0.0642;0.1796;1.00E-12;2.195;598.51
ENVI;6;61;9.708;42;-157;155.707;12.969;35.7475;-0.0785;0.1665;1.00E-12;2.1857;596.19
ENVI;6;61;9.708;42;-158;156.699;12.9487;35.7463;-0.0849;0.1674;1.00E-12;2.1776;593.78
ENVI;6;61;9.708;42;-159;157.69;12.9287;35.7453;-0.0846;0.1738;1.00E-12;2.1738;592.5
ENVI;6;61;9.708;42;-160;158.682;12.9185;35.7448;-0.0745;0.1734;1.00E-12;2.1709;591.45
ENVI;6;61;9.708;42;-161;159.673;12.9166;35.7441;-0.083;0.1667;1.00E-12;2.1682;591.29
ENVI;6;61;9.708;42;-162;160.664;12.9026;35.7434;-0.0857;0.1874;1.00E-12;2.1659;591.57
ENVI;6;61;9.708;42;-163;161.656;12.8905;35.7427;-0.0685;0.1898;1.00E-12;2.1638;592.38
ENVI;6;61;9.708;42;-164;162.647;12.8536;35.7413;-0.0393;0.1786;1.00E-12;2.162;593.75
ENVI;6;61;9.708;42;-165;163.638;12.8178;35.7395;-0.0811;0.1791;1.00E-12;2.1604;594.51
ENVI;6;61;9.708;42;-166;164.63;12.7354;35.7368;-0.0838;0.1757;1.00E-12;2.1578;595.91
ENVI;6;61;9.708;42;-167;165.621;12.7203;35.7355;-0.0837;0.1708;1.00E-12;2.1528;596.55
ENVI;6;61;9.708;42;-168;166.612;12.7122;35.7341;-0.0839;0.1572;1.00E-12;2.1473;597.39
ENVI;6;61;9.708;42;-169;167.604;12.6953;35.7334;-0.0901;0.1705;1.00E-12;2.1439;597.72
ENVI;6;61;9.708;42;-170;168.595;12.691;35.733;-0.1043;0.1817;1.00E-12;2.1415;596.96
ENVI;6;61;9.708;42;-171;169.587;12.6847;35.7326;-0.0854;0.1629;1.00E-12;2.1392;595.85
ENVI;6;61;9.708;42;-172;170.578;12.6805;35.7326;-0.094;0.1734;1.00E-12;2.1369;594.51
ENVI;6;61;9.708;42;-173;171.569;12.6746;35.7322;-0.0716;0.1663;1.00E-12;2.1348;594.52
ENVI;6;61;9.708;42;-174;172.56;12.6592;35.7314;-0.0834;0.1748;1.00E-12;2.1331;594.52
ENVI;6;61;9.708;42;-175;173.551;12.6457;35.7305;-0.0852;0.1672;1.00E-12;2.131;594.45
ENVI;6;61;9.708;42;-176;174.543;12.64;35.7299;-0.0719;0.1611;1.00E-12;2.1287;594.52
ENVI;6;61;9.708;42;-177;175.534;12.6363;35.7293;-0.083;0.1659;1.00E-12;2.1279;595.57
ENVI;6;61;9.708;42;-178;176.526;12.6317;35.7289;-0.0852;0.1669;1.00E-12;2.1264;596.49
ENVI;6;61;9.708;42;-179;177.517;12.62;35.7269;-0.0817;0.1666;1.00E-12;2.1253;596.39
ENVI;6;61;9.708;42;-180;178.508;12.5855;35.7244;-0.0847;0.1611;1.00E-12;2.1238;596.5
ENVI;6;61;9.708;42;-181;179.5;12.6013;35.7245;-0.0874;0.157;1.00E-12;2.1213;596.51
ENVI;6;61;9.708;42;-182;180.49;12.575;35.7217;-0.0863;0.152;1.00E-12;2.1205;596.84
ENVI;6;61;9.708;42;-183;181.482;12.5721;35.7213;-0.0948;0.1652;1.00E-12;2.1199;598.48
ENVI;6;61;9.708;42;-184;182.473;12.5711;35.7211;-0.0832;0.1537;1.00E-12;2.1191;598.51
ENVI;6;61;9.708;42;-185;183.464;12.571;35.7209;-0.0831;0.1645;1.00E-12;2.1178;598.51
ENVI;6;61;9.708;42;-186;184.456;12.5709;35.7206;-0.0844;0.1665;1.00E-12;2.1165;600.11
ENVI;6;61;9.708;42;-187;185.447;12.5686;35.7202;-0.0818;0.1666;1.00E-12;2.1158;600.13
ENVI;6;61;9.708;42;-188;186.438;12.5674;35.7201;-0.0838;0.1605;1.00E-12;2.1151;599.8
ENVI;6;61;9.708;42;-189;187.43;12.5593;35.7191;-0.0847;0.1653;1.00E-12;2.1149;600.12
ENVI;6;61;9.708;42;-190;188.421;12.5568;35.7187;-0.0848;0.1736;1.00E-12;2.114;600.13
ENVI;6;61;9.708;42;-191;189.412;12.5485;35.7176;-0.0868;0.1631;1.00E-12;2.1128;600.09
ENVI;6;61;9.708;42;-192;190.403;12.5416;35.7164;-0.093;0.1499;1.00E-12;2.1124;597.38
ENVI;6;61;9.708;42;-193;191.394;12.5317;35.7147;-0.0964;0.1611;1.00E-12;2.1125;596.49
ENVI;6;61;9.708;42;-194;192.386;12.5253;35.7134;-0.0817;0.1484;1.00E-12;2.1123;598.91
ENVI;6;61;9.708;42;-195;193.377;12.5187;35.7124;-0.0846;0.1542;1.00E-12;2.1121;600.08
ENVI;6;61;9.708;42;-196;194.368;12.5124;35.7112;-0.0963;0.1596;1.00E-12;2.1118;601.55
ENVI;6;61;9.708;42;-197;195.359;12.51;35.7109;-0.0953;0.1604;1.00E-12;2.1115;602.49
ENVI;6;61;9.708;42;-198;196.35;12.5069;35.7101;-0.0939;0.1601;1.00E-12;2.1108;603.19
ENVI;6;61;9.708;42;-199;197.342;12.4912;35.7077;-0.083;0.1601;1.00E-12;2.1106;603.75
ENVI;6;61;9.708;42;-200;198.333;12.4891;35.7072;-0.0838;0.1601;1.00E-12;2.1103;603.44
ENVI;6;61;9.708;42;-201;199.324;12.4868;35.7065;-0.0871;0.1601;1.00E-12;2.1107;602.47
ENVI;6;61;9.708;42;-202;200.315;12.4716;35.7042;-0.0832;0.1546;1.00E-12;2.1111;602.7
ENVI;6;61;9.708;42;-203;201.306;12.4658;35.7029;-0.0888;0.1573;1.00E-12;2.1117;601.97
ENVI;6;61;9.708;42;-204;202.297;12.4603;35.7018;-0.0834;0.154;1.00E-12;2.1143;599.76
ENVI;6;61;9.708;42;-205;203.289;12.452;35.7003;-0.1018;0.1596;1.00E-12;2.1149;599.58
ENVI;6;61;9.708;42;-206;204.28;12.4339;35.6973;-0.0907;0.1566;1.00E-12;2.1163;599.75
ENVI;6;61;9.708;42;-207;205.271;12.4148;35.6948;-0.1004;0.1653;1.00E-12;2.1178;600.53
ENVI;6;61;9.708;42;-208;206.262;12.4119;35.6945;-0.0862;0.1603;1.00E-12;2.1193;602.24
ENVI;6;61;9.708;42;-209;207.253;12.4084;35.6941;-0.0958;0.1604;1.00E-12;2.1203;604.02
ENVI;6;61;9.708;42;-210;208.244;12.4063;35.6939;-0.0863;0.1601;1.00E-12;2.1207;606.47
ENVI;6;61;9.708;42;-211;209.236;12.4058;35.6939;-0.0871;0.1601;1.00E-12;2.1199;607.8
ENVI;6;61;9.708;42;-212;210.227;12.4052;35.6943;-0.084;0.1615;1.00E-12;2.1193;608.11
ENVI;6;61;9.708;42;-213;211.218;12.4046;35.6943;-0.0923;0.1609;1.00E-12;2.1187;608.48
ENVI;6;61;9.708;42;-214;212.209;12.4033;35.6943;-0.0911;0.1618;1.00E-12;2.1184;609.06
ENVI;6;61;9.708;42;-215;213.2;12.4025;35.694;-0.0836;0.1676;1.00E-12;2.1179;608.47
ENVI;6;61;9.708;42;-216;214.191;12.4007;35.6939;-0.1018;0.1524;1.00E-12;2.1168;607.32
ENVI;6;61;9.708;42;-217;215.182;12.405;35.6937;-0.0886;0.1442;1.00E-12;2.1145;600.8
ENVI;6;61;9.708;42;-218;216.173;12.3959;35.6935;-0.0915;0.1696;1.00E-12;2.1153;602.5
ENVI;6;61;9.708;42;-219;217.164;12.39;35.6927;-0.0903;0.1691;1.00E-12;2.1144;604.5
ENVI;6;61;9.708;42;-220;218.155;12.382;35.692;-0.085;0.1608;1.00E-12;2.114;606.05
ENVI;6;61;9.708;42;-221;219.146;12.3779;35.6919;-0.1057;0.1744;1.00E-12;2.1124;608.81
ENVI;6;61;9.708;42;-222;220.138;12.3751;35.6915;-0.0943;0.1652;1.00E-12;2.1116;610.53
ENVI;6;61;9.708;42;-223;221.129;12.3655;35.6901;-0.0831;0.1547;1.00E-12;2.1105;612.14
ENVI;6;61;9.708;42;-224;222.12;12.3509;35.6887;-0.0938;0.1792;1.00E-12;2.1098;613.4
ENVI;6;61;9.708;42;-225;223.111;12.3444;35.6878;-0.0918;0.1613;1.00E-12;2.1088;613.7
ENVI;6;61;9.708;42;-226;224.102;12.341;35.6873;-0.0868;0.1495;1.00E-12;2.1081;611.94
ENVI;6;61;9.708;42;-227;225.093;12.3394;35.6868;-0.1061;0.1542;1.00E-12;2.1076;610.53
ENVI;6;61;9.708;42;-228;226.084;12.3389;35.6864;-0.0929;0.1486;1.00E-12;2.108;608.74
ENVI;6;61;9.708;42;-229;227.075;12.315;35.684;-0.0835;0.1475;1.00E-12;2.109;607.99
ENVI;6;61;9.708;42;-230;228.066;12.3028;35.6832;-0.0841;0.1544;1.00E-12;2.1091;607.4
ENVI;6;61;9.708;42;-231;229.057;12.2981;35.6827;-0.0929;0.1591;1.00E-12;2.1094;608.47
ENVI;6;61;9.708;42;-232;230.048;12.2898;35.6818;-0.0844;0.1504;1.00E-12;2.1088;609.9
ENVI;6;61;9.708;42;-233;231.039;12.2848;35.6812;-0.0866;0.1605;1.00E-12;2.1078;611.03
ENVI;6;61;9.708;42;-234;232.03;12.2767;35.6798;-0.0944;0.1611;1.00E-12;2.1072;613.17
ENVI;6;61;9.708;42;-235;233.021;12.259;35.6774;-0.0845;0.1554;1.00E-12;2.1062;615.53
ENVI;6;61;9.708;42;-236;234.012;12.2544;35.6769;-0.0848;0.1587;1.00E-12;2.1055;616.62
ENVI;6;61;9.708;42;-237;235.003;12.2501;35.6763;-0.0816;0.1665;1.00E-12;2.105;618.05
ENVI;6;61;9.708;42;-238;235.994;12.2471;35.6759;-0.0825;0.1662;1.00E-12;2.1054;618.49
ENVI;6;61;9.708;42;-239;236.985;12.2439;35.6757;-0.081;0.1602;1.00E-12;2.1061;617.14
ENVI;6;61;9.708;42;-240;237.976;12.2431;35.6756;-0.0713;0.1493;1.00E-12;2.1066;616.96
ENVI;6;61;9.708;42;-241;238.967;12.2444;35.6767;-0.0814;0.1587;1.00E-12;2.1074;616.43
ENVI;6;61;9.708;42;-242;239.958;12.2444;35.6772;-0.0824;0.1508;1.00E-12;2.1074;615
ENVI;6;61;9.708;42;-243;240.949;12.2466;35.6764;-0.0912;0.1376;1.00E-12;2.1044;613.05
ENVI;6;61;9.708;42;-244;241.94;12.233;35.6756;-0.0827;0.1516;1.00E-12;2.103;615.07
ENVI;6;61;9.708;42;-245;242.931;12.226;35.6747;-0.083;0.1508;1.00E-12;2.1022;616.97
ENVI;6;61;9.708;42;-246;243.922;12.2249;35.6745;-0.0839;0.154;1.00E-12;2.1009;618.71
ENVI;6;61;9.708;42;-247;244.913;12.2238;35.6753;-0.0945;0.16;1.00E-12;2.1;621.43
ENVI;6;61;9.708;42;-248;245.904;12.2245;35.6795;-0.0898;0.1766;1.00E-12;2.1;622.3
ENVI;6;61;9.708;42;-249;246.895;12.2056;35.6778;-0.0848;0.1897;1.00E-12;2.0997;622.45
ENVI;6;61;9.708;42;-250;247.886;12.1766;35.6756;-0.0825;0.1427;1.00E-12;2.0983;623.68
ENVI;6;61;9.708;42;-251;248.877;12.173;35.6764;-0.0837;0.1486;1.00E-12;2.0938;622.45
ENVI;6;61;9.708;42;-252;249.868;12.1743;35.6771;-0.0824;0.1558;1.00E-12;2.0885;620.79
ENVI;6;61;9.708;42;-253;250.859;12.1829;35.6761;-0.0906;0.1434;1.00E-12;2.0771;619.33
ENVI;6;61;9.708;42;-254;251.85;12.1763;35.6764;-0.0863;0.1375;1.00E-12;2.0722;621.69
ENVI;6;61;9.708;42;-255;252.841;12.1708;35.6761;-0.0909;0.1493;1.00E-12;2.0714;624.71
ENVI;6;61;9.708;42;-256;253.832;12.1679;35.6756;-0.0856;0.1484;1.00E-12;2.0681;627.41
ENVI;6;61;9.708;42;-257;254.822;12.1642;35.6748;-0.0933;0.1313;1.00E-12;2.0612;628.77
