cruise;day;st;Longitude;Latitude;presion;depth;temp;sal;fluo;turb;par;oxig;PARsurf
ENVI;4;3;8.956;42;-3;2.976;13.5274;34.4022;2.9093;1.2329;0.3649;2.4853;3.99
ENVI;4;3;8.956;42;-4;3.968;13.6082;34.5055;3.1304;1.3187;0.30523;2.4861;3.99
ENVI;4;3;8.956;42;-5;4.961;13.6104;34.5046;2.9112;1.3632;0.24326;2.4869;3.99
ENVI;4;3;8.956;42;-6;5.953;13.6098;34.5034;2.9604;1.3979;0.16918;2.4867;3.99
ENVI;4;3;8.956;42;-7;6.945;13.6945;34.6253;2.7305;1.3164;0.11358;2.4867;3.99
ENVI;4;3;8.956;42;-8;7.937;13.933;35;2.3327;1.4059;0.074596;2.4879;3.99
ENVI;4;3;8.956;42;-9;8.929;13.8635;35.1377;2.3464;1.3589;0.050894;2.4819;3.99
ENVI;4;3;8.956;42;-10;9.921;13.7868;35.174;2.4267;1.1338;0.037824;2.4657;3.99
ENVI;4;3;8.956;42;-11;10.913;13.6987;35.1705;2.4882;1.2084;0.020471;2.4614;3.99
ENVI;4;3;8.956;42;-12;11.905;13.5703;35.1715;2.7413;1.205;0.0040202;2.4578;3.99
ENVI;4;3;8.956;42;-13;12.898;13.4623;35.2522;2.897;1.2028;-0.00004412;2.4546;3.99
ENVI;4;3;8.956;42;-14;13.89;13.5575;35.3578;2.4322;1.22;1.00E-12;2.4532;3.99
ENVI;4;3;8.956;42;-15;14.882;13.525;35.4061;1.5404;0.992;1.00E-12;2.4302;3.99
ENVI;4;3;8.956;42;-16;15.874;13.5327;35.4244;1.4929;1.0801;1.00E-12;2.4186;3.99
ENVI;4;3;8.956;42;-17;16.866;13.5973;35.455;1.36;1.0963;1.00E-12;2.4129;3.99
ENVI;4;3;8.956;42;-18;17.858;13.8018;35.5232;1.1167;1.0773;1.00E-12;2.411;3.99
ENVI;4;3;8.956;42;-19;18.85;13.7663;35.5263;0.9321;1.1131;1.00E-12;2.4046;3.99
ENVI;4;3;8.956;42;-20;19.842;13.7176;35.5312;0.8956;1.103;1.00E-12;2.3922;3.99
ENVI;4;3;8.956;42;-21;20.834;13.6258;35.5294;0.8267;1.1646;1.00E-12;2.3859;3.99
ENVI;4;3;8.956;42;-22;21.826;13.6964;35.5781;0.6626;1.1977;1.00E-12;2.3819;3.99
ENVI;4;3;8.956;42;-23;22.818;13.8642;35.6484;0.4654;1.4138;1.00E-12;2.3737;3.99
ENVI;4;3;8.956;42;-24;23.81;13.8932;35.6657;0.3397;1.5411;1.00E-12;2.3614;3.99
ENVI;4;3;8.956;42;-25;24.802;13.7707;35.6414;0.3496;1.771;1.00E-12;2.3529;3.99
ENVI;4;3;8.956;42;-26;25.794;13.5416;35.6115;0.4244;1.6367;1.00E-12;2.3428;3.99
ENVI;4;3;8.956;42;-27;26.786;13.4918;35.61;0.4867;0.9897;1.00E-12;2.3389;3.99
ENVI;4;3;8.956;42;-28;27.778;13.4952;35.6196;0.4259;0.8532;1.00E-12;2.3518;3.99
ENVI;4;3;8.956;42;-29;28.77;13.4951;35.6248;0.4034;0.8766;1.00E-12;2.3545;3.99
ENVI;4;3;8.956;42;-30;29.762;13.482;35.6392;0.3839;0.9901;1.00E-12;2.3544;3.99
ENVI;4;3;8.956;42;-31;30.754;13.4722;35.646;0.362;1.0818;1.00E-12;2.353;3.99
ENVI;4;3;8.956;42;-32;31.746;13.4661;35.6525;0.3394;1.014;1.00E-12;2.3489;3.99
ENVI;4;3;8.956;42;-33;32.738;13.4581;35.6639;0.3189;0.937;1.00E-12;2.3453;3.99
ENVI;4;3;8.956;42;-34;33.73;13.4138;35.6734;0.2556;0.8593;1.00E-12;2.3414;3.99
ENVI;4;3;8.956;42;-35;34.722;13.3673;35.6808;0.2083;0.9009;1.00E-12;2.3359;3.99
ENVI;4;3;8.956;42;-36;35.714;13.3455;35.6847;0.1865;0.9255;1.00E-12;2.3263;3.99
ENVI;4;3;8.956;42;-37;36.706;13.3168;35.6842;0.1689;0.8313;1.00E-12;2.3153;3.99
ENVI;4;3;8.956;42;-38;37.698;13.2959;35.6826;0.1909;0.7846;1.00E-12;2.305;4.1245
ENVI;4;3;8.956;42;-39;38.69;13.2684;35.6843;0.1644;0.9758;1.00E-12;2.3032;3.9883
ENVI;4;3;8.956;42;-40;39.682;13.2467;35.6865;0.1463;1.1294;1.00E-12;2.3001;3.99
ENVI;4;3;8.956;42;-41;40.674;13.2433;35.6855;0.1568;1.0457;1.00E-12;2.2896;3.99
ENVI;4;3;8.956;42;-42;41.666;13.2359;35.6863;0.1556;0.8443;1.00E-12;2.2818;3.99
ENVI;4;3;8.956;42;-43;42.658;13.1733;35.6895;0.1584;0.9368;1.00E-12;2.2833;3.99
ENVI;4;3;8.956;42;-44;43.65;13.1244;35.6913;0.127;1.1454;1.00E-12;2.282;3.99
ENVI;4;3;8.956;42;-45;44.642;13.0566;35.6905;0.1008;1.2554;1.00E-12;2.2734;4.1004
ENVI;4;3;8.956;42;-46;45.634;12.9612;35.6917;0.1108;1.2651;1.00E-12;2.2612;3.9939
ENVI;4;3;8.956;42;-47;46.625;12.8813;35.6916;0.0924;1.0365;1.00E-12;2.242;4.0778
ENVI;4;3;8.956;42;-48;47.617;12.8502;35.6903;0.0867;1.0894;1.00E-12;2.2291;3.9898
ENVI;4;3;8.956;42;-49;48.609;12.8032;35.6933;0.0803;1.3327;1.00E-12;2.2225;3.99
ENVI;4;3;8.956;42;-50;49.601;12.7906;35.6991;0.0694;1.4196;1.00E-12;2.2049;4.1232
ENVI;4;3;8.956;42;-51;50.593;12.7117;35.6975;0.0532;1.9623;1.00E-12;2.1961;4.4777
ENVI;4;3;8.956;42;-52;51.585;12.6283;35.6952;0.0618;1.7205;1.00E-12;2.1875;4.0615
ENVI;4;3;8.956;42;-53;52.577;12.5055;35.6947;0.0594;1.6797;1.00E-12;2.1801;4.1363
ENVI;4;3;8.956;42;-54;53.569;12.4008;35.6898;0.0436;1.1433;1.00E-12;2.1528;4.3334
ENVI;4;3;8.956;42;-55;54.561;12.3407;35.6907;0.0399;1.7128;1.00E-12;2.1486;4.3224
ENVI;4;3;8.956;42;-56;55.553;12.2461;35.6877;0.0177;1.8564;1.00E-12;2.144;4.3844
ENVI;4;3;8.956;42;-57;56.544;12.1045;35.6815;-0.0031;1.5192;1.00E-12;2.1294;4.6212
ENVI;4;3;8.956;42;-58;57.536;12.0875;35.68;-0.0191;1.6352;1.00E-12;2.1194;4.7754
ENVI;4;3;8.956;42;-59;58.528;12.0611;35.6776;-0.0436;1.8138;1.00E-12;2.1134;5.2162
ENVI;4;3;8.956;42;-60;59.52;12.0512;35.6758;-0.0453;1.6299;1.00E-12;2.1079;5.3372
ENVI;4;3;8.956;42;-61;60.512;12.0533;35.6753;-0.0502;1.8939;1.00E-12;2.105;5.4164
ENVI;4;3;8.956;42;-62;61.504;12.0483;35.6743;-0.0485;1.6774;1.00E-12;2.1029;5.3682
ENVI;4;3;8.956;42;-63;62.496;12.0481;35.6741;-0.057;1.9767;1.00E-12;2.1021;5.5884
ENVI;4;3;8.956;42;-64;63.487;12.0453;35.6739;-0.0462;2.2462;1.00E-12;2.1017;5.6879
ENVI;4;3;8.956;42;-65;64.479;12.0439;35.6732;-0.0389;2.1449;1.00E-12;2.1004;5.4628
ENVI;4;3;8.956;42;-66;65.471;12.0428;35.6726;-0.0532;1.8028;1.00E-12;2.1001;5.709
ENVI;4;3;8.956;42;-67;66.463;12.0407;35.6723;-0.0512;1.7949;1.00E-12;2.0999;5.9535
ENVI;4;3;8.956;42;-68;67.455;12.0411;35.6722;-0.0576;2.1327;1.00E-12;2.0998;5.9868
ENVI;4;3;8.956;42;-69;68.446;12.0425;35.6722;-0.0416;2.3552;1.00E-12;2.0994;5.9118
ENVI;4;3;8.956;42;-70;69.438;12.0418;35.672;-0.0559;2.3427;1.00E-12;2.0989;5.9163
ENVI;4;3;8.956;42;-71;70.43;12.0413;35.6717;-0.0464;2.1514;1.00E-12;2.0982;5.7953
ENVI;4;3;8.956;42;-72;71.422;12.0418;35.6715;-0.0466;1.7337;1.00E-12;2.0977;5.9911
ENVI;4;3;8.956;42;-73;72.414;12.0423;35.6715;-0.0553;1.8766;1.00E-12;2.0975;5.9851
ENVI;4;3;8.956;42;-74;73.405;12.0432;35.6716;-0.0427;2.2013;1.00E-12;2.0967;5.9851
ENVI;4;3;8.956;42;-75;74.397;12.0418;35.6714;-0.0528;2.1779;1.00E-12;2.0967;5.9851
ENVI;4;3;8.956;42;-76;75.389;12.0409;35.671;-0.0458;2.0561;1.00E-12;2.0962;5.9851
ENVI;4;3;8.956;42;-77;76.381;12.0418;35.6708;-0.045;1.9131;1.00E-12;2.0952;5.9851
ENVI;4;3;8.956;42;-78;77.373;12.0405;35.6707;-0.0405;2.0455;1.00E-12;2.0951;5.9851
ENVI;4;3;8.956;42;-79;78.364;12.0405;35.6706;-0.0483;1.8444;1.00E-12;2.0949;5.9851
ENVI;4;3;8.956;42;-80;79.356;12.0404;35.6708;-0.043;2.093;1.00E-12;2.0949;5.9851
ENVI;4;3;8.956;42;-81;80.348;12.042;35.6707;-0.0456;2.2814;1.00E-12;2.0943;5.9851
ENVI;4;2;8.9145;42;-3;2.976;13.657;34.3372;2.368;1.7768;20.558;2.4929;101.53
ENVI;4;2;8.9145;42;-4;3.969;13.7007;34.4891;2.4738;2.0453;17.526;2.4968;119.4
ENVI;4;2;8.9145;42;-5;4.961;13.8212;34.715;2.2837;2.2401;11.666;2.4961;104.96
ENVI;4;2;8.9145;42;-6;5.953;13.8794;34.8594;1.853;2.3758;7.9844;2.4949;121.78
ENVI;4;2;8.9145;42;-7;6.945;13.9512;34.9658;1.5852;2.5538;6.3631;2.479;113.95
ENVI;4;2;8.9145;42;-8;7.937;13.9621;34.9831;1.5248;2.5282;4.5864;2.4607;92.582
ENVI;4;2;8.9145;42;-9;8.929;13.9537;35.1497;1.3522;2.5323;3.7635;2.4479;98.482
ENVI;4;2;8.9145;42;-10;9.921;13.9116;35.2683;0.961;2.655;3.1001;2.4396;102.55
ENVI;4;2;8.9145;42;-11;10.913;13.8979;35.2791;0.8952;2.457;2.4368;2.4122;110.52
ENVI;4;2;8.9145;42;-12;11.905;13.8923;35.299;0.8559;2.4187;1.8248;2.391;146.82
ENVI;4;2;8.9145;42;-13;12.898;13.9187;35.3239;0.8494;2.7385;1.2061;2.3858;113.96
ENVI;4;2;8.9145;42;-14;13.89;13.89;35.319;0.8436;2.8952;0.9279;2.378;94.698
ENVI;4;2;8.9145;42;-15;14.882;13.8439;35.3116;0.8684;2.7635;0.82542;2.3682;97.999
ENVI;4;2;8.9145;42;-16;15.874;13.8292;35.312;0.8711;2.7313;0.72423;2.3657;105.9
ENVI;4;2;8.9145;42;-17;16.866;13.8195;35.3161;0.8462;2.321;0.53738;2.3634;109.43
ENVI;4;2;8.9145;42;-18;17.858;13.796;35.3561;0.7936;2.4728;0.3915;2.3599;117.59
ENVI;4;2;8.9145;42;-19;18.85;13.7203;35.4621;0.6835;2.8019;0.28685;2.3557;111.27
ENVI;4;2;8.9145;42;-20;19.842;13.6927;35.4892;0.6037;2.9402;0.22144;2.3456;111.3
ENVI;4;2;8.9145;42;-21;20.834;13.6423;35.5271;0.5784;3.0856;0.18781;2.3171;121.35
ENVI;4;2;8.9145;42;-22;21.826;13.5891;35.5603;0.4877;3.0731;0.14142;2.2889;104.6
ENVI;4;2;8.9145;42;-23;22.818;13.527;35.5991;0.4333;3.0022;0.098391;2.2729;100.38
ENVI;4;2;8.9145;42;-24;23.81;13.5034;35.6685;0.3601;3.0884;0.07334;2.2627;107.8
ENVI;4;2;8.9145;42;-25;24.802;13.3651;35.7113;0.2543;2.8473;0.049877;2.2488;121.25
ENVI;4;2;8.9145;42;-26;25.794;13.0336;35.7182;0.1993;2.7824;0.027072;2.2333;117.52
ENVI;4;2;8.9145;42;-27;26.786;12.8763;35.7188;0.1556;2.7152;0.0092844;2.2132;126.92
ENVI;4;2;8.9145;42;-28;27.778;12.7171;35.7152;0.1163;2.4822;0.0023703;2.1895;105.61
ENVI;4;2;8.9145;42;-29;28.77;12.5683;35.7119;0.1031;2.6078;0.000029751;2.1769;105.61
ENVI;4;2;8.9145;42;-30;29.762;12.5354;35.7078;0.1125;2.6081;5.61E-06;2.1614;116.48
ENVI;4;2;8.9145;42;-31;30.754;12.5214;35.7047;0.1158;2.2809;1.00E-12;2.1446;108.93
ENVI;4;2;8.9145;42;-32;31.746;12.4891;35.703;0.0862;2.6236;1.00E-12;2.1404;109.48
ENVI;4;2;8.9145;42;-33;32.738;12.4577;35.7016;0.0916;2.8733;1.00E-12;2.1372;125.75
ENVI;4;2;8.9145;42;-34;33.73;12.4311;35.7011;0.1003;2.7759;1.00E-12;2.1323;134.37
ENVI;4;2;8.9145;42;-35;34.722;12.4073;35.6993;0.0895;2.5444;1.00E-12;2.1264;96.318
ENVI;4;2;8.9145;42;-36;35.714;12.3914;35.6991;0.0903;2.7995;1.00E-12;2.1245;99.316
ENVI;4;2;8.9145;42;-37;36.706;12.3778;35.6992;0.0895;2.7793;1.00E-12;2.122;107.52
ENVI;4;2;8.9145;42;-38;37.698;12.3745;35.6986;0.0824;2.1445;1.00E-12;2.1184;134.35
ENVI;4;2;8.9145;42;-39;38.69;12.354;35.6981;0.0806;2.2082;1.00E-12;2.1158;144.39
ENVI;4;2;8.9145;42;-40;39.682;12.2637;35.6949;0.0773;2.4891;1.00E-12;2.1131;130.79
ENVI;4;2;8.9145;42;-41;40.674;12.1916;35.6902;0.0845;3.0543;1.00E-12;2.1091;107.79
ENVI;4;2;8.9145;42;-42;41.666;12.12;35.6867;0.1097;3.8915;1.00E-12;2.1039;95.473
ENVI;4;2;8.9145;42;-43;42.658;11.9711;35.6771;0.0865;3.6993;1.00E-12;2.0975;96.813
ENVI;4;2;8.9145;42;-44;43.65;12.0839;35.6819;0.071;3.1857;1.00E-12;2.0865;142.53
ENVI;4;2;8.9145;42;-45;44.642;11.8911;35.6753;0.0634;3.8512;1.00E-12;2.0873;134.96
ENVI;4;2;8.9145;42;-46;45.634;11.839;35.6749;0.089;4.9308;1.00E-12;2.0825;132.03
ENVI;4;2;8.9145;42;-47;46.626;11.8365;35.6738;0.1005;5.6121;1.00E-12;2.078;124.93
ENVI;4;2;8.9145;42;-48;47.617;11.8381;35.673;0.0977;5.5674;1.00E-12;2.0723;119.73
ENVI;4;2;8.9145;42;-49;48.609;11.8633;35.6755;0.1012;4.8032;1.00E-12;2.0627;110.18
ENVI;4;2;8.9145;42;-50;49.601;11.8557;35.6776;0.0969;5.155;1.00E-12;2.0607;129.06
ENVI;4;2;8.9145;42;-51;50.593;11.8588;35.6778;0.1047;4.2237;1.00E-12;2.0465;133.49
ENVI;4;2;8.9145;42;-52;51.585;11.8627;35.678;0.125;4.5791;1.00E-12;2.0416;129.71
ENVI;4;2;8.9145;42;-53;52.577;11.8646;35.6786;0.1041;5.6064;1.00E-12;2.0415;142.03
ENVI;4;31;9.0395;42;-3;2.976;13.1846;34.0083;5.205;1.1505;98.209;2.3014;783.34
ENVI;4;31;9.0395;42;-4;3.969;13.19;34.2603;5.232;1.3048;76.639;2.5678;923.54
ENVI;4;31;9.0395;42;-5;4.961;13.2554;34.5221;4.9929;1.0852;60.551;2.5261;865.11
ENVI;4;31;9.0395;42;-6;5.953;13.416;35.2308;4.4266;1.0648;43.242;2.5247;836.9
ENVI;4;31;9.0395;42;-7;6.945;13.4451;35.3332;3.3918;0.9273;35.173;2.5124;899.19
ENVI;4;31;9.0395;42;-8;7.937;13.4612;35.3832;3.1144;0.8985;27.226;2.492;905.28
ENVI;4;31;9.0395;42;-9;8.929;13.4723;35.4184;2.8902;0.8776;18.69;2.4846;877.73
ENVI;4;31;9.0395;42;-10;9.921;13.4766;35.4311;2.6879;0.8619;16.099;2.4772;897.47
ENVI;4;31;9.0395;42;-11;10.913;13.4851;35.4531;2.7194;0.7662;16.717;2.4664;899.03
ENVI;4;31;9.0395;42;-12;11.906;13.4916;35.4676;2.4634;0.84;11.698;2.4638;830.66
ENVI;4;31;9.0395;42;-13;12.897;13.4967;35.4796;2.3507;0.8556;8.9464;2.4612;865.45
ENVI;4;31;9.0395;42;-14;13.889;13.4994;35.4932;2.0521;0.7841;8.0305;2.4583;880.85
ENVI;4;31;9.0395;42;-15;14.882;13.4981;35.5042;1.7968;0.7607;8.1668;2.4507;860.84
ENVI;4;31;9.0395;42;-16;15.874;13.4878;35.5069;1.6256;0.7057;6.8837;2.4406;924.75
ENVI;4;31;9.0395;42;-17;16.866;13.485;35.5122;1.6519;0.7557;5.6249;2.4354;909.87
ENVI;4;31;9.0395;42;-18;17.858;13.4825;35.5229;1.678;0.7861;4.7101;2.4323;917.71
ENVI;4;31;9.0395;42;-19;18.85;13.478;35.5326;1.5075;0.7439;3.9532;2.4289;919.32
ENVI;4;31;9.0395;42;-20;19.842;13.4815;35.5392;1.3141;0.7111;3.7652;2.423;815.59
ENVI;4;31;9.0395;42;-21;20.834;13.5017;35.5618;1.3761;0.6325;3.8562;2.4113;926.73
ENVI;4;31;9.0395;42;-22;21.826;13.5188;35.5739;1.2346;0.6732;3.0676;2.4086;895.69
ENVI;4;31;9.0395;42;-23;22.818;13.501;35.5829;1.078;0.7126;2.5456;2.4062;887.41
ENVI;4;31;9.0395;42;-24;23.81;13.515;35.5932;0.9933;0.6994;2.1891;2.4026;828.15
ENVI;4;31;9.0395;42;-25;24.802;13.497;35.5978;0.8939;0.6551;2.1941;2.3937;881.82
ENVI;4;31;9.0395;42;-26;25.794;13.4869;35.5988;0.9778;0.5902;2.0807;2.3889;773.74
ENVI;4;31;9.0395;42;-27;26.786;13.4851;35.604;0.8598;0.6206;1.7514;2.3878;876.76
ENVI;4;31;9.0395;42;-28;27.778;13.4889;35.6113;0.8331;0.596;1.6214;2.387;905.35
ENVI;4;31;9.0395;42;-29;28.77;13.467;35.6249;0.8594;0.6126;1.4304;2.3861;844.2
ENVI;4;31;9.0395;42;-30;29.762;13.4589;35.637;0.8634;0.6104;1.2571;2.3836;731.14
ENVI;4;31;9.0395;42;-31;30.754;13.4556;35.6387;0.8613;0.5119;1.2346;2.3845;865.53
ENVI;4;31;9.0395;42;-32;31.746;13.4563;35.6457;0.8341;0.4889;1.1782;2.3883;900.75
ENVI;4;31;9.0395;42;-33;32.738;13.4559;35.6567;0.7866;0.5705;0.9651;2.388;883.85
ENVI;4;31;9.0395;42;-34;33.73;13.4552;35.6772;0.6523;0.5151;0.85489;2.3867;796.79
ENVI;4;31;9.0395;42;-35;34.722;13.4516;35.6807;0.4686;0.4623;0.81233;2.3811;668.64
ENVI;4;31;9.0395;42;-36;35.714;13.4491;35.6814;0.4168;0.4674;0.8074;2.3732;824.77
ENVI;4;31;9.0395;42;-37;36.706;13.4454;35.6827;0.3866;0.4368;0.78789;2.3681;902.8
ENVI;4;31;9.0395;42;-38;37.698;13.4424;35.6832;0.4268;0.4541;0.69152;2.3651;759.74
ENVI;4;31;9.0395;42;-39;38.69;13.442;35.6831;0.4854;0.4741;0.60252;2.3637;829.12
ENVI;4;31;9.0395;42;-40;39.682;13.4403;35.6834;0.4921;0.457;0.55982;2.3645;705.7
ENVI;4;31;9.0395;42;-41;40.674;13.4385;35.6841;0.4696;0.45;0.54127;2.3648;807.43
ENVI;4;31;9.0395;42;-42;41.666;13.4347;35.6859;0.4711;0.4909;0.50329;2.3642;698.62
ENVI;4;31;9.0395;42;-43;42.658;13.434;35.6866;0.4949;0.4722;0.45844;2.3635;628.5
ENVI;4;31;9.0395;42;-44;43.65;13.4342;35.6867;0.4935;0.4669;0.42211;2.3629;796.33
ENVI;4;31;9.0395;42;-45;44.642;13.431;35.6872;0.4541;0.4752;0.39252;2.3616;693.83
ENVI;4;31;9.0395;42;-46;45.634;13.4279;35.6872;0.3842;0.4504;0.35367;2.3583;780.03
ENVI;4;31;9.0395;42;-47;46.625;13.4244;35.6873;0.3739;0.414;0.31784;2.3546;697.84
ENVI;4;31;9.0395;42;-48;47.617;13.4212;35.6872;0.4068;0.4335;0.28939;2.3548;546.84
ENVI;4;31;9.0395;42;-49;48.609;13.4166;35.687;0.3902;0.4538;0.2661;2.3542;578.55
ENVI;4;31;9.0395;42;-50;49.601;13.3995;35.6867;0.3244;0.4414;0.25989;2.3494;771.75
ENVI;4;31;9.0395;42;-51;50.593;13.383;35.6882;0.3193;0.3865;0.24028;2.3398;814.77
ENVI;4;31;9.0395;42;-52;51.585;13.3732;35.6897;0.3212;0.4359;0.20164;2.3382;694.44
ENVI;4;31;9.0395;42;-53;52.577;13.3507;35.6916;0.2987;0.4686;0.17991;2.3363;664.49
ENVI;4;31;9.0395;42;-54;53.569;13.3334;35.6945;0.263;0.4687;0.17787;2.3311;791.34
ENVI;4;31;9.0395;42;-55;54.561;13.2916;35.6977;0.2726;0.516;0.17376;2.3286;657.96
ENVI;4;31;9.0395;42;-56;55.553;13.2748;35.6986;0.2603;0.5526;0.16059;2.3263;608.39
ENVI;4;31;9.0395;42;-57;56.545;13.2602;35.699;0.1971;0.486;0.13895;2.3095;853.62
ENVI;4;31;9.0395;42;-58;57.536;13.2354;35.6999;0.2208;0.53;0.12384;2.3029;652.61
ENVI;4;31;9.0395;42;-59;58.528;13.2188;35.7007;0.1924;0.6205;0.11061;2.2998;654.04
ENVI;4;31;9.0395;42;-60;59.52;13.1993;35.701;0.1445;0.5199;0.098182;2.2919;844.88
ENVI;4;31;9.0395;42;-61;60.512;13.1853;35.7021;0.1546;0.5336;0.088718;2.2861;695.6
ENVI;4;31;9.0395;42;-62;61.504;13.1856;35.7024;0.1629;0.7026;0.079404;2.2819;634.25
ENVI;4;31;9.0395;42;-63;62.496;13.1832;35.7035;0.1601;0.6462;0.072322;2.2779;629.42
ENVI;4;31;9.0395;42;-64;63.487;13.183;35.7038;0.1564;0.6192;0.065035;2.2759;673.26
ENVI;4;31;9.0395;42;-65;64.479;13.1784;35.7057;0.1291;0.5584;0.059765;2.273;745.86
ENVI;4;31;9.0395;42;-66;65.471;13.1619;35.7123;0.1308;0.5043;0.044166;2.2693;765.89
ENVI;4;31;9.0395;42;-67;66.463;13.1561;35.7141;0.1151;0.562;0.035784;2.2661;651.8
ENVI;4;31;9.0395;42;-68;67.455;13.1531;35.7146;0.1024;0.5802;0.031275;2.2622;622.79
ENVI;4;31;9.0395;42;-69;68.447;13.1331;35.7187;0.0865;0.6792;0.029038;2.2577;612.73
ENVI;4;31;9.0395;42;-70;69.438;13.0893;35.7263;0.0391;0.5762;0.028462;2.2484;649.92
ENVI;4;31;9.0395;42;-71;70.43;13.0515;35.7309;0.0201;0.402;0.026737;2.2241;834.83
ENVI;4;31;9.0395;42;-72;71.422;13.0293;35.7352;-0.0035;0.4122;0.015465;2.2175;657.33
ENVI;4;31;9.0395;42;-73;72.414;13.024;35.7353;-0.0281;0.4145;0.009689;2.2116;671.45
ENVI;4;31;9.0395;42;-74;73.405;13.0188;35.7345;-0.025;0.4037;0.0056336;2.2041;672.83
ENVI;4;31;9.0395;42;-75;74.397;13.0103;35.7351;-0.0248;0.3894;0.0046902;2.1994;667.95
ENVI;4;31;9.0395;42;-76;75.389;12.9707;35.7407;-0.0459;0.3292;0.0028348;2.1957;665.6
ENVI;4;31;9.0395;42;-77;76.381;12.943;35.7425;-0.0592;0.2657;0.000333;2.1891;630.53
ENVI;4;31;9.0395;42;-78;77.373;12.9144;35.7433;-0.0689;0.3048;7.71E-06;2.1851;682.72
ENVI;4;31;9.0395;42;-79;78.364;12.8988;35.7435;-0.0666;0.3044;1.00E-12;2.1816;734.92
ENVI;4;31;9.0395;42;-80;79.356;12.8896;35.7416;-0.0685;0.2423;1.00E-12;2.1717;670.72
ENVI;4;31;9.0395;42;-81;80.348;12.8517;35.7407;-0.0745;0.2538;1.00E-12;2.1702;723.01
ENVI;4;31;9.0395;42;-82;81.34;12.8359;35.7403;-0.0815;0.2495;1.00E-12;2.1686;843.81
ENVI;4;31;9.0395;42;-83;82.331;12.8214;35.7403;-0.0769;0.279;1.00E-12;2.166;845.13
ENVI;4;31;9.0395;42;-84;83.323;12.8186;35.7399;-0.0873;0.2338;1.00E-12;2.1632;770
ENVI;4;31;9.0395;42;-85;84.315;12.8185;35.74;-0.0775;0.2445;1.00E-12;2.1615;777.79
ENVI;4;31;9.0395;42;-86;85.307;12.8107;35.7395;-0.0906;0.2418;1.00E-12;2.1599;797.22
ENVI;4;31;9.0395;42;-87;86.298;12.794;35.7395;-0.0816;0.2007;1.00E-12;2.1586;944.44
ENVI;4;31;9.0395;42;-88;87.29;12.7887;35.739;-0.0664;0.2119;1.00E-12;2.1569;945.41
ENVI;4;31;9.0395;42;-89;88.282;12.7837;35.7383;-0.0821;0.2127;1.00E-12;2.1552;901.67
ENVI;4;31;9.0395;42;-90;89.274;12.7813;35.7381;-0.082;0.2072;1.00E-12;2.1543;890.83
ENVI;4;31;9.0395;42;-91;90.265;12.7749;35.7378;-0.0811;0.2213;1.00E-12;2.1537;838.48
ENVI;4;31;9.0395;42;-92;91.257;12.7642;35.7368;-0.0814;0.2197;1.00E-12;2.1535;860.26
ENVI;4;31;9.0395;42;-93;92.249;12.7071;35.7328;-0.081;0.2144;1.00E-12;2.1524;903.05
ENVI;4;31;9.0395;42;-94;93.24;12.6828;35.7301;-0.0783;0.2052;1.00E-12;2.1496;941.13
ENVI;4;31;9.0395;42;-95;94.232;12.6732;35.729;-0.0815;0.2195;1.00E-12;2.1472;949.44
ENVI;4;31;9.0395;42;-96;95.224;12.6705;35.7288;-0.0825;0.1995;1.00E-12;2.1467;932.02
ENVI;4;31;9.0395;42;-97;96.215;12.6512;35.7266;-0.0811;0.1937;1.00E-12;2.1459;902.75
ENVI;4;31;9.0395;42;-98;97.207;12.6419;35.7251;-0.0805;0.4114;1.00E-12;2.1446;918.16
ENVI;4;31;9.0395;42;-99;98.199;12.6344;35.7244;-0.091;0.1963;1.00E-12;2.1441;888.45
ENVI;4;31;9.0395;42;-100;99.19;12.6209;35.7223;-0.0798;0.204;1.00E-12;2.1439;910.69
ENVI;4;31;9.0395;42;-101;100.182;12.6006;35.7205;-0.0797;0.2081;1.00E-12;2.1439;958.91
ENVI;4;31;9.0395;42;-102;101.174;12.5877;35.7189;-0.0884;0.2083;1.00E-12;2.143;952.88
ENVI;4;31;9.0395;42;-103;102.165;12.5772;35.7175;-0.0808;0.1913;1.00E-12;2.142;950.25
ENVI;4;31;9.0395;42;-104;103.157;12.5504;35.7147;-0.0779;0.1948;1.00E-12;2.1411;949.04
ENVI;4;31;9.0395;42;-105;104.149;12.4808;35.7081;-0.0761;0.3913;1.00E-12;2.1395;831.7
ENVI;4;31;9.0395;42;-106;105.14;12.377;35.7006;-0.0885;0.2729;1.00E-12;2.1367;884.05
ENVI;4;31;9.0395;42;-107;106.132;12.3411;35.696;-0.0724;0.4801;1.00E-12;2.1341;913.6
ENVI;4;31;9.0395;42;-108;107.124;12.2922;35.6937;-0.0612;0.5253;1.00E-12;2.1305;959.01
ENVI;4;31;9.0395;42;-109;108.115;12.3197;35.6936;-0.0748;0.5706;1.00E-12;2.1249;973.17
ENVI;4;31;9.0395;42;-110;109.107;12.2942;35.6916;-0.0724;0.4412;1.00E-12;2.1224;882.93
ENVI;4;31;9.0395;42;-111;110.098;12.283;35.6899;-0.0712;0.699;1.00E-12;2.1201;873.52
ENVI;4;31;9.0395;42;-112;111.09;12.2838;35.6896;-0.0805;0.7029;1.00E-12;2.1186;833.06
ENVI;4;31;9.0395;42;-113;112.082;12.2821;35.6895;-0.0731;0.6926;1.00E-12;2.1184;907.25
ENVI;4;31;9.0395;42;-114;113.073;12.28;35.689;-0.0732;0.7682;1.00E-12;2.1177;924.16
ENVI;4;31;9.0395;42;-115;114.065;12.2829;35.6886;-0.0716;0.7681;1.00E-12;2.1163;916.99
ENVI;4;31;9.0395;42;-116;115.056;12.2809;35.6883;-0.0706;0.7693;1.00E-12;2.1159;925.2
ENVI;4;31;9.0395;42;-117;116.048;12.2835;35.6883;-0.0636;0.837;1.00E-12;2.1151;926.93
ENVI;4;31;9.0395;42;-118;117.04;12.2871;35.6882;-0.0716;0.774;1.00E-12;2.1154;927.91
ENVI;4;32;9.1246;42;-3;2.976;13.1405;34.4864;4.8108;0.9379;48.98;2.4924;1369.3
ENVI;4;32;9.1246;42;-4;3.968;13.1802;34.7453;4.8724;1.0545;41.397;2.5357;1352.3
ENVI;4;32;9.1246;42;-5;4.961;13.2624;34.938;4.7065;1.0153;42.677;2.5248;1366.4
ENVI;4;32;9.1246;42;-6;5.953;13.4389;35.3733;3.7787;0.8397;34.929;2.5248;1372
ENVI;4;32;9.1246;42;-7;6.945;13.542;35.5232;2.6652;0.5973;28.445;2.5083;1353.1
ENVI;4;32;9.1246;42;-8;7.937;13.5577;35.5357;2.5612;0.5708;27.306;2.4896;1370.3
ENVI;4;32;9.1246;42;-9;8.929;13.5909;35.5567;2.3744;0.4964;25.651;2.4803;1377.9
ENVI;4;32;9.1246;42;-10;9.921;13.6137;35.5674;2.3936;0.4989;21.425;2.4769;1361.4
ENVI;4;32;9.1246;42;-11;10.913;13.6403;35.578;2.4144;0.4603;19.771;2.4755;1353.6
ENVI;4;32;9.1246;42;-12;11.905;13.6506;35.5832;2.2138;0.4533;17.68;2.4747;1363.1
ENVI;4;32;9.1246;42;-13;12.897;13.6513;35.5853;2.2185;0.4572;15.277;2.4732;1364.1
ENVI;4;32;9.1246;42;-14;13.89;13.6485;35.5865;2.184;0.4391;13.337;2.4708;1374
ENVI;4;32;9.1246;42;-15;14.882;13.6412;35.5858;2.2242;0.4053;11.132;2.4687;1380.3
ENVI;4;32;9.1246;42;-16;15.874;13.6346;35.5853;2.3493;0.4423;9.6166;2.4685;1345.3
ENVI;4;32;9.1246;42;-17;16.866;13.6469;35.5889;2.1857;0.4387;8.3801;2.4682;1317.4
ENVI;4;32;9.1246;42;-18;17.858;13.6472;35.5894;2.1889;0.4356;7.7373;2.4676;1347.4
ENVI;4;32;9.1246;42;-19;18.85;13.6493;35.5902;2.1731;0.4176;7.4036;2.4668;1378.9
ENVI;4;32;9.1246;42;-20;19.842;13.6568;35.593;2.1944;0.4556;5.8948;2.4672;1345.8
ENVI;4;32;9.1246;42;-21;20.834;13.6782;35.5995;2.2989;0.4562;5.4215;2.4666;1360.2
ENVI;4;32;9.1246;42;-22;21.826;13.6846;35.602;2.0458;0.4473;5.3802;2.4663;1372.1
ENVI;4;32;9.1246;42;-23;22.818;13.7478;35.6232;1.9319;0.386;5.184;2.466;1367.7
ENVI;4;32;9.1246;42;-24;23.81;13.8427;35.651;1.7291;0.3727;4.5604;2.4631;1365.9
ENVI;4;32;9.1246;42;-25;24.802;13.9496;35.6872;1.3992;0.3337;4.049;2.4526;1362.4
ENVI;4;32;9.1246;42;-26;25.794;14.0515;35.7249;1.0156;0.3227;3.7828;2.4447;1351.4
ENVI;4;32;9.1246;42;-27;26.786;14.0854;35.7428;0.7958;0.3034;3.608;2.4285;1378.5
ENVI;4;32;9.1246;42;-28;27.778;14.0997;35.7523;0.5942;0.2898;3.3089;2.4058;1356.5
ENVI;4;32;9.1246;42;-29;28.77;14.1021;35.7547;0.5549;0.2878;2.9483;2.4002;1352.6
ENVI;4;32;9.1246;42;-30;29.762;14.1037;35.7566;0.6557;0.298;2.8012;2.3975;1359.3
ENVI;4;32;9.1246;42;-31;30.754;14.1053;35.7583;0.6514;0.2877;2.7229;2.3959;1355.8
ENVI;4;32;9.1246;42;-32;31.746;14.1057;35.7593;0.6187;0.3005;2.7141;2.3934;1361.7
ENVI;4;32;9.1246;42;-33;32.738;14.1085;35.7619;0.5463;0.2687;2.5034;2.393;1376.3
ENVI;4;32;9.1246;42;-34;33.73;14.1111;35.7637;0.5525;0.2877;2.1691;2.3925;1348.8
ENVI;4;32;9.1246;42;-35;34.722;14.1086;35.7651;0.5344;0.2865;1.9796;2.3914;1363.8
ENVI;4;32;9.1246;42;-36;35.714;14.1164;35.7685;0.5296;0.2836;1.9484;2.3909;1360
ENVI;4;32;9.1246;42;-37;36.706;14.1232;35.7719;0.5389;0.283;1.9468;2.3907;1353.9
ENVI;4;32;9.1246;42;-38;37.698;14.1201;35.7739;0.4295;0.2839;1.8665;2.3898;1361.9
ENVI;4;32;9.1246;42;-39;38.69;14.1045;35.772;0.3829;0.2581;1.7052;2.3873;1372.2
ENVI;4;32;9.1246;42;-40;39.682;14.1024;35.7719;0.3726;0.2454;1.5349;2.3845;1364.7
ENVI;4;32;9.1246;42;-41;40.674;14.1037;35.7723;0.4001;0.2589;1.3994;2.3841;1356.6
ENVI;4;32;9.1246;42;-42;41.666;14.1042;35.7725;0.3805;0.2707;1.3072;2.3837;1348.4
ENVI;4;32;9.1246;42;-43;42.658;14.1018;35.7721;0.4372;0.2932;1.2553;2.3831;1346.9
ENVI;4;32;9.1246;42;-44;43.65;14.1013;35.772;0.4005;0.2888;1.2626;2.3824;1371.3
ENVI;4;32;9.1246;42;-45;44.642;14.1007;35.7719;0.3621;0.2455;1.1808;2.3825;1368.2
ENVI;4;32;9.1246;42;-46;45.634;14.1014;35.772;0.3994;0.2934;1.0341;2.3815;1340.4
ENVI;4;32;9.1246;42;-47;46.625;14.1043;35.7729;0.3917;0.3059;0.97255;2.3819;1363.8
ENVI;4;32;9.1246;42;-48;47.617;14.1127;35.7755;0.3999;0.2776;0.95603;2.382;1372.8
ENVI;4;32;9.1246;42;-49;48.609;14.1309;35.7815;0.383;0.259;0.91589;2.3808;1367.5
ENVI;4;32;9.1246;42;-50;49.601;14.1346;35.7825;0.3048;0.2302;0.82823;2.3808;1356.4
ENVI;4;32;9.1246;42;-51;50.593;14.1414;35.7844;0.3229;0.2458;0.78308;2.3801;1358.3
ENVI;4;32;9.1246;42;-52;51.585;14.1454;35.7856;0.5031;0.25;0.74575;2.3796;1368.3
ENVI;4;32;9.1246;42;-53;52.577;14.1428;35.7857;0.3268;0.2286;0.70341;2.38;1365.2
ENVI;4;32;9.1246;42;-54;53.569;14.1355;35.7844;0.2452;0.2154;0.66945;2.3796;1361.1
ENVI;4;32;9.1246;42;-55;54.561;14.1143;35.78;0.2611;0.2329;0.62639;2.3778;1364.7
ENVI;4;32;9.1246;42;-56;55.553;14.0872;35.7747;0.274;0.2394;0.58861;2.3756;1370.6
ENVI;4;32;9.1246;42;-57;56.544;14.0644;35.7694;0.2995;0.2467;0.54751;2.3745;1363.2
ENVI;4;32;9.1246;42;-58;57.536;13.9935;35.758;0.2719;0.268;0.51058;2.3727;1359.5
ENVI;4;32;9.1246;42;-59;58.528;13.9684;35.7544;0.2352;0.2737;0.48486;2.372;1370.1
ENVI;4;32;9.1246;42;-60;59.52;13.9662;35.7537;0.2782;0.2887;0.45828;2.3728;1359
ENVI;4;32;9.1246;42;-61;60.512;13.9588;35.7526;0.2397;0.2757;0.43102;2.3715;1348.8
ENVI;4;32;9.1246;42;-62;61.504;13.9545;35.7518;0.2425;0.2509;0.4059;2.3694;1373.9
ENVI;4;32;9.1246;42;-63;62.495;13.9573;35.7517;0.2969;0.2535;0.3818;2.3685;1351.4
ENVI;4;32;9.1246;42;-64;63.487;13.9422;35.7501;0.273;0.2621;0.34532;2.3682;1349.7
ENVI;4;32;9.1246;42;-65;64.479;13.9291;35.7493;0.3144;0.266;0.31671;2.3672;1362.2
ENVI;4;32;9.1246;42;-66;65.471;13.9229;35.7485;0.2646;0.2638;0.29964;2.3664;1364.8
ENVI;4;32;9.1246;42;-67;66.463;13.9165;35.7478;0.2329;0.3075;0.29678;2.366;1365.5
ENVI;4;32;9.1246;42;-68;67.454;13.909;35.747;0.2251;0.245;0.27777;2.367;1376.1
ENVI;4;32;9.1246;42;-69;68.446;13.894;35.7467;0.2606;0.2382;0.2455;2.3649;1360.4
ENVI;4;32;9.1246;42;-70;69.438;13.8914;35.7467;0.2622;0.2546;0.22765;2.3637;1346
ENVI;4;32;9.1246;42;-71;70.43;13.8886;35.7466;0.2805;0.2706;0.21799;2.3623;1346.9
ENVI;4;32;9.1246;42;-72;71.422;13.8838;35.7463;0.249;0.2578;0.20868;2.3613;1363.2
ENVI;4;32;9.1246;42;-73;72.414;13.8635;35.7463;0.2134;0.2645;0.20623;2.3595;1371.6
ENVI;4;32;9.1246;42;-74;73.405;13.8206;35.7464;0.2097;0.2574;0.18166;2.3502;1374.5
ENVI;4;32;9.1246;42;-75;74.397;13.7969;35.7455;0.2688;0.277;0.16048;2.3456;1367
ENVI;4;32;9.1246;42;-76;75.389;13.7738;35.7452;0.2168;0.2951;0.14938;2.3422;1354.1
ENVI;4;32;9.1246;42;-77;76.381;13.7539;35.7448;0.2192;0.2862;0.13813;2.3394;1347
ENVI;4;32;9.1246;42;-78;77.373;13.7409;35.7439;0.2199;0.3413;0.13337;2.3364;1344.6
ENVI;4;32;9.1246;42;-79;78.364;13.7195;35.743;0.2112;0.2915;0.12885;2.334;1349.5
ENVI;4;32;9.1246;42;-80;79.356;13.6531;35.7394;0.1713;0.2593;0.12263;2.3235;1381.6
ENVI;4;32;9.1246;42;-81;80.348;13.6057;35.7386;0.1565;0.2693;0.098314;2.32;1347.1
ENVI;4;32;9.1246;42;-82;81.34;13.5966;35.738;0.1717;0.2929;0.088861;2.3173;1353.5
ENVI;4;32;9.1246;42;-83;82.331;13.5898;35.7376;0.1623;0.3394;0.084339;2.3143;1360.8
ENVI;4;32;9.1246;42;-84;83.323;13.5886;35.7371;0.1463;0.3133;0.078933;2.3107;1369.4
ENVI;4;32;9.1246;42;-85;84.315;13.587;35.7365;0.1045;0.2818;0.083057;2.3075;1369.7
ENVI;4;32;9.1246;42;-86;85.307;13.585;35.7362;0.1281;0.2877;0.077767;2.3063;1370
ENVI;4;32;9.1246;42;-87;86.298;13.5709;35.735;0.1376;0.2952;0.057855;2.3033;1350.2
ENVI;4;32;9.1246;42;-88;87.29;13.5375;35.7331;0.1394;0.3615;0.05137;2.3027;1330.8
ENVI;4;32;9.1246;42;-89;88.282;13.4855;35.7308;0.1395;0.4054;0.044571;2.3014;1339
ENVI;4;32;9.1246;42;-90;89.274;13.4549;35.7309;0.1335;0.4096;0.041737;2.2992;1351.3
ENVI;4;32;9.1246;42;-91;90.265;13.441;35.7307;0.1232;0.4148;0.039045;2.2968;1364.9
ENVI;4;32;9.1246;42;-92;91.257;13.4317;35.7301;0.089;0.4477;0.039376;2.2921;1377.6
ENVI;4;32;9.1246;42;-93;92.249;13.4267;35.7289;0.0945;0.4196;0.035248;2.2816;1383.5
ENVI;4;32;9.1246;42;-94;93.24;13.4214;35.7283;0.1074;0.3967;0.027051;2.2781;1367.9
ENVI;4;32;9.1246;42;-95;94.232;13.4105;35.7273;0.085;0.4121;0.02019;2.2761;1376.1
ENVI;4;32;9.1246;42;-96;95.224;13.357;35.7244;0.0909;0.4061;0.014492;2.2748;1373.2
ENVI;4;32;9.1246;42;-97;96.215;13.31;35.7227;0.1057;0.4827;0.012853;2.2724;1352.3
ENVI;4;32;9.1246;42;-98;97.207;13.2021;35.7228;0.0739;0.5474;0.008473;2.2692;1350.2
ENVI;4;32;9.1246;42;-99;98.199;13.1533;35.7243;0.0684;0.7269;0.0053837;2.2639;1364.3
ENVI;4;32;9.1246;42;-100;99.19;13.1401;35.7229;0.1038;0.791;0.0011945;2.2535;1381.6
ENVI;4;32;9.1246;42;-101;100.182;13.1248;35.7217;0.0497;0.724;0.00010863;2.2359;1381.8
ENVI;4;32;9.1246;42;-102;101.174;13.1125;35.7209;0.0489;0.6929;-0.00000591;2.2246;1366.4
ENVI;4;32;9.1246;42;-103;102.165;13.1077;35.7204;0.0419;0.7488;1.00E-12;2.2203;1365
ENVI;4;32;9.1246;42;-104;103.157;13.1071;35.72;0.0422;0.7729;1.00E-12;2.2172;1377.4
ENVI;4;32;9.1246;42;-105;104.148;13.0981;35.7196;0.047;0.7506;1.00E-12;2.2141;1380.7
ENVI;4;32;9.1246;42;-106;105.14;13.0851;35.7193;0.0334;0.7537;1.00E-12;2.2124;1367.7
ENVI;4;32;9.1246;42;-107;106.132;13.0689;35.7195;0.0689;0.7772;1.00E-12;2.2112;1362.4
ENVI;4;32;9.1246;42;-108;107.123;13.0484;35.7202;0.0544;0.8122;1.00E-12;2.2095;1363.4
ENVI;4;32;9.1246;42;-109;108.115;13.0429;35.7201;0.0381;0.8166;1.00E-12;2.2081;1367.6
ENVI;4;32;9.1246;42;-110;109.107;13.0404;35.7201;0.0354;0.8122;1.00E-12;2.2066;1371.3
ENVI;4;32;9.1246;42;-111;110.098;13.0234;35.7201;0.0423;0.8025;1.00E-12;2.2048;1375
ENVI;4;32;9.1246;42;-112;111.09;12.9868;35.7209;0.0336;0.8037;1.00E-12;2.2021;1381
ENVI;4;32;9.1246;42;-113;112.082;12.9672;35.7204;0.0341;0.7875;1.00E-12;2.1978;1384.9
ENVI;4;32;9.1246;42;-114;113.073;12.9356;35.7181;0.008;0.8171;1.00E-12;2.1932;1378.5
ENVI;4;32;9.1246;42;-115;114.065;12.877;35.7184;-0.0009;0.8438;1.00E-12;2.1894;1368.7
ENVI;4;32;9.1246;42;-116;115.057;12.8363;35.7172;-0.0051;0.8624;1.00E-12;2.1863;1364
ENVI;4;32;9.1246;42;-117;116.048;12.8065;35.7158;-0.0142;0.8805;1.00E-12;2.1822;1371.5
ENVI;4;32;9.1246;42;-118;117.04;12.7776;35.714;-0.0043;0.8074;1.00E-12;2.1764;1388.3
ENVI;4;32;9.1246;42;-119;118.031;12.7426;35.7124;-0.0074;0.751;1.00E-12;2.1707;1383.8
ENVI;4;32;9.1246;42;-120;119.023;12.6981;35.7106;-0.0127;0.7558;1.00E-12;2.1671;1364.7
ENVI;4;32;9.1246;42;-121;120.014;12.6798;35.7151;-0.0262;0.764;1.00E-12;2.1647;1361.5
ENVI;4;32;9.1246;42;-122;121.006;12.6793;35.7178;-0.0292;0.6994;1.00E-12;2.162;1372
ENVI;4;32;9.1246;42;-123;121.997;12.6765;35.7173;-0.0496;0.5234;1.00E-12;2.1587;1385.2
ENVI;4;32;9.1246;42;-124;122.989;12.6699;35.7171;-0.0649;0.5123;1.00E-12;2.1544;1386.8
ENVI;4;32;9.1246;42;-125;123.981;12.6494;35.7156;-0.0708;0.5033;1.00E-12;2.1517;1376.5
ENVI;4;32;9.1246;42;-126;124.972;12.6381;35.7144;-0.0599;0.5571;1.00E-12;2.1488;1368.8
ENVI;4;32;9.1246;42;-127;125.963;12.6216;35.7136;-0.0495;0.5169;1.00E-12;2.1454;1366.8
ENVI;4;32;9.1246;42;-128;126.955;12.605;35.7136;-0.0646;0.5063;1.00E-12;2.1434;1367.4
ENVI;4;32;9.1246;42;-129;127.947;12.612;35.7133;-0.0621;0.3627;1.00E-12;2.1398;1381.7
ENVI;4;32;9.1246;42;-130;128.938;12.4968;35.7057;-0.0528;0.443;1.00E-12;2.1373;1347.5
ENVI;4;32;9.1246;42;-131;129.93;12.4912;35.7042;-0.0559;0.5117;1.00E-12;2.1288;1395.5
ENVI;4;32;9.1246;42;-132;130.921;12.4589;35.6999;-0.048;0.5936;1.00E-12;2.1259;1363.1
ENVI;4;32;9.1246;42;-133;131.913;12.4452;35.6979;-0.0503;0.6923;1.00E-12;2.1242;1374.5
ENVI;4;32;9.1246;42;-134;132.904;12.4348;35.6977;-0.0338;0.716;1.00E-12;2.1212;1389.6
ENVI;4;4;9.207;42;-3;2.976;13.665;35.401;2.1498;0.5116;333.86;2.4531;1557.2
ENVI;4;4;9.207;42;-4;3.969;13.5208;35.2497;2.1158;0.5917;335.73;2.4957;1581.9
ENVI;4;4;9.207;42;-5;4.96;13.5403;35.2704;2.076;0.6284;215.44;2.4959;1572.6
ENVI;4;4;9.207;42;-6;5.953;13.6284;35.3579;2.1789;0.5969;175;2.4975;1553.4
ENVI;4;4;9.207;42;-7;6.945;13.6218;35.3515;2.3131;0.6343;128.58;2.4963;1561
ENVI;4;4;9.207;42;-8;7.937;13.7096;35.4404;2.5211;0.5837;126.67;2.4961;1567.2
ENVI;4;4;9.207;42;-9;8.929;13.761;35.5077;2.6915;0.5529;103.44;2.4961;1572.7
ENVI;4;4;9.207;42;-10;9.921;13.7907;35.5564;2.9679;0.4898;85.385;2.4944;1571
ENVI;4;4;9.207;42;-11;10.913;13.7945;35.5639;3.0356;0.5462;72.739;2.4924;1574.3
ENVI;4;4;9.207;42;-12;11.905;13.8042;35.5758;3.0887;0.4813;54.787;2.4915;1550.2
ENVI;4;4;9.207;42;-13;12.898;13.8146;35.5883;3.1231;0.5319;49.214;2.4901;1554.9
ENVI;4;4;9.207;42;-14;13.89;13.8171;35.5914;2.9782;0.496;45.131;2.4877;1571.9
ENVI;4;4;9.207;42;-15;14.882;13.8162;35.5927;3.1284;0.4851;39.539;2.4853;1570
ENVI;4;4;9.207;42;-16;15.874;13.8149;35.593;2.9602;0.5079;32.921;2.4844;1568.8
ENVI;4;4;9.207;42;-17;16.866;13.8152;35.593;2.8583;0.4927;26.885;2.4833;1564.5
ENVI;4;4;9.207;42;-18;17.858;13.815;35.5931;2.88;0.4829;24.946;2.4817;1570.6
ENVI;4;4;9.207;42;-19;18.85;13.8119;35.594;2.6613;0.4321;21.701;2.481;1562.9
ENVI;4;4;9.207;42;-20;19.842;13.8073;35.5949;2.5546;0.4493;18.237;2.4802;1560.7
ENVI;4;4;9.207;42;-21;20.834;13.8013;35.5949;2.6288;0.4588;16.359;2.4797;1563.8
ENVI;4;4;9.207;42;-22;21.826;13.7824;35.595;2.6067;0.5072;15.243;2.4787;1574.7
ENVI;4;4;9.207;42;-23;22.818;13.762;35.5963;2.4642;0.4222;13.343;2.4777;1569.2
ENVI;4;4;9.207;42;-24;23.81;13.7278;35.6005;2.3437;0.5004;11.082;2.4763;1562.4
ENVI;4;4;9.207;42;-25;24.802;13.7231;35.6017;2.3656;0.517;9.9713;2.4736;1566.5
ENVI;4;4;9.207;42;-26;25.794;13.7194;35.6025;2.2564;0.4282;9.1377;2.4706;1573.2
ENVI;4;4;9.207;42;-27;26.786;13.715;35.6039;2.135;0.5231;8.5787;2.4672;1567.3
ENVI;4;4;9.207;42;-28;27.778;13.7177;35.6064;1.991;0.4516;7.5272;2.464;1558.3
ENVI;4;4;9.207;42;-29;28.77;13.7289;35.6123;1.9943;0.4243;6.5651;2.4618;1571.7
ENVI;4;4;9.207;42;-30;29.762;13.746;35.6199;1.901;0.4168;6.163;2.4581;1569.1
ENVI;4;4;9.207;42;-31;30.754;13.7516;35.6242;1.6647;0.3944;5.6702;2.4507;1581.8
ENVI;4;4;9.207;42;-32;31.746;13.7569;35.6275;1.6977;0.4012;4.874;2.4469;1569.6
ENVI;4;4;9.207;42;-33;32.738;13.768;35.6339;1.6671;0.4036;4.3219;2.4442;1548.3
ENVI;4;4;9.207;42;-34;33.73;13.8075;35.6523;1.5946;0.4096;3.9135;2.4426;1552.9
ENVI;4;4;9.207;42;-35;34.722;13.8324;35.6604;1.4629;0.4164;3.652;2.4404;1567.5
ENVI;4;4;9.207;42;-36;35.714;13.8786;35.6782;1.3002;0.3717;3.6512;2.4301;1575.8
ENVI;4;4;9.207;42;-37;36.706;13.9064;35.6883;1.2734;0.3457;3.1894;2.4169;1577.4
ENVI;4;4;9.207;42;-38;37.698;13.9115;35.6903;1.0422;0.3678;2.7317;2.4136;1560.7
ENVI;4;4;9.207;42;-39;38.69;13.9332;35.698;1.0119;0.359;2.5055;2.4115;1555.9
ENVI;4;4;9.207;42;-40;39.682;13.9528;35.7035;0.9388;0.3742;2.3422;2.4107;1559.6
ENVI;4;4;9.207;42;-41;40.674;13.9655;35.7073;0.9061;0.3836;2.2394;2.4085;1564.4
ENVI;4;4;9.207;42;-42;41.666;13.9863;35.7137;0.9236;0.4135;2.2149;2.405;1569.5
ENVI;4;4;9.207;42;-43;42.658;13.9908;35.7155;0.8272;0.3984;2.1146;2.401;1571
ENVI;4;4;9.207;42;-44;43.65;13.9917;35.7162;0.6927;0.3493;1.8527;2.3978;1578.9
ENVI;4;4;9.207;42;-45;44.642;13.9988;35.718;0.7119;0.3614;1.5868;2.3962;1563.5
ENVI;4;4;9.207;42;-46;45.634;14;35.7187;0.7146;0.3714;1.4294;2.3954;1560.4
ENVI;4;4;9.207;42;-47;46.625;14.0101;35.7218;0.695;0.3933;1.3285;2.3938;1560.8
ENVI;4;4;9.207;42;-48;47.617;14.012;35.7223;0.6724;0.4038;1.3122;2.3933;1564.3
ENVI;4;4;9.207;42;-49;48.609;14.0123;35.7228;0.7042;0.3967;1.3492;2.3924;1571.7
ENVI;4;4;9.207;42;-50;49.601;14.0137;35.7237;0.59;0.3925;1.2806;2.3911;1571
ENVI;4;4;9.207;42;-51;50.593;14.0159;35.7267;0.4599;0.3706;1.0755;2.3887;1578.7
ENVI;4;4;9.207;42;-52;51.585;14.0163;35.7271;0.5041;0.3607;0.93994;2.3865;1558.9
ENVI;4;4;9.207;42;-53;52.577;14.0163;35.7274;0.4819;0.4052;0.89129;2.3863;1545.2
ENVI;4;4;9.207;42;-54;53.569;14.0159;35.7276;0.4439;0.404;0.84564;2.386;1550.4
ENVI;4;4;9.207;42;-55;54.561;14.0137;35.7279;0.4988;0.3983;0.80696;2.3856;1562.2
ENVI;4;4;9.207;42;-56;55.553;14.0102;35.7284;0.4417;0.4033;0.78219;2.3846;1574.9
ENVI;4;4;9.207;42;-57;56.544;14.0018;35.7302;0.4424;0.3629;0.73172;2.3823;1582.9
ENVI;4;4;9.207;42;-58;57.536;14.0121;35.736;0.4347;0.374;0.6104;2.3809;1557.7
ENVI;4;4;9.207;42;-59;58.528;14.0324;35.744;0.4937;0.399;0.56663;2.3803;1566.6
ENVI;4;4;9.207;42;-60;59.52;14.0439;35.7482;0.5019;0.409;0.54162;2.3805;1575.7
ENVI;4;4;9.207;42;-61;60.512;14.0476;35.75;0.5458;0.3527;0.53124;2.3806;1569
ENVI;4;4;9.207;42;-62;61.504;14.0576;35.7534;0.557;0.3451;0.51757;2.3805;1567.6
ENVI;4;4;9.207;42;-63;62.495;14.0599;35.7555;0.5075;0.3294;0.48501;2.3802;1579.6
ENVI;4;4;9.207;42;-64;63.487;14.0313;35.754;0.4978;0.3121;0.42491;2.3802;1576.4
ENVI;4;4;9.207;42;-65;64.479;14.009;35.7595;0.6836;0.2782;0.37417;2.3786;1573
ENVI;4;4;9.207;42;-66;65.471;14.0124;35.7603;0.6806;0.2938;0.34745;2.3777;1566.2
ENVI;4;4;9.207;42;-67;66.463;14.0151;35.7616;0.6688;0.3354;0.33408;2.3765;1565.2
ENVI;4;4;9.207;42;-68;67.455;13.9976;35.7616;0.6932;0.3104;0.32242;2.3755;1572.2
ENVI;4;4;9.207;42;-69;68.447;13.962;35.7593;0.7008;0.3311;0.31191;2.3739;1574.6
ENVI;4;4;9.207;42;-70;69.438;13.9129;35.7548;0.5955;0.2739;0.29583;2.3715;1571.9
ENVI;4;4;9.207;42;-71;70.43;13.8901;35.7516;0.4853;0.2409;0.25327;2.368;1585.8
ENVI;4;4;9.207;42;-72;71.422;13.8812;35.7503;0.5657;0.2589;0.227;2.368;1559.8
ENVI;4;4;9.207;42;-73;72.414;13.8868;35.7511;0.5517;0.2623;0.2121;2.368;1558.1
ENVI;4;4;9.207;42;-74;73.405;13.8888;35.7513;0.5154;0.2569;0.20263;2.3674;1561.4
ENVI;4;4;9.207;42;-75;74.397;13.8886;35.7511;0.5036;0.2681;0.19643;2.3674;1566.9
ENVI;4;4;9.207;42;-76;75.389;13.8868;35.7507;0.5593;0.2697;0.19513;2.368;1574.1
ENVI;4;4;9.207;42;-77;76.381;13.8671;35.7465;0.4864;0.2553;0.1763;2.3676;1489
ENVI;4;4;9.207;42;-78;77.373;13.8541;35.7444;0.5202;0.2622;0.14282;2.3674;1550
ENVI;4;4;9.207;42;-79;78.364;13.829;35.7408;0.4658;0.2573;0.13029;2.367;1558.4
ENVI;4;4;9.207;42;-80;79.356;13.8189;35.7389;0.4248;0.2559;0.12616;2.366;1559.8
ENVI;4;4;9.207;42;-81;80.348;13.8016;35.7357;0.4457;0.2698;0.12015;2.3657;1562.8
ENVI;4;4;9.207;42;-82;81.34;13.7892;35.734;0.4512;0.2759;0.11396;2.3652;1555
ENVI;4;4;9.207;42;-83;82.331;13.7825;35.7327;0.4057;0.26;0.10983;2.3649;1541.8
ENVI;4;4;9.207;42;-84;83.323;13.784;35.7327;0.4161;0.2409;0.09783;2.3655;1492.8
ENVI;4;4;9.207;42;-85;84.315;13.7896;35.7351;0.4171;0.2447;0.080866;2.3655;1554.5
ENVI;4;4;9.207;42;-86;85.307;13.7896;35.7355;0.3789;0.2448;0.073004;2.3652;1559.4
ENVI;4;4;9.207;42;-87;86.298;13.7847;35.7351;0.406;0.3091;0.069508;2.365;1509.3
ENVI;4;4;9.207;42;-88;87.29;13.771;35.734;0.3778;0.2511;0.072229;2.364;1532.9
ENVI;4;4;9.207;42;-89;88.282;13.7961;35.7519;0.3405;0.2517;0.071853;2.3626;1540.8
ENVI;4;4;9.207;42;-90;89.274;13.7691;35.7661;0.1332;0.2288;0.064757;2.339;1539.3
ENVI;4;4;9.207;42;-91;90.265;13.7044;35.7605;0.1056;0.2414;0.053979;2.3153;1535.4
ENVI;4;4;9.207;42;-92;91.257;13.688;35.7592;0.1051;0.3156;0.045657;2.3062;1495.9
ENVI;4;4;9.207;42;-93;92.248;13.6628;35.7587;0.1046;0.394;0.040236;2.2973;1553.5
ENVI;4;4;9.207;42;-94;93.24;13.6404;35.7602;0.1099;0.5449;0.040201;2.2907;1562
ENVI;4;4;9.207;42;-95;94.232;13.6123;35.7623;0.1055;0.6308;0.037084;2.285;1561.9
ENVI;4;4;9.207;42;-96;95.224;13.5572;35.7675;0.0678;0.7691;0.034289;2.27;1577
ENVI;4;4;9.207;42;-97;96.215;13.5394;35.7676;0.0604;0.6344;0.028105;2.2357;1579.7
ENVI;4;4;9.207;42;-98;97.207;13.5314;35.7684;0.0413;0.8296;0.0162;2.2284;1582.3
ENVI;4;4;9.207;42;-99;98.199;13.5071;35.7693;0.076;0.9085;0.0053294;2.2227;1567.2
ENVI;4;4;9.207;42;-100;99.19;13.4712;35.7688;0.0432;1.0008;0.0019939;2.218;1565.8
ENVI;4;4;9.207;42;-101;100.182;13.4555;35.7692;0.0419;1.057;0.0003374;2.2133;1569.8
ENVI;4;4;9.207;42;-102;101.174;13.4448;35.7697;0.04;1.104;0.00011131;2.2089;1572
ENVI;4;4;9.207;42;-103;102.165;13.4258;35.7684;0.0165;1.0894;6.88E-06;2.2018;1575.8
ENVI;4;4;9.207;42;-104;103.157;13.3965;35.7669;0.0105;1.0386;1.00E-12;2.1942;1589.2
ENVI;4;4;9.207;42;-105;104.149;13.3595;35.7651;0.0215;1.0652;1.00E-12;2.1914;1581.2
ENVI;4;4;9.207;42;-106;105.14;13.338;35.7686;0.01;1.0513;1.00E-12;2.1887;1573.1
ENVI;4;4;9.207;42;-107;106.132;13.346;35.7724;-0.0093;1.0811;1.00E-12;2.1873;1576.9
ENVI;4;4;9.207;42;-108;107.123;13.3495;35.7729;-0.0199;1.1076;1.00E-12;2.1835;1580.4
ENVI;4;4;9.207;42;-109;108.115;13.3564;35.7746;-0.0085;1.1032;1.00E-12;2.1798;1575.1
ENVI;4;4;9.207;42;-110;109.107;13.3602;35.7755;0.0009;1.1497;1.00E-12;2.177;1567.8
ENVI;4;4;9.207;42;-111;110.098;13.3644;35.7766;-0.0057;1.1615;1.00E-12;2.1745;1563.1
ENVI;4;4;9.207;42;-112;111.09;13.3619;35.7774;-0.0215;1.1627;1.00E-12;2.1722;1563.8
ENVI;4;4;9.207;42;-113;112.081;13.3452;35.7761;-0.0222;1.184;1.00E-12;2.17;1569.5
ENVI;4;4;9.207;42;-114;113.073;13.3005;35.774;-0.0255;1.1761;1.00E-12;2.1673;1576.8
ENVI;4;4;9.207;42;-115;114.065;13.2654;35.7716;-0.0339;1.1555;1.00E-12;2.1641;1581.5
ENVI;4;4;9.207;42;-116;115.056;13.2069;35.7691;-0.0322;1.1554;1.00E-12;2.1608;1580.2
ENVI;4;4;9.207;42;-117;116.048;13.12;35.7648;-0.03;1.0092;1.00E-12;2.1556;1574.9
ENVI;4;4;9.207;42;-118;117.04;13.0794;35.7631;-0.0454;0.9968;1.00E-12;2.1509;1581.6
ENVI;4;4;9.207;42;-119;118.031;13.0628;35.7627;-0.0455;0.8685;1.00E-12;2.1482;1589.1
ENVI;4;4;9.207;42;-120;119.023;13.0569;35.7626;-0.0471;0.7215;1.00E-12;2.1462;1584.2
ENVI;4;4;9.207;42;-121;120.014;13.0465;35.7634;-0.0576;0.7584;1.00E-12;2.1461;1573.3
ENVI;4;4;9.207;42;-122;121.006;13.0299;35.7651;-0.0444;0.7391;1.00E-12;2.1454;1566.8
ENVI;4;4;9.207;42;-123;121.997;13.0167;35.7658;-0.0658;0.621;1.00E-12;2.1447;1562.6
ENVI;4;4;9.207;42;-124;122.989;13.011;35.7663;-0.0818;0.5319;1.00E-12;2.1433;1564.4
ENVI;4;4;9.207;42;-125;123.98;12.9998;35.7663;-0.0715;0.5947;1.00E-12;2.1425;1570.2
ENVI;4;4;9.207;42;-126;124.972;12.9936;35.7662;-0.0496;0.5453;1.00E-12;2.1416;1578.4
ENVI;4;4;9.207;42;-127;125.964;12.9875;35.7657;-0.0423;0.4696;1.00E-12;2.1402;1589.9
ENVI;4;4;9.207;42;-128;126.955;12.9836;35.7652;-0.0717;0.4198;1.00E-12;2.14;1587.2
ENVI;4;4;9.207;42;-129;127.947;12.9694;35.7651;-0.0715;0.4246;1.00E-12;2.1398;1575.6
ENVI;4;4;9.207;42;-130;128.938;12.9536;35.7643;-0.0814;0.4141;1.00E-12;2.1392;1574.1
ENVI;4;4;9.207;42;-131;129.93;12.9422;35.7634;-0.0791;0.4622;1.00E-12;2.1384;1576.1
ENVI;4;4;9.207;42;-132;130.921;12.9063;35.759;-0.0685;0.3754;1.00E-12;2.1378;1576.1
ENVI;4;4;9.207;42;-133;131.912;12.8538;35.7551;-0.0801;0.3613;1.00E-12;2.1364;1577.6
ENVI;4;4;9.207;42;-134;132.904;12.798;35.7491;-0.0714;0.4033;1.00E-12;2.1349;1580.7
ENVI;4;4;9.207;42;-135;133.896;12.7546;35.7458;-0.0756;0.4321;1.00E-12;2.1321;1584
ENVI;4;4;9.207;42;-136;134.887;12.716;35.7421;-0.079;0.4838;1.00E-12;2.1299;1587.5
ENVI;4;4;9.207;42;-137;135.879;12.6905;35.7395;-0.0835;0.5383;1.00E-12;2.1271;1587.9
ENVI;4;4;9.207;42;-138;136.87;12.6734;35.7364;-0.0787;0.5386;1.00E-12;2.1245;1583.6
ENVI;4;4;9.207;42;-139;137.862;12.6396;35.7339;-0.0781;0.5549;1.00E-12;2.1222;1575
ENVI;4;4;9.207;42;-140;138.853;12.6266;35.7325;-0.0757;0.5822;1.00E-12;2.1198;1567.4
ENVI;4;4;9.207;42;-141;139.845;12.6223;35.7313;-0.0636;0.5889;1.00E-12;2.1168;1577.8
ENVI;4;4;9.207;42;-142;140.836;12.6194;35.7305;-0.0623;0.5737;1.00E-12;2.1145;1594.4
ENVI;4;4;9.207;42;-143;141.827;12.614;35.7298;-0.0636;0.5875;1.00E-12;2.1127;1587.5
ENVI;4;4;9.207;42;-144;142.819;12.605;35.7288;-0.0657;0.5814;1.00E-12;2.1112;1580.2
ENVI;4;4;9.207;42;-145;143.81;12.5984;35.728;-0.0624;0.5914;1.00E-12;2.1099;1588.4
ENVI;4;4;9.207;42;-146;144.802;12.5896;35.7271;-0.0661;0.5993;1.00E-12;2.1086;1594
ENVI;4;4;9.207;42;-147;145.793;12.5775;35.7262;-0.0713;0.6097;1.00E-12;2.1074;1586.5
ENVI;4;4;9.207;42;-148;146.785;12.5697;35.7254;-0.0718;0.6365;1.00E-12;2.1061;1571.9
ENVI;4;4;9.207;42;-149;147.776;12.5637;35.7248;-0.0706;0.6544;1.00E-12;2.1051;1563
ENVI;4;4;9.207;42;-150;148.767;12.5551;35.7239;-0.0712;0.6472;1.00E-12;2.1038;1569.6
ENVI;4;4;9.207;42;-151;149.759;12.5536;35.7227;-0.0714;0.5141;1.00E-12;2.1019;1594.7
ENVI;4;4;9.207;42;-152;150.75;12.5394;35.7212;-0.0668;0.5986;1.00E-12;2.1007;1581.3
ENVI;4;4;9.207;42;-153;151.742;12.519;35.7194;-0.0709;0.7035;1.00E-12;2.0996;1569.1
ENVI;4;4;9.207;42;-154;152.733;12.4798;35.7162;-0.0709;0.685;1.00E-12;2.0982;1578.9
ENVI;4;4;9.207;42;-155;153.725;12.3977;35.7114;-0.0695;0.7154;1.00E-12;2.0971;1586.6
ENVI;4;4;9.207;42;-156;154.716;12.4239;35.7127;-0.0686;0.6638;1.00E-12;2.0914;1604.3
ENVI;4;41;9.308;42;-3;2.976;13.8111;35.5516;2.158;0.4591;265.67;2.5046;1704.2
ENVI;4;41;9.308;42;-4;3.969;13.8093;35.5522;1.8408;0.5123;292.41;2.5066;1692.1
ENVI;4;41;9.308;42;-5;4.961;13.8095;35.5525;1.7828;0.5071;261.04;2.506;1686.3
ENVI;4;41;9.308;42;-6;5.953;13.8022;35.5527;1.8574;0.4785;241.7;2.5048;1695.2
ENVI;4;41;9.308;42;-7;6.945;13.8071;35.5527;2.1983;0.4786;204.67;2.5044;1691
ENVI;4;41;9.308;42;-8;7.937;13.8057;35.5526;2.2632;0.4919;145.06;2.5048;1672.9
ENVI;4;41;9.308;42;-9;8.929;13.8009;35.5531;2.2355;0.4898;142.08;2.5042;1691.6
ENVI;4;41;9.308;42;-10;9.921;13.8003;35.5533;2.5185;0.476;128.02;2.5031;1700.9
ENVI;4;41;9.308;42;-11;10.913;13.798;35.5538;2.8696;0.484;105.25;2.5033;1689.1
ENVI;4;41;9.308;42;-12;11.905;13.799;35.5529;3.083;0.5073;85.336;2.5017;1688.3
ENVI;4;41;9.308;42;-13;12.897;13.7954;35.554;3.2657;0.4905;72.154;2.5008;1683.7
ENVI;4;41;9.308;42;-14;13.89;13.7941;35.5541;3.3184;0.489;60.668;2.4995;1682.6
ENVI;4;41;9.308;42;-15;14.882;13.7945;35.5542;3.2696;0.4692;54.426;2.4977;1701.8
ENVI;4;41;9.308;42;-16;15.874;13.7948;35.5541;3.2533;0.4801;43.763;2.4977;1679.4
ENVI;4;41;9.308;42;-17;16.866;13.7955;35.5543;3.2801;0.6034;39.986;2.4973;1685.6
ENVI;4;41;9.308;42;-18;17.858;13.794;35.5555;3.2327;0.5219;36.402;2.4965;1701.9
ENVI;4;41;9.308;42;-19;18.85;13.794;35.5554;3.2755;0.4861;30.674;2.4943;1685.7
ENVI;4;41;9.308;42;-20;19.842;13.7941;35.5562;3.2025;0.497;25.363;2.4929;1683.6
ENVI;4;41;9.308;42;-21;20.834;13.7964;35.5592;3.1425;0.4808;23.036;2.4913;1660.1
ENVI;4;41;9.308;42;-22;21.826;13.798;35.5604;2.9994;0.4736;21.195;2.4877;1566.9
ENVI;4;41;9.308;42;-23;22.818;13.7979;35.5603;2.99;0.479;17.508;2.4843;1582.6
ENVI;4;41;9.308;42;-24;23.81;13.7981;35.5603;2.9936;0.4883;15.788;2.4825;1607.3
ENVI;4;41;9.308;42;-25;24.802;13.7992;35.5612;2.9701;0.5268;13.89;2.4811;1675.8
ENVI;4;41;9.308;42;-26;25.794;13.8038;35.5638;3.0791;0.5416;12.334;2.4795;1692.5
ENVI;4;41;9.308;42;-27;26.786;13.808;35.5661;3.0571;0.4617;10.633;2.4776;1676.6
ENVI;4;41;9.308;42;-28;27.778;13.8073;35.5655;2.9525;0.4738;9.2854;2.4772;1618.4
ENVI;4;41;9.308;42;-29;28.77;13.8055;35.5645;3.0395;0.4856;8.1855;2.4759;1438.9
ENVI;4;41;9.308;42;-30;29.762;13.8096;35.5672;2.9669;0.4988;7.2254;2.4762;1600.5
ENVI;4;41;9.308;42;-31;30.754;13.8116;35.5681;3.1047;0.5202;6.5486;2.4759;1680
ENVI;4;41;9.308;42;-32;31.746;13.8113;35.5677;3.1213;0.4747;5.9676;2.4743;1608.9
ENVI;4;41;9.308;42;-33;32.738;13.8122;35.5681;3.1084;0.4795;4.8717;2.4735;1504.2
ENVI;4;41;9.308;42;-34;33.73;13.8129;35.5686;3.0891;0.5024;4.1831;2.4737;1557.1
ENVI;4;41;9.308;42;-35;34.722;13.8164;35.5699;3.1631;0.515;3.7048;2.4732;1676.9
ENVI;4;41;9.308;42;-36;35.714;13.8172;35.57;3.1383;0.5104;3.4449;2.4731;1685.3
ENVI;4;41;9.308;42;-37;36.706;13.8155;35.5693;2.941;0.4401;3.4656;2.4739;1567.6
ENVI;4;41;9.308;42;-38;37.698;13.8159;35.5694;2.974;0.4934;2.6442;2.4724;1646.9
ENVI;4;41;9.308;42;-39;38.69;13.8195;35.5708;3.1237;0.5236;2.2732;2.4719;1681.7
ENVI;4;41;9.308;42;-40;39.682;13.8187;35.5703;3.179;0.5136;2.0617;2.4717;1687.2
ENVI;4;41;9.308;42;-41;40.674;13.8179;35.57;3.1931;0.5031;1.967;2.4724;1686.3
ENVI;4;41;9.308;42;-42;41.666;13.8172;35.5699;2.9842;0.469;1.8368;2.4725;1686.5
ENVI;4;41;9.308;42;-43;42.658;13.8191;35.5706;2.9879;0.4734;1.5763;2.4715;1695.3
ENVI;4;41;9.308;42;-44;43.65;13.8233;35.572;2.9322;0.4874;1.3538;2.4713;1679.4
ENVI;4;41;9.308;42;-45;44.642;13.8232;35.5719;2.9792;0.4824;1.1744;2.4705;1701.1
ENVI;4;41;9.308;42;-46;45.634;13.8237;35.572;3.0516;0.5089;1.0555;2.4704;1691.6
ENVI;4;41;9.308;42;-47;46.625;13.829;35.5737;3.0326;0.4928;0.9368;2.4697;1679.5
ENVI;4;41;9.308;42;-48;47.617;13.8367;35.5765;3.4656;0.5135;0.84147;2.4695;1692.7
ENVI;4;41;9.308;42;-49;48.609;13.8366;35.5764;2.8873;0.4835;0.77876;2.4685;1695.5
ENVI;4;41;9.308;42;-50;49.601;13.8366;35.5762;2.8977;0.466;0.68068;2.4669;1697.5
ENVI;4;41;9.308;42;-51;50.593;13.8775;35.5908;2.5974;0.4606;0.56142;2.4672;1660.6
ENVI;4;41;9.308;42;-52;51.585;13.8898;35.5948;2.6852;0.4522;0.49091;2.4667;1677.2
ENVI;4;41;9.308;42;-53;52.577;13.899;35.5982;2.796;0.4644;0.44099;2.4637;1677.8
ENVI;4;41;9.308;42;-54;53.569;13.9171;35.6053;2.6632;0.4732;0.40244;2.4604;1689.2
ENVI;4;41;9.308;42;-55;54.561;13.9312;35.6113;2.5324;0.4504;0.38533;2.4533;1701.6
ENVI;4;41;9.308;42;-56;55.553;13.9515;35.619;2.3354;0.4246;0.32121;2.4455;1654.4
ENVI;4;41;9.308;42;-57;56.544;13.9237;35.6085;2.512;0.4515;0.26828;2.4422;1685.2
ENVI;4;41;9.308;42;-58;57.536;13.9274;35.6096;2.5241;0.4831;0.23315;2.4398;1696.1
ENVI;4;41;9.308;42;-59;58.528;13.9347;35.613;2.3829;0.4812;0.21789;2.4411;1689.4
ENVI;4;41;9.308;42;-60;59.52;13.9364;35.6134;2.4885;0.4758;0.21238;2.4424;1686.4
ENVI;4;41;9.308;42;-61;60.512;13.9469;35.6187;2.2689;0.4436;0.19023;2.4416;1706.4
ENVI;4;41;9.308;42;-62;61.504;13.9712;35.6284;2.0734;0.4434;0.15127;2.4404;1686.9
ENVI;4;41;9.308;42;-63;62.496;13.9955;35.6409;2.0695;0.4485;0.12803;2.4372;1681.9
ENVI;4;41;9.308;42;-64;63.487;14.0097;35.6479;1.9579;0.4812;0.11395;2.4344;1684.1
ENVI;4;41;9.308;42;-65;64.479;14.0073;35.6469;2.0357;0.4835;0.1064;2.4257;1691.9
ENVI;4;41;9.308;42;-66;65.471;14.0252;35.6568;1.4989;0.3926;0.099035;2.4137;1708.1
ENVI;4;41;9.308;42;-67;66.463;14.0296;35.6598;1.7013;0.4326;0.079158;2.4111;1677.7
ENVI;4;41;9.308;42;-68;67.455;14.0334;35.6621;1.7081;0.4612;0.066396;2.4096;1672.8
ENVI;4;41;9.308;42;-69;68.446;14.038;35.6648;1.6645;0.4965;0.057564;2.4073;1687.7
ENVI;4;41;9.308;42;-70;69.438;14.0462;35.6694;1.6805;0.4698;0.047667;2.4042;1697
ENVI;4;41;9.308;42;-71;70.43;14.0586;35.6758;1.3784;0.4234;0.040025;2.3995;1693
ENVI;4;41;9.308;42;-72;71.422;14.0761;35.6848;1.13;0.4202;0.033433;2.3946;1695.6
ENVI;4;41;9.308;42;-73;72.414;14.0945;35.6949;1.056;0.4337;0.02783;2.3905;1685.6
ENVI;4;41;9.308;42;-74;73.406;14.0982;35.7017;1.0849;0.4696;0.02111;2.3881;1686.7
ENVI;4;41;9.308;42;-75;74.397;14.0836;35.7153;1.0208;0.4865;0.01219;2.3851;1684.4
ENVI;4;41;9.308;42;-76;75.389;14.0745;35.7334;0.8252;0.4609;0.0088009;2.3805;1682.4
ENVI;4;41;9.308;42;-77;76.381;14.066;35.7324;0.5532;0.4235;0.0045043;2.3717;1692.3
ENVI;4;41;9.308;42;-78;77.373;14.0508;35.7306;0.4786;0.3957;0.00086338;2.365;1702.1
ENVI;4;41;9.308;42;-79;78.364;14.0239;35.7266;0.4332;0.3788;-0.0000399;2.3638;1691.5
ENVI;4;41;9.308;42;-80;79.356;13.9871;35.7227;0.5258;0.4049;1.00E-12;2.3637;1673.2
ENVI;4;41;9.308;42;-81;80.348;13.9814;35.7228;0.4936;0.4001;1.00E-12;2.3634;1668.4
ENVI;4;41;9.308;42;-82;81.34;13.9807;35.7255;0.4632;0.41;1.00E-12;2.3646;1672.4
ENVI;4;41;9.308;42;-83;82.331;13.9849;35.7283;0.4503;0.4353;1.00E-12;2.3664;1685.2
ENVI;4;41;9.308;42;-84;83.323;13.9856;35.7284;0.4355;0.395;1.00E-12;2.3697;1699.2
ENVI;4;41;9.308;42;-85;84.315;13.9858;35.729;0.4093;0.397;1.00E-12;2.3733;1698.7
ENVI;4;41;9.308;42;-86;85.307;13.9868;35.7299;0.4585;0.4093;1.00E-12;2.3731;1699.1
ENVI;4;41;9.308;42;-87;86.299;13.9864;35.7301;0.4798;0.4069;1.00E-12;2.3723;1697
ENVI;4;41;9.308;42;-88;87.29;13.9858;35.7306;0.4447;0.4093;1.00E-12;2.3714;1689.9
ENVI;4;41;9.308;42;-89;88.282;13.985;35.7312;0.4073;0.4096;1.00E-12;2.3714;1681.6
ENVI;4;41;9.308;42;-90;89.273;13.9846;35.7317;0.3839;0.4043;1.00E-12;2.3711;1678.4
ENVI;4;41;9.308;42;-91;90.265;13.9844;35.7321;0.4421;0.3891;1.00E-12;2.3706;1681.9
ENVI;4;41;9.308;42;-92;91.257;13.9844;35.7322;0.4096;0.3964;1.00E-12;2.37;1690.3
ENVI;4;41;9.308;42;-93;92.249;13.9843;35.732;0.4067;0.3919;1.00E-12;2.3695;1699.6
ENVI;4;41;9.308;42;-94;93.24;13.9835;35.7317;0.3738;0.37;1.00E-12;2.3685;1705.8
ENVI;4;41;9.308;42;-95;94.232;13.9824;35.7316;0.3505;0.3739;1.00E-12;2.3694;1699.2
ENVI;4;41;9.308;42;-96;95.224;13.9826;35.7317;0.3949;0.3845;1.00E-12;2.3689;1692.1
ENVI;4;41;9.308;42;-97;96.215;13.9822;35.7319;0.3814;0.3815;1.00E-12;2.3681;1688.6
ENVI;4;41;9.308;42;-98;97.207;13.9814;35.7323;0.3693;0.4169;1.00E-12;2.3676;1682.8
ENVI;4;41;9.308;42;-99;98.199;13.9806;35.7326;0.3694;0.4551;1.00E-12;2.367;1681.1
ENVI;4;41;9.308;42;-100;99.19;13.9784;35.7334;0.3627;0.4535;1.00E-12;2.3662;1682.5
ENVI;4;41;9.308;42;-101;100.182;13.9749;35.7347;0.3343;0.4163;1.00E-12;2.365;1685.9
ENVI;4;41;9.308;42;-102;101.174;13.9718;35.7359;0.3237;0.447;1.00E-12;2.3637;1693.7
ENVI;4;41;9.308;42;-103;102.165;13.9685;35.7372;0.3385;0.4279;1.00E-12;2.3617;1710.4
ENVI;4;41;9.308;42;-104;103.157;13.9661;35.7385;0.2976;0.4239;1.00E-12;2.3559;1716.9
ENVI;4;41;9.308;42;-105;104.149;13.9644;35.7407;0.293;0.4626;1.00E-12;2.3522;1695
ENVI;4;41;9.308;42;-106;105.14;13.9673;35.7445;0.3194;0.4484;1.00E-12;2.3506;1690.1
ENVI;4;41;9.308;42;-107;106.132;13.9716;35.7478;0.3104;0.4629;1.00E-12;2.3489;1689.7
ENVI;4;41;9.308;42;-108;107.123;13.9715;35.7524;0.2787;0.5298;1.00E-12;2.3461;1687.9
ENVI;4;41;9.308;42;-109;108.115;13.95;35.7552;0.2821;0.5541;1.00E-12;2.3433;1687.8
ENVI;4;41;9.308;42;-110;109.107;13.936;35.7567;0.2968;0.5874;1.00E-12;2.339;1691.4
ENVI;4;41;9.308;42;-111;110.098;13.925;35.7608;0.2223;0.5913;1.00E-12;2.3337;1698
ENVI;4;41;9.308;42;-112;111.09;13.9253;35.7641;0.2248;0.6249;1.00E-12;2.326;1705
ENVI;4;41;9.308;42;-113;112.082;13.9281;35.7659;0.2649;0.6431;1.00E-12;2.3164;1699.9
ENVI;4;41;9.308;42;-114;113.073;13.9291;35.7667;0.2322;0.665;1.00E-12;2.3088;1690.9
ENVI;4;41;9.308;42;-115;114.065;13.9316;35.7698;0.2072;0.6758;1.00E-12;2.3038;1689.5
ENVI;4;41;9.308;42;-116;115.056;13.9331;35.7719;0.2108;0.6703;1.00E-12;2.2987;1696.1
ENVI;4;41;9.308;42;-117;116.048;13.9334;35.7741;0.1961;0.7146;1.00E-12;2.2938;1705.7
ENVI;4;41;9.308;42;-118;117.04;13.9356;35.7773;0.1707;0.7156;1.00E-12;2.2897;1710.6
ENVI;4;41;9.308;42;-119;118.031;13.9397;35.7812;0.1508;0.7171;1.00E-12;2.284;1701.1
ENVI;4;41;9.308;42;-120;119.023;13.9478;35.7883;0.1363;0.7411;1.00E-12;2.2777;1686.8
ENVI;4;41;9.308;42;-121;120.014;13.9476;35.7946;0.134;0.7917;1.00E-12;2.2726;1690.8
ENVI;4;41;9.308;42;-122;121.006;13.9269;35.798;0.1201;0.8331;1.00E-12;2.2667;1705.2
ENVI;4;41;9.308;42;-123;121.997;13.9139;35.7991;0.0909;0.8575;1.00E-12;2.2576;1707.7
ENVI;4;41;9.308;42;-124;122.989;13.8962;35.7997;0.1037;0.879;1.00E-12;2.2481;1692.8
ENVI;4;41;9.308;42;-125;123.981;13.8239;35.7969;0.0901;0.9174;1.00E-12;2.2408;1687.3
ENVI;4;41;9.308;42;-126;124.972;13.7528;35.7919;0.0514;0.9847;1.00E-12;2.2344;1692.3
ENVI;4;41;9.308;42;-127;125.963;13.718;35.7867;0.0331;1.0838;1.00E-12;2.2274;1699.3
ENVI;4;41;9.308;42;-128;126.955;13.6804;35.7818;0.0759;1.1548;1.00E-12;2.2207;1700.3
ENVI;4;41;9.308;42;-129;127.947;13.6635;35.7806;0.0528;1.1845;1.00E-12;2.2162;1696.3
ENVI;4;41;9.308;42;-130;128.938;13.6455;35.7788;0.0432;1.1821;1.00E-12;2.2136;1693.3
ENVI;4;41;9.308;42;-131;129.929;13.5967;35.7762;0.0356;1.1779;1.00E-12;2.2123;1692.5
ENVI;4;41;9.308;42;-132;130.921;13.5833;35.7757;0.0743;1.2263;1.00E-12;2.2105;1695.4
ENVI;4;41;9.308;42;-133;131.913;13.5555;35.7748;0.0381;1.2085;1.00E-12;2.2077;1700.8
ENVI;4;41;9.308;42;-134;132.904;13.5362;35.7744;0.0242;1.1442;1.00E-12;2.2039;1705.2
ENVI;4;41;9.308;42;-135;133.896;13.5238;35.774;0.048;1.1561;1.00E-12;2.2002;1704.4
ENVI;4;41;9.308;42;-136;134.887;13.5119;35.7729;0.0244;1.0697;1.00E-12;2.1981;1701.4
ENVI;4;41;9.308;42;-137;135.879;13.5012;35.7714;0.0248;1.1703;1.00E-12;2.1972;1698.9
ENVI;4;41;9.308;42;-138;136.87;13.4916;35.7703;0.0227;1.177;1.00E-12;2.1966;1692.5
ENVI;4;41;9.308;42;-139;137.861;13.4779;35.7729;0.0206;1.1858;1.00E-12;2.1954;1687.1
ENVI;4;41;9.308;42;-140;138.853;13.4739;35.7755;0.0221;1.1606;1.00E-12;2.1935;1682.5
ENVI;4;41;9.308;42;-141;139.844;13.4646;35.777;0.0244;1.0555;1.00E-12;2.1926;1684.2
ENVI;4;41;9.308;42;-142;140.836;13.4364;35.7788;0.0207;0.9154;1.00E-12;2.1914;1690.9
ENVI;4;41;9.308;42;-143;141.827;13.4185;35.783;0.0133;0.7197;1.00E-12;2.191;1702.5
ENVI;4;41;9.308;42;-144;142.819;13.4008;35.7837;0.01;0.455;1.00E-12;2.1907;1711.8
ENVI;4;41;9.308;42;-145;143.81;13.388;35.7832;-0.0078;0.3233;1.00E-12;2.1912;1710.3
ENVI;4;41;9.308;42;-146;144.802;13.3529;35.7812;-0.0207;0.4126;1.00E-12;2.1919;1706.4
ENVI;4;41;9.308;42;-147;145.793;13.3176;35.7802;-0.0403;0.3522;1.00E-12;2.19;1700.9
ENVI;4;41;9.308;42;-148;146.785;13.2748;35.7767;-0.0382;0.3455;1.00E-12;2.1874;1686.8
ENVI;4;41;9.308;42;-149;147.776;13.1926;35.7705;-0.0376;0.361;1.00E-12;2.1846;1678.3
ENVI;4;41;9.308;42;-150;148.768;13.1579;35.7676;-0.0387;0.4156;1.00E-12;2.1817;1678.4
ENVI;4;41;9.308;42;-151;149.759;13.1365;35.7656;-0.0458;0.4047;1.00E-12;2.1786;1684
ENVI;4;41;9.308;42;-152;150.75;13.106;35.7633;-0.0593;0.3419;1.00E-12;2.175;1693.6
ENVI;4;41;9.308;42;-153;151.742;13.0876;35.7614;-0.0438;0.3421;1.00E-12;2.1712;1708.3
ENVI;4;41;9.308;42;-154;152.733;13.0709;35.7592;-0.0729;0.322;1.00E-12;2.1672;1715.4
ENVI;4;41;9.308;42;-155;153.725;13.039;35.7566;-0.0609;0.3083;1.00E-12;2.1653;1703.7
ENVI;4;41;9.308;42;-156;154.716;13.0011;35.7548;-0.0482;0.3505;1.00E-12;2.163;1693.2
ENVI;4;41;9.308;42;-157;155.707;12.9899;35.7539;-0.0463;0.3938;1.00E-12;2.1599;1687.5
ENVI;4;41;9.308;42;-158;156.699;12.9798;35.7526;-0.0514;0.4201;1.00E-12;2.1575;1683.6
ENVI;4;41;9.308;42;-159;157.69;12.9658;35.7518;-0.0566;0.4404;1.00E-12;2.1551;1681.1
ENVI;4;41;9.308;42;-160;158.681;12.9556;35.7504;-0.0699;0.4276;1.00E-12;2.1528;1680.4
ENVI;4;41;9.308;42;-161;159.673;12.9412;35.7498;-0.0602;0.4471;1.00E-12;2.1505;1684.3
ENVI;4;41;9.308;42;-162;160.664;12.9298;35.7481;-0.0454;0.4783;1.00E-12;2.1488;1691.3
ENVI;4;41;9.308;42;-163;161.655;12.9179;35.7467;-0.0641;0.3673;1.00E-12;2.1464;1711.5
ENVI;4;41;9.308;42;-164;162.647;12.8975;35.7445;-0.0594;0.3221;1.00E-12;2.1448;1697
ENVI;4;41;9.308;42;-165;163.638;12.8635;35.7428;-0.0667;0.3677;1.00E-12;2.1441;1681.8
ENVI;4;41;9.308;42;-166;164.63;12.852;35.7429;-0.0676;0.4276;1.00E-12;2.1424;1679.9
ENVI;4;41;9.308;42;-167;165.621;12.853;35.7423;-0.0688;0.4722;1.00E-12;2.1408;1683.5
ENVI;4;41;9.308;42;-168;166.612;12.8448;35.7421;-0.0437;0.4721;1.00E-12;2.1387;1687.4
ENVI;4;41;9.308;42;-169;167.604;12.8388;35.7418;-0.0634;0.4822;1.00E-12;2.1365;1689.9
ENVI;4;41;9.308;42;-170;168.595;12.8295;35.7415;-0.0819;0.492;1.00E-12;2.1345;1689.9
ENVI;4;41;9.308;42;-171;169.586;12.8282;35.7411;-0.0682;0.5841;1.00E-12;2.1328;1693.3
ENVI;4;41;9.308;42;-172;170.578;12.8278;35.7407;-0.0754;0.5603;1.00E-12;2.1304;1700.3
ENVI;4;41;9.308;42;-173;171.569;12.8267;35.7402;-0.0734;0.5074;1.00E-12;2.1272;1709
ENVI;4;41;9.308;42;-174;172.56;12.8238;35.7399;-0.0683;0.5012;1.00E-12;2.1259;1700.6
ENVI;4;41;9.308;42;-175;173.551;12.7984;35.7386;-0.0588;0.5883;1.00E-12;2.1245;1689.8
ENVI;4;41;9.308;42;-176;174.543;12.7748;35.7376;-0.0657;0.5337;1.00E-12;2.1225;1690.2
ENVI;4;41;9.308;42;-177;175.534;12.765;35.7368;-0.078;0.5651;1.00E-12;2.1208;1696.4
ENVI;4;41;9.308;42;-178;176.525;12.7612;35.7363;-0.0804;0.5916;1.00E-12;2.1196;1699.8
ENVI;4;41;9.308;42;-179;177.517;12.7508;35.7354;-0.0748;0.5925;1.00E-12;2.1184;1697.7
ENVI;4;41;9.308;42;-180;178.508;12.7434;35.7348;-0.0547;0.5624;1.00E-12;2.1169;1693.4
ENVI;4;41;9.308;42;-181;179.5;12.7003;35.7309;-0.0729;0.5494;1.00E-12;2.1153;1689.9
ENVI;4;41;9.308;42;-182;180.49;12.6499;35.7279;-0.08;0.5248;1.00E-12;2.1133;1690.8
ENVI;4;41;9.308;42;-183;181.482;12.6223;35.7266;-0.0797;0.4995;1.00E-12;2.1102;1697.1
ENVI;4;41;9.308;42;-184;182.473;12.597;35.7242;-0.0789;0.4808;1.00E-12;2.1077;1702.8
ENVI;4;41;9.308;42;-185;183.464;12.578;35.7223;-0.0775;0.5149;1.00E-12;2.1054;1703.9
ENVI;4;41;9.308;42;-186;184.456;12.5619;35.7208;-0.0763;0.5046;1.00E-12;2.1031;1703.4
ENVI;4;41;9.308;42;-187;185.447;12.5154;35.7171;-0.0743;0.469;1.00E-12;2.1004;1697.3
ENVI;4;41;9.308;42;-188;186.438;12.4703;35.7137;-0.0745;0.467;1.00E-12;2.0979;1687.8
ENVI;4;41;9.308;42;-189;187.429;12.451;35.7123;-0.0728;0.4461;1.00E-12;2.0963;1689.6
ENVI;4;41;9.308;42;-190;188.421;12.4378;35.7107;-0.0797;0.4583;1.00E-12;2.0945;1699.6
ENVI;4;41;9.308;42;-191;189.412;12.4109;35.7089;-0.0762;0.4661;1.00E-12;2.0928;1709.7
ENVI;4;41;9.308;42;-192;190.403;12.3726;35.7072;-0.0725;0.4172;1.00E-12;2.0898;1699.5
ENVI;4;41;9.308;42;-193;191.394;12.3468;35.7027;-0.07;0.3882;1.00E-12;2.0873;1686.2
ENVI;4;41;9.308;42;-194;192.385;12.337;35.7016;-0.0713;0.4164;1.00E-12;2.0859;1695.4
ENVI;4;41;9.308;42;-195;193.377;12.3358;35.7005;-0.0724;0.3927;1.00E-12;2.0839;1706.7
ENVI;4;41;9.308;42;-196;194.368;12.3296;35.6988;-0.0742;0.3368;1.00E-12;2.0817;1699.9
ENVI;4;41;9.308;42;-197;195.359;12.3268;35.6988;-0.0751;0.3983;1.00E-12;2.0817;1689.5
ENVI;4;41;9.308;42;-198;196.35;12.3238;35.6985;-0.0708;0.4227;1.00E-12;2.081;1699
ENVI;4;41;9.308;42;-199;197.342;12.3206;35.698;-0.0705;0.3882;1.00E-12;2.0806;1707.2
ENVI;4;41;9.308;42;-200;198.333;12.3186;35.6975;-0.0717;0.3475;1.00E-12;2.0801;1705
ENVI;4;41;9.308;42;-201;199.324;12.3155;35.6972;-0.0729;0.3915;1.00E-12;2.0803;1689.3
ENVI;4;41;9.308;42;-202;200.314;12.3142;35.6971;-0.0913;0.4558;1.00E-12;2.0804;1707.9
ENVI;4;5;9.408;42;-5;4.961;13.9591;35.6013;1.3448;0.4469;2.98E+02;2.4923;1.69E+03
ENVI;4;5;9.408;42;-6;5.953;13.9617;35.6026;1.4918;0.4246;2.44E+02;2.4942;1.68E+03
ENVI;4;5;9.408;42;-7;6.945;13.9596;35.6026;1.5514;0.4406;2.08E+02;2.4939;1.68E+03
ENVI;4;5;9.408;42;-8;7.937;13.9546;35.6021;1.64;0.4192;1.85E+02;2.4938;1.69E+03
ENVI;4;5;9.408;42;-9;8.929;13.9432;35.6025;1.7251;0.4296;1.87E+02;2.4933;1.69E+03
ENVI;4;5;9.408;42;-10;9.921;13.9431;35.6024;2.0337;0.4469;1.51E+02;2.4927;1.69E+03
ENVI;4;5;9.408;42;-11;10.913;13.9423;35.6021;2.2817;0.4652;1.24E+02;2.4926;1.69E+03
ENVI;4;5;9.408;42;-12;11.905;13.9411;35.6019;2.4985;0.4283;1.15E+02;2.4925;1.69E+03
ENVI;4;5;9.408;42;-13;12.897;13.9331;35.6016;2.6322;0.4227;9.95E+01;2.493;1.67E+03
ENVI;4;5;9.408;42;-14;13.889;13.9319;35.6018;2.8346;0.4671;9.08E+01;2.4928;1.68E+03
ENVI;4;5;9.408;42;-15;14.882;13.9321;35.6017;2.7781;0.4539;7.67E+01;2.4926;1.69E+03
ENVI;4;5;9.408;42;-16;15.874;13.9317;35.6018;2.7762;0.4662;7.11E+01;2.4923;1.69E+03
ENVI;4;5;9.408;42;-17;16.866;13.9285;35.6018;2.8213;0.4624;6.53E+01;2.4914;1.69E+03
ENVI;4;5;9.408;42;-18;17.858;13.925;35.6016;3.1512;0.4697;5.58E+01;2.4895;1.69E+03
ENVI;4;5;9.408;42;-19;18.85;13.9213;35.6015;3.0593;0.4515;4.87E+01;2.4898;1.67E+03
ENVI;4;5;9.408;42;-20;19.842;13.9215;35.6015;3.0182;0.4932;4.19E+01;2.4881;1.68E+03
ENVI;4;5;9.408;42;-21;20.834;13.9108;35.6006;3.0865;0.4697;3.58E+01;2.4865;1.69E+03
ENVI;4;5;9.408;42;-22;21.826;13.8628;35.5982;3.1543;0.468;3.24E+01;2.4854;1.69E+03
ENVI;4;5;9.408;42;-23;22.818;13.8095;35.5964;3.4689;0.4627;2.87E+01;2.4827;1.69E+03
ENVI;4;5;9.408;42;-24;23.81;13.7735;35.5969;3.502;0.4551;2.60E+01;2.4858;1.69E+03
ENVI;4;5;9.408;42;-25;24.802;13.7515;35.5976;3.3015;0.4462;2.28E+01;2.4897;1.69E+03
ENVI;4;5;9.408;42;-26;25.794;13.7423;35.5968;3.2287;0.4621;1.91E+01;2.4914;1.70E+03
ENVI;4;5;9.408;42;-27;26.786;13.7311;35.5982;3.2831;0.4455;1.63E+01;2.4916;1.69E+03
ENVI;4;5;9.408;42;-28;27.778;13.7163;35.6011;3.4268;0.4662;1.49E+01;2.4913;1.68E+03
ENVI;4;5;9.408;42;-29;28.77;13.7009;35.6048;3.1803;0.4515;1.37E+01;2.4903;1.68E+03
ENVI;4;5;9.408;42;-30;29.762;13.6955;35.6046;2.942;0.4049;1.25E+01;2.4842;1.68E+03
ENVI;4;5;9.408;42;-31;30.754;13.6504;35.6097;2.8194;0.4101;1.06E+01;2.4827;1.68E+03
ENVI;4;5;9.408;42;-32;31.746;13.633;35.6097;2.9309;0.4538;9.16E+00;2.4804;1.69E+03
ENVI;4;5;9.408;42;-33;32.738;13.6117;35.6096;2.769;0.4688;8.00E+00;2.4778;1.70E+03
ENVI;4;5;9.408;42;-34;33.73;13.5865;35.6091;2.6204;0.4362;7.24E+00;2.4756;1.69E+03
ENVI;4;5;9.408;42;-35;34.722;13.5749;35.6121;2.7064;0.4193;7.06E+00;2.4769;1.68E+03
ENVI;4;5;9.408;42;-36;35.714;13.5355;35.6132;2.4868;0.383;6.38E+00;2.4736;1.69E+03
ENVI;4;5;9.408;42;-37;36.706;13.5253;35.612;2.4652;0.3998;5.55E+00;2.4708;1.69E+03
ENVI;4;5;9.408;42;-38;37.698;13.5227;35.6127;2.458;0.4569;4.91E+00;2.4701;1.70E+03
ENVI;4;5;9.408;42;-39;38.69;13.5266;35.6181;2.3832;0.3893;4.43E+00;2.4704;1.68E+03
ENVI;4;5;9.408;42;-40;39.682;13.5297;35.6214;2.4156;0.4031;3.99E+00;2.4693;1.68E+03
ENVI;4;5;9.408;42;-41;40.674;13.535;35.6226;2.3705;0.3809;3.65E+00;2.4657;1.69E+03
ENVI;4;5;9.408;42;-42;41.666;13.5459;35.6282;2.2169;0.3636;3.33E+00;2.4625;1.68E+03
ENVI;4;5;9.408;42;-43;42.658;13.5501;35.6303;2.2606;0.4121;2.93E+00;2.4584;1.69E+03
ENVI;4;5;9.408;42;-44;43.65;13.5549;35.6355;2.1774;0.3809;2.69E+00;2.4565;1.69E+03
ENVI;4;5;9.408;42;-45;44.642;13.5616;35.6456;2.2692;0.3832;2.46E+00;2.4552;1.68E+03
ENVI;4;5;9.408;42;-46;45.633;13.5675;35.6539;2.338;0.3916;2.26E+00;2.4532;1.68E+03
ENVI;4;5;9.408;42;-47;46.625;13.5689;35.6584;2.2692;0.3364;2.07E+00;2.4494;1.69E+03
ENVI;4;5;9.408;42;-48;47.617;13.5568;35.6783;1.9632;0.3389;1.74E+00;2.446;1.69E+03
ENVI;4;5;9.408;42;-49;48.609;13.56;35.6774;1.9566;0.3439;1.55E+00;2.4426;1.69E+03
ENVI;4;5;9.408;42;-50;49.601;13.5604;35.6774;1.8737;0.3595;1.41E+00;2.4387;1.68E+03
ENVI;4;5;9.408;42;-51;50.593;13.5533;35.681;1.8717;0.3572;1.33E+00;2.4358;1.68E+03
ENVI;4;5;9.408;42;-52;51.585;13.5528;35.683;1.8002;0.3282;1.30E+00;2.4332;1.67E+03
ENVI;4;5;9.408;42;-53;52.577;13.5542;35.6847;1.7002;0.3071;1.21E+00;2.4283;1.69E+03
ENVI;4;5;9.408;42;-54;53.569;13.5553;35.6861;1.642;0.3044;9.71E-01;2.4241;1.70E+03
ENVI;4;5;9.408;42;-55;54.561;13.5573;35.6884;1.6534;0.3177;8.66E-01;2.4232;1.69E+03
ENVI;4;5;9.408;42;-56;55.553;13.5561;35.6888;1.6196;0.3278;7.92E-01;2.4231;1.68E+03
ENVI;4;5;9.408;42;-57;56.544;13.5552;35.6896;1.5868;0.332;7.39E-01;2.4226;1.68E+03
ENVI;4;5;9.408;42;-58;57.536;13.5538;35.6898;1.613;0.3141;7.55E-01;2.4205;1.68E+03
ENVI;4;5;9.408;42;-59;58.528;13.5484;35.6904;1.5199;0.3005;6.93E-01;2.4205;1.68E+03
ENVI;4;5;9.408;42;-60;59.52;13.5404;35.6894;1.5728;0.3062;6.05E-01;2.4197;1.69E+03
ENVI;4;5;9.408;42;-61;60.512;13.5357;35.6884;1.4858;0.3029;5.39E-01;2.4183;1.70E+03
ENVI;4;5;9.408;42;-62;61.504;13.5355;35.6883;1.5879;0.2952;4.95E-01;2.4173;1.70E+03
ENVI;4;5;9.408;42;-63;62.495;13.5345;35.6881;1.5384;0.3103;4.62E-01;2.4163;1.69E+03
ENVI;4;5;9.408;42;-64;63.487;13.5341;35.688;1.5305;0.3077;4.41E-01;2.4163;1.69E+03
ENVI;4;5;9.408;42;-65;64.479;13.5334;35.6877;1.6175;0.2896;4.09E-01;2.4173;1.68E+03
ENVI;4;5;9.408;42;-66;65.471;13.5326;35.6877;1.5426;0.3125;3.62E-01;2.4171;1.69E+03
ENVI;4;5;9.408;42;-67;66.463;13.5305;35.6869;1.5155;0.319;3.21E-01;2.4166;1.69E+03
ENVI;4;5;9.408;42;-68;67.455;13.5274;35.6864;1.4787;0.3176;2.86E-01;2.4154;1.70E+03
ENVI;4;5;9.408;42;-69;68.447;13.5241;35.6857;1.5442;0.3163;2.68E-01;2.4154;1.69E+03
ENVI;4;5;9.408;42;-70;69.438;13.5199;35.6849;1.4354;0.325;2.57E-01;2.4147;1.68E+03
ENVI;4;5;9.408;42;-71;70.43;13.5133;35.6842;1.4289;0.2973;2.37E-01;2.412;1.69E+03
ENVI;4;5;9.408;42;-72;71.422;13.512;35.6848;1.3601;0.2747;1.91E-01;2.4097;1.70E+03
ENVI;4;5;9.408;42;-73;72.414;13.5166;35.688;1.3389;0.2965;1.66E-01;2.4099;1.70E+03
ENVI;4;5;9.408;42;-74;73.405;13.5253;35.6917;1.2896;0.3022;1.47E-01;2.4098;1.69E+03
ENVI;4;5;9.408;42;-75;74.397;13.5307;35.6936;1.1764;0.3159;1.36E-01;2.4091;1.69E+03
ENVI;4;5;9.408;42;-76;75.389;13.5333;35.6955;1.1473;0.2884;1.31E-01;2.4065;1.69E+03
ENVI;4;5;9.408;42;-77;76.381;13.5355;35.6961;1.0905;0.2543;1.38E-01;2.3997;1.69E+03
ENVI;4;5;9.408;42;-78;77.373;13.5505;35.7021;0.9295;0.2534;1.02E-01;2.3972;1.70E+03
ENVI;4;5;9.408;42;-79;78.364;13.5547;35.704;0.8787;0.2527;8.54E-02;2.3961;1.70E+03
ENVI;4;5;9.408;42;-80;79.356;13.5499;35.704;0.8581;0.2572;7.85E-02;2.3948;1.70E+03
ENVI;4;5;9.408;42;-81;80.348;13.5466;35.7051;0.8291;0.2543;7.40E-02;2.3931;1.70E+03
ENVI;4;5;9.408;42;-82;81.34;13.5393;35.7039;0.8072;0.2474;7.32E-02;2.3904;1.69E+03
ENVI;4;5;9.408;42;-83;82.331;13.5372;35.7033;0.8093;0.246;7.01E-02;2.3844;1.70E+03
ENVI;4;5;9.408;42;-84;83.323;13.5352;35.7036;0.7835;0.2493;4.75E-02;2.3833;1.70E+03
ENVI;4;5;9.408;42;-85;84.315;13.5372;35.7051;0.737;0.2507;4.04E-02;2.3833;1.70E+03
ENVI;4;5;9.408;42;-86;85.307;13.5382;35.7059;0.6971;0.2605;3.50E-02;2.3829;1.70E+03
ENVI;4;5;9.408;42;-87;86.298;13.5416;35.7074;0.6248;0.2525;3.03E-02;2.3815;1.69E+03
ENVI;4;5;9.408;42;-88;87.29;13.5448;35.7086;0.5644;0.2424;3.40E-02;2.3798;1.68E+03
ENVI;4;5;9.408;42;-89;88.282;13.5467;35.7094;0.5975;0.2315;3.33E-02;2.3786;1.68E+03
ENVI;4;5;9.408;42;-90;89.274;13.547;35.7094;0.5795;0.2294;3.16E-02;2.3772;1.71E+03
ENVI;4;5;9.408;42;-91;90.265;13.5479;35.7103;0.5633;0.2361;1.61E-02;2.3766;1.70E+03
ENVI;4;5;9.408;42;-92;91.257;13.5473;35.7103;0.5375;0.2312;8.07E-03;2.3754;1.71E+03
ENVI;4;5;9.408;42;-93;92.249;13.5474;35.7105;0.5582;0.2297;5.19E-03;2.3737;1.71E+03
ENVI;4;5;9.408;42;-94;93.24;13.5482;35.7108;0.5238;0.2252;5.64E-03;2.3727;1.69E+03
ENVI;4;5;9.408;42;-95;94.232;13.5516;35.7119;0.4905;0.2244;7.55E-03;2.3719;1.69E+03
ENVI;4;5;9.408;42;-96;95.224;13.5549;35.7129;0.5915;0.2139;3.06E-03;2.3722;1.71E+03
ENVI;4;5;9.408;42;-97;96.215;13.5639;35.7165;0.4533;0.2122;5.23E-04;2.3709;1.71E+03
ENVI;4;5;9.408;42;-98;97.207;13.5667;35.7179;0.4441;0.2217;1.06E-05;2.3701;1.71E+03
ENVI;4;5;9.408;42;-99;98.199;13.5673;35.7182;0.4354;0.2249;1.00E-12;2.3686;1.71E+03
ENVI;4;5;9.408;42;-100;99.19;13.5686;35.7188;0.459;0.2018;1.00E-12;2.3659;1.71E+03
ENVI;4;5;9.408;42;-101;100.182;13.5695;35.72;0.3991;0.2122;1.00E-12;2.3661;1.69E+03
ENVI;4;5;9.408;42;-102;101.174;13.5656;35.7192;0.3689;0.2192;1.00E-12;2.3662;1.70E+03
ENVI;4;5;9.408;42;-103;102.165;13.5618;35.7185;0.3891;0.2207;1.00E-12;2.3654;1.71E+03
ENVI;4;5;9.408;42;-104;103.157;13.5601;35.718;0.4132;0.2073;1.00E-12;2.3648;1.72E+03
ENVI;4;5;9.408;42;-105;104.149;13.558;35.7176;0.3654;0.2169;1.00E-12;2.3645;1.71E+03
ENVI;4;5;9.408;42;-106;105.14;13.5518;35.7161;0.3746;0.2184;1.00E-12;2.3648;1.70E+03
ENVI;4;5;9.408;42;-107;106.132;13.549;35.7156;0.385;0.2218;1.00E-12;2.3637;1.70E+03
ENVI;4;5;9.408;42;-108;107.124;13.5478;35.7155;0.3944;0.2256;1.00E-12;2.3632;1.70E+03
ENVI;4;5;9.408;42;-109;108.115;13.5477;35.7155;0.3938;0.2194;1.00E-12;2.3626;1.71E+03
ENVI;4;5;9.408;42;-110;109.107;13.5468;35.7153;0.3876;0.2166;1.00E-12;2.3627;1.71E+03
ENVI;4;5;9.408;42;-111;110.098;13.5436;35.7147;0.4834;0.2214;1.00E-12;2.3633;1.72E+03
ENVI;4;5;9.408;42;-112;111.09;13.5432;35.7146;0.4599;0.2098;1.00E-12;2.3637;1.71E+03
ENVI;4;5;9.408;42;-113;112.082;13.5428;35.7146;0.4422;0.2177;1.00E-12;2.3636;1.69E+03
ENVI;4;5;9.408;42;-114;113.073;13.5426;35.7145;0.4209;0.2181;1.00E-12;2.3632;1.69E+03
ENVI;4;5;9.408;42;-115;114.065;13.5421;35.7144;0.4034;0.2165;1.00E-12;2.3622;1.69E+03
ENVI;4;5;9.408;42;-116;115.056;13.5396;35.7139;0.3955;0.2123;1.00E-12;2.3619;1.70E+03
ENVI;4;5;9.408;42;-117;116.048;13.5364;35.7135;0.3871;0.221;1.00E-12;2.3615;1.71E+03
ENVI;4;5;9.408;42;-118;117.039;13.5359;35.7136;0.3771;0.2291;1.00E-12;2.3616;1.72E+03
ENVI;4;5;9.408;42;-119;118.031;13.5362;35.7137;0.359;0.2389;1.00E-12;2.3615;1.71E+03
ENVI;4;5;9.408;42;-120;119.023;13.5362;35.7135;0.4274;0.2148;1.00E-12;2.3614;1.71E+03
ENVI;4;5;9.408;42;-121;120.014;13.5361;35.7135;0.4269;0.2146;1.00E-12;2.3624;1.71E+03
ENVI;4;5;9.408;42;-122;121.006;13.5355;35.7134;0.4121;0.2131;1.00E-12;2.3627;1.73E+03
ENVI;4;5;9.408;42;-123;121.997;13.5346;35.7132;0.3984;0.2049;1.00E-12;2.3623;1.72E+03
ENVI;4;5;9.408;42;-124;122.989;13.5338;35.7131;0.395;0.2125;1.00E-12;2.362;1.71E+03
ENVI;4;5;9.408;42;-125;123.98;13.5332;35.7132;0.4198;0.2126;1.00E-12;2.362;1.70E+03
ENVI;4;5;9.408;42;-126;124.972;13.5325;35.7131;0.3978;0.2216;1.00E-12;2.3618;1.69E+03
ENVI;4;5;9.408;42;-127;125.963;13.5326;35.7132;0.3806;0.2267;1.00E-12;2.361;1.69E+03
ENVI;4;5;9.408;42;-128;126.955;13.5327;35.7133;0.3595;0.2312;1.00E-12;2.36;1.69E+03
ENVI;4;5;9.408;42;-129;127.947;13.5327;35.7132;0.3513;0.2211;1.00E-12;2.359;1.70E+03
ENVI;4;5;9.408;42;-130;128.938;13.5321;35.7131;0.3694;0.2169;1.00E-12;2.3585;1.72E+03
ENVI;4;5;9.408;42;-131;129.93;13.5317;35.713;0.419;0.2153;1.00E-12;2.3584;1.73E+03
ENVI;4;5;9.408;42;-132;130.921;13.5321;35.7132;0.411;0.2028;1.00E-12;2.359;1.71E+03
ENVI;4;5;9.408;42;-133;131.913;13.5322;35.7132;0.3965;0.2049;1.00E-12;2.359;1.69E+03
ENVI;4;5;9.408;42;-134;132.904;13.5325;35.7132;0.3938;0.2125;1.00E-12;2.3584;1.70E+03
ENVI;4;5;9.408;42;-135;133.896;13.5312;35.7129;0.394;0.218;1.00E-12;2.358;1.71E+03
ENVI;4;5;9.408;42;-136;134.887;13.5321;35.7131;0.3945;0.2136;1.00E-12;2.358;1.72E+03
ENVI;4;5;9.408;42;-137;135.879;13.5325;35.7131;0.4002;0.2177;1.00E-12;2.358;1.72E+03
ENVI;4;5;9.408;42;-138;136.87;13.5314;35.7128;0.4072;0.2221;1.00E-12;2.3579;1.71E+03
ENVI;4;5;9.408;42;-139;137.862;13.5239;35.7109;0.3841;0.2255;1.00E-12;2.3572;1.70E+03
ENVI;4;5;9.408;42;-140;138.853;13.5143;35.7089;0.3571;0.2294;1.00E-12;2.3564;1.70E+03
ENVI;4;5;9.408;42;-141;139.844;13.511;35.708;0.3604;0.2257;1.00E-12;2.3552;1.71E+03
ENVI;4;5;9.408;42;-142;140.836;13.5043;35.7065;0.3822;0.2198;1.00E-12;2.3547;1.71E+03
ENVI;4;5;9.408;42;-143;141.827;13.5023;35.706;0.3681;0.2069;1.00E-12;2.355;1.71E+03
ENVI;4;5;9.408;42;-144;142.819;13.499;35.7053;0.3681;0.2263;1.00E-12;2.3546;1.70E+03
ENVI;4;5;9.408;42;-145;143.81;13.4966;35.7046;0.3806;0.2132;1.00E-12;2.3547;1.70E+03
ENVI;4;5;9.408;42;-146;144.802;13.4783;35.7008;0.3823;0.2186;1.00E-12;2.3543;1.71E+03
ENVI;4;5;9.408;42;-147;145.793;13.4654;35.6985;0.3818;0.2184;1.00E-12;2.3538;1.71E+03
ENVI;4;5;9.408;42;-148;146.785;13.4612;35.6975;0.353;0.2039;1.00E-12;2.3527;1.72E+03
ENVI;4;5;9.408;42;-149;147.776;13.4618;35.6978;0.3642;0.2062;1.00E-12;2.3514;1.71E+03
ENVI;4;5;9.408;42;-150;148.768;13.4669;35.6985;0.3723;0.2133;1.00E-12;2.3504;1.71E+03
ENVI;4;5;9.408;42;-151;149.759;13.465;35.6985;0.3932;0.216;1.00E-12;2.3504;1.71E+03
ENVI;4;5;9.408;42;-152;150.75;13.4634;35.698;0.3939;0.2322;1.00E-12;2.3505;1.70E+03
ENVI;4;5;9.408;42;-153;151.742;13.4627;35.6981;0.3853;0.218;1.00E-12;2.3506;1.70E+03
ENVI;4;5;9.408;42;-154;152.733;13.4601;35.698;0.3701;0.2146;1.00E-12;2.3498;1.69E+03
ENVI;4;5;9.408;42;-155;153.725;13.4567;35.6977;0.3207;0.2134;1.00E-12;2.3494;1.69E+03
ENVI;4;5;9.408;42;-156;154.716;13.4511;35.6979;0.3097;0.2238;1.00E-12;2.3482;1.69E+03
ENVI;4;5;9.408;42;-157;155.707;13.4453;35.6992;0.3035;0.2293;1.00E-12;2.3469;1.70E+03
ENVI;4;5;9.408;42;-158;156.699;13.4444;35.6994;0.3018;0.2063;1.00E-12;2.3446;1.72E+03
ENVI;4;5;9.408;42;-159;157.69;13.44;35.7011;0.3411;0.2133;1.00E-12;2.3428;1.72E+03
ENVI;4;5;9.408;42;-160;158.682;13.4375;35.7011;0.3174;0.2131;1.00E-12;2.3408;1.72E+03
ENVI;4;5;9.408;42;-161;159.673;13.4333;35.7014;0.3217;0.2129;1.00E-12;2.3383;1.71E+03
ENVI;4;5;9.408;42;-162;160.664;13.4325;35.7032;0.3324;0.21;1.00E-12;2.3365;1.70E+03
ENVI;4;5;9.408;42;-163;161.655;13.4173;35.7027;0.3227;0.2062;1.00E-12;2.3355;1.70E+03
ENVI;4;5;9.408;42;-164;162.647;13.4156;35.703;0.2741;0.2133;1.00E-12;2.3332;1.70E+03
ENVI;4;5;9.408;42;-165;163.638;13.4145;35.7034;0.2982;0.2148;1.00E-12;2.3297;1.70E+03
ENVI;4;5;9.408;42;-166;164.63;13.3925;35.7033;0.3107;0.2044;1.00E-12;2.3264;1.70E+03
ENVI;4;5;9.408;42;-167;165.621;13.3616;35.7034;0.2881;0.2333;1.00E-12;2.324;1.70E+03
ENVI;4;5;9.408;42;-168;166.612;13.3479;35.7036;0.2536;0.2278;1.00E-12;2.3216;1.70E+03
ENVI;4;5;9.408;42;-169;167.604;13.3436;35.7038;0.2015;0.2118;1.00E-12;2.3184;1.70E+03
ENVI;4;5;9.408;42;-170;168.595;13.3397;35.7038;0.1999;0.2175;1.00E-12;2.3147;1.70E+03
ENVI;4;5;9.408;42;-171;169.586;13.3305;35.7047;0.197;0.2187;1.00E-12;2.309;1.71E+03
ENVI;4;5;9.408;42;-172;170.578;13.3216;35.7053;0.1949;0.2094;1.00E-12;2.3019;1.71E+03
ENVI;4;5;9.408;42;-173;171.569;13.2872;35.7115;0.1495;0.2101;1.00E-12;2.2954;1.71E+03
ENVI;4;5;9.408;42;-174;172.56;13.2742;35.7142;0.1353;0.2075;1.00E-12;2.2904;1.60E+03
ENVI;4;5;9.408;42;-175;173.551;13.2726;35.7146;0.1277;0.2075;1.00E-12;2.2835;1.24E+03
ENVI;4;5;9.408;42;-176;174.543;13.2649;35.7166;0.1232;0.2003;1.00E-12;2.276;1.19E+03
ENVI;4;5;9.408;42;-177;175.534;13.2528;35.7164;0.1075;0.1999;1.00E-12;2.2707;1.23E+03
ENVI;4;5;9.408;42;-178;176.526;13.2465;35.7158;0.0884;0.2004;1.00E-12;2.2666;1.54E+03
ENVI;4;5;9.408;42;-179;177.517;13.2369;35.7168;0.0898;0.2004;1.00E-12;2.2628;1.65E+03
ENVI;4;5;9.408;42;-180;178.508;13.2309;35.7182;0.0804;0.22;1.00E-12;2.2594;1.63E+03
ENVI;4;5;9.408;42;-181;179.499;13.2312;35.718;0.074;0.217;1.00E-12;2.2556;1.28E+03
ENVI;4;5;9.408;42;-182;180.491;13.223;35.7192;0.0724;0.2052;1.00E-12;2.2519;1.46E+03
ENVI;4;5;9.408;42;-183;181.482;13.2143;35.7204;0.072;0.2048;1.00E-12;2.2479;1.44E+03
ENVI;4;5;9.408;42;-184;182.473;13.2076;35.7208;0.0503;0.203;1.00E-12;2.2444;1.53E+03
ENVI;4;5;9.408;42;-185;183.464;13.1941;35.7214;0.0488;0.2063;1.00E-12;2.2409;1.68E+03
ENVI;4;5;9.408;42;-186;184.456;13.1538;35.7237;0.0537;0.2043;1.00E-12;2.2384;1.70E+03
ENVI;4;5;9.408;42;-187;185.447;13.1423;35.724;0.0331;0.1937;1.00E-12;2.2338;1.71E+03
ENVI;4;5;9.408;42;-188;186.438;13.1123;35.7249;0.0201;0.1951;1.00E-12;2.2271;1.72E+03
ENVI;4;5;9.408;42;-189;187.43;13.0241;35.7292;-0.0103;0.2004;1.00E-12;2.2196;1.72E+03
ENVI;4;5;9.408;42;-190;188.42;13.004;35.7294;-0.0272;0.1972;1.00E-12;2.2121;1.71E+03
ENVI;4;5;9.408;42;-191;189.412;12.9963;35.7286;-0.0401;0.2017;1.00E-12;2.2022;1.71E+03
ENVI;4;5;9.408;42;-192;190.403;12.9937;35.728;-0.0371;0.1864;1.00E-12;2.1915;1.71E+03
ENVI;4;5;9.408;42;-193;191.394;12.9721;35.7285;-0.0438;0.1989;1.00E-12;2.1871;1.71E+03
ENVI;4;5;9.408;42;-194;192.385;12.9553;35.7291;-0.0437;0.2042;1.00E-12;2.1841;1.69E+03
ENVI;4;5;9.408;42;-195;193.376;12.9416;35.73;-0.0347;0.201;1.00E-12;2.1817;1.69E+03
ENVI;4;5;9.408;42;-196;194.368;12.9306;35.7309;-0.058;0.2009;1.00E-12;2.1788;1.69E+03
ENVI;4;5;9.408;42;-197;195.359;12.9191;35.7319;-0.0693;0.2012;1.00E-12;2.1762;1.69E+03
ENVI;4;5;9.408;42;-198;196.351;12.9119;35.7332;-0.0466;0.2127;1.00E-12;2.1735;1.71E+03
ENVI;4;5;9.408;42;-199;197.342;12.9105;35.733;-0.0683;0.2274;1.00E-12;2.1681;1.74E+03
ENVI;4;5;9.408;42;-200;198.333;12.8994;35.734;-0.059;0.2226;1.00E-12;2.1609;1.72E+03
ENVI;4;5;9.408;42;-201;199.324;12.8872;35.7347;-0.0707;0.2312;1.00E-12;2.1571;1.70E+03
ENVI;4;5;9.408;42;-202;200.315;12.8808;35.7347;-0.0732;0.243;1.00E-12;2.1538;1.71E+03
ENVI;4;5;9.408;42;-203;201.306;12.87;35.7349;-0.0756;0.2612;1.00E-12;2.1512;1.72E+03
ENVI;4;5;9.408;42;-204;202.297;12.8479;35.7336;-0.0367;0.2615;1.00E-12;2.149;1.72E+03
ENVI;4;5;9.408;42;-205;203.289;12.7634;35.7294;-0.0604;0.2723;1.00E-12;2.1469;1.71E+03
ENVI;4;5;9.408;42;-206;204.28;12.6735;35.7259;-0.0724;0.2775;1.00E-12;2.1435;1.70E+03
ENVI;4;5;9.408;42;-207;205.271;12.6233;35.7218;-0.0823;0.2858;1.00E-12;2.1395;1.70E+03
ENVI;4;5;9.408;42;-208;206.262;12.5831;35.72;-0.0817;0.2613;1.00E-12;2.1338;1.71E+03
ENVI;4;5;9.408;42;-209;207.253;12.5516;35.7177;-0.0813;0.2597;1.00E-12;2.1275;1.73E+03
ENVI;4;5;9.408;42;-210;208.245;12.5339;35.7157;-0.0817;0.2689;1.00E-12;2.1204;1.73E+03
ENVI;4;5;9.408;42;-211;209.235;12.5117;35.7145;-0.0822;0.2703;1.00E-12;2.1155;1.71E+03
ENVI;4;5;9.408;42;-212;210.227;12.5082;35.714;-0.0817;0.2931;1.00E-12;2.1127;1.69E+03
ENVI;4;5;9.408;42;-213;211.218;12.505;35.7137;-0.0817;0.3172;1.00E-12;2.1102;1.69E+03
ENVI;4;5;9.408;42;-214;212.209;12.5033;35.7133;-0.0831;0.3213;1.00E-12;2.1083;1.70E+03
ENVI;4;5;9.408;42;-215;213.2;12.5038;35.713;-0.0817;0.3171;1.00E-12;2.1062;1.72E+03
ENVI;4;5;9.408;42;-216;214.191;12.5028;35.7124;-0.0878;0.3171;1.00E-12;2.1039;1.73E+03
ENVI;4;5;9.408;42;-217;215.182;12.5028;35.7119;-0.0914;0.3022;1.00E-12;2.1013;1.72E+03
ENVI;4;5;9.408;42;-218;216.173;12.4982;35.7115;-0.0616;0.3044;1.00E-12;2.1007;1.71E+03
ENVI;4;5;9.408;42;-219;217.165;12.4768;35.7103;-0.0853;0.3251;1.00E-12;2.1001;1.71E+03
ENVI;4;5;9.408;42;-220;218.155;12.4512;35.7085;-0.0934;0.3241;1.00E-12;2.0988;1.71E+03
ENVI;4;5;9.408;42;-221;219.146;12.4285;35.7064;-0.0823;0.3293;1.00E-12;2.0973;1.71E+03
ENVI;4;5;9.408;42;-222;220.137;12.3975;35.7048;-0.0822;0.3354;1.00E-12;2.0955;1.71E+03
ENVI;4;5;9.408;42;-223;221.128;12.393;35.7044;-0.0823;0.3355;1.00E-12;2.0941;1.70E+03
ENVI;4;5;9.408;42;-224;222.12;12.3847;35.7033;-0.0802;0.333;1.00E-12;2.093;1.70E+03
ENVI;4;5;9.408;42;-225;223.111;12.3804;35.7033;-0.0817;0.3293;1.00E-12;2.0914;1.70E+03
ENVI;4;5;9.408;42;-226;224.102;12.3681;35.7011;-0.0817;0.3339;1.00E-12;2.0902;1.70E+03
ENVI;4;5;9.408;42;-227;225.093;12.3371;35.6996;-0.0906;0.3377;1.00E-12;2.0886;1.70E+03
ENVI;4;5;9.408;42;-228;226.084;12.3311;35.699;-0.0915;0.3362;1.00E-12;2.0874;1.70E+03
ENVI;4;5;9.408;42;-229;227.075;12.3304;35.6985;-0.0818;0.3166;1.00E-12;2.0861;1.71E+03
ENVI;4;5;9.408;42;-230;228.066;12.3295;35.6981;-0.0821;0.3167;1.00E-12;2.0854;1.72E+03
ENVI;4;5;9.408;42;-231;229.057;12.3457;35.6981;-0.0808;0.2756;1.00E-12;2.0842;1.73E+03
ENVI;4;5;9.408;42;-232;230.048;12.3254;35.697;-0.0817;0.3005;1.00E-12;2.0847;1.71E+03
ENVI;4;5;9.408;42;-233;231.039;12.3227;35.6969;-0.0855;0.3237;1.00E-12;2.0839;1.70E+03
ENVI;4;5;9.408;42;-234;232.03;12.3206;35.6966;-0.0944;0.3273;1.00E-12;2.0829;1.69E+03
ENVI;4;5;9.408;42;-235;233.021;12.306;35.696;-0.1031;0.3529;1.00E-12;2.0821;1.69E+03
ENVI;4;5;9.408;42;-236;234.012;12.3034;35.6958;-0.0979;0.359;1.00E-12;2.0809;1.69E+03
ENVI;4;5;9.408;42;-237;235.003;12.3015;35.6955;-0.0687;0.3537;1.00E-12;2.0797;1.69E+03
ENVI;4;5;9.408;42;-238;235.994;12.301;35.6953;-0.0911;0.3368;1.00E-12;2.0787;1.69E+03
ENVI;4;5;9.408;42;-239;236.985;12.2816;35.6944;-0.0837;0.3317;1.00E-12;2.0782;1.70E+03
ENVI;4;5;9.408;42;-240;237.976;12.2467;35.6934;-0.072;0.3313;1.00E-12;2.077;1.72E+03
ENVI;4;5;9.408;42;-241;238.967;12.2308;35.6931;-0.0952;0.3534;1.00E-12;2.0755;1.73E+03
ENVI;4;5;9.408;42;-242;239.958;12.2462;35.693;-0.0858;0.3197;1.00E-12;2.073;1.74E+03
ENVI;4;5;9.408;42;-243;240.949;12.2295;35.6907;-0.0825;0.2856;1.00E-12;2.0703;1.70E+03
ENVI;4;5;9.408;42;-244;241.94;12.2003;35.6904;-0.0817;0.3579;1.00E-12;2.0702;1.69E+03
ENVI;4;5;9.408;42;-245;242.931;12.1933;35.6899;-0.0891;0.4046;1.00E-12;2.0686;1.70E+03
ENVI;4;5;9.408;42;-246;243.922;12.194;35.69;-0.0942;0.4028;1.00E-12;2.0663;1.72E+03
ENVI;4;5;9.408;42;-247;244.913;12.1937;35.6893;-0.0864;0.3871;1.00E-12;2.0646;1.72E+03
ENVI;4;5;9.408;42;-248;245.904;12.1832;35.6887;-0.0982;0.3872;1.00E-12;2.0637;1.70E+03
ENVI;4;5;9.408;42;-249;246.895;12.171;35.6883;-0.0888;0.3838;1.00E-12;2.0613;1.71E+03
ENVI;4;5;9.408;42;-250;247.886;12.1785;35.688;-0.0748;0.293;1.00E-12;2.0582;1.76E+03
ENVI;4;51;9.507;42;-5;4.961;14.0281;37.5279;1.168;0.3043;63.004;2.5761;1848
ENVI;4;51;9.507;42;-6;5.953;13.9877;35.7333;1.2408;0.3046;55.792;2.4483;1845.1
ENVI;4;51;9.507;42;-7;6.945;13.9901;35.7332;1.1312;0.3026;49.172;2.4493;1848.2
ENVI;4;51;9.507;42;-8;7.937;13.9864;35.7336;1.164;0.3222;44.114;2.4507;1837.8
ENVI;4;51;9.507;42;-9;8.929;13.9848;35.7338;1.1999;0.3251;39.186;2.4514;1839
ENVI;4;51;9.507;42;-10;9.921;13.9892;35.7339;1.2237;0.3032;36.215;2.451;1857
ENVI;4;51;9.507;42;-11;10.913;13.989;35.7341;1.2027;0.3164;32.325;2.4513;1860.4
ENVI;4;51;9.507;42;-12;11.905;13.9567;35.7399;1.2537;0.2927;30.557;2.4511;1856.1
ENVI;4;51;9.507;42;-13;12.898;13.944;35.7422;1.3205;0.3118;28.357;2.4475;1840.8
ENVI;4;51;9.507;42;-14;13.89;13.9437;35.743;1.3817;0.3098;27.759;2.4401;1851
ENVI;4;51;9.507;42;-15;14.881;13.9409;35.7434;1.3797;0.2972;27.166;2.4358;1854
ENVI;4;51;9.507;42;-16;15.874;13.9389;35.7461;1.4569;0.3209;26.376;2.433;1838
ENVI;4;51;9.507;42;-17;16.866;13.9376;35.7481;1.3695;0.3011;25.794;2.4316;1841.9
ENVI;4;51;9.507;42;-18;17.858;13.9364;35.7497;1.4106;0.2729;27.983;2.4286;1859.7
ENVI;4;51;9.507;42;-19;18.85;13.9251;35.7491;1.3712;0.2895;26.911;2.4269;1856
ENVI;4;51;9.507;42;-20;19.842;13.9189;35.7486;1.489;0.2837;30.369;2.4258;1847.4
ENVI;4;51;9.507;42;-21;20.834;13.9205;35.7502;1.3834;0.2933;29.689;2.4253;1841
ENVI;4;51;9.507;42;-22;21.826;13.921;35.7494;1.3493;0.2865;26.941;2.4245;1841.4
ENVI;4;51;9.507;42;-23;22.818;13.9219;35.7516;1.3589;0.3095;27.166;2.4236;1842.8
ENVI;4;51;9.507;42;-24;23.81;13.9179;35.7536;1.4372;0.2724;33.195;2.4206;1850.8
ENVI;4;51;9.507;42;-25;24.802;13.9155;35.7538;1.3485;0.2498;35.05;2.4146;1851.8
ENVI;4;51;9.507;42;-26;25.794;13.9157;35.7539;1.2784;0.2677;30.593;2.4139;1844.5
ENVI;4;51;9.507;42;-27;26.786;13.9157;35.7539;1.1729;0.2791;28.789;2.4133;1840
ENVI;4;51;9.507;42;-28;27.778;13.9154;35.7543;1.26;0.2791;27.858;2.4123;1841.2
ENVI;4;51;9.507;42;-29;28.77;13.921;35.7567;1.2404;0.2793;29.334;2.4115;1845.3
ENVI;4;51;9.507;42;-30;29.762;13.9168;35.7545;1.1261;0.2628;31.867;2.4089;1844.6
ENVI;4;51;9.507;42;-31;30.754;13.9168;35.7556;1.1839;0.2584;28.738;2.4081;1845.4
ENVI;4;51;9.507;42;-32;31.746;13.9212;35.7584;1.131;0.2717;26.509;2.408;1844.7
ENVI;4;51;9.507;42;-33;32.738;13.9261;35.76;1.0163;0.261;25.822;2.4059;1838.1
ENVI;4;51;9.507;42;-34;33.73;13.9209;35.7592;1.0968;0.2778;25.564;2.4047;1835.2
ENVI;4;51;9.507;42;-35;34.722;13.9182;35.7594;1.0678;0.2827;23.921;2.4029;1838.1
ENVI;4;51;9.507;42;-36;35.714;13.921;35.7609;1.0417;0.2729;22.278;2.4011;1840.2
ENVI;4;51;9.507;42;-37;36.706;13.922;35.7604;1.0612;0.2489;20.895;2.398;1841
ENVI;4;51;9.507;42;-38;37.698;13.9234;35.7614;1.0459;0.2486;19.311;2.397;1823.2
ENVI;4;51;9.507;42;-39;38.69;13.9249;35.7616;0.9763;0.261;18.265;2.3959;1823.5
ENVI;4;51;9.507;42;-40;39.682;13.927;35.7618;0.9506;0.2783;16.804;2.3954;1832.1
ENVI;4;51;9.507;42;-41;40.674;13.9196;35.7602;0.8982;0.2944;15.955;2.3941;1847.1
ENVI;4;51;9.507;42;-42;41.666;13.9186;35.7601;1.0073;0.2537;15.577;2.3945;1826.4
ENVI;4;51;9.507;42;-43;42.658;13.9168;35.7599;0.9483;0.267;14.372;2.3948;1826.6
ENVI;4;51;9.507;42;-44;43.65;13.9163;35.7598;0.9105;0.2584;13.046;2.3944;1835.2
ENVI;4;51;9.507;42;-45;44.642;13.9174;35.7599;0.9835;0.2383;12.336;2.3945;1834
ENVI;4;51;9.507;42;-46;45.634;13.9225;35.7609;0.9819;0.2819;11.481;2.3942;1821.1
ENVI;4;51;9.507;42;-47;46.625;13.9221;35.7609;1.0137;0.2687;10.789;2.3939;1825.2
ENVI;4;51;9.507;42;-48;47.617;13.9208;35.7604;0.9761;0.281;10.106;2.3933;1834.7
ENVI;4;51;9.507;42;-49;48.609;13.9224;35.7606;0.9139;0.2522;9.5926;2.3928;1832.3
ENVI;4;51;9.507;42;-50;49.601;13.9137;35.7592;0.9878;0.2556;8.7461;2.3926;1825.2
ENVI;4;51;9.507;42;-51;50.593;13.9077;35.7585;0.9101;0.2569;7.895;2.3919;1821.8
ENVI;4;51;9.507;42;-52;51.585;13.9002;35.7569;1.0489;0.2842;7.4225;2.3911;1833.9
ENVI;4;51;9.507;42;-53;52.577;13.8892;35.7546;1.0006;0.2791;7.2244;2.3908;1842
ENVI;4;51;9.507;42;-54;53.569;13.8771;35.7528;1.0273;0.2749;6.8517;2.3908;1827.4
ENVI;4;51;9.507;42;-55;54.561;13.8995;35.7563;1.0121;0.2677;6.4102;2.3906;1823.3
ENVI;4;51;9.507;42;-56;55.553;13.8931;35.7556;0.9764;0.2709;5.8609;2.3902;1819.5
ENVI;4;51;9.507;42;-57;56.544;13.7946;35.737;1.0926;0.2623;5.3486;2.3882;1831.9
ENVI;4;51;9.507;42;-58;57.536;13.749;35.7271;1.2197;0.2916;5.0076;2.3889;1832
ENVI;4;51;9.507;42;-59;58.528;13.7726;35.7352;1.1257;0.2901;4.7454;2.3909;1833.4
ENVI;4;51;9.507;42;-60;59.52;13.7759;35.7368;1.0611;0.2821;4.4289;2.393;1830
ENVI;4;51;9.507;42;-61;60.512;13.7732;35.7374;0.9798;0.2948;4.1025;2.3918;1828.9
ENVI;4;51;9.507;42;-62;61.504;13.7661;35.7364;1.0308;0.2519;3.7435;2.3898;1812.1
ENVI;4;51;9.507;42;-63;62.495;13.7559;35.7342;0.9858;0.2745;3.4577;2.3889;1822.5
ENVI;4;51;9.507;42;-64;63.487;13.7505;35.7344;0.9968;0.2629;3.2425;2.3886;1843.5
ENVI;4;51;9.507;42;-65;64.479;13.733;35.7319;0.9998;0.2819;3.0685;2.3885;1816.6
ENVI;4;51;9.507;42;-66;65.471;13.7209;35.7289;1.0139;0.3064;2.9034;2.3883;1816.6
ENVI;4;51;9.507;42;-67;66.463;13.6961;35.7256;1.0415;0.2826;2.7225;2.3876;1829.2
ENVI;4;51;9.507;42;-68;67.455;13.6828;35.7224;1.0241;0.2642;2.5039;2.39;1823.1
ENVI;4;51;9.507;42;-69;68.446;13.6598;35.718;1.0667;0.2627;2.3401;2.392;1807.5
ENVI;4;51;9.507;42;-70;69.438;13.6463;35.7148;1.0754;0.2794;2.1841;2.3927;1821.9
ENVI;4;51;9.507;42;-71;70.43;13.6403;35.7145;1.0454;0.2731;1.975;2.3947;1831.5
ENVI;4;51;9.507;42;-72;71.422;13.6105;35.7089;1.0841;0.2946;1.8045;2.3944;1805.6
ENVI;4;51;9.507;42;-73;72.414;13.5954;35.7071;1.063;0.291;1.6854;2.3926;1807.6
ENVI;4;51;9.507;42;-74;73.405;13.5539;35.6993;1.0172;0.2759;1.612;2.3912;1811.4
ENVI;4;51;9.507;42;-75;74.397;13.5326;35.6981;0.9019;0.2659;1.5361;2.3902;1818.6
ENVI;4;51;9.507;42;-76;75.389;13.537;35.6978;0.8529;0.2434;1.4328;2.3926;1823
ENVI;4;51;9.507;42;-77;76.381;13.5111;35.696;0.8397;0.2552;1.2928;2.3919;1826.7
ENVI;4;51;9.507;42;-78;77.373;13.5031;35.6972;0.781;0.2556;1.216;2.391;1821.1
ENVI;4;51;9.507;42;-79;78.364;13.5037;35.6979;0.7234;0.2572;1.151;2.3901;1815.4
ENVI;4;51;9.507;42;-80;79.356;13.5036;35.6981;0.7132;0.2438;1.1069;2.3881;1811.9
ENVI;4;51;9.507;42;-81;80.348;13.5017;35.6979;0.6185;0.2393;1.0529;2.3861;1815.8
ENVI;4;51;9.507;42;-82;81.34;13.4972;35.6971;0.5865;0.2351;0.98592;2.3845;1820.7
ENVI;4;51;9.507;42;-83;82.331;13.4947;35.6956;0.5281;0.2212;0.88951;2.3838;1810.8
ENVI;4;51;9.507;42;-84;83.323;13.4902;35.6952;0.5388;0.2305;0.85361;2.3827;1822.3
ENVI;4;51;9.507;42;-85;84.315;13.4942;35.6957;0.5193;0.2369;0.81341;2.3815;1817.3
ENVI;4;51;9.507;42;-86;85.307;13.4879;35.6942;0.5416;0.246;0.77791;2.3815;1823.1
ENVI;4;51;9.507;42;-87;86.298;13.4855;35.6934;0.4995;0.2352;0.72648;2.3805;1816.6
ENVI;4;51;9.507;42;-88;87.29;13.488;35.6945;0.5243;0.2265;0.67058;2.3803;1801.1
ENVI;4;51;9.507;42;-89;88.282;13.4886;35.6946;0.511;0.2294;0.63014;2.3793;1807.9
ENVI;4;51;9.507;42;-90;89.273;13.4969;35.6963;0.5548;0.2359;0.60477;2.3787;1822.2
ENVI;4;51;9.507;42;-91;90.265;13.5023;35.6984;0.5803;0.2295;0.57985;2.3788;1828
ENVI;4;51;9.507;42;-92;91.257;13.4961;35.6967;0.575;0.239;0.53769;2.3785;1828.4
ENVI;4;51;9.507;42;-93;92.249;13.4948;35.6962;0.5477;0.2489;0.50127;2.3785;1806.8
ENVI;4;51;9.507;42;-94;93.24;13.5002;35.698;0.5517;0.2441;0.46715;2.378;1802.7
ENVI;4;51;9.507;42;-95;94.232;13.5081;35.7001;0.617;0.2337;0.43771;2.3785;1824.3
ENVI;4;51;9.507;42;-96;95.224;13.5132;35.7022;0.6147;0.2268;0.41508;2.3786;1809
ENVI;4;51;9.507;42;-97;96.215;13.5128;35.7025;0.6267;0.2352;0.39501;2.3781;1818.2
ENVI;4;51;9.507;42;-98;97.207;13.512;35.7034;0.6258;0.2448;0.37322;2.3767;1830.7
ENVI;4;51;9.507;42;-99;98.199;13.5058;35.7034;0.5808;0.2341;0.35148;2.3765;1820.3
ENVI;4;51;9.507;42;-100;99.19;13.4859;35.7;0.4618;0.2121;0.32419;2.3752;1829.7
ENVI;4;51;9.507;42;-101;100.182;13.4748;35.6981;0.4424;0.2268;0.2993;2.3738;1818.4
ENVI;4;51;9.507;42;-102;101.174;13.4727;35.6976;0.4185;0.2481;0.28308;2.3723;1813.8
ENVI;4;51;9.507;42;-103;102.165;13.4736;35.6978;0.4331;0.2437;0.26913;2.371;1829.2
ENVI;4;51;9.507;42;-104;103.157;13.4739;35.6978;0.4431;0.2489;0.25757;2.3708;1832.9
ENVI;4;51;9.507;42;-105;104.149;13.4727;35.6974;0.4439;0.2364;0.24332;2.3708;1833.2
ENVI;4;51;9.507;42;-106;105.14;13.4707;35.6969;0.4319;0.2373;0.22903;2.3701;1831.5
ENVI;4;51;9.507;42;-107;106.132;13.4676;35.6962;0.4169;0.2425;0.2118;2.369;1832.3
ENVI;4;51;9.507;42;-108;107.123;13.4672;35.6961;0.4112;0.2472;0.19862;2.3686;1829.9
ENVI;4;51;9.507;42;-109;108.115;13.4674;35.696;0.4202;0.2406;0.18282;2.3686;1819.8
ENVI;4;51;9.507;42;-110;109.107;13.4672;35.696;0.4189;0.2384;0.16603;2.3688;1813.8
ENVI;4;51;9.507;42;-111;110.098;13.4658;35.6959;0.4189;0.2424;0.15471;2.3684;1815.5
ENVI;4;51;9.507;42;-112;111.09;13.4649;35.6958;0.4011;0.2521;0.14766;2.3676;1823.2
ENVI;4;51;9.507;42;-113;112.081;13.4649;35.6959;0.4072;0.2418;0.13603;2.3668;1831.9
ENVI;4;51;9.507;42;-114;113.073;13.4651;35.6957;0.4194;0.2376;0.1304;2.3663;1833.9
ENVI;4;51;9.507;42;-115;114.065;13.4652;35.6957;0.4185;0.2391;0.12099;2.3664;1831.2
ENVI;4;51;9.507;42;-116;115.056;13.4653;35.6957;0.4194;0.2372;0.11211;2.3665;1829
ENVI;4;51;9.507;42;-117;116.048;13.4658;35.6956;0.4286;0.2419;0.10488;2.3663;1828.4
ENVI;4;51;9.507;42;-118;117.04;13.4661;35.6958;0.4123;0.2438;0.096753;2.3661;1828.9
ENVI;4;51;9.507;42;-119;118.031;13.4663;35.6958;0.3978;0.2425;0.086587;2.3655;1830
ENVI;4;51;9.507;42;-120;119.023;13.468;35.6965;0.4182;0.2422;0.081353;2.3646;1833.2
ENVI;4;51;9.507;42;-121;120.014;13.469;35.6966;0.4654;0.239;0.076072;2.3642;1837.3
ENVI;4;51;9.507;42;-122;121.006;13.4679;35.6964;0.4245;0.2457;0.068081;2.364;1833
ENVI;4;51;9.507;42;-123;121.997;13.4648;35.6959;0.3911;0.2411;0.060632;2.364;1823.5
ENVI;4;51;9.507;42;-124;122.989;13.4644;35.6958;0.3945;0.2536;0.056688;2.3634;1823.9
ENVI;4;51;9.507;42;-125;123.98;13.4646;35.6958;0.4017;0.2517;0.050134;2.3631;1828.7
ENVI;4;51;9.507;42;-126;124.972;13.4647;35.6958;0.3935;0.232;0.043469;2.3622;1831.4
ENVI;4;51;9.507;42;-127;125.964;13.465;35.696;0.383;0.2445;0.039347;2.3618;1833.5
ENVI;4;51;9.507;42;-128;126.955;13.4656;35.6961;0.407;0.246;0.036865;2.3614;1837.8
ENVI;4;51;9.507;42;-129;127.947;13.4661;35.6961;0.4063;0.2537;0.033659;2.3608;1841.4
ENVI;4;51;9.507;42;-130;128.938;13.4664;35.6963;0.4027;0.2502;0.029303;2.3605;1839.8
ENVI;4;51;9.507;42;-131;129.93;13.467;35.6963;0.3817;0.2511;0.02588;2.3608;1838.6
ENVI;4;51;9.507;42;-132;130.921;13.467;35.6964;0.4058;0.2388;0.020684;2.3604;1837.4
ENVI;4;51;9.507;42;-133;131.913;13.4668;35.6966;0.3985;0.246;0.018978;2.3595;1837.2
ENVI;4;51;9.507;42;-134;132.904;13.4658;35.6966;0.3949;0.2451;0.01331;2.3591;1834.1
ENVI;4;51;9.507;42;-135;133.896;13.4672;35.6979;0.4012;0.2389;0.007271;2.3591;1827.5
ENVI;4;51;9.507;42;-136;134.887;13.4702;35.6994;0.4003;0.2487;0.0035101;2.3593;1824.5
ENVI;4;51;9.507;42;-137;135.879;13.4742;35.7009;0.3908;0.2554;0.0016076;2.3589;1828.8
ENVI;4;51;9.507;42;-138;136.87;13.4754;35.7012;0.3716;0.2489;0.00012048;2.358;1836.7
ENVI;4;51;9.507;42;-139;137.862;13.4752;35.7013;0.3629;0.248;1.60E-06;2.3572;1840.6
ENVI;4;51;9.507;42;-140;138.853;13.4748;35.7012;0.3589;0.241;1.00E-12;2.3567;1842.8
ENVI;4;51;9.507;42;-141;139.845;13.4744;35.7011;0.361;0.2403;1.00E-12;2.3553;1847.4
ENVI;4;51;9.507;42;-142;140.836;13.4698;35.7004;0.3685;0.2378;1.00E-12;2.3546;1847.4
ENVI;4;51;9.507;42;-143;141.828;13.4584;35.701;0.3522;0.238;1.00E-12;2.3539;1843.7
ENVI;4;51;9.507;42;-144;142.819;13.4454;35.7024;0.3264;0.2375;1.00E-12;2.353;1843
ENVI;4;51;9.507;42;-145;143.81;13.4369;35.7028;0.295;0.2382;1.00E-12;2.3513;1841
ENVI;4;51;9.507;42;-146;144.802;13.4256;35.7034;0.2768;0.2335;1.00E-12;2.347;1834.9
ENVI;4;51;9.507;42;-147;145.793;13.4218;35.7038;0.2829;0.2318;1.00E-12;2.3422;1824.2
ENVI;4;51;9.507;42;-148;146.785;13.4197;35.7038;0.2725;0.2508;1.00E-12;2.3385;1820.5
ENVI;4;51;9.507;42;-149;147.776;13.4174;35.7038;0.2447;0.2343;1.00E-12;2.3352;1826.3
ENVI;4;51;9.507;42;-150;148.767;13.415;35.7038;0.2381;0.2344;1.00E-12;2.3321;1838.1
ENVI;4;51;9.507;42;-151;149.759;13.4006;35.7048;0.2246;0.2423;1.00E-12;2.3285;1850.6
ENVI;4;51;9.507;42;-152;150.75;13.3872;35.7065;0.1989;0.2257;1.00E-12;2.323;1849.3
ENVI;4;51;9.507;42;-153;151.742;13.358;35.7106;0.174;0.223;1.00E-12;2.3177;1836.6
ENVI;4;51;9.507;42;-154;152.733;13.3067;35.7199;0.1539;0.2279;1.00E-12;2.3142;1841.2
ENVI;4;51;9.507;42;-155;153.725;13.3048;35.7196;0.1125;0.2124;1.00E-12;2.3089;1845.6
ENVI;4;51;9.507;42;-156;154.716;13.2996;35.7199;0.1144;0.2032;1.00E-12;2.2958;1847.2
ENVI;4;51;9.507;42;-157;155.707;13.292;35.721;0.0922;0.2049;1.00E-12;2.2843;1841.8
ENVI;4;51;9.507;42;-158;156.699;13.2877;35.7223;0.0947;0.1989;1.00E-12;2.2793;1842
ENVI;4;51;9.507;42;-159;157.69;13.2666;35.7251;0.1001;0.1877;1.00E-12;2.2752;1842.6
ENVI;4;51;9.507;42;-160;158.682;13.2535;35.7266;0.0695;0.202;1.00E-12;2.2713;1841.4
ENVI;4;51;9.507;42;-161;159.673;13.1935;35.7303;0.037;0.1936;1.00E-12;2.2671;1838.8
ENVI;4;51;9.507;42;-162;160.664;13.1325;35.7349;0.0023;0.193;1.00E-12;2.2607;1836.2
ENVI;4;51;9.507;42;-163;161.656;13.0876;35.7411;-0.0147;0.1974;1.00E-12;2.2515;1837
ENVI;4;51;9.507;42;-164;162.647;13.0771;35.7427;-0.0327;0.1783;1.00E-12;2.2407;1838.7
ENVI;4;51;9.507;42;-165;163.638;13.0759;35.7422;-0.0447;0.1923;1.00E-12;2.2278;1840.5
ENVI;4;51;9.507;42;-166;164.63;13.0781;35.741;-0.0327;0.1797;1.00E-12;2.2055;1846.3
ENVI;4;51;9.507;42;-167;165.621;13.0704;35.7415;-0.0668;0.1749;1.00E-12;2.1942;1855.5
ENVI;4;51;9.507;42;-168;166.612;13.0572;35.7426;-0.0302;0.2792;1.00E-12;2.1907;1851.8
ENVI;4;51;9.507;42;-169;167.604;13.0489;35.7431;-0.0176;0.2746;1.00E-12;2.1879;1846.2
ENVI;4;51;9.507;42;-170;168.595;13.0279;35.7436;-0.0354;0.1948;1.00E-12;2.1857;1841.4
ENVI;4;51;9.507;42;-171;169.586;13.0078;35.7445;-0.0694;0.1823;1.00E-12;2.1831;1840.6
ENVI;4;51;9.507;42;-172;170.578;12.9909;35.7449;-0.0695;0.1744;1.00E-12;2.1805;1843.1
ENVI;4;51;9.507;42;-173;171.569;12.9624;35.7446;-0.0714;0.1669;1.00E-12;2.177;1848.3
ENVI;4;51;9.507;42;-174;172.56;12.9211;35.7441;-0.0704;0.158;1.00E-12;2.1725;1849.8
ENVI;4;51;9.507;42;-175;173.552;12.9023;35.7433;-0.0699;0.1785;1.00E-12;2.1661;1839.9
ENVI;4;51;9.507;42;-176;174.543;12.8989;35.7426;-0.0735;0.1774;1.00E-12;2.1613;1832.4
ENVI;4;51;9.507;42;-177;175.534;12.8852;35.7409;-0.0821;0.1769;1.00E-12;2.157;1838.5
ENVI;4;51;9.507;42;-178;176.525;12.8773;35.7404;-0.0945;0.1829;1.00E-12;2.1534;1854.4
ENVI;4;51;9.507;42;-179;177.517;12.8487;35.7387;-0.0915;0.1809;1.00E-12;2.1511;1856.3
ENVI;4;51;9.507;42;-180;178.508;12.8008;35.7366;-0.0829;0.1773;1.00E-12;2.1487;1848.8
ENVI;4;51;9.507;42;-181;179.499;12.7685;35.7339;-0.0893;0.1775;1.00E-12;2.1458;1842.9
ENVI;4;51;9.507;42;-182;180.491;12.7496;35.7319;-0.0946;0.1711;1.00E-12;2.1423;1848.3
ENVI;4;51;9.507;42;-183;181.482;12.7352;35.7294;-0.0939;0.1649;1.00E-12;2.1404;1853.7
ENVI;4;51;9.507;42;-184;182.473;12.7017;35.7248;-0.0891;0.1654;1.00E-12;2.1388;1853.6
ENVI;4;51;9.507;42;-185;183.465;12.6501;35.7204;-0.0857;0.1683;1.00E-12;2.1371;1847.6
ENVI;4;51;9.507;42;-186;184.455;12.6394;35.7194;-0.0941;0.1685;1.00E-12;2.1349;1839.6
ENVI;4;51;9.507;42;-187;185.447;12.6365;35.719;-0.0808;0.1613;1.00E-12;2.1342;1839.4
ENVI;4;51;9.507;42;-188;186.438;12.6296;35.7183;-0.0835;0.1664;1.00E-12;2.1333;1844.3
ENVI;4;51;9.507;42;-189;187.429;12.6178;35.718;-0.0812;0.1678;1.00E-12;2.1325;1851.7
ENVI;4;51;9.507;42;-190;188.421;12.6145;35.7175;-0.0817;0.1588;1.00E-12;2.1313;1851.8
ENVI;4;51;9.507;42;-191;189.412;12.6139;35.7172;-0.0817;0.1596;1.00E-12;2.1302;1843.6
ENVI;4;51;9.507;42;-192;190.403;12.6126;35.7171;-0.0779;0.1711;1.00E-12;2.1294;1842.4
ENVI;4;51;9.507;42;-193;191.394;12.6104;35.7171;-0.0733;0.1766;1.00E-12;2.1288;1847.4
ENVI;4;51;9.507;42;-194;192.386;12.6083;35.7169;-0.0943;0.1773;1.00E-12;2.1278;1854.9
ENVI;4;51;9.507;42;-195;193.377;12.6032;35.7166;-0.0945;0.1768;1.00E-12;2.1268;1858.6
ENVI;4;51;9.507;42;-196;194.368;12.5987;35.7162;-0.0859;0.1722;1.00E-12;2.1263;1852
ENVI;4;51;9.507;42;-197;195.359;12.5919;35.7154;-0.0817;0.1512;1.00E-12;2.1254;1842.4
ENVI;4;51;9.507;42;-198;196.35;12.5839;35.7146;-0.0857;0.1561;1.00E-12;2.1247;1852.9
ENVI;4;51;9.507;42;-199;197.342;12.5717;35.7129;-0.0921;0.1613;1.00E-12;2.1244;1858.6
ENVI;4;51;9.507;42;-200;198.332;12.5391;35.71;-0.0815;0.1571;1.00E-12;2.1236;1857.6
ENVI;4;51;9.507;42;-201;199.324;12.5023;35.7076;-0.1024;0.167;1.00E-12;2.1223;1851.8
ENVI;4;51;9.507;42;-202;200.315;12.4687;35.7045;-0.0905;0.1626;1.00E-12;2.1203;1847.8
ENVI;4;51;9.507;42;-203;201.307;12.4411;35.703;-0.0843;0.1688;1.00E-12;2.1188;1848.5
ENVI;4;51;9.507;42;-204;202.298;12.4229;35.7017;-0.0811;0.1772;1.00E-12;2.1173;1852.6
ENVI;4;51;9.507;42;-205;203.289;12.4177;35.7011;-0.0727;0.1678;1.00E-12;2.116;1856.3
ENVI;4;51;9.507;42;-206;204.28;12.4117;35.7001;-0.0852;0.1584;1.00E-12;2.1144;1856.3
ENVI;4;51;9.507;42;-207;205.271;12.3958;35.6984;-0.083;0.1632;1.00E-12;2.1126;1844.2
ENVI;4;51;9.507;42;-208;206.262;12.3855;35.6978;-0.0811;0.1684;1.00E-12;2.1111;1834.2
ENVI;4;51;9.507;42;-209;207.253;12.3795;35.6967;-0.0811;0.1688;1.00E-12;2.1098;1836
ENVI;4;51;9.507;42;-210;208.244;12.3591;35.6945;-0.0875;0.1694;1.00E-12;2.1084;1847.3
ENVI;4;51;9.507;42;-211;209.235;12.3443;35.693;-0.0875;0.1616;1.00E-12;2.1067;1863.8
ENVI;4;51;9.507;42;-212;210.226;12.3168;35.6899;-0.0991;0.1533;1.00E-12;2.1059;1858.1
ENVI;4;51;9.507;42;-213;211.218;12.2985;35.6868;-0.0971;0.1511;1.00E-12;2.1056;1841.8
ENVI;4;51;9.507;42;-214;212.209;12.291;35.6856;-0.0868;0.1605;1.00E-12;2.1054;1842.9
ENVI;4;51;9.507;42;-215;213.2;12.28;35.6845;-0.0844;0.1682;1.00E-12;2.1053;1850.3
ENVI;4;51;9.507;42;-216;214.191;12.2703;35.6832;-0.0939;0.167;1.00E-12;2.1053;1856.2
ENVI;4;51;9.507;42;-217;215.182;12.2631;35.6822;-0.0946;0.1684;1.00E-12;2.105;1858.6
ENVI;4;51;9.507;42;-218;216.173;12.2567;35.6812;-0.0945;0.1662;1.00E-12;2.1045;1859.2
ENVI;4;51;9.507;42;-219;217.164;12.2509;35.6804;-0.0939;0.1593;1.00E-12;2.1043;1854.3
ENVI;4;51;9.507;42;-220;218.156;12.2475;35.6798;-0.0943;0.1545;1.00E-12;2.1036;1847.5
ENVI;4;51;9.507;42;-221;219.147;12.2427;35.6792;-0.0858;0.165;1.00E-12;2.1046;1844.8
ENVI;4;51;9.507;42;-222;220.138;12.2395;35.6787;-0.1003;0.1585;1.00E-12;2.1048;1845.4
ENVI;4;51;9.507;42;-223;221.129;12.2394;35.6786;-0.0967;0.1657;1.00E-12;2.1042;1845.7
ENVI;4;51;9.507;42;-224;222.12;12.2394;35.6785;-0.1032;0.1568;1.00E-12;2.1041;1849.1
ENVI;4;51;9.507;42;-225;223.111;12.237;35.678;-0.0983;0.1546;1.00E-12;2.1035;1856.7
ENVI;4;51;9.507;42;-226;224.102;12.228;35.6774;-0.0935;0.1595;1.00E-12;2.1034;1863
ENVI;4;51;9.507;42;-227;225.093;12.2244;35.6771;-0.0881;0.1637;1.00E-12;2.1031;1862.7
ENVI;4;51;9.507;42;-228;226.084;12.2238;35.6771;-0.0908;0.1514;1.00E-12;2.1019;1851.5
ENVI;4;51;9.507;42;-229;227.075;12.2234;35.6774;-0.0812;0.1548;1.00E-12;2.1014;1844.2
ENVI;4;51;9.507;42;-230;228.066;12.2233;35.6775;-0.0817;0.1502;1.00E-12;2.1005;1848
ENVI;4;51;9.507;42;-231;229.057;12.2219;35.6778;-0.081;0.1528;1.00E-12;2.1001;1854.9
ENVI;4;51;9.507;42;-232;230.048;12.2205;35.6776;-0.0855;0.1548;1.00E-12;2.0993;1857.6
ENVI;4;51;9.507;42;-233;231.039;12.2198;35.6775;-0.0891;0.1548;1.00E-12;2.098;1852.6
ENVI;4;51;9.507;42;-234;232.03;12.2184;35.6775;-0.0887;0.1516;1.00E-12;2.0965;1847.9
ENVI;4;51;9.507;42;-235;233.022;12.2174;35.6775;-0.0939;0.1484;1.00E-12;2.0954;1849.7
ENVI;4;51;9.507;42;-236;234.012;12.2139;35.6777;-0.0939;0.149;1.00E-12;2.0946;1848.8
ENVI;4;51;9.507;42;-237;235.003;12.1988;35.676;-0.0894;0.151;1.00E-12;2.0942;1845.3
ENVI;4;51;9.507;42;-238;235.994;12.177;35.6731;-0.0844;0.154;1.00E-12;2.0928;1846.6
ENVI;4;51;9.507;42;-239;236.985;12.1643;35.6721;-0.0938;0.1542;1.00E-12;2.0914;1852.4
ENVI;4;51;9.507;42;-240;237.976;12.158;35.6717;-0.089;0.1487;1.00E-12;2.0909;1858.7
ENVI;4;51;9.507;42;-241;238.967;12.1542;35.6712;-0.0815;0.1446;1.00E-12;2.0916;1852.8
ENVI;4;51;9.507;42;-242;239.958;12.1508;35.6707;-0.0821;0.1484;1.00E-12;2.0913;1849
ENVI;4;51;9.507;42;-243;240.949;12.1475;35.67;-0.0871;0.1476;1.00E-12;2.0898;1850.1
ENVI;4;51;9.507;42;-244;241.94;12.1399;35.669;-0.0936;0.1441;1.00E-12;2.0893;1848.9
ENVI;4;51;9.507;42;-245;242.931;12.1367;35.6685;-0.095;0.1436;1.00E-12;2.0888;1844.9
ENVI;4;51;9.507;42;-246;243.922;12.1319;35.6679;-0.0892;0.1421;1.00E-12;2.0877;1834.1
ENVI;4;51;9.507;42;-247;244.913;12.1244;35.6671;-0.0907;0.1437;1.00E-12;2.0869;1840.7
ENVI;4;51;9.507;42;-248;245.904;12.0946;35.6639;-0.0881;0.1487;1.00E-12;2.0858;1852.9
ENVI;4;51;9.507;42;-249;246.895;12.0979;35.6644;-0.0948;0.1401;1.00E-12;2.0869;1854.7
ENVI;4;51;9.507;42;-250;247.886;12.0788;35.6615;-0.0929;0.1616;1.00E-12;2.0874;1834.5
ENVI;4;51;9.507;42;-251;248.877;12.072;35.6606;-0.0939;0.1433;1.00E-12;2.0878;1832.4
ENVI;4;51;9.507;42;-252;249.868;12.0724;35.6604;-0.0831;0.1513;1.00E-12;2.088;1834.9
ENVI;4;51;9.507;42;-253;250.859;12.0726;35.6604;-0.1155;0.1559;1.00E-12;2.0888;1840
ENVI;4;51;9.507;42;-254;251.85;12.0692;35.6599;-0.1098;0.1559;1.00E-12;2.0893;1846.5
ENVI;4;51;9.507;42;-255;252.84;12.0726;35.66;-0.097;0.1492;1.00E-12;2.0895;1853.7
ENVI;4;6;9.608;42;-4;3.968;14.0908;34.3634;0.5522;0.2563;108.12;2.3469;1809.3
ENVI;4;6;9.608;42;-5;4.961;14.1602;35.7294;0.5046;0.2645;94.271;2.4394;1803.4
ENVI;4;6;9.608;42;-6;5.953;14.1429;35.764;0.5875;0.278;80.987;2.4399;1812.6
ENVI;4;6;9.608;42;-7;6.945;14.1392;35.764;0.6854;0.2693;75.649;2.4402;1818.7
ENVI;4;6;9.608;42;-8;7.937;14.1226;35.7637;0.7236;0.2793;70.427;2.4402;1805.1
ENVI;4;6;9.608;42;-9;8.929;14.1153;35.7637;0.7999;0.2862;66.264;2.4393;1817.8
ENVI;4;6;9.608;42;-10;9.921;14.1109;35.7637;0.7732;0.3143;59.208;2.4393;1819.4
ENVI;4;6;9.608;42;-11;10.913;14.1059;35.7637;0.9076;0.3129;53.277;2.4395;1814.6
ENVI;4;6;9.608;42;-12;11.905;14.1036;35.7633;0.9821;0.2818;47.648;2.439;1811.5
ENVI;4;6;9.608;42;-13;12.897;14.0977;35.7632;1.0309;0.2788;44.469;2.4383;1816.3
ENVI;4;6;9.608;42;-14;13.89;14.0954;35.7632;1.0959;0.2606;40.845;2.4373;1818.6
ENVI;4;6;9.608;42;-15;14.882;14.0915;35.7632;1.1856;0.2853;38.348;2.4372;1816.2
ENVI;4;6;9.608;42;-16;15.874;14.0925;35.7632;1.1744;0.2807;36.148;2.4368;1819
ENVI;4;6;9.608;42;-17;16.866;14.091;35.7632;1.3029;0.2751;34.595;2.4365;1806.9
ENVI;4;6;9.608;42;-18;17.858;14.0906;35.7631;1.3583;0.2897;32.906;2.4355;1805.5
ENVI;4;6;9.608;42;-19;18.85;14.0893;35.763;1.2672;0.2864;31.014;2.4354;1815.3
ENVI;4;6;9.608;42;-20;19.842;14.0875;35.763;1.3126;0.2757;30.161;2.435;1819.3
ENVI;4;6;9.608;42;-21;20.834;14.0877;35.7629;1.3225;0.2659;30.119;2.4352;1819.1
ENVI;4;6;9.608;42;-22;21.826;14.0871;35.7631;1.2756;0.2866;28.027;2.4353;1813.9
ENVI;4;6;9.608;42;-23;22.818;14.0869;35.763;1.3373;0.2977;26.531;2.4342;1812.9
ENVI;4;6;9.608;42;-24;23.81;14.0873;35.763;1.435;0.2838;26.993;2.4338;1817.3
ENVI;4;6;9.608;42;-25;24.802;14.0877;35.7629;1.4081;0.284;29.031;2.4331;1817.6
ENVI;4;6;9.608;42;-26;25.794;14.088;35.7631;1.3657;0.2861;26.663;2.434;1813.8
ENVI;4;6;9.608;42;-27;26.786;14.0891;35.7629;1.3359;0.2854;26.142;2.4328;1825.4
ENVI;4;6;9.608;42;-28;27.778;14.0889;35.763;1.4763;0.2784;29.162;2.4321;1810.5
ENVI;4;6;9.608;42;-29;28.77;14.0892;35.7631;1.2858;0.3097;26.213;2.4314;1809
ENVI;4;6;9.608;42;-30;29.762;14.0881;35.763;1.378;0.3102;24.1;2.4301;1815.7
ENVI;4;6;9.608;42;-31;30.754;14.0878;35.763;1.413;0.2805;27.11;2.4292;1812
ENVI;4;6;9.608;42;-32;31.746;14.0884;35.763;1.4559;0.2883;25.562;2.4296;1813.3
ENVI;4;6;9.608;42;-33;32.738;14.088;35.7629;1.3857;0.3426;23.608;2.4295;1827
ENVI;4;6;9.608;42;-34;33.73;14.0874;35.763;1.3399;0.2789;21.621;2.4291;1816.3
ENVI;4;6;9.608;42;-35;34.722;14.0868;35.763;1.4186;0.2873;20.471;2.429;1821.8
ENVI;4;6;9.608;42;-36;35.714;14.0867;35.7631;1.3313;0.2994;20.588;2.4283;1815.5
ENVI;4;6;9.608;42;-37;36.706;14.0853;35.7631;1.3238;0.2992;19.748;2.4274;1801.3
ENVI;4;6;9.608;42;-38;37.698;14.0853;35.7631;1.3477;0.2931;18.723;2.4264;1797.5
ENVI;4;6;9.608;42;-39;38.69;14.0859;35.7629;1.4324;0.2648;17.397;2.4258;1826.1
ENVI;4;6;9.608;42;-40;39.682;14.0843;35.7632;1.4331;0.2682;15.978;2.4266;1812.3
ENVI;4;6;9.608;42;-41;40.674;14.0847;35.7631;1.4637;0.2914;15.328;2.4255;1806.2
ENVI;4;6;9.608;42;-42;41.666;14.0863;35.7629;1.5477;0.3156;14.609;2.4251;1806.6
ENVI;4;6;9.608;42;-43;42.658;14.0866;35.763;1.4941;0.3115;13.215;2.4244;1812.9
ENVI;4;6;9.608;42;-44;43.65;14.0865;35.7629;1.5663;0.3338;12.878;2.4239;1816
ENVI;4;6;9.608;42;-45;44.642;14.0862;35.7629;1.4089;0.2803;11.834;2.4238;1813.7
ENVI;4;6;9.608;42;-46;45.633;14.0856;35.763;1.3494;0.2788;10.707;2.4233;1805.7
ENVI;4;6;9.608;42;-47;46.625;14.0853;35.763;1.397;0.292;10.079;2.4228;1808.4
ENVI;4;6;9.608;42;-48;47.617;14.0853;35.763;1.3727;0.2868;9.4759;2.4226;1812.3
ENVI;4;6;9.608;42;-49;48.609;14.0852;35.763;1.5327;0.3064;8.9547;2.4222;1815.4
ENVI;4;6;9.608;42;-50;49.601;14.0856;35.7629;1.4239;0.2984;8.4475;2.4217;1819.5
ENVI;4;6;9.608;42;-51;50.593;14.0825;35.763;1.3363;0.2775;7.6369;2.4221;1798.3
ENVI;4;6;9.608;42;-52;51.585;14.0795;35.7629;1.3123;0.2791;7.083;2.4213;1803.1
ENVI;4;6;9.608;42;-53;52.577;14.0791;35.7629;1.2355;0.3046;6.5886;2.4201;1807.9
ENVI;4;6;9.608;42;-54;53.569;14.0787;35.7627;1.361;0.283;6.2171;2.4181;1812.4
ENVI;4;6;9.608;42;-55;54.561;14.0784;35.7627;1.2593;0.2526;5.7716;2.4166;1810.5
ENVI;4;6;9.608;42;-56;55.552;14.078;35.7629;1.4258;0.2941;5.2352;2.4163;1799.3
ENVI;4;6;9.608;42;-57;56.544;14.0786;35.7628;1.3518;0.2884;4.908;2.4156;1798.2
ENVI;4;6;9.608;42;-58;57.536;14.0784;35.7628;1.3184;0.2782;4.5866;2.415;1809.7
ENVI;4;6;9.608;42;-59;58.528;14.0778;35.7627;1.3373;0.2748;4.301;2.4139;1809.5
ENVI;4;6;9.608;42;-60;59.52;14.0777;35.7628;1.3268;0.2575;3.9749;2.4126;1804.8
ENVI;4;6;9.608;42;-61;60.512;14.0773;35.7629;1.2841;0.2896;3.6921;2.4124;1808.6
ENVI;4;6;9.608;42;-62;61.504;14.0775;35.7628;1.2422;0.2809;3.4414;2.4117;1805.2
ENVI;4;6;9.608;42;-63;62.496;14.0778;35.7628;1.3309;0.2821;3.2668;2.411;1802.9
ENVI;4;6;9.608;42;-64;63.487;14.0778;35.7626;1.3025;0.2592;3.0382;2.4104;1821.3
ENVI;4;6;9.608;42;-65;64.479;14.0778;35.7626;1.348;0.2889;2.7772;2.4099;1806.5
ENVI;4;6;9.608;42;-66;65.471;14.0782;35.7627;1.4799;0.2909;2.5095;2.4093;1806.8
ENVI;4;6;9.608;42;-67;66.463;14.0779;35.7625;1.3443;0.2815;2.3424;2.4092;1807.1
ENVI;4;6;9.608;42;-68;67.455;14.0779;35.7624;1.4492;0.2958;2.2262;2.409;1800.6
ENVI;4;6;9.608;42;-69;68.446;14.0785;35.7624;1.3925;0.2961;2.1121;2.408;1803.5
ENVI;4;6;9.608;42;-70;69.438;14.0785;35.7624;1.4269;0.3103;1.9885;2.4071;1818.9
ENVI;4;6;9.608;42;-71;70.43;14.079;35.7625;1.3159;0.268;1.8345;2.4073;1811.3
ENVI;4;6;9.608;42;-72;71.422;14.0792;35.7626;1.244;0.2728;1.6942;2.4078;1808.1
ENVI;4;6;9.608;42;-73;72.414;14.0791;35.7626;1.4064;0.2781;1.5404;2.4073;1817.2
ENVI;4;6;9.608;42;-74;73.406;14.0796;35.7627;1.4488;0.2809;1.4365;2.4074;1802.2
ENVI;4;6;9.608;42;-75;74.397;14.0799;35.7627;1.2747;0.275;1.3466;2.4073;1806.8
ENVI;4;6;9.608;42;-76;75.389;14.0801;35.7626;1.3452;0.2953;1.2447;2.4069;1819.6
ENVI;4;6;9.608;42;-77;76.381;14.0793;35.7624;1.2544;0.2695;1.1419;2.4067;1814
ENVI;4;6;9.608;42;-78;77.373;14.0786;35.7627;1.2066;0.2669;1.0779;2.4065;1806.7
ENVI;4;6;9.608;42;-79;78.364;14.0782;35.7626;1.2235;0.2857;1.0038;2.4056;1810.3
ENVI;4;6;9.608;42;-80;79.356;14.078;35.7627;1.2219;0.3125;0.93786;2.4036;1820.9
ENVI;4;6;9.608;42;-81;80.348;14.0781;35.7626;1.2191;0.2777;0.88248;2.4026;1819.7
ENVI;4;6;9.608;42;-82;81.34;14.0784;35.7627;1.2089;0.282;0.82681;2.4026;1813.9
ENVI;4;6;9.608;42;-83;82.331;14.0792;35.7626;1.2733;0.2743;0.75926;2.4019;1819.8
ENVI;4;6;9.608;42;-84;83.323;14.0789;35.7627;1.3194;0.2689;0.68319;2.4019;1814.9
ENVI;4;6;9.608;42;-85;84.315;14.079;35.7627;1.201;0.2715;0.63306;2.4014;1815.6
ENVI;4;6;9.608;42;-86;85.307;14.079;35.7628;1.2451;0.2769;0.5986;2.4009;1820.9
ENVI;4;6;9.608;42;-87;86.298;14.0793;35.7627;1.2397;0.2798;0.55528;2.3999;1821.8
ENVI;4;6;9.608;42;-88;87.29;14.0785;35.7626;1.2157;0.2807;0.51961;2.4;1816
ENVI;4;6;9.608;42;-89;88.282;14.0785;35.7625;1.2284;0.2788;0.48206;2.4006;1809.4
ENVI;4;6;9.608;42;-90;89.273;14.0783;35.7626;1.1712;0.2761;0.44516;2.4001;1813.3
ENVI;4;6;9.608;42;-91;90.265;14.0784;35.7625;1.1948;0.2777;0.41052;2.3991;1819.1
ENVI;4;6;9.608;42;-92;91.257;14.0784;35.7624;1.2735;0.4274;0.38706;2.3986;1817.2
ENVI;4;6;9.608;42;-93;92.249;14.0785;35.7623;1.2412;0.3157;0.36028;2.398;1811.2
ENVI;4;6;9.608;42;-94;93.24;14.0783;35.7623;1.2097;0.3153;0.33413;2.398;1814.4
ENVI;4;6;9.608;42;-95;94.232;14.0791;35.7624;1.2103;0.2607;0.30221;2.3985;1817.3
ENVI;4;6;9.608;42;-96;95.224;14.0789;35.7624;1.107;0.2659;0.27356;2.3985;1814.6
ENVI;4;6;9.608;42;-97;96.215;14.0789;35.7624;1.1246;0.2658;0.24987;2.3975;1812
ENVI;4;6;9.608;42;-98;97.207;14.079;35.7623;1.1947;0.2795;0.23266;2.3977;1812.7
ENVI;4;6;9.608;42;-99;98.199;14.0791;35.7623;1.165;0.2831;0.21599;2.3976;1808
ENVI;4;6;9.608;42;-100;99.19;14.0793;35.7624;1.2348;0.3154;0.20334;2.3969;1813
ENVI;4;6;9.608;42;-101;100.182;14.0794;35.7624;1.3069;0.2772;0.18866;2.3968;1814.3
ENVI;4;6;9.608;42;-102;101.174;14.0795;35.7626;1.3587;0.283;0.1749;2.3956;1803.6
ENVI;4;6;9.608;42;-103;102.165;14.0794;35.7626;1.2577;0.2958;0.15954;2.3949;1805
ENVI;4;6;9.608;42;-104;103.157;14.0796;35.7626;1.2662;0.2854;0.14302;2.3939;1814.1
ENVI;4;6;9.608;42;-105;104.149;14.0797;35.7624;1.2715;0.2874;0.13011;2.3934;1820.9
ENVI;4;6;9.608;42;-106;105.14;14.0797;35.7626;1.1556;0.2799;0.11765;2.3946;1817
ENVI;4;6;9.608;42;-107;106.132;14.0769;35.7625;1.101;0.2863;0.10459;2.3943;1812.3
ENVI;4;6;9.608;42;-108;107.123;14.0755;35.7625;1.0329;0.2804;0.096019;2.394;1808.2
ENVI;4;6;9.608;42;-109;108.115;14.0714;35.7622;1.0398;0.2966;0.084767;2.393;1802.9
ENVI;4;6;9.608;42;-110;109.107;14.0698;35.7621;1.0092;0.2781;0.075841;2.3911;1797.5
ENVI;4;6;9.608;42;-111;110.098;14.0694;35.7621;1.0535;0.2756;0.067118;2.3899;1797.6
ENVI;4;6;9.608;42;-112;111.09;14.0694;35.7622;1.0934;0.2769;0.061949;2.3886;1801.4
ENVI;4;6;9.608;42;-113;112.082;14.0707;35.7621;1.0923;0.2807;0.056594;2.3874;1811.1
ENVI;4;6;9.608;42;-114;113.073;14.0707;35.7619;0.9986;0.2935;0.049574;2.3868;1820.3
ENVI;4;6;9.608;42;-115;114.065;14.0704;35.7619;1.0006;0.2896;0.044447;2.3868;1814.6
ENVI;4;6;9.608;42;-116;115.056;14.0699;35.762;1.0168;0.2819;0.037451;2.386;1803.1
ENVI;4;6;9.608;42;-117;116.048;14.0686;35.7621;0.9626;0.2875;0.031547;2.3853;1801.3
ENVI;4;6;9.608;42;-118;117.039;14.0672;35.7621;0.9022;0.282;0.026726;2.3846;1805.3
ENVI;4;6;9.608;42;-119;118.031;14.0671;35.7621;1.0199;0.2986;0.023107;2.3833;1810.3
ENVI;4;6;9.608;42;-120;119.022;14.0637;35.7623;0.9177;0.2866;0.018722;2.3826;1807.5
ENVI;4;6;9.608;42;-121;120.014;14.046;35.7644;0.8625;0.2799;0.015256;2.3817;1800.8
ENVI;4;6;9.608;42;-122;121.006;14.038;35.7652;0.7535;0.2676;0.011976;2.38;1796.3
ENVI;4;6;9.608;42;-123;121.997;14.0306;35.7655;0.6542;0.2557;0.0093852;2.3778;1797.9
ENVI;4;6;9.608;42;-124;122.989;14.0279;35.7656;0.555;0.2624;0.0045746;2.3739;1803.9
ENVI;4;6;9.608;42;-125;123.98;14.0226;35.7654;0.594;0.2498;0.0013201;2.3661;1815.7
ENVI;4;6;9.608;42;-126;124.972;14.0148;35.7657;0.5616;0.2515;-0.00004368;2.361;1815.1
ENVI;4;6;9.608;42;-127;125.964;14.0048;35.7659;0.4782;0.2554;1.00E-12;2.3585;1811.7
ENVI;4;6;9.608;42;-128;126.955;13.9932;35.7657;0.4689;0.2505;1.00E-12;2.3561;1808.5
ENVI;4;6;9.608;42;-129;127.947;13.9706;35.7645;0.4269;0.2501;1.00E-12;2.354;1805.2
ENVI;4;6;9.608;42;-130;128.938;13.9549;35.7641;0.4356;0.2485;1.00E-12;2.351;1800.3
ENVI;4;6;9.608;42;-131;129.93;13.9554;35.7639;0.4658;0.2496;1.00E-12;2.3489;1795.8
ENVI;4;6;9.608;42;-132;130.921;13.9491;35.7633;0.4413;0.2433;1.00E-12;2.3476;1795.7
ENVI;4;6;9.608;42;-133;131.913;13.9319;35.7631;0.4509;0.2632;1.00E-12;2.3461;1801.7
ENVI;4;6;9.608;42;-134;132.904;13.9198;35.7639;0.4835;0.2558;1.00E-12;2.3438;1813.4
ENVI;4;6;9.608;42;-135;133.895;13.9154;35.764;0.601;0.2411;1.00E-12;2.3421;1819.2
ENVI;4;6;9.608;42;-136;134.887;13.9135;35.7643;0.594;0.2663;1.00E-12;2.342;1809.1
ENVI;4;6;9.608;42;-137;135.879;13.9084;35.7638;0.5756;0.2728;1.00E-12;2.3409;1805.4
ENVI;4;6;9.608;42;-138;136.87;13.905;35.7643;0.5967;0.2618;1.00E-12;2.3393;1804.8
ENVI;4;6;9.608;42;-139;137.862;13.9078;35.7657;0.5925;0.2585;1.00E-12;2.3379;1806.9
ENVI;4;6;9.608;42;-140;138.853;13.9073;35.7665;0.5158;0.2503;1.00E-12;2.3373;1807.5
ENVI;4;6;9.608;42;-141;139.844;13.9046;35.7674;0.4768;0.2635;1.00E-12;2.3364;1807.5
ENVI;4;6;9.608;42;-142;140.836;13.8969;35.7676;0.4556;0.2667;1.00E-12;2.3353;1810.1
ENVI;4;6;9.608;42;-143;141.827;13.8941;35.7683;0.419;0.2607;1.00E-12;2.3331;1812.2
ENVI;4;6;9.608;42;-144;142.819;13.8863;35.7691;0.357;0.2518;1.00E-12;2.3305;1814.2
ENVI;4;6;9.608;42;-145;143.81;13.8842;35.7691;0.337;0.2369;1.00E-12;2.3262;1810.2
ENVI;4;6;9.608;42;-146;144.802;13.8845;35.769;0.3423;0.2925;1.00E-12;2.3222;1803.6
ENVI;4;6;9.608;42;-147;145.793;13.8845;35.7689;0.316;0.2524;1.00E-12;2.3196;1804.6
ENVI;4;6;9.608;42;-148;146.785;13.8801;35.7695;0.3191;0.241;1.00E-12;2.3163;1810.3
ENVI;4;6;9.608;42;-149;147.776;13.8602;35.7724;0.2508;0.2378;1.00E-12;2.3139;1813.8
ENVI;4;6;9.608;42;-150;148.767;13.8397;35.7736;0.218;0.2251;1.00E-12;2.3121;1816.3
ENVI;4;6;9.608;42;-151;149.759;13.824;35.7754;0.1962;0.2335;1.00E-12;2.3084;1818.2
ENVI;4;6;9.608;42;-152;150.75;13.8164;35.7772;0.1773;0.2302;1.00E-12;2.3015;1815.1
ENVI;4;6;9.608;42;-153;151.742;13.8066;35.7786;0.1666;0.2257;1.00E-12;2.2949;1802.7
ENVI;4;6;9.608;42;-154;152.733;13.7949;35.7798;0.1484;0.2372;1.00E-12;2.2916;1794.9
ENVI;4;6;9.608;42;-155;153.725;13.7841;35.7801;0.1578;0.2398;1.00E-12;2.2883;1793.8
ENVI;4;6;9.608;42;-156;154.716;13.7594;35.7819;0.1654;0.2421;1.00E-12;2.2852;1798.8
ENVI;4;6;9.608;42;-157;155.707;13.7485;35.7834;0.1102;0.2302;1.00E-12;2.2816;1806.7
ENVI;4;6;9.608;42;-158;156.699;13.7502;35.7828;0.1048;0.2262;1.00E-12;2.2772;1814.3
ENVI;4;6;9.608;42;-159;157.69;13.7434;35.7832;0.1104;0.2166;1.00E-12;2.2729;1818.2
ENVI;4;6;9.608;42;-160;158.681;13.7315;35.7839;0.096;0.2177;1.00E-12;2.2681;1815.5
ENVI;4;6;9.608;42;-161;159.673;13.722;35.784;0.1149;0.2164;1.00E-12;2.2614;1812.6
ENVI;4;6;9.608;42;-162;160.664;13.6936;35.7839;0.0937;0.2196;1.00E-12;2.2543;1812.5
ENVI;4;6;9.608;42;-163;161.656;13.6698;35.7842;0.0816;0.2238;1.00E-12;2.2518;1809.8
ENVI;4;6;9.608;42;-164;162.647;13.6465;35.785;0.0789;0.2171;1.00E-12;2.2493;1809.4
ENVI;4;6;9.608;42;-165;163.638;13.6419;35.7849;0.0882;0.2177;1.00E-12;2.2463;1811
ENVI;4;6;9.608;42;-166;164.63;13.6394;35.7846;0.0783;0.2257;1.00E-12;2.2429;1813
ENVI;4;6;9.608;42;-167;165.621;13.6309;35.7847;0.1114;0.2458;1.00E-12;2.24;1811.5
ENVI;4;6;9.608;42;-168;166.612;13.6103;35.7851;0.1035;0.2412;1.00E-12;2.2374;1809.1
ENVI;4;6;9.608;42;-169;167.604;13.5852;35.7861;0.0716;0.2173;1.00E-12;2.2352;1805.9
ENVI;4;6;9.608;42;-170;168.595;13.4995;35.7853;0.0549;0.2175;1.00E-12;2.2329;1801.1
ENVI;4;6;9.608;42;-171;169.587;13.372;35.7904;0.0357;0.2166;1.00E-12;2.2299;1798.9
ENVI;4;6;9.608;42;-172;170.577;13.363;35.7893;-0.0464;0.2166;1.00E-12;2.2244;1799.5
ENVI;4;6;9.608;42;-173;171.569;13.3582;35.7879;-0.038;0.2135;1.00E-12;2.2158;1803.9
ENVI;4;6;9.608;42;-174;172.56;13.3471;35.7869;-0.0487;0.2026;1.00E-12;2.2018;1811.9
ENVI;4;6;9.608;42;-175;173.552;13.3384;35.7849;-0.0678;0.1852;1.00E-12;2.1805;1813.8
ENVI;4;6;9.608;42;-176;174.543;13.3017;35.7849;-0.0577;0.1983;1.00E-12;2.1784;1800.1
ENVI;4;6;9.608;42;-177;175.534;13.2791;35.7848;-0.058;0.1942;1.00E-12;2.1763;1793.6
ENVI;4;6;9.608;42;-178;176.526;13.2717;35.7846;-0.0693;0.2041;1.00E-12;2.1745;1791.5
ENVI;4;6;9.608;42;-179;177.517;13.2651;35.7839;-0.0695;0.2032;1.00E-12;2.1725;1792.5
ENVI;4;6;9.608;42;-180;178.508;13.2568;35.7834;-0.0679;0.2004;1.00E-12;2.1703;1796.2
ENVI;4;6;9.608;42;-181;179.499;13.2475;35.7829;-0.0801;0.1996;1.00E-12;2.1681;1803.9
ENVI;4;6;9.608;42;-182;180.49;13.2259;35.7814;-0.0833;0.1983;1.00E-12;2.166;1810.7
ENVI;4;6;9.608;42;-183;181.482;13.2049;35.7812;-0.0824;0.2001;1.00E-12;2.1643;1815.1
ENVI;4;6;9.608;42;-184;182.473;13.2033;35.7804;-0.0809;0.2004;1.00E-12;2.1621;1815.8
ENVI;4;6;9.608;42;-185;183.464;13.1961;35.7793;-0.0802;0.183;1.00E-12;2.1583;1809.3
ENVI;4;6;9.608;42;-186;184.456;13.1869;35.7783;-0.0555;0.1844;1.00E-12;2.156;1796.5
ENVI;4;6;9.608;42;-187;185.447;13.1751;35.7776;-0.06;0.2009;1.00E-12;2.1553;1784.5
ENVI;4;6;9.608;42;-188;186.438;13.1677;35.7771;-0.083;0.2056;1.00E-12;2.1543;1778.6
ENVI;4;6;9.608;42;-189;187.429;13.1593;35.7761;-0.0817;0.2053;1.00E-12;2.1528;1780.3
ENVI;4;6;9.608;42;-190;188.421;13.1472;35.7753;-0.0802;0.2055;1.00E-12;2.1516;1786.5
ENVI;4;6;9.608;42;-191;189.412;13.129;35.7747;-0.0825;0.2247;1.00E-12;2.1506;1795.4
ENVI;4;6;9.608;42;-192;190.403;13.1084;35.774;-0.0701;0.2143;1.00E-12;2.1498;1803.2
ENVI;4;6;9.608;42;-193;191.394;13.0878;35.7736;-0.0579;0.2005;1.00E-12;2.1486;1809.1
ENVI;4;6;9.608;42;-194;192.386;13.085;35.7725;-0.0855;0.1795;1.00E-12;2.1452;1812.8
ENVI;4;6;9.608;42;-195;193.377;13.0723;35.772;-0.073;0.1952;1.00E-12;2.1427;1800.3
ENVI;4;6;9.608;42;-196;194.368;13.0685;35.772;-0.0747;0.1935;1.00E-12;2.1418;1793.2
ENVI;4;6;9.608;42;-197;195.359;13.0672;35.7718;-0.0826;0.1873;1.00E-12;2.1415;1789.4
ENVI;4;6;9.608;42;-198;196.35;13.0659;35.7716;-0.0817;0.2014;1.00E-12;2.1411;1787.9
ENVI;4;6;9.608;42;-199;197.341;13.0598;35.7714;-0.0817;0.1949;1.00E-12;2.1399;1786.5
ENVI;4;6;9.608;42;-200;198.333;13.0564;35.771;-0.0817;0.1909;1.00E-12;2.1392;1784.6
ENVI;4;6;9.608;42;-201;199.324;13.0441;35.7705;-0.0831;0.1923;1.00E-12;2.1376;1783.5
ENVI;4;6;9.608;42;-202;200.315;13.0301;35.77;-0.0812;0.2185;1.00E-12;2.1364;1787.4
ENVI;4;6;9.608;42;-203;201.306;12.9892;35.7672;-0.0817;0.1964;1.00E-12;2.1351;1796.8
ENVI;4;6;9.608;42;-204;202.297;12.9202;35.7631;-0.074;0.1847;1.00E-12;2.1334;1805.1
ENVI;4;6;9.608;42;-205;203.288;12.8905;35.7606;-0.0776;0.1862;1.00E-12;2.1306;1810.2
ENVI;4;6;9.608;42;-206;204.279;12.8832;35.7591;-0.0819;0.1873;1.00E-12;2.1271;1804.7
ENVI;4;6;9.608;42;-207;205.271;12.8803;35.7584;-0.0985;0.1754;1.00E-12;2.1251;1796.4
ENVI;4;6;9.608;42;-208;206.262;12.8732;35.7578;-0.0894;0.18;1.00E-12;2.1241;1795.7
ENVI;4;6;9.608;42;-209;207.253;12.8702;35.7574;-0.0817;0.1802;1.00E-12;2.1227;1794.6
ENVI;4;6;9.608;42;-210;208.244;12.8609;35.7565;-0.0817;0.176;1.00E-12;2.1219;1792.7
ENVI;4;6;9.608;42;-211;209.235;12.835;35.7541;-0.0898;0.1939;1.00E-12;2.1206;1789.7
ENVI;4;6;9.608;42;-212;210.226;12.8144;35.7526;-0.0907;0.1907;1.00E-12;2.1193;1789.8
ENVI;4;6;9.608;42;-213;211.217;12.8066;35.7512;-0.0816;0.1826;1.00E-12;2.1175;1797.4
ENVI;4;6;9.608;42;-214;212.208;12.7928;35.7496;-0.0822;0.1886;1.00E-12;2.1157;1805.2
ENVI;4;6;9.608;42;-215;213.2;12.7804;35.7487;-0.0817;0.1784;1.00E-12;2.1148;1806.9
ENVI;4;6;9.608;42;-216;214.191;12.7732;35.7482;-0.0841;0.1763;1.00E-12;2.1137;1803
ENVI;4;6;9.608;42;-217;215.182;12.7587;35.7472;-0.093;0.1795;1.00E-12;2.1122;1794.8
ENVI;4;6;9.608;42;-218;216.174;12.7404;35.7452;-0.0929;0.1755;1.00E-12;2.1109;1788.3
ENVI;4;6;9.608;42;-219;217.164;12.7215;35.7428;-0.0821;0.1792;1.00E-12;2.1093;1789
ENVI;4;6;9.608;42;-220;218.155;12.6884;35.7393;-0.0822;0.1763;1.00E-12;2.1081;1796.1
ENVI;4;6;9.608;42;-221;219.146;12.6767;35.7374;-0.0821;0.179;1.00E-12;2.1071;1803.6
ENVI;4;6;9.608;42;-222;220.137;12.6478;35.7337;-0.0817;0.1738;1.00E-12;2.1066;1803.2
ENVI;4;6;9.608;42;-223;221.129;12.6197;35.7299;-0.086;0.1689;1.00E-12;2.1062;1797.2
ENVI;4;6;9.608;42;-224;222.12;12.5821;35.7254;-0.0946;0.1756;1.00E-12;2.1055;1796.1
ENVI;4;6;9.608;42;-225;223.111;12.5633;35.7234;-0.0932;0.1748;1.00E-12;2.1044;1798.6
ENVI;4;6;9.608;42;-226;224.102;12.5526;35.722;-0.0879;0.1746;1.00E-12;2.1034;1800.8
ENVI;4;6;9.608;42;-227;225.093;12.5485;35.721;-0.0812;0.1761;1.00E-12;2.1025;1803.4
ENVI;4;6;9.608;42;-228;226.084;12.5386;35.7192;-0.0823;0.1795;1.00E-12;2.102;1804.1
ENVI;4;6;9.608;42;-229;227.075;12.5172;35.716;-0.0914;0.1771;1.00E-12;2.1016;1801.2
ENVI;4;6;9.608;42;-230;228.066;12.461;35.7071;-0.0881;0.1599;1.00E-12;2.1016;1797.1
ENVI;4;6;9.608;42;-231;229.057;12.3952;35.7001;-0.0945;0.1718;1.00E-12;2.1014;1793.7
ENVI;4;6;9.608;42;-232;230.048;12.3553;35.6967;-0.0949;0.1625;1.00E-12;2.1016;1791.9
ENVI;4;6;9.608;42;-233;231.039;12.3476;35.6955;-0.0939;0.182;1.00E-12;2.1012;1792.9
ENVI;4;6;9.608;42;-234;232.03;12.3412;35.6949;-0.0939;0.1787;1.00E-12;2.101;1797
ENVI;4;6;9.608;42;-235;233.021;12.3354;35.6939;-0.0939;0.1625;1.00E-12;2.1001;1801.9
ENVI;4;6;9.608;42;-236;234.012;12.3212;35.6925;-0.0951;0.1741;1.00E-12;2.0989;1807.6
ENVI;4;6;9.608;42;-237;235.003;12.3065;35.6905;-0.0947;0.1538;1.00E-12;2.0971;1805.3
ENVI;4;6;9.608;42;-238;235.994;12.3025;35.6902;-0.091;0.1557;1.00E-12;2.096;1793.6
ENVI;4;6;9.608;42;-239;236.985;12.3024;35.6901;-0.0811;0.1672;1.00E-12;2.0952;1787.6
ENVI;4;6;9.608;42;-240;237.976;12.3024;35.6898;-0.0809;0.1603;1.00E-12;2.0945;1788.5
ENVI;4;6;9.608;42;-241;238.967;12.2995;35.6894;-0.0809;0.1539;1.00E-12;2.0935;1791.9
ENVI;4;6;9.608;42;-242;239.958;12.2929;35.6887;-0.0923;0.1638;1.00E-12;2.0927;1798.1
ENVI;4;6;9.608;42;-243;240.949;12.2853;35.6873;-0.0877;0.1622;1.00E-12;2.0911;1805.8
ENVI;4;6;9.608;42;-244;241.94;12.2802;35.6864;-0.0883;0.1484;1.00E-12;2.0907;1806.9
ENVI;4;6;9.608;42;-245;242.931;12.2651;35.6844;-0.0946;0.1531;1.00E-12;2.0902;1800.8
ENVI;4;6;9.608;42;-246;243.922;12.2529;35.683;-0.087;0.1543;1.00E-12;2.0892;1792
ENVI;4;6;9.608;42;-247;244.913;12.2462;35.6823;-0.0805;0.1525;1.00E-12;2.0884;1785.4
ENVI;4;6;9.608;42;-248;245.904;12.2446;35.6816;-0.099;0.1491;1.00E-12;2.0879;1790.1
ENVI;4;6;9.608;42;-249;246.895;12.245;35.681;-0.0921;0.1577;1.00E-12;2.0876;1809.7
ENVI;4;6;9.608;42;-250;247.886;12.2457;35.6807;-0.0995;0.1497;1.00E-12;2.0871;1813.5
ENVI;4;61;9.708;42;-4;3.968;13.9176;35.6587;1.4609;0.2904;115.17;2.401;1822.2
ENVI;4;61;9.708;42;-5;4.961;14.0775;35.8543;1.6232;0.2864;77.858;2.4701;1794.8
ENVI;4;61;9.708;42;-6;5.953;14.0746;35.7873;1.6376;0.3366;71.995;2.4642;1803.5
ENVI;4;61;9.708;42;-7;6.945;14.0716;35.7872;1.6306;0.2953;61.06;2.4635;1808.3
ENVI;4;61;9.708;42;-8;7.937;14.0704;35.7875;1.6911;0.2768;51.59;2.462;1802.6
ENVI;4;61;9.708;42;-9;8.929;14.07;35.7876;1.8203;0.2771;45.209;2.4599;1799.5
ENVI;4;61;9.708;42;-10;9.921;14.07;35.7881;1.848;0.2757;40.889;2.4581;1801.8
ENVI;4;61;9.708;42;-11;10.913;14.0693;35.7895;1.8653;0.2752;39.289;2.4571;1807
ENVI;4;61;9.708;42;-12;11.905;14.0691;35.7898;1.852;0.2796;34.789;2.4552;1807.8
ENVI;4;61;9.708;42;-13;12.897;14.0686;35.7906;2.0117;0.2877;32.347;2.4527;1807.5
ENVI;4;61;9.708;42;-14;13.89;14.0687;35.7906;2.0145;0.273;29.37;2.4507;1802.6
ENVI;4;61;9.708;42;-15;14.882;14.0687;35.7908;2.1012;0.2731;28.29;2.4499;1805.4
ENVI;4;61;9.708;42;-16;15.874;14.0679;35.7916;2.1978;0.2829;26.831;2.4491;1809.4
ENVI;4;61;9.708;42;-17;16.866;14.0678;35.7924;2.1472;0.2743;25.774;2.448;1809.8
ENVI;4;61;9.708;42;-18;17.858;14.0678;35.7932;2.2562;0.2778;26.584;2.4461;1805.2
ENVI;4;61;9.708;42;-19;18.85;14.0679;35.7943;2.0564;0.2655;24.886;2.4447;1805.1
ENVI;4;61;9.708;42;-20;19.842;14.0679;35.7954;2.1459;0.2705;27.687;2.4437;1806.6
ENVI;4;61;9.708;42;-21;20.834;14.0687;35.7974;2.0052;0.2724;26.817;2.4418;1804.1
ENVI;4;61;9.708;42;-22;21.826;14.0698;35.7993;1.9016;0.2561;27.032;2.4394;1807.6
ENVI;4;61;9.708;42;-23;22.818;14.0708;35.8013;1.8959;0.2573;28.931;2.4364;1809.9
ENVI;4;61;9.708;42;-24;23.81;14.07;35.8021;1.7295;0.2577;29.912;2.4325;1811.4
ENVI;4;61;9.708;42;-25;24.802;14.0657;35.8017;1.6342;0.2466;26.321;2.4314;1809.7
ENVI;4;61;9.708;42;-26;25.794;14.0629;35.8014;1.5968;0.2519;28.096;2.4293;1809.2
ENVI;4;61;9.708;42;-27;26.786;14.0626;35.8012;1.5455;0.2371;30.08;2.4262;1807.9
ENVI;4;61;9.708;42;-28;27.778;14.0622;35.8012;1.5779;0.2383;27.243;2.4241;1803.8
ENVI;4;61;9.708;42;-29;28.77;14.0603;35.8009;1.5737;0.2315;25.801;2.4223;1803.6
ENVI;4;61;9.708;42;-30;29.762;14.0585;35.8007;1.4186;0.2302;24.693;2.4207;1800.1
ENVI;4;61;9.708;42;-31;30.754;14.0565;35.8007;1.4329;0.2467;23.046;2.4198;1798.1
ENVI;4;61;9.708;42;-32;31.746;14.0547;35.8006;1.3977;0.272;22.101;2.4183;1797.5
ENVI;4;61;9.708;42;-33;32.738;14.0523;35.8002;1.3186;0.286;21.778;2.417;1797
ENVI;4;61;9.708;42;-34;33.73;14.0521;35.7999;1.2928;0.2582;20.804;2.4157;1797.1
ENVI;4;61;9.708;42;-35;34.722;14.0523;35.7998;1.3744;0.2439;18.382;2.415;1802.2
ENVI;4;61;9.708;42;-36;35.714;14.0524;35.8;1.3251;0.2389;16.91;2.4156;1803
ENVI;4;61;9.708;42;-37;36.706;14.0526;35.8;1.3714;0.2479;14.711;2.4155;1804.7
ENVI;4;61;9.708;42;-38;37.698;14.0522;35.8001;1.4012;0.2523;12.667;2.4149;1804
ENVI;4;61;9.708;42;-39;38.69;14.0493;35.8013;1.4211;0.2494;11.141;2.414;1804.4
ENVI;4;61;9.708;42;-40;39.682;14.0493;35.8018;1.1967;0.2335;13.193;2.4118;1798.1
ENVI;4;61;9.708;42;-41;40.674;14.0468;35.8032;1.0909;0.2486;12.168;2.4108;1797.2
ENVI;4;61;9.708;42;-42;41.666;14.0458;35.8036;1.1715;0.242;11.621;2.4106;1802.8
ENVI;4;61;9.708;42;-43;42.658;14.0441;35.8035;1.0909;0.2302;11.242;2.409;1809.2
ENVI;4;61;9.708;42;-44;43.65;14.0439;35.8038;1.1282;0.2403;10.838;2.4081;1809.5
ENVI;4;61;9.708;42;-45;44.642;14.0434;35.8038;1.1873;0.2433;10.09;2.4069;1809.4
ENVI;4;61;9.708;42;-46;45.634;14.0433;35.8032;1.0784;0.2359;9.3557;2.4058;1806
ENVI;4;61;9.708;42;-47;46.625;14.0426;35.8032;1.0522;0.25;8.8788;2.4052;1802.4
ENVI;4;61;9.708;42;-48;47.617;14.0422;35.8031;1.0706;0.257;8.2128;2.4045;1801.5
ENVI;4;61;9.708;42;-49;48.609;14.0407;35.8036;1.0559;0.2271;7.6969;2.4049;1804.7
ENVI;4;61;9.708;42;-50;49.601;14.0397;35.8039;1.0486;0.2485;7.2181;2.4043;1806.1
ENVI;4;61;9.708;42;-51;50.593;14.0397;35.8038;1.1212;0.254;6.7327;2.4041;1807
ENVI;4;61;9.708;42;-52;51.585;14.0388;35.8041;1.0309;0.2374;6.3934;2.404;1807.3
ENVI;4;61;9.708;42;-53;52.577;14.0378;35.8047;1.0565;0.2405;6.1028;2.4038;1800
ENVI;4;61;9.708;42;-54;53.569;14.0369;35.8054;1.0323;0.2352;5.7775;2.404;1793.9
ENVI;4;61;9.708;42;-55;54.561;14.037;35.8054;1.0103;0.2261;5.2546;2.4012;1804.4
ENVI;4;61;9.708;42;-56;55.552;14.0369;35.8059;0.9675;0.2369;4.7977;2.3995;1809.2
ENVI;4;61;9.708;42;-57;56.544;14.0379;35.8065;0.9589;0.2398;4.5593;2.3986;1807.1
ENVI;4;61;9.708;42;-58;57.536;14.0398;35.8073;0.9434;0.2505;4.322;2.3985;1807.1
ENVI;4;61;9.708;42;-59;58.528;14.0395;35.8073;0.9539;0.2424;4.1192;2.398;1806.1
ENVI;4;61;9.708;42;-60;59.52;14.0364;35.8071;0.9476;0.2416;3.9243;2.3975;1803.1
ENVI;4;61;9.708;42;-61;60.512;14.0362;35.8071;0.9482;0.2123;3.5755;2.3953;1798
ENVI;4;61;9.708;42;-62;61.504;14.0362;35.8078;0.857;0.2111;3.1687;2.395;1807.6
ENVI;4;61;9.708;42;-63;62.495;14.0397;35.8091;0.7949;0.2314;3.063;2.3942;1807.5
ENVI;4;61;9.708;42;-64;63.487;14.0412;35.8097;0.8169;0.235;3.0144;2.3932;1805.7
ENVI;4;61;9.708;42;-65;64.479;14.0402;35.8096;0.8738;0.2341;2.9655;2.392;1802.5
ENVI;4;61;9.708;42;-66;65.471;14.0392;35.8092;0.8836;0.2207;2.6914;2.3903;1803.1
ENVI;4;61;9.708;42;-67;66.463;14.0365;35.809;0.7642;0.2249;2.3613;2.3899;1806.7
ENVI;4;61;9.708;42;-68;67.455;14.0355;35.8087;0.7417;0.2262;2.3032;2.39;1806.3
ENVI;4;61;9.708;42;-69;68.447;14.0352;35.8086;0.7231;0.2293;2.2269;2.3894;1806
ENVI;4;61;9.708;42;-70;69.438;14.0351;35.8086;0.7544;0.2349;2.1445;2.3888;1806.2
ENVI;4;61;9.708;42;-71;70.43;14.0354;35.809;0.7371;0.2563;2.0575;2.3883;1804.9
ENVI;4;61;9.708;42;-72;71.422;14.0366;35.8094;0.7826;0.2353;1.9633;2.3882;1800.1
ENVI;4;61;9.708;42;-73;72.414;14.0366;35.8096;0.7346;0.2058;1.7555;2.3898;1807.9
ENVI;4;61;9.708;42;-74;73.406;14.0364;35.8098;0.7375;0.2481;1.6303;2.3886;1812.8
ENVI;4;61;9.708;42;-75;74.397;14.0392;35.8108;1.0943;0.227;1.5229;2.3874;1813.5
ENVI;4;61;9.708;42;-76;75.389;14.044;35.8121;0.8176;0.2338;1.4645;2.3874;1808.7
ENVI;4;61;9.708;42;-77;76.381;14.0459;35.8127;0.7478;0.2181;1.4107;2.387;1799.5
ENVI;4;61;9.708;42;-78;77.372;14.0463;35.8128;0.7738;0.2104;1.3002;2.3849;1797.2
ENVI;4;61;9.708;42;-79;78.364;14.046;35.8127;0.792;0.2267;1.2376;2.3847;1806
ENVI;4;61;9.708;42;-80;79.356;14.049;35.8136;0.7783;0.2286;1.1642;2.3843;1807.2
ENVI;4;61;9.708;42;-81;80.348;14.0603;35.8171;0.7943;0.2135;1.1207;2.385;1812.6
ENVI;4;61;9.708;42;-82;81.34;14.0602;35.8172;0.7493;0.2232;1.0528;2.3852;1812.2
ENVI;4;61;9.708;42;-83;82.331;14.0592;35.8173;0.7053;0.218;0.96218;2.3844;1811.7
ENVI;4;61;9.708;42;-84;83.323;14.0573;35.8168;0.7458;0.2268;0.90487;2.3833;1806.2
ENVI;4;61;9.708;42;-85;84.315;14.0541;35.8162;0.6932;0.2169;0.85819;2.3828;1803.1
ENVI;4;61;9.708;42;-86;85.307;14.0515;35.8156;0.7387;0.2349;0.81119;2.3819;1802
ENVI;4;61;9.708;42;-87;86.298;14.0463;35.8147;0.7198;0.2159;0.77877;2.3813;1803.9
ENVI;4;61;9.708;42;-88;87.29;14.0451;35.8143;0.6876;0.2118;0.75261;2.3814;1806.8
ENVI;4;61;9.708;42;-89;88.282;14.0453;35.8145;0.6711;0.2083;0.70365;2.3806;1813.8
ENVI;4;61;9.708;42;-90;89.273;14.0463;35.8148;0.6658;0.2142;0.64768;2.3784;1819.5
ENVI;4;61;9.708;42;-91;90.265;14.0471;35.8151;0.6595;0.2113;0.59193;2.3759;1820.8
ENVI;4;61;9.708;42;-92;91.257;14.0474;35.8152;0.6697;0.2176;0.56224;2.3776;1812.8
ENVI;4;61;9.708;42;-93;92.249;14.0471;35.8152;0.6729;0.2178;0.5355;2.3776;1809.3
ENVI;4;61;9.708;42;-94;93.24;14.0499;35.8156;0.6862;0.2176;0.51179;2.3773;1813.7
ENVI;4;61;9.708;42;-95;94.232;14.0508;35.8157;0.6942;0.2239;0.49221;2.3772;1818.8
ENVI;4;61;9.708;42;-96;95.224;14.0519;35.8158;0.7391;0.2128;0.47273;2.3772;1815.7
ENVI;4;61;9.708;42;-97;96.215;14.0523;35.816;0.6964;0.2103;0.44419;2.3772;1820.9
ENVI;4;61;9.708;42;-98;97.207;14.0519;35.816;0.7185;0.2229;0.39292;2.377;1828
ENVI;4;61;9.708;42;-99;98.199;14.0519;35.8161;0.679;0.2376;0.36533;2.3775;1818.2
ENVI;4;61;9.708;42;-100;99.19;14.0554;35.8168;0.6988;0.225;0.34749;2.3765;1817.6
ENVI;4;61;9.708;42;-101;100.182;14.0573;35.8176;0.7879;0.2241;0.33056;2.3756;1817.5
ENVI;4;61;9.708;42;-102;101.174;14.0579;35.8178;0.7556;0.217;0.3174;2.3752;1815.9
ENVI;4;61;9.708;42;-103;102.165;14.0583;35.818;0.7221;0.2297;0.3024;2.3757;1812
ENVI;4;61;9.708;42;-104;103.157;14.0605;35.8188;0.6932;0.2297;0.28769;2.3755;1817.3
ENVI;4;61;9.708;42;-105;104.149;14.0626;35.8196;0.7246;0.2229;0.26641;2.3747;1827.4
ENVI;4;61;9.708;42;-106;105.14;14.0644;35.8202;0.6944;0.2211;0.24502;2.3738;1828.5
ENVI;4;61;9.708;42;-107;106.132;14.0673;35.8212;0.7021;0.2145;0.22715;2.3735;1826.8
ENVI;4;61;9.708;42;-108;107.123;14.0669;35.8211;0.7354;0.2207;0.20967;2.3729;1824.8
ENVI;4;61;9.708;42;-109;108.115;14.0678;35.8216;0.7316;0.2252;0.19647;2.3726;1824.5
ENVI;4;61;9.708;42;-110;109.107;14.075;35.8235;0.6956;0.23;0.18759;2.3721;1823.8
ENVI;4;61;9.708;42;-111;110.098;14.0755;35.8236;0.7058;0.2302;0.17544;2.3718;1822.3
ENVI;4;61;9.708;42;-112;111.09;14.0761;35.8239;0.7058;0.2282;0.1663;2.3713;1820.2
ENVI;4;61;9.708;42;-113;112.082;14.0749;35.8236;0.6954;0.226;0.15446;2.3711;1817
ENVI;4;61;9.708;42;-114;113.073;14.0685;35.8222;0.7196;0.2429;0.14247;2.3707;1816.1
ENVI;4;61;9.708;42;-115;114.065;14.0556;35.8188;0.7333;0.2193;0.13411;2.3701;1818.4
ENVI;4;61;9.708;42;-116;115.056;14.0504;35.8176;0.6934;0.2246;0.12225;2.3688;1824
ENVI;4;61;9.708;42;-117;116.048;14.049;35.8172;0.6857;0.2312;0.11182;2.3688;1831.6
ENVI;4;61;9.708;42;-118;117.04;14.0459;35.8165;0.6568;0.2126;0.10173;2.3691;1831.4
ENVI;4;61;9.708;42;-119;118.031;14.0406;35.8158;0.6674;0.2235;0.095679;2.3686;1831.2
ENVI;4;61;9.708;42;-120;119.023;14.0344;35.8164;0.6609;0.2276;0.086506;2.3677;1831.4
ENVI;4;61;9.708;42;-121;120.014;14.0322;35.8166;0.6393;0.2141;0.078644;2.366;1830.1
ENVI;4;61;9.708;42;-122;121.006;14.0304;35.8166;0.6843;0.2157;0.072381;2.364;1825
ENVI;4;61;9.708;42;-123;121.997;14.0311;35.8165;0.6233;0.2153;0.071234;2.3625;1819.7
ENVI;4;61;9.708;42;-124;122.989;14.0276;35.8164;0.5865;0.2168;0.067107;2.3612;1817.2
ENVI;4;61;9.708;42;-125;123.981;14.0202;35.8159;0.5627;0.2178;0.060855;2.3598;1816.2
ENVI;4;61;9.708;42;-126;124.972;14.0013;35.8156;0.5145;0.2138;0.057591;2.3584;1817.5
ENVI;4;61;9.708;42;-127;125.963;13.9964;35.8152;0.4763;0.2212;0.048939;2.3562;1820.8
ENVI;4;61;9.708;42;-128;126.955;13.9917;35.8139;0.4786;0.2107;0.045223;2.3512;1824.2
ENVI;4;61;9.708;42;-129;127.947;13.9805;35.814;0.4968;0.2045;0.041281;2.3458;1821.3
ENVI;4;61;9.708;42;-130;128.938;13.9736;35.8153;0.4643;0.2213;0.033618;2.3432;1824.9
ENVI;4;61;9.708;42;-131;129.93;13.9766;35.8153;0.446;0.2105;0.02956;2.3398;1827.3
ENVI;4;61;9.708;42;-132;130.921;13.9852;35.8189;0.4563;0.21;0.02641;2.3375;1820.7
ENVI;4;61;9.708;42;-133;131.913;13.9966;35.8234;0.4555;0.2185;0.021793;2.3361;1812.8
ENVI;4;61;9.708;42;-134;132.904;14.012;35.8295;0.4563;0.2154;0.018904;2.3348;1808
ENVI;4;61;9.708;42;-135;133.896;14.0159;35.8316;0.4465;0.215;0.016119;2.3337;1806.5
ENVI;4;61;9.708;42;-136;134.887;14.0179;35.8324;0.4194;0.2255;0.012445;2.3322;1809.7
ENVI;4;61;9.708;42;-137;135.879;14.0166;35.8341;0.4182;0.2254;0.0061182;2.3306;1813.1
ENVI;4;61;9.708;42;-138;136.87;14.0064;35.8323;0.4189;0.2187;0.0064946;2.3278;1813.3
ENVI;4;61;9.708;42;-139;137.862;13.9825;35.8288;0.4322;0.2065;0.0040743;2.3245;1808
ENVI;4;61;9.708;42;-140;138.853;13.9668;35.8283;0.4582;0.2069;0.0025837;2.322;1803.1
ENVI;4;61;9.708;42;-141;139.844;13.9507;35.8284;0.4085;0.2141;0.00023912;2.3196;1805.2
ENVI;4;61;9.708;42;-142;140.836;13.9017;35.8274;0.3322;0.2017;2.09E-06;2.3133;1813.8
ENVI;4;61;9.708;42;-143;141.827;13.757;35.8249;0.2506;0.2057;-0.000000107;2.3043;1813.3
ENVI;4;61;9.708;42;-144;142.819;13.7055;35.8243;0.1558;0.2057;1.00E-12;2.2944;1808.9
ENVI;4;61;9.708;42;-145;143.81;13.6909;35.822;0.1186;0.2001;1.00E-12;2.2835;1803.8
ENVI;4;61;9.708;42;-146;144.802;13.6655;35.8179;0.1681;0.2022;1.00E-12;2.2722;1803.8
ENVI;4;61;9.708;42;-147;145.793;13.5461;35.8106;0.1293;0.2021;1.00E-12;2.262;1808
ENVI;4;61;9.708;42;-148;146.784;13.4884;35.8016;0.0435;0.2054;1.00E-12;2.2505;1812.7
ENVI;4;61;9.708;42;-149;147.776;13.4639;35.7971;-0.0068;0.2056;1.00E-12;2.235;1814.8
ENVI;4;61;9.708;42;-150;148.768;13.4364;35.7915;-0.0187;0.2085;1.00E-12;2.2204;1809.6
ENVI;4;61;9.708;42;-151;149.759;13.4114;35.7873;-0.0593;0.2165;1.00E-12;2.2125;1803.6
ENVI;4;61;9.708;42;-152;150.75;13.3589;35.7838;-0.0587;0.217;1.00E-12;2.2074;1799.6
ENVI;4;61;9.708;42;-153;151.742;13.2909;35.7838;-0.067;0.2232;1.00E-12;2.2017;1799.9
ENVI;4;61;9.708;42;-154;152.733;13.2519;35.7845;-0.069;0.2273;1.00E-12;2.1947;1806.4
ENVI;4;61;9.708;42;-155;153.725;13.2102;35.7843;-0.0743;0.2056;1.00E-12;2.185;1815.3
ENVI;4;61;9.708;42;-156;154.716;13.1567;35.7869;-0.0757;0.2016;1.00E-12;2.1779;1809.1
ENVI;4;61;9.708;42;-157;155.707;13.1074;35.7879;-0.0756;0.188;1.00E-12;2.1734;1799.3
ENVI;4;61;9.708;42;-158;156.699;13.0867;35.7879;-0.0817;0.176;1.00E-12;2.1695;1794.2
ENVI;4;61;9.708;42;-159;157.69;13.0737;35.7885;-0.0817;0.1797;1.00E-12;2.166;1794.9
ENVI;4;61;9.708;42;-160;158.681;13.0445;35.7863;-0.0817;0.1832;1.00E-12;2.1621;1801.2
ENVI;4;61;9.708;42;-161;159.673;13.0153;35.7832;-0.0817;0.1842;1.00E-12;2.1576;1809.5
ENVI;4;61;9.708;42;-162;160.664;12.9819;35.7797;-0.082;0.1764;1.00E-12;2.1518;1814.1
ENVI;4;61;9.708;42;-163;161.655;12.9642;35.7764;-0.0825;0.1757;1.00E-12;2.1459;1808.5
ENVI;4;61;9.708;42;-164;162.647;12.9567;35.7764;-0.0811;0.1679;1.00E-12;2.1442;1803
ENVI;4;61;9.708;42;-165;163.638;12.956;35.7757;-0.0827;0.1667;1.00E-12;2.1427;1799.5
ENVI;4;61;9.708;42;-166;164.63;12.9556;35.7753;-0.0822;0.1622;1.00E-12;2.141;1796.1
ENVI;4;61;9.708;42;-167;165.621;12.9562;35.7757;-0.0811;0.173;1.00E-12;2.1382;1792.3
ENVI;4;61;9.708;42;-168;166.612;12.9558;35.776;-0.072;0.172;1.00E-12;2.1367;1792
ENVI;4;61;9.708;42;-169;167.604;12.9553;35.7761;-0.0631;0.1658;1.00E-12;2.1355;1797.1
ENVI;4;61;9.708;42;-170;168.595;12.9533;35.7757;-0.081;0.1831;1.00E-12;2.1346;1805.9
ENVI;4;61;9.708;42;-171;169.586;12.9436;35.7742;-0.0814;0.1639;1.00E-12;2.1327;1810.2
ENVI;4;61;9.708;42;-172;170.577;12.9278;35.7723;-0.0817;0.1719;1.00E-12;2.1315;1801.7
ENVI;4;61;9.708;42;-173;171.569;12.9131;35.7709;-0.0817;0.1786;1.00E-12;2.1303;1795.7
ENVI;4;61;9.708;42;-174;172.56;12.9083;35.7704;-0.0831;0.1755;1.00E-12;2.1292;1797.5
ENVI;4;61;9.708;42;-175;173.552;12.8846;35.769;-0.0907;0.1629;1.00E-12;2.1283;1801.4
ENVI;4;61;9.708;42;-176;174.543;12.8676;35.7668;-0.091;0.1612;1.00E-12;2.1267;1804.7
ENVI;4;61;9.708;42;-177;175.534;12.8403;35.7624;-0.0818;0.1608;1.00E-12;2.1248;1806.3
ENVI;4;61;9.708;42;-178;176.525;12.8174;35.7573;-0.0821;0.1585;1.00E-12;2.1209;1802.7
ENVI;4;61;9.708;42;-179;177.517;12.7871;35.7507;-0.0903;0.1531;1.00E-12;2.1178;1796.6
ENVI;4;61;9.708;42;-180;178.508;12.7414;35.7444;-0.0941;0.1522;1.00E-12;2.1185;1793.1
ENVI;4;61;9.708;42;-181;179.499;12.7359;35.7442;-0.0867;0.1544;1.00E-12;2.1194;1793.2
ENVI;4;61;9.708;42;-182;180.49;12.7362;35.7443;-0.0823;0.1551;1.00E-12;2.1197;1794.3
ENVI;4;61;9.708;42;-183;181.482;12.7344;35.7443;-0.0809;0.1613;1.00E-12;2.1203;1795.8
ENVI;4;61;9.708;42;-184;182.473;12.7325;35.744;-0.0825;0.1616;1.00E-12;2.1201;1798.9
ENVI;4;61;9.708;42;-185;183.464;12.729;35.7432;-0.0817;0.1612;1.00E-12;2.1197;1799.5
ENVI;4;61;9.708;42;-186;184.456;12.6661;35.7324;-0.0817;0.1501;1.00E-12;2.1188;1799
ENVI;4;61;9.708;42;-187;185.447;12.596;35.7242;-0.0817;0.1551;1.00E-12;2.1172;1798
ENVI;4;61;9.708;42;-188;186.438;12.5882;35.7229;-0.0817;0.1606;1.00E-12;2.1146;1797.6
ENVI;4;61;9.708;42;-189;187.43;12.5842;35.7214;-0.0915;0.1615;1.00E-12;2.114;1797.4
ENVI;4;61;9.708;42;-190;188.421;12.5656;35.7186;-0.0908;0.1618;1.00E-12;2.1159;1797.3
ENVI;4;61;9.708;42;-191;189.412;12.5607;35.7171;-0.0948;0.1555;1.00E-12;2.118;1794.1
ENVI;4;61;9.708;42;-192;190.403;12.5529;35.716;-0.0939;0.154;1.00E-12;2.1184;1791.4
ENVI;4;61;9.708;42;-193;191.394;12.5515;35.7158;-0.0944;0.1543;1.00E-12;2.118;1795.4
ENVI;4;61;9.708;42;-194;192.386;12.5508;35.7153;-0.0944;0.16;1.00E-12;2.1177;1793.8
ENVI;4;61;9.708;42;-195;193.377;12.5503;35.715;-0.0939;0.1654;1.00E-12;2.1176;1787.3
ENVI;4;61;9.708;42;-196;194.368;12.5508;35.7151;-0.0932;0.1655;1.00E-12;2.1175;1783.5
ENVI;4;61;9.708;42;-197;195.359;12.5422;35.7138;-0.0931;0.1619;1.00E-12;2.1168;1784.1
ENVI;4;61;9.708;42;-198;196.35;12.5272;35.7122;-0.093;0.161;1.00E-12;2.1164;1788.5
ENVI;4;61;9.708;42;-199;197.342;12.5108;35.7102;-0.0939;0.1613;1.00E-12;2.1157;1792.6
ENVI;4;61;9.708;42;-200;198.333;12.4843;35.7066;-0.0948;0.1601;1.00E-12;2.1147;1795.5
ENVI;4;61;9.708;42;-201;199.324;12.4552;35.7032;-0.0935;0.1608;1.00E-12;2.1137;1794.7
ENVI;4;61;9.708;42;-202;200.315;12.4237;35.6995;-0.0878;0.1582;1.00E-12;2.1126;1789.9
ENVI;4;61;9.708;42;-203;201.306;12.4176;35.6985;-0.0821;0.1522;1.00E-12;2.1125;1791.5
ENVI;4;61;9.708;42;-204;202.297;12.4097;35.6969;-0.0922;0.1458;1.00E-12;2.1133;1792.3
ENVI;4;61;9.708;42;-205;203.288;12.4054;35.6968;-0.0877;0.1492;1.00E-12;2.1135;1781.6
ENVI;4;61;9.708;42;-206;204.279;12.4014;35.6962;-0.0857;0.1568;1.00E-12;2.1133;1783.4
ENVI;4;61;9.708;42;-207;205.271;12.4011;35.6962;-0.0949;0.1606;1.00E-12;2.1123;1786.1
ENVI;4;61;9.708;42;-208;206.262;12.3996;35.6956;-0.0931;0.1648;1.00E-12;2.1119;1789.7
ENVI;4;61;9.708;42;-209;207.253;12.3976;35.6954;-0.0924;0.1658;1.00E-12;2.1112;1793.3
ENVI;4;61;9.708;42;-210;208.244;12.3947;35.6947;-0.0944;0.1602;1.00E-12;2.1107;1795.4
ENVI;4;61;9.708;42;-211;209.235;12.3868;35.6936;-0.0837;0.1553;1.00E-12;2.1099;1794.6
ENVI;4;61;9.708;42;-212;210.227;12.382;35.6929;-0.081;0.1508;1.00E-12;2.1098;1789.3
ENVI;4;61;9.708;42;-213;211.218;12.3713;35.6912;-0.0825;0.15;1.00E-12;2.1098;1783.8
ENVI;4;61;9.708;42;-214;212.209;12.3602;35.6898;-0.0798;0.1544;1.00E-12;2.1098;1781.6
ENVI;4;61;9.708;42;-215;213.2;12.3489;35.6884;-0.0915;0.1546;1.00E-12;2.1096;1783.5
ENVI;4;61;9.708;42;-216;214.191;12.3429;35.6874;-0.0851;0.1417;1.00E-12;2.11;1789.3
ENVI;4;61;9.708;42;-217;215.182;12.3371;35.6862;-0.0947;0.1485;1.00E-12;2.1126;1790.4
ENVI;4;61;9.708;42;-218;216.173;12.3338;35.6858;-0.0935;0.1496;1.00E-12;2.114;1791.6
ENVI;4;61;9.708;42;-219;217.164;12.325;35.6846;-0.0925;0.153;1.00E-12;2.1143;1795.3
ENVI;4;61;9.708;42;-220;218.155;12.3102;35.6828;-0.0826;0.1494;1.00E-12;2.1145;1794.7
ENVI;4;61;9.708;42;-221;219.147;12.3025;35.682;-0.0829;0.1541;1.00E-12;2.1143;1792.7
ENVI;4;61;9.708;42;-222;220.138;12.3006;35.6816;-0.0832;0.1548;1.00E-12;2.1147;1792.1
ENVI;4;61;9.708;42;-223;221.129;12.2928;35.6805;-0.0817;0.1594;1.00E-12;2.1148;1795.1
ENVI;4;61;9.708;42;-224;222.119;12.2915;35.6804;-0.0817;0.1739;1.00E-12;2.1148;1800.8
ENVI;4;61;9.708;42;-225;223.111;12.2898;35.6798;-0.0948;0.1677;1.00E-12;2.1146;1805
ENVI;4;61;9.708;42;-226;224.102;12.2824;35.6789;-0.0939;0.1586;1.00E-12;2.1147;1798.2
ENVI;4;61;9.708;42;-227;225.093;12.2625;35.6773;-0.0923;0.1426;1.00E-12;2.1156;1786.9
ENVI;4;61;9.708;42;-228;226.084;12.2522;35.6762;-0.092;0.149;1.00E-12;2.1159;1783.5
ENVI;4;61;9.708;42;-229;227.075;12.2442;35.6756;-0.0939;0.1537;1.00E-12;2.1153;1785.7
ENVI;4;61;9.708;42;-230;228.066;12.2382;35.6748;-0.0939;0.1608;1.00E-12;2.1143;1792.4
ENVI;4;61;9.708;42;-231;229.057;12.234;35.6744;-0.1005;0.1528;1.00E-12;2.113;1795.5
ENVI;4;61;9.708;42;-232;230.048;12.2301;35.6739;-0.088;0.1527;1.00E-12;2.1115;1798.5
ENVI;4;61;9.708;42;-233;231.039;12.2176;35.673;-0.0815;0.1608;1.00E-12;2.1105;1804.6
ENVI;4;61;9.708;42;-234;232.03;12.213;35.6725;-0.0914;0.1558;1.00E-12;2.11;1810.5
ENVI;4;61;9.708;42;-235;233.021;12.2052;35.6719;-0.0854;0.1511;1.00E-12;2.1089;1810.2
ENVI;4;61;9.708;42;-236;234.012;12.2013;35.6716;-0.1067;0.1567;1.00E-12;2.1079;1802.9
ENVI;4;61;9.708;42;-237;235.003;12.1948;35.6709;-0.1091;0.1613;1.00E-12;2.1069;1796.3
ENVI;4;61;9.708;42;-238;235.994;12.1784;35.6697;-0.0991;0.1601;1.00E-12;2.1058;1795
ENVI;4;61;9.708;42;-239;236.985;12.1697;35.6691;-0.0854;0.1535;1.00E-12;2.1044;1800
ENVI;4;61;9.708;42;-240;237.976;12.164;35.6685;-0.0904;0.1436;1.00E-12;2.102;1808.7
ENVI;4;61;9.708;42;-241;238.967;12.1618;35.6681;-0.0876;0.1556;1.00E-12;2.0998;1805
ENVI;4;61;9.708;42;-242;239.958;12.1568;35.6677;-0.0964;0.1498;1.00E-12;2.0987;1793.8
ENVI;4;61;9.708;42;-243;240.949;12.147;35.6666;-0.0915;0.1467;1.00E-12;2.0977;1790.1
ENVI;4;61;9.708;42;-244;241.94;12.1338;35.6662;-0.0812;0.1608;1.00E-12;2.0965;1795.6
ENVI;4;61;9.708;42;-245;242.931;12.1284;35.6655;-0.0817;0.1451;1.00E-12;2.0952;1808.2
ENVI;4;61;9.708;42;-246;243.922;12.124;35.6652;-0.0814;0.1448;1.00E-12;2.0937;1814
ENVI;4;61;9.708;42;-247;244.913;12.1186;35.664;-0.1068;0.1413;1.00E-12;2.093;1804.9
ENVI;4;61;9.708;42;-248;245.904;12.1168;35.6636;-0.0944;0.1404;1.00E-12;2.0924;1799.3
ENVI;4;61;9.708;42;-249;246.895;12.105;35.6626;-0.098;0.1413;1.00E-12;2.0925;1804.7
