cruise;day;st;Longitude;Latitude;presion;depth;temp;sal;fluo;turb;par;oxig;PARsurf
ENVIII;7;3;8.956;42;-4;3.97;13.2846;35.2369;2.8661;0.6103;1.24E+01;6.85934;4.80E+01
ENVIII;7;3;8.956;42;-5;4.961;13.2308;35.6467;2.44;0.6127;9.65E+00;6.92394;4.80E+01
ENVIII;7;3;8.956;42;-6;5.953;13.2228;35.6463;2.3157;0.5841;7.84E+00;6.87924;4.79E+01
ENVIII;7;3;8.956;42;-7;6.945;13.2346;35.645;2.2588;0.5744;6.48E+00;6.86262;4.79E+01
ENVIII;7;3;8.956;42;-8;7.937;13.1868;35.6461;2.4391;0.6173;5.52E+00;6.86494;4.79E+01
ENVIII;7;3;8.956;42;-9;8.929;13.1615;35.6469;2.5773;0.6418;4.60E+00;6.83118;4.79E+01
ENVIII;7;3;8.956;42;-10;9.921;13.1502;35.6469;2.3109;0.6555;3.81E+00;6.80495;4.79E+01
ENVIII;7;3;8.956;42;-11;10.913;13.1143;35.6475;2.3406;0.5989;3.23E+00;6.80567;4.79E+01
ENVIII;7;3;8.956;42;-12;11.905;13.1035;35.648;2.5948;0.6481;2.81E+00;6.78125;4.79E+01
ENVIII;7;3;8.956;42;-13;12.897;13.0927;35.6477;2.4925;0.594;2.40E+00;6.77043;4.79E+01
ENVIII;7;3;8.956;42;-14;13.89;13.0821;35.6476;2.3872;0.602;2.02E+00;6.75241;4.79E+01
ENVIII;7;3;8.956;42;-15;14.882;13.0674;35.6479;2.4969;0.6267;1.73E+00;6.74527;4.79E+01
ENVIII;7;3;8.956;42;-16;15.874;13.0612;35.6479;2.7036;0.8017;1.52E+00;6.75574;4.79E+01
ENVIII;7;3;8.956;42;-17;16.866;13.0572;35.6478;2.4468;0.6471;1.32E+00;6.77144;4.79E+01
ENVIII;7;3;8.956;42;-18;17.858;13.0381;35.6481;2.2419;0.5786;1.11E+00;6.78284;4.79E+01
ENVIII;7;3;8.956;42;-19;18.85;13.0136;35.6493;2.1;0.5815;9.56E-01;6.75696;4.79E+01
ENVIII;7;3;8.956;42;-20;19.842;12.9987;35.6494;2.1351;0.588;8.49E-01;6.64448;4.79E+01
ENVIII;7;3;8.956;42;-21;20.834;12.98;35.6505;1.7083;0.5866;7.50E-01;6.59732;4.79E+01
ENVIII;7;3;8.956;42;-22;21.826;12.9633;35.6504;1.5491;0.5787;6.47E-01;6.54227;4.79E+01
ENVIII;7;3;8.956;42;-23;22.818;12.9567;35.6505;1.745;0.5761;5.81E-01;6.52174;4.79E+01
ENVIII;7;3;8.956;42;-24;23.81;12.95;35.6507;1.5646;0.6578;5.06E-01;6.49871;4.79E+01
ENVIII;7;3;8.956;42;-25;24.802;12.9504;35.6506;1.4864;0.6515;4.40E-01;6.4913;4.81E+01
ENVIII;7;3;8.956;42;-26;25.794;12.9509;35.6504;1.5214;0.629;3.88E-01;6.49792;4.80E+01
ENVIII;7;3;8.956;42;-27;26.786;12.9472;35.6502;1.5826;0.603;3.51E-01;6.49698;4.85E+01
ENVIII;7;3;8.956;42;-28;27.778;12.9447;35.6504;1.6129;0.6321;3.07E-01;6.48289;4.85E+01
ENVIII;7;3;8.956;42;-29;28.77;12.9429;35.6505;1.4701;0.6261;2.61E-01;6.47233;4.92E+01
ENVIII;7;3;8.956;42;-30;29.762;12.9335;35.6506;1.4517;0.6384;2.28E-01;6.47656;4.96E+01
ENVIII;7;3;8.956;42;-31;30.754;12.9257;35.6513;1.537;0.6285;2.04E-01;6.46765;4.95E+01
ENVIII;7;3;8.956;42;-32;31.746;12.9245;35.6511;1.5798;0.6194;1.79E-01;6.44654;4.97E+01
ENVIII;7;3;8.956;42;-33;32.738;12.9238;35.6512;1.4618;0.6118;1.51E-01;6.43827;4.99E+01
ENVIII;7;3;8.956;42;-34;33.73;12.9173;35.6512;1.3448;0.5763;1.28E-01;6.43379;4.98E+01
ENVIII;7;3;8.956;42;-35;34.722;12.915;35.6515;1.4783;0.607;1.10E-01;6.41565;4.99E+01
ENVIII;7;3;8.956;42;-36;35.714;12.9138;35.6514;1.6442;0.6861;9.38E-02;6.39944;4.99E+01
ENVIII;7;3;8.956;42;-37;36.706;12.9096;35.6517;1.647;0.6288;8.03E-02;6.40147;4.99E+01
ENVIII;7;3;8.956;42;-38;37.698;12.9092;35.6515;1.4635;0.5732;6.92E-02;6.39254;4.99E+01
ENVIII;7;3;8.956;42;-39;38.69;12.9093;35.6517;1.3303;0.5816;5.26E-02;6.406;4.99E+01
ENVIII;7;3;8.956;42;-40;39.682;12.9056;35.6518;1.3965;0.5779;4.24E-02;6.40144;4.99E+01
ENVIII;7;3;8.956;42;-41;40.674;12.8991;35.6519;1.3328;0.5894;3.45E-02;6.37911;4.99E+01
ENVIII;7;3;8.956;42;-42;41.666;12.9004;35.652;1.2916;0.5828;2.79E-02;6.33748;4.99E+01
ENVIII;7;3;8.956;42;-43;42.658;12.8962;35.6521;1.1524;0.6079;2.01E-02;6.35861;4.99E+01
ENVIII;7;3;8.956;42;-44;43.65;12.8871;35.6525;1.1643;0.603;8.81E-03;6.36572;4.99E+01
ENVIII;7;3;8.956;42;-45;44.642;12.8514;35.6514;1.0254;0.6099;3.07E-03;6.31461;4.99E+01
ENVIII;7;3;8.956;42;-46;45.633;12.8196;35.6538;0.8374;0.7287;-1.15E-04;6.25574;4.99E+01
ENVIII;7;3;8.956;42;-47;46.625;12.8146;35.6534;0.933;0.6322;1.00E-12;6.23092;4.99E+01
ENVIII;7;3;8.956;42;-48;47.617;12.8053;35.6537;0.8913;0.6077;1.00E-12;6.21768;4.99E+01
ENVIII;7;3;8.956;42;-49;48.609;12.7938;35.6538;1.0162;0.6019;1.00E-12;6.22155;4.99E+01
ENVIII;7;3;8.956;42;-50;49.601;12.7951;35.6536;0.9106;0.7154;1.00E-12;6.21626;4.99E+01
ENVIII;7;3;8.956;42;-51;50.593;12.795;35.6533;0.8898;0.6427;1.00E-12;6.20515;4.99E+01
ENVIII;7;3;8.956;42;-52;51.585;12.7884;35.6535;0.8376;0.673;1.00E-12;6.20723;4.99E+01
ENVIII;7;3;8.956;42;-53;52.577;12.7776;35.6536;0.7389;0.6937;1.00E-12;6.2009;4.99E+01
ENVIII;7;3;8.956;42;-54;53.569;12.7691;35.6539;0.7275;0.7023;1.00E-12;6.18359;4.99E+01
ENVIII;7;3;8.956;42;-55;54.561;12.7534;35.654;0.8089;0.6629;1.00E-12;6.15856;4.99E+01
ENVIII;7;3;8.956;42;-56;55.553;12.7405;35.6542;0.6836;0.7447;1.00E-12;6.13827;4.99E+01
ENVIII;7;3;8.956;42;-57;56.544;12.7229;35.6539;0.645;0.6662;1.00E-12;6.14354;4.99E+01
ENVIII;7;3;8.956;42;-58;57.536;12.7014;35.6538;0.6252;0.6608;1.00E-12;6.12798;4.99E+01
ENVIII;7;3;8.956;42;-59;58.528;12.6821;35.6539;0.6125;0.6823;1.00E-12;6.12148;4.99E+01
ENVIII;7;3;8.956;42;-60;59.52;12.6577;35.6539;0.5944;0.6954;1.00E-12;6.11833;4.99E+01
ENVIII;7;3;8.956;42;-61;60.512;12.6095;35.6525;0.5857;0.7404;1.00E-12;6.10376;4.99E+01
ENVIII;7;3;8.956;42;-62;61.503;12.5693;35.6514;0.5218;0.631;1.00E-12;6.11056;4.99E+01
ENVIII;7;3;8.956;42;-63;62.496;12.553;35.6504;0.4656;0.6107;1.00E-12;6.13465;4.99E+01
ENVIII;7;3;8.956;42;-64;63.487;12.5306;35.6489;0.439;0.5283;1.00E-12;6.14633;4.99E+01
ENVIII;7;3;8.956;42;-65;64.479;12.4856;35.6445;0.3969;0.6239;1.00E-12;6.15312;4.99E+01
ENVIII;7;3;8.956;42;-66;65.471;12.4744;35.6461;0.4278;0.5656;1.00E-12;6.17494;4.99E+01
ENVIII;7;3;8.956;42;-67;66.463;12.4633;35.645;0.444;0.5348;1.00E-12;6.19781;4.99E+01
ENVIII;7;3;8.956;42;-68;67.455;12.4209;35.6438;0.3602;0.5641;1.00E-12;6.20517;5.00E+01
ENVIII;7;3;8.956;42;-69;68.446;12.3756;35.6421;0.2522;0.5066;1.00E-12;6.20906;5.00E+01
ENVIII;7;3;8.956;42;-70;69.438;12.3691;35.6422;0.2453;0.491;1.00E-12;6.24636;5.01E+01
ENVIII;7;3;8.956;42;-71;70.43;12.3616;35.6414;0.2718;0.491;1.00E-12;6.24864;5.04E+01
ENVIII;7;3;8.956;42;-72;71.422;12.3455;35.6411;0.2461;0.4845;1.00E-12;6.24485;5.06E+01
ENVIII;7;3;8.956;42;-73;72.414;12.3335;35.6399;0.2019;0.4533;1.00E-12;6.26298;5.05E+01
ENVIII;7;3;8.956;42;-74;73.405;12.3058;35.6393;0.1863;0.5296;1.00E-12;6.27615;5.10E+01
ENVIII;7;3;8.956;42;-75;74.397;12.2804;35.6402;0.1461;0.4381;1.00E-12;6.27199;5.14E+01
ENVIII;7;3;8.956;42;-76;75.389;12.2685;35.6412;0.1333;0.4925;1.00E-12;6.24807;5.17E+01
ENVIII;7;3;8.956;42;-77;76.381;12.2661;35.6424;0.1171;0.5279;1.00E-12;6.26212;5.14E+01
ENVIII;7;3;8.956;42;-78;77.373;12.2669;35.6436;0.114;0.5683;1.00E-12;6.19463;5.17E+01
ENVIII;7;3;8.956;42;-79;78.364;12.2664;35.6445;0.0689;0.5614;1.00E-12;6.15219;5.19E+01
ENVIII;7;3;8.956;42;-80;79.356;12.2604;35.6451;0.1209;0.5966;1.00E-12;6.15378;5.19E+01
ENVIII;7;3;8.956;42;-81;80.348;12.2427;35.6438;0.1025;0.6473;1.00E-12;6.11129;5.19E+01
ENVIII;7;3;8.956;42;-82;81.34;12.1993;35.6448;0.0554;0.6845;1.00E-12;6.07159;5.18E+01
ENVIII;7;3;8.956;42;-83;82.331;12.1864;35.6454;0.0404;0.8295;1.00E-12;6.00729;5.19E+01
ENVIII;7;3;8.956;42;-84;83.323;12.1812;35.6459;0.0595;1.0086;1.00E-12;5.98459;5.19E+01
ENVIII;7;3;8.956;42;-85;84.315;12.1789;35.6462;0.0355;1.0035;1.00E-12;5.90692;5.19E+01
ENVIII;7;3;8.956;42;-86;85.307;12.1781;35.6463;0.0539;1.1082;1.00E-12;5.78988;5.19E+01
ENVIII;7;3;8.956;42;-87;86.298;12.1731;35.6463;0.0451;1.191;1.00E-12;5.79424;5.19E+01
ENVIII;7;3;8.956;42;-88;87.29;12.1637;35.647;0.0673;1.5183;1.00E-12;5.7649;5.19E+01
ENVIII;7;3;8.956;42;-89;88.282;12.1639;35.6467;0.0472;1.5923;1.00E-12;5.69492;5.19E+01
ENVIII;7;3;8.956;42;-90;89.273;12.1634;35.6464;0.0397;1.2406;1.00E-12;5.68693;5.19E+01
ENVIII;7;21;8.9145;42;-3;2.976;13.4883;35.6604;5.249;0.6661;1.07E+02;5.97969;4.40E+02
ENVIII;7;21;8.9145;42;-4;3.969;13.0282;35.6385;4.9994;0.7669;8.45E+01;6.75443;4.49E+02
ENVIII;7;21;8.9145;42;-5;4.961;13.0657;35.6424;4.8218;0.7053;6.18E+01;6.7723;4.50E+02
ENVIII;7;21;8.9145;42;-6;5.953;13.1733;35.6392;5.7111;0.8037;4.69E+01;6.80244;4.52E+02
ENVIII;7;21;8.9145;42;-7;6.945;13.0636;35.6366;6.5376;0.8116;3.62E+01;6.73296;4.53E+02
ENVIII;7;21;8.9145;42;-8;7.937;12.8576;35.6418;4.8614;0.7171;2.75E+01;6.66125;4.53E+02
ENVIII;7;21;8.9145;42;-9;8.929;12.88;35.6417;4.3643;0.7044;2.13E+01;6.54566;4.52E+02
ENVIII;7;21;8.9145;42;-10;9.921;12.8653;35.6403;3.7695;0.6841;1.76E+01;6.49969;4.52E+02
ENVIII;7;21;8.9145;42;-11;10.913;12.9379;35.6428;3.6068;0.7168;1.50E+01;6.492;4.53E+02
ENVIII;7;21;8.9145;42;-12;11.905;12.9881;35.638;3.7973;0.8101;1.21E+01;6.6249;4.53E+02
ENVIII;7;21;8.9145;42;-13;12.897;12.8622;35.6379;3.4528;0.7348;1.01E+01;6.69551;4.53E+02
ENVIII;7;21;8.9145;42;-14;13.89;12.8478;35.64;2.996;0.6687;8.61E+00;6.52565;4.54E+02
ENVIII;7;21;8.9145;42;-15;14.882;12.6276;35.6461;2.9894;0.7624;7.37E+00;6.4165;4.55E+02
ENVIII;7;21;8.9145;42;-16;15.874;12.7702;35.6426;1.9334;0.8158;6.32E+00;6.1862;4.54E+02
ENVIII;7;21;8.9145;42;-17;16.866;12.6546;35.6452;2.2792;0.7203;5.59E+00;6.20173;4.55E+02
ENVIII;7;21;8.9145;42;-18;17.858;12.5456;35.6445;1.6213;0.7456;4.92E+00;6.09233;4.55E+02
ENVIII;7;21;8.9145;42;-19;18.85;12.5022;35.6516;1.0787;0.7985;4.27E+00;5.89658;4.55E+02
ENVIII;7;21;8.9145;42;-20;19.842;12.501;35.6509;1.4043;0.7831;3.75E+00;5.71675;4.55E+02
ENVIII;7;21;8.9145;42;-21;20.834;12.4995;35.6513;1.5985;0.8643;3.32E+00;5.71301;4.55E+02
ENVIII;7;21;8.9145;42;-22;21.826;12.4957;35.6521;1.6486;0.7907;2.93E+00;5.7202;4.55E+02
ENVIII;7;21;8.9145;42;-23;22.818;12.4912;35.6522;1.9409;0.7888;2.59E+00;5.70627;4.56E+02
ENVIII;7;21;8.9145;42;-24;23.81;12.4829;35.6523;2.0279;0.7197;2.28E+00;5.71118;4.56E+02
ENVIII;7;21;8.9145;42;-25;24.802;12.4672;35.6528;2.1411;0.7554;1.99E+00;5.7445;4.56E+02
ENVIII;7;21;8.9145;42;-26;25.794;12.4625;35.653;1.6805;0.9284;1.76E+00;5.69292;4.57E+02
ENVIII;7;21;8.9145;42;-27;26.786;12.4573;35.653;1.8933;0.7243;1.55E+00;5.66972;4.57E+02
ENVIII;7;21;8.9145;42;-28;27.778;12.4422;35.6531;1.3649;0.8373;1.38E+00;5.65406;4.59E+02
ENVIII;7;21;8.9145;42;-29;28.77;12.4312;35.653;0.9778;0.9319;1.21E+00;5.60295;4.59E+02
ENVIII;7;21;8.9145;42;-30;29.762;12.4243;35.6528;0.8205;0.896;1.05E+00;5.59688;4.60E+02
ENVIII;7;21;8.9145;42;-31;30.754;12.4208;35.6528;0.8571;0.8954;9.20E-01;5.61871;4.60E+02
ENVIII;7;21;8.9145;42;-32;31.746;12.4179;35.6529;0.855;0.9117;8.14E-01;5.63605;4.61E+02
ENVIII;7;21;8.9145;42;-33;32.738;12.4164;35.6529;0.9258;0.8816;7.20E-01;5.62853;4.63E+02
ENVIII;7;21;8.9145;42;-34;33.73;12.4703;35.651;1.1506;0.7282;6.01E-01;5.68777;4.66E+02
ENVIII;7;31;9.0395;42;-5;4.961;14.0834;35.6125;9.5881;0.8234;1.43E+02;9.12738;4.81E+02
ENVIII;7;31;9.0395;42;-6;5.953;14.0473;35.611;10.3067;0.8694;1.02E+02;8.98667;4.83E+02
ENVIII;7;31;9.0395;42;-7;6.945;13.9879;35.6073;11.2157;0.8459;7.09E+01;8.8242;4.84E+02
ENVIII;7;31;9.0395;42;-8;7.937;13.8842;35.6077;10.8332;0.8282;5.07E+01;8.57521;4.87E+02
ENVIII;7;31;9.0395;42;-9;8.929;13.8133;35.6115;11.3597;0.8376;3.66E+01;8.34092;4.85E+02
ENVIII;7;31;9.0395;42;-10;9.921;13.5554;35.6048;10.6651;0.8561;2.63E+01;8.45727;5.01E+02
ENVIII;7;31;9.0395;42;-11;10.913;13.3952;35.625;10.317;0.7996;1.87E+01;8.38558;5.27E+02
ENVIII;7;31;9.0395;42;-12;11.905;13.3704;35.6239;9.6658;0.7478;1.36E+01;8.21974;4.98E+02
ENVIII;7;31;9.0395;42;-13;12.897;13.3592;35.6233;9.2254;0.7342;1.04E+01;8.10085;7.50E+02
ENVIII;7;31;9.0395;42;-14;13.89;13.349;35.6229;9.1697;0.7567;7.47E+00;8.08328;9.00E+02
ENVIII;7;31;9.0395;42;-15;14.882;13.3401;35.6229;9.8895;0.7666;5.67E+00;8.09493;9.00E+02
ENVIII;7;31;9.0395;42;-16;15.874;13.3257;35.6227;8.7696;0.7189;4.41E+00;8.06007;9.02E+02
ENVIII;7;31;9.0395;42;-17;16.866;13.3135;35.6235;9.1389;0.7505;3.35E+00;8.03879;9.02E+02
ENVIII;7;31;9.0395;42;-18;17.858;13.2791;35.6239;9.1484;0.7396;2.62E+00;8.00113;9.02E+02
ENVIII;7;31;9.0395;42;-19;18.85;13.231;35.626;8.0195;0.688;2.06E+00;7.93656;9.03E+02
ENVIII;7;31;9.0395;42;-20;19.842;13.1569;35.6307;7.6322;0.7651;1.60E+00;7.82911;9.03E+02
ENVIII;7;31;9.0395;42;-21;20.834;13.1284;35.636;6.9211;0.7371;1.29E+00;7.66421;9.02E+02
ENVIII;7;31;9.0395;42;-22;21.826;13.0967;35.6364;6.0927;0.696;1.07E+00;7.41298;8.90E+02
ENVIII;7;31;9.0395;42;-23;22.818;13.0778;35.6372;5.5597;0.7064;8.96E-01;7.355;6.24E+02
ENVIII;7;31;9.0395;42;-24;23.81;13.0591;35.6366;6.0349;0.6378;7.45E-01;7.32693;4.88E+02
ENVIII;7;31;9.0395;42;-25;24.802;13.0506;35.6362;5.0805;0.7158;6.22E-01;7.30131;4.86E+02
ENVIII;7;31;9.0395;42;-26;25.794;13.0323;35.6346;5.6119;0.6607;5.15E-01;7.27172;4.86E+02
ENVIII;7;31;9.0395;42;-27;26.786;13.0073;35.6338;4.9765;0.6391;4.22E-01;7.27708;4.87E+02
ENVIII;7;31;9.0395;42;-28;27.778;12.9274;35.626;4.9651;0.616;3.59E-01;7.25445;4.87E+02
ENVIII;7;31;9.0395;42;-29;28.77;12.7936;35.6204;4.262;0.5787;3.10E-01;7.25552;4.86E+02
ENVIII;7;31;9.0395;42;-30;29.762;12.7809;35.6215;3.5702;0.4823;2.53E-01;7.24308;4.84E+02
ENVIII;7;31;9.0395;42;-31;30.754;12.7565;35.6205;3.8532;0.4949;2.13E-01;7.2369;4.84E+02
ENVIII;7;31;9.0395;42;-32;31.746;12.7368;35.6206;3.5628;0.5117;1.82E-01;7.22613;4.84E+02
ENVIII;7;31;9.0395;42;-33;32.738;12.7135;35.6196;3.2135;0.4671;1.54E-01;7.1901;4.84E+02
ENVIII;7;31;9.0395;42;-34;33.73;12.6797;35.6192;2.7641;0.4109;1.32E-01;7.16549;4.85E+02
ENVIII;7;31;9.0395;42;-35;34.722;12.6001;35.619;2.3106;0.3957;1.05E-01;7.15868;4.85E+02
ENVIII;7;31;9.0395;42;-36;35.714;12.5601;35.6203;1.6616;0.3283;8.69E-02;7.07731;4.85E+02
ENVIII;7;31;9.0395;42;-37;36.706;12.5281;35.62;1.4814;0.3446;7.81E-02;7.0439;4.83E+02
ENVIII;7;31;9.0395;42;-38;37.698;12.4935;35.6189;1.1589;0.3169;6.44E-02;7.06225;4.82E+02
ENVIII;7;31;9.0395;42;-39;38.69;12.4667;35.6172;1.152;0.3109;5.22E-02;7.07722;4.84E+02
ENVIII;7;31;9.0395;42;-40;39.682;12.4472;35.6163;1.0856;0.3286;4.57E-02;7.06625;4.84E+02
ENVIII;7;31;9.0395;42;-41;40.674;12.4269;35.6162;0.8737;0.2877;3.73E-02;7.06915;4.84E+02
ENVIII;7;31;9.0395;42;-42;41.666;12.4229;35.6164;0.7277;0.285;3.10E-02;7.06638;4.86E+02
ENVIII;7;31;9.0395;42;-43;42.658;12.4231;35.6166;0.5724;0.262;2.37E-02;7.06993;4.86E+02
ENVIII;7;31;9.0395;42;-44;43.65;12.419;35.618;0.5461;0.2814;1.49E-02;7.05527;4.86E+02
ENVIII;7;31;9.0395;42;-45;44.641;12.3955;35.6181;0.4871;0.2294;1.04E-02;7.08525;4.85E+02
ENVIII;7;31;9.0395;42;-46;45.634;12.3767;35.6168;0.5229;0.2615;3.31E-03;7.07771;4.86E+02
ENVIII;7;31;9.0395;42;-47;46.625;12.3675;35.6148;0.3871;0.2711;9.11E-04;7.05962;4.86E+02
ENVIII;7;31;9.0395;42;-48;47.617;12.3452;35.6129;0.3525;0.2519;-3.16E-05;7.01145;4.87E+02
ENVIII;7;31;9.0395;42;-49;48.609;12.3438;35.6128;0.3115;0.262;1.00E-12;6.99692;4.88E+02
ENVIII;7;31;9.0395;42;-50;49.601;12.3426;35.6126;0.3209;0.2472;1.00E-12;6.98602;4.88E+02
ENVIII;7;31;9.0395;42;-51;50.593;12.3336;35.6134;0.2891;0.2401;1.00E-12;6.98162;4.88E+02
ENVIII;7;31;9.0395;42;-52;51.585;12.319;35.6142;0.2226;0.2523;1.00E-12;6.97166;4.87E+02
ENVIII;7;31;9.0395;42;-53;52.577;12.3079;35.6143;0.2097;0.2552;1.00E-12;6.95058;4.87E+02
ENVIII;7;31;9.0395;42;-54;53.569;12.2896;35.614;0.2151;0.2316;1.00E-12;6.92252;4.86E+02
ENVIII;7;31;9.0395;42;-55;54.561;12.273;35.6139;0.1544;0.2282;1.00E-12;6.92695;4.87E+02
ENVIII;7;31;9.0395;42;-56;55.553;12.2605;35.6139;0.1199;0.2317;1.00E-12;6.92654;4.86E+02
ENVIII;7;31;9.0395;42;-57;56.544;12.2536;35.6141;0.0894;0.2487;1.00E-12;6.92252;4.87E+02
ENVIII;7;31;9.0395;42;-58;57.536;12.2499;35.6139;0.1203;0.2291;1.00E-12;6.91214;487.25
ENVIII;7;31;9.0395;42;-59;58.528;12.2423;35.6142;0.0909;0.238;1.00E-12;6.89915;486.78
ENVIII;7;31;9.0395;42;-60;59.52;12.2372;35.6142;0.0571;0.233;1.00E-12;6.89255;487.87
ENVIII;7;31;9.0395;42;-61;60.512;12.2249;35.6139;0.067;0.234;1.00E-12;6.87879;488.44
ENVIII;7;31;9.0395;42;-62;61.504;12.2172;35.6139;0.0377;0.2426;1.00E-12;6.87023;487.35
ENVIII;7;31;9.0395;42;-63;62.495;12.2098;35.6134;0.0134;0.2238;1.00E-12;6.86777;487.9
ENVIII;7;31;9.0395;42;-64;63.487;12.2068;35.6144;-0.0211;0.2259;1.00E-12;6.87508;487.78
ENVIII;7;31;9.0395;42;-65;64.479;12.1981;35.6143;0.0141;0.2092;1.00E-12;6.87948;487.62
ENVIII;7;31;9.0395;42;-66;65.471;12.1847;35.6135;-0.0073;0.2064;1.00E-12;6.86228;487.03
ENVIII;7;31;9.0395;42;-67;66.463;12.1767;35.6126;-0.0175;0.2196;1.00E-12;6.90248;486.79
ENVIII;7;31;9.0395;42;-68;67.455;12.172;35.6125;-0.0196;0.2164;1.00E-12;6.92135;487.16
ENVIII;7;31;9.0395;42;-69;68.446;12.1668;35.6129;-0.0353;0.2116;1.00E-12;6.92835;486.51
ENVIII;7;31;9.0395;42;-70;69.438;12.1606;35.6139;-0.0596;0.2005;1.00E-12;6.9442;486.96
ENVIII;7;31;9.0395;42;-71;70.43;12.1567;35.6157;-0.0434;0.2122;1.00E-12;6.93622;486.41
ENVIII;7;31;9.0395;42;-72;71.422;12.1638;35.6197;-0.0695;0.2072;1.00E-12;6.91498;485.81
ENVIII;7;31;9.0395;42;-73;72.414;12.1673;35.621;-0.0547;0.2148;1.00E-12;6.88832;485.95
ENVIII;7;31;9.0395;42;-74;73.406;12.1675;35.6229;-0.0251;0.2357;1.00E-12;6.84402;486.51
ENVIII;7;31;9.0395;42;-75;74.397;12.17;35.6258;-0.0731;0.2143;1.00E-12;6.80487;486.06
ENVIII;7;31;9.0395;42;-76;75.389;12.1719;35.628;-0.0723;0.23;1.00E-12;6.78247;486.74
ENVIII;7;31;9.0395;42;-77;76.381;12.1739;35.6301;-0.0713;0.2228;1.00E-12;6.75202;486.29
ENVIII;7;31;9.0395;42;-78;77.373;12.1751;35.631;-0.0727;0.2336;1.00E-12;6.7307;486.6
ENVIII;7;31;9.0395;42;-79;78.364;12.1754;35.6322;-0.0812;0.2482;1.00E-12;6.71182;486.84
ENVIII;7;31;9.0395;42;-80;79.356;12.1734;35.635;-0.0565;0.2832;1.00E-12;6.68317;487.06
ENVIII;7;31;9.0395;42;-81;80.348;12.1725;35.6378;-0.058;0.3043;1.00E-12;6.59245;486.18
ENVIII;7;31;9.0395;42;-82;81.34;12.1732;35.6404;-0.0692;0.2943;1.00E-12;6.45802;488.51
ENVIII;7;31;9.0395;42;-83;82.331;12.1727;35.6424;-0.0813;0.2944;1.00E-12;6.40337;488.78
ENVIII;7;31;9.0395;42;-84;83.323;12.1705;35.643;-0.0822;0.3043;1.00E-12;6.3982;487.49
ENVIII;7;31;9.0395;42;-85;84.315;12.1715;35.6432;-0.0195;0.3126;1.00E-12;6.42406;488.75
ENVIII;7;31;9.0395;42;-86;85.307;12.1726;35.6434;-0.0762;0.2956;1.00E-12;6.43334;488.04
ENVIII;7;31;9.0395;42;-87;86.298;12.1715;35.6433;-0.0936;0.2946;1.00E-12;6.44437;489.01
ENVIII;7;31;9.0395;42;-88;87.29;12.1685;35.6435;-0.0855;0.2984;1.00E-12;6.44852;489.27
ENVIII;7;31;9.0395;42;-89;88.282;12.1674;35.6442;-0.0917;0.2943;1.00E-12;6.42895;489.42
ENVIII;7;31;9.0395;42;-90;89.273;12.1671;35.6448;-0.0908;0.3025;1.00E-12;6.4069;489.19
ENVIII;7;31;9.0395;42;-91;90.265;12.1663;35.6455;-0.0895;0.3064;1.00E-12;6.40563;488.15
ENVIII;7;31;9.0395;42;-92;91.257;12.1641;35.6471;-0.0898;0.3127;1.00E-12;6.42451;486.21
ENVIII;7;31;9.0395;42;-93;92.249;12.1465;35.6459;-0.0885;0.333;1.00E-12;6.43748;486.31
ENVIII;7;31;9.0395;42;-94;93.24;12.1164;35.6447;-0.0799;0.4148;1.00E-12;6.43313;486.78
ENVIII;7;31;9.0395;42;-95;94.232;12.0907;35.6432;-0.0623;0.5541;1.00E-12;6.36046;486.85
ENVIII;7;31;9.0395;42;-96;95.224;12.0803;35.6426;-0.0618;0.6946;1.00E-12;6.22858;487.38
ENVIII;7;31;9.0395;42;-97;96.215;12.0716;35.6418;-0.063;0.8006;1.00E-12;6.08506;487.95
ENVIII;7;31;9.0395;42;-98;97.207;12.0641;35.6412;-0.0592;0.8645;1.00E-12;5.98865;487.88
ENVIII;7;31;9.0395;42;-99;98.199;12.0594;35.6406;-0.0638;0.9224;1.00E-12;5.92182;487.46
ENVIII;7;31;9.0395;42;-100;99.19;12.0557;35.6404;-0.0691;0.9784;1.00E-12;5.8777;487.61
ENVIII;7;31;9.0395;42;-101;100.182;12.0538;35.64;-0.0574;1.0393;1.00E-12;5.83483;487.43
ENVIII;7;31;9.0395;42;-102;101.174;12.0523;35.6399;-0.0504;1.0256;1.00E-12;5.79878;488.08
ENVIII;7;31;9.0395;42;-103;102.165;12.0511;35.6396;-0.0469;1.0603;1.00E-12;5.77972;488.07
ENVIII;7;31;9.0395;42;-104;103.157;12.0513;35.6396;-0.0738;1.0694;1.00E-12;5.78334;489.9
ENVIII;7;31;9.0395;42;-105;104.149;12.0491;35.6394;-0.0509;1.1024;1.00E-12;5.78455;490.77
ENVIII;7;31;9.0395;42;-106;105.14;12.0485;35.6393;-0.0606;1.1455;1.00E-12;5.76829;490.77
ENVIII;7;31;9.0395;42;-107;106.132;12.0476;35.6392;-0.0394;1.1365;1.00E-12;5.75279;489.88
ENVIII;7;31;9.0395;42;-108;107.124;12.0461;35.639;-0.0319;1.1783;1.00E-12;5.73418;489.93
ENVIII;7;31;9.0395;42;-109;108.115;12.0438;35.6389;-0.0441;1.178;1.00E-12;5.72349;490.81
ENVIII;7;31;9.0395;42;-110;109.107;12.0412;35.6383;-0.0351;1.2727;1.00E-12;5.70477;490.99
ENVIII;7;31;9.0395;42;-111;110.098;12.027;35.6377;-0.0239;1.4475;1.00E-12;5.67382;490.24
ENVIII;7;31;9.0395;42;-112;111.09;12.0204;35.6373;-0.0349;1.7049;1.00E-12;5.52752;491.57
ENVIII;7;31;9.0395;42;-113;112.082;12.0186;35.6373;-0.0208;1.7982;1.00E-12;5.50713;491.13
ENVIII;7;31;9.0395;42;-114;113.073;12.0185;35.6372;-0.0256;1.973;1.00E-12;5.45368;491.89
ENVIII;7;31;9.0395;42;-115;114.065;12.0182;35.6371;-0.0232;2.0764;1.00E-12;5.47541;492.35
ENVIII;7;31;9.0395;42;-116;115.056;12.0186;35.6372;-0.0151;2.0634;1.00E-12;5.47783;492.09
ENVIII;7;31;9.0395;42;-117;116.048;12.0188;35.6371;-0.0412;2.0634;1.00E-12;5.4823;491.48
ENVIII;7;31;9.0395;42;-118;117.039;12.0197;35.6373;-0.0341;2.2001;1.00E-12;5.48539;489.35
ENVIII;7;31;9.0395;42;-119;118.031;12.0202;35.6372;-0.0387;2.3531;1.00E-12;5.48161;489.08
ENVIII;7;31;9.0395;42;-120;119.023;12.0204;35.6372;0.0009;2.3856;1.00E-12;5.50398;490.78
ENVIII;7;31;9.0395;42;-121;120.014;12.0211;35.6373;-0.0235;2.3792;1.00E-12;5.52019;492.66
ENVIII;7;31;9.0395;42;-122;121.006;12.0213;35.6373;-0.0345;2.2965;1.00E-12;5.52869;492.77
ENVIII;7;31;9.0395;42;-123;121.997;12.0212;35.6373;-0.0261;2.3134;1.00E-12;5.49947;491.44
ENVIII;7;31;9.0395;42;-124;122.989;12.0211;35.6371;-0.0241;2.32;1.00E-12;5.4993;492.58
ENVIII;7;31;9.0395;42;-125;123.98;12.0217;35.6372;-0.0248;2.3634;1.00E-12;5.49949;492.55
ENVIII;7;31;9.0395;42;-126;124.972;12.0223;35.639;-0.013;1.8456;1.00E-12;5.52459;492.86
ENVIII;7;32;9.1246;42;-3;2.976;14.5994;35.7051;7.0868;0.6359;428.96;7.35975;685.62
ENVIII;7;32;9.1246;42;-4;3.969;14.2159;35.6149;7.3043;0.6913;303.57;8.26837;565.61
ENVIII;7;32;9.1246;42;-5;4.961;14.2546;35.614;8.0571;0.7775;247.95;8.15048;572.71
ENVIII;7;32;9.1246;42;-6;5.953;14.2309;35.6154;7.7202;0.6808;177.52;8.27567;667.55
ENVIII;7;32;9.1246;42;-7;6.945;14.228;35.6135;8.2491;0.6645;123.65;8.25053;590.18
ENVIII;7;32;9.1246;42;-8;7.937;14.1231;35.6181;6.6777;0.675;93.04;8.26921;574.25
ENVIII;7;32;9.1246;42;-9;8.929;13.9945;35.619;6.3477;0.6114;73.891;8.03631;603.57
ENVIII;7;32;9.1246;42;-10;9.921;13.9068;35.6234;5.8587;0.6;55.241;7.91347;570.36
ENVIII;7;32;9.1246;42;-11;10.913;13.9561;35.6212;6.0478;0.5952;42.958;7.76634;570.16
ENVIII;7;32;9.1246;42;-12;11.905;13.9809;35.6202;4.7143;0.5538;36.318;7.82413;570.85
ENVIII;7;32;9.1246;42;-13;12.897;13.9247;35.6211;4.5587;0.5666;28.622;7.89145;572.57
ENVIII;7;32;9.1246;42;-14;13.89;13.8222;35.6218;4.2369;0.5309;22.96;7.76564;572.4
ENVIII;7;32;9.1246;42;-15;14.882;13.6;35.6247;3.5682;0.5034;18.617;7.67484;573.49
ENVIII;7;32;9.1246;42;-16;15.874;13.4237;35.6305;2.3258;0.4099;15.811;7.45032;572.23
ENVIII;7;32;9.1246;42;-17;16.866;13.2426;35.6349;2.0559;0.3951;13.63;7.32409;572.22
ENVIII;7;32;9.1246;42;-18;17.858;13.157;35.6354;1.5431;0.3526;11.988;7.21608;572.56
ENVIII;7;32;9.1246;42;-19;18.85;13.1128;35.6363;1.4297;0.3404;10.489;7.14711;572.18
ENVIII;7;32;9.1246;42;-20;19.842;13.0916;35.6382;1.26;0.3094;9.3016;7.14198;573.94
ENVIII;7;32;9.1246;42;-21;20.834;13.0477;35.6413;1.3732;0.3193;8.4007;7.15113;573.92
ENVIII;7;32;9.1246;42;-22;21.826;13.0009;35.6419;1.0536;0.3261;7.51;7.11514;574.6
ENVIII;7;32;9.1246;42;-23;22.818;12.9925;35.6428;1.1075;0.3184;6.6284;7.10936;573.35
ENVIII;7;32;9.1246;42;-24;23.81;12.9353;35.6403;0.8886;0.2788;5.8916;7.0975;574.14
ENVIII;7;32;9.1246;42;-25;24.802;12.8887;35.6415;0.7133;0.2685;5.2816;7.06135;573.9
ENVIII;7;32;9.1246;42;-26;25.794;12.8785;35.6425;0.7038;0.2608;4.8551;7.03437;575.9
ENVIII;7;32;9.1246;42;-27;26.786;12.8522;35.6434;0.6736;0.2529;4.4704;7.03026;574.88
ENVIII;7;32;9.1246;42;-28;27.778;12.8322;35.6436;0.6598;0.2677;3.9518;7.00932;574.88
ENVIII;7;32;9.1246;42;-29;28.77;12.7964;35.6436;0.5528;0.2421;3.555;6.99953;576.09
ENVIII;7;32;9.1246;42;-30;29.762;12.7866;35.6431;0.5505;0.246;3.3106;6.97184;576.55
ENVIII;7;32;9.1246;42;-31;30.754;12.7708;35.6421;0.5249;0.2637;3.0726;6.96324;575.89
ENVIII;7;32;9.1246;42;-32;31.746;12.7383;35.6415;0.4883;0.2293;2.787;6.9416;575.63
ENVIII;7;32;9.1246;42;-33;32.738;12.7305;35.6414;0.4347;0.2219;2.5089;6.94545;573.68
ENVIII;7;32;9.1246;42;-34;33.73;12.7064;35.6388;0.3971;0.2055;2.3082;6.94427;576.73
ENVIII;7;32;9.1246;42;-35;34.722;12.6529;35.6367;0.3886;0.2184;2.1499;6.95641;576.52
ENVIII;7;32;9.1246;42;-36;35.714;12.6295;35.6354;0.3957;0.2283;2.0115;6.92603;576.36
ENVIII;7;32;9.1246;42;-37;36.706;12.6172;35.6339;0.3954;0.2279;1.8219;6.91193;576.1
ENVIII;7;32;9.1246;42;-38;37.698;12.6069;35.6326;0.3308;0.2275;1.648;6.89056;577.51
ENVIII;7;32;9.1246;42;-39;38.69;12.5477;35.6284;0.3151;0.2356;1.5222;6.86799;578
ENVIII;7;32;9.1246;42;-40;39.682;12.5114;35.6293;0.2759;0.2208;1.4368;6.80104;576.37
ENVIII;7;32;9.1246;42;-41;40.674;12.5114;35.6292;0.2497;0.2323;1.3369;6.70798;575.58
ENVIII;7;32;9.1246;42;-42;41.666;12.5123;35.6288;0.2627;0.2326;1.2094;6.72086;574.59
ENVIII;7;32;9.1246;42;-43;42.658;12.4841;35.6267;0.2234;0.2339;1.0991;6.72647;576.92
ENVIII;7;32;9.1246;42;-44;43.65;12.4563;35.6267;0.2688;0.2459;1.0175;6.73472;602.04
ENVIII;7;32;9.1246;42;-45;44.642;12.4348;35.625;0.1996;0.2474;0.9647;6.69208;578.51
ENVIII;7;32;9.1246;42;-46;45.633;12.402;35.6232;0.1946;0.2651;0.90638;6.62293;576.23
ENVIII;7;32;9.1246;42;-47;46.626;12.3522;35.6231;0.1673;0.2447;0.82712;6.58266;576.17
ENVIII;7;32;9.1246;42;-48;47.617;12.338;35.6242;0.1494;0.2397;0.7545;6.54289;574.47
ENVIII;7;32;9.1246;42;-49;48.609;12.3315;35.6246;0.1387;0.2387;0.69148;6.54182;574.7
ENVIII;7;32;9.1246;42;-50;49.601;12.3271;35.6245;0.1231;0.2385;0.64231;6.57348;576.25
ENVIII;7;32;9.1246;42;-51;50.593;12.3226;35.6237;0.1137;0.2335;0.60282;6.62797;577.06
ENVIII;7;32;9.1246;42;-52;51.585;12.3084;35.6227;0.1074;0.2333;0.56209;6.65697;576.57
ENVIII;7;32;9.1246;42;-53;52.577;12.2931;35.6222;0.114;0.2371;0.51722;6.64767;576.18
ENVIII;7;32;9.1246;42;-54;53.569;12.2841;35.6217;0.091;0.2304;0.47278;6.6698;577.23
ENVIII;7;32;9.1246;42;-55;54.561;12.2633;35.621;0.0748;0.2224;0.43144;6.72291;577.2
ENVIII;7;32;9.1246;42;-56;55.553;12.247;35.6242;0.0429;0.2271;0.40321;6.76484;577.14
ENVIII;7;32;9.1246;42;-57;56.544;12.2472;35.6271;0.0188;0.2235;0.37942;6.823;581.64
ENVIII;7;32;9.1246;42;-58;57.536;12.249;35.6277;0.0144;0.2216;0.35539;6.85349;714.18
ENVIII;7;32;9.1246;42;-59;58.528;12.2511;35.629;0.0022;0.215;0.33209;6.86924;602.77
ENVIII;7;32;9.1246;42;-60;59.52;12.2517;35.6295;-0.0093;0.2056;0.30661;6.85562;575.31
ENVIII;7;32;9.1246;42;-61;60.512;12.2517;35.6294;-0.0084;0.2026;0.27932;6.84681;574.66
ENVIII;7;32;9.1246;42;-62;61.504;12.2517;35.6299;-0.0133;0.2036;0.25494;6.84994;576.75
ENVIII;7;32;9.1246;42;-63;62.495;12.2518;35.6303;-0.0194;0.2147;0.23545;6.84249;664.42
ENVIII;7;32;9.1246;42;-64;63.487;12.2518;35.6307;-0.0215;0.2191;0.22147;6.82845;809.23
ENVIII;7;32;9.1246;42;-65;64.479;12.2517;35.6312;-0.0224;0.2112;0.21348;6.81959;588.37
ENVIII;7;32;9.1246;42;-66;65.471;12.2516;35.6313;-0.0329;0.2082;0.20163;6.82682;575.86
ENVIII;7;32;9.1246;42;-67;66.463;12.2515;35.6315;-0.004;0.2113;0.18221;6.82107;577.49
ENVIII;7;32;9.1246;42;-68;67.455;12.2513;35.6326;-0.0346;0.2027;0.16142;6.821;578.35
ENVIII;7;32;9.1246;42;-69;68.447;12.2509;35.6366;-0.0456;0.2028;0.14607;6.81222;577.03
ENVIII;7;32;9.1246;42;-70;69.438;12.2536;35.6403;-0.0222;0.2078;0.13699;6.81416;729.02
ENVIII;7;32;9.1246;42;-71;70.43;12.2584;35.6438;-0.0207;0.219;0.12671;6.77253;1122.8
ENVIII;7;32;9.1246;42;-72;71.422;12.2635;35.6471;-0.0506;0.205;0.11819;6.74447;663.21
ENVIII;7;32;9.1246;42;-73;72.414;12.2711;35.6524;-0.068;0.2101;0.1111;6.7262;592.63
ENVIII;7;32;9.1246;42;-74;73.406;12.2721;35.6543;-0.0695;0.2029;0.10303;6.72078;832.63
ENVIII;7;32;9.1246;42;-75;74.397;12.2726;35.6556;-0.0817;0.1975;0.091318;6.69452;590.23
ENVIII;7;32;9.1246;42;-76;75.389;12.2709;35.6559;-0.0456;0.1936;0.080837;6.68677;577.62
ENVIII;7;32;9.1246;42;-77;76.381;12.2704;35.6558;-0.0677;0.1949;0.077198;6.68512;875.72
ENVIII;7;32;9.1246;42;-78;77.372;12.2688;35.6559;-0.0729;0.2292;0.06995;6.66394;1012.7
ENVIII;7;32;9.1246;42;-79;78.364;12.268;35.6561;-0.0804;0.2098;0.066418;6.6697;609.08
ENVIII;7;32;9.1246;42;-80;79.356;12.2648;35.656;-0.0797;0.1923;0.060597;6.68158;586.44
ENVIII;7;32;9.1246;42;-81;80.348;12.2636;35.6562;-0.0344;0.1967;0.053879;6.67095;999.97
ENVIII;7;32;9.1246;42;-82;81.34;12.2612;35.6563;-0.0661;0.1967;0.048761;6.65348;670.56
ENVIII;7;32;9.1246;42;-83;82.331;12.2592;35.6575;-0.0803;0.2218;0.041947;6.66846;571.66
ENVIII;7;32;9.1246;42;-84;83.323;12.2577;35.6585;-0.0828;0.2119;0.038172;6.64222;929.05
ENVIII;7;32;9.1246;42;-85;84.315;12.2573;35.6588;-0.0852;0.2083;0.031856;6.64339;1099.5
ENVIII;7;32;9.1246;42;-86;85.307;12.2568;35.6592;-0.0909;0.197;0.029955;6.64211;637.91
ENVIII;7;32;9.1246;42;-87;86.298;12.2564;35.6595;-0.0857;0.2007;0.028073;6.62747;578.6
ENVIII;7;32;9.1246;42;-88;87.29;12.2558;35.6598;-0.091;0.1987;0.022573;6.61206;579.1
ENVIII;7;32;9.1246;42;-89;88.282;12.2554;35.6603;-0.0935;0.2031;0.017983;6.61851;578.83
ENVIII;7;32;9.1246;42;-90;89.273;12.2524;35.6608;-0.0932;0.207;0.01337;6.60715;579.27
ENVIII;7;32;9.1246;42;-91;90.265;12.2506;35.661;-0.095;0.2044;0.0068052;6.60173;578.56
ENVIII;7;32;9.1246;42;-92;91.257;12.2499;35.6612;-0.0935;0.2115;0.0031507;6.60179;579.1
ENVIII;7;32;9.1246;42;-93;92.249;12.2478;35.6615;-0.0978;0.2197;0.00098724;6.59239;654.75
ENVIII;7;32;9.1246;42;-94;93.24;12.2448;35.6617;-0.0982;0.205;0.0002876;6.59562;681.75
ENVIII;7;32;9.1246;42;-95;94.232;12.2421;35.6621;-0.0935;0.2088;0.00003692;6.59009;581.88
ENVIII;7;32;9.1246;42;-96;95.224;12.2412;35.662;-0.0945;0.2062;7.71E-07;6.56773;585.42
ENVIII;7;32;9.1246;42;-97;96.215;12.2398;35.6623;-0.0939;0.2407;1.00E-12;6.57873;701.72
ENVIII;7;32;9.1246;42;-98;97.207;12.2391;35.6624;-0.0935;0.2356;1.00E-12;6.58174;584.69
ENVIII;7;32;9.1246;42;-99;98.199;12.2269;35.6624;-0.0964;0.2121;1.00E-12;6.57435;578.26
ENVIII;7;32;9.1246;42;-100;99.19;12.2117;35.6629;-0.1021;0.2229;1.00E-12;6.55596;717.39
ENVIII;7;32;9.1246;42;-101;100.182;12.2059;35.6634;-0.092;0.2317;1.00E-12;6.54584;1012.2
ENVIII;7;32;9.1246;42;-102;101.174;12.1988;35.6635;-0.1074;0.2358;1.00E-12;6.51831;631.12
ENVIII;7;32;9.1246;42;-103;102.165;12.193;35.6634;-0.0984;0.2332;1.00E-12;6.49059;576.75
ENVIII;7;32;9.1246;42;-104;103.157;12.1879;35.6639;-0.0943;0.2391;1.00E-12;6.48822;594.13
ENVIII;7;32;9.1246;42;-105;104.149;12.19;35.6636;-0.1019;0.2389;1.00E-12;6.48483;1006.4
ENVIII;7;32;9.1246;42;-106;105.14;12.1883;35.6635;-0.0929;0.2335;1.00E-12;6.48229;825.26
ENVIII;7;32;9.1246;42;-107;106.132;12.1876;35.6635;-0.0916;0.2382;1.00E-12;6.48591;578.48
ENVIII;7;32;9.1246;42;-108;107.124;12.1895;35.6636;-0.0904;0.2463;1.00E-12;6.50079;576.62
ENVIII;7;32;9.1246;42;-109;108.115;12.1903;35.6636;-0.0916;0.2486;1.00E-12;6.47848;795.33
ENVIII;7;32;9.1246;42;-110;109.107;12.1843;35.6638;-0.0951;0.2456;1.00E-12;6.47361;1152.3
ENVIII;7;32;9.1246;42;-111;110.098;12.1796;35.6642;-0.096;0.2463;1.00E-12;6.4851;1154.9
ENVIII;7;32;9.1246;42;-112;111.09;12.1761;35.6646;-0.088;0.2515;1.00E-12;6.47108;681.52
ENVIII;7;32;9.1246;42;-113;112.082;12.1751;35.6646;-0.088;0.2476;1.00E-12;6.447;571.02
ENVIII;7;32;9.1246;42;-114;113.073;12.1749;35.6647;-0.0936;0.2513;1.00E-12;6.45928;639
ENVIII;7;32;9.1246;42;-115;114.065;12.1749;35.6645;-0.0873;0.3102;1.00E-12;6.4761;991.57
ENVIII;7;32;9.1246;42;-116;115.056;12.1712;35.6642;-0.0903;0.2805;1.00E-12;6.45765;1026
ENVIII;7;32;9.1246;42;-117;116.048;12.1511;35.6639;-0.0882;0.2861;1.00E-12;6.42505;649.9
ENVIII;7;32;9.1246;42;-118;117.04;12.1402;35.6642;-0.0827;0.3412;1.00E-12;6.37784;575.52
ENVIII;7;32;9.1246;42;-119;118.031;12.1342;35.6632;-0.0825;0.3446;1.00E-12;6.36207;629.17
ENVIII;7;32;9.1246;42;-120;119.023;12.1164;35.6621;-0.082;0.4056;1.00E-12;6.34226;899.51
ENVIII;7;32;9.1246;42;-121;120.014;12.0966;35.6616;-0.088;0.5879;1.00E-12;6.32572;586.64
ENVIII;7;32;9.1246;42;-122;121.006;12.0847;35.6607;-0.0799;0.713;1.00E-12;6.33204;661.21
ENVIII;7;32;9.1246;42;-123;121.997;12.0797;35.6607;-0.0805;0.9752;1.00E-12;6.33527;879.96
ENVIII;7;32;9.1246;42;-124;122.989;12.079;35.6605;-0.0741;1.1726;1.00E-12;6.3104;629.58
ENVIII;7;32;9.1246;42;-125;123.98;12.079;35.6604;-0.0762;1.177;1.00E-12;6.29899;589.11
ENVIII;7;32;9.1246;42;-126;124.972;12.0789;35.6603;-0.0754;1.2336;1.00E-12;6.29946;875.73
ENVIII;7;32;9.1246;42;-127;125.964;12.079;35.6602;-0.0604;1.2967;1.00E-12;6.29989;711.25
ENVIII;7;32;9.1246;42;-128;126.955;12.079;35.6602;-0.0684;1.2857;1.00E-12;6.31489;585.96
ENVIII;7;32;9.1246;42;-129;127.947;12.0789;35.6602;-0.0625;1.3333;1.00E-12;6.28274;722.09
ENVIII;7;32;9.1246;42;-130;128.938;12.079;35.6601;-0.0726;1.3445;1.00E-12;6.29896;583.45
ENVIII;7;32;9.1246;42;-131;129.93;12.0791;35.6601;-0.0708;1.3321;1.00E-12;6.30233;703.52
ENVIII;7;32;9.1246;42;-132;130.921;12.079;35.66;-0.0593;1.3486;1.00E-12;6.29126;572.54
ENVIII;7;32;9.1246;42;-133;131.913;12.079;35.6601;-0.0704;1.381;1.00E-12;6.29595;707.29
ENVIII;7;32;9.1246;42;-134;132.904;12.0792;35.66;-0.0617;1.4335;1.00E-12;6.29488;1064.3
ENVIII;7;32;9.1246;42;-135;133.896;12.0791;35.66;-0.0573;1.396;1.00E-12;6.29471;586.76
ENVIII;7;32;9.1246;42;-136;134.887;12.0792;35.6599;-0.0579;1.3546;1.00E-12;6.31266;606.41
ENVIII;7;32;9.1246;42;-137;135.878;12.0794;35.66;-0.0635;1.4359;1.00E-12;6.31399;804.59
ENVIII;7;32;9.1246;42;-138;136.87;12.0793;35.6599;-0.0619;1.4728;1.00E-12;6.30837;634.53
ENVIII;7;32;9.1246;42;-139;137.862;12.0794;35.6599;-0.0618;1.4122;1.00E-12;6.29625;569.7
ENVIII;7;32;9.1246;42;-140;138.853;12.0796;35.6599;-0.0527;1.5088;1.00E-12;6.30488;579.96
ENVIII;7;32;9.1246;42;-141;139.844;12.0796;35.6599;-0.0668;1.5894;1.00E-12;6.29897;660.12
ENVIII;7;32;9.1246;42;-142;140.836;12.0796;35.6598;-0.0589;1.6831;1.00E-12;6.28476;591.83
ENVIII;7;32;9.1246;42;-143;141.827;12.0797;35.6598;-0.0625;1.1471;1.00E-12;6.27878;575.63
ENVIII;7;4;9.207;42;-4;3.968;14.9634;35.7351;4.0836;0.6569;433.51;7.01668;842.32
ENVIII;7;4;9.207;42;-5;4.961;14.757;35.6078;3.9724;0.6863;320.37;8.59549;660.14
ENVIII;7;4;9.207;42;-6;5.953;14.7367;35.6091;4.4184;0.6639;252.38;8.58876;650.26
ENVIII;7;4;9.207;42;-7;6.945;14.7082;35.6096;6.036;0.7006;189.4;8.57492;652.81
ENVIII;7;4;9.207;42;-8;7.937;14.6918;35.6093;6.6698;0.7079;149.9;8.56327;654.27
ENVIII;7;4;9.207;42;-9;8.929;14.6687;35.6095;6.8322;0.686;115.39;8.56459;653.85
ENVIII;7;4;9.207;42;-10;9.921;14.6595;35.6093;7.2723;0.7096;92.545;8.56129;650.21
ENVIII;7;4;9.207;42;-11;10.913;14.6528;35.609;6.9692;0.6534;74.909;8.51977;649.89
ENVIII;7;4;9.207;42;-12;11.905;14.6399;35.6089;6.7194;0.6727;58.243;8.5212;683.74
ENVIII;7;4;9.207;42;-13;12.898;14.6313;35.6089;6.5656;0.67;45.59;8.49078;651.4
ENVIII;7;4;9.207;42;-14;13.89;14.6267;35.6087;6.6597;0.7003;37.249;8.48358;648.52
ENVIII;7;4;9.207;42;-15;14.882;14.6214;35.6085;6.2421;0.6577;30.579;8.45442;649.15
ENVIII;7;4;9.207;42;-16;15.874;14.6211;35.6085;6.4832;0.685;23.869;8.47519;649.05
ENVIII;7;4;9.207;42;-17;16.866;14.6166;35.6084;6.4314;0.6696;18.917;8.47695;648.54
ENVIII;7;4;9.207;42;-18;17.858;14.6093;35.6083;6.6042;0.6773;15.812;8.46714;646.93
ENVIII;7;4;9.207;42;-19;18.85;14.5955;35.6083;6.6516;0.6697;12.937;8.44459;646.92
ENVIII;7;4;9.207;42;-20;19.842;14.5894;35.6083;6.6925;0.6614;10.274;8.43447;646.25
ENVIII;7;4;9.207;42;-21;20.834;14.5858;35.6085;6.8358;0.6535;8.2945;8.40772;796.32
ENVIII;7;4;9.207;42;-22;21.826;14.5855;35.6084;6.8674;0.6509;6.815;8.37474;854.65
ENVIII;7;4;9.207;42;-23;22.818;14.5849;35.6083;6.9793;0.6532;5.4984;8.39267;747.54
ENVIII;7;4;9.207;42;-24;23.81;14.5826;35.6082;6.7274;0.6879;4.4314;8.40576;1221.4
ENVIII;7;4;9.207;42;-25;24.802;14.5814;35.6083;6.9527;0.6822;3.6508;8.37918;1120.6
ENVIII;7;4;9.207;42;-26;25.794;14.5765;35.6081;6.8675;0.6504;2.9965;8.36528;1135.5
ENVIII;7;4;9.207;42;-27;26.786;14.5544;35.608;6.9846;0.6592;2.408;8.36938;1135.6
ENVIII;7;4;9.207;42;-28;27.778;14.5444;35.6082;6.9158;0.6765;1.959;8.30302;1058.2
ENVIII;7;4;9.207;42;-29;28.77;14.5265;35.6086;6.7344;0.682;1.6023;8.25724;699.55
ENVIII;7;4;9.207;42;-30;29.762;14.5235;35.6085;6.4457;0.6691;1.2989;8.21732;644.76
ENVIII;7;4;9.207;42;-31;30.754;14.5147;35.6083;6.547;0.6492;1.0605;8.2404;649.27
ENVIII;7;4;9.207;42;-32;31.746;14.4993;35.6084;6.4534;0.6766;0.87308;8.21452;649.04
ENVIII;7;4;9.207;42;-33;32.738;14.467;35.6084;6.1283;0.6118;0.70735;8.18276;649.52
ENVIII;7;4;9.207;42;-34;33.73;14.4299;35.6102;6.0249;0.6563;0.5504;8.19192;709.95
ENVIII;7;4;9.207;42;-35;34.722;14.4125;35.6113;5.9734;0.6452;0.45274;8.13523;1134.8
ENVIII;7;4;9.207;42;-36;35.714;14.3883;35.612;5.966;0.6397;0.3886;8.08088;916.14
ENVIII;7;4;9.207;42;-37;36.706;14.3489;35.6135;5.6518;0.6114;0.30741;8.02744;995.49
ENVIII;7;4;9.207;42;-38;37.698;14.3095;35.6159;5.5584;0.6;0.23654;7.98738;1122.8
ENVIII;7;4;9.207;42;-39;38.69;14.2683;35.6168;5.3794;0.6068;0.19182;7.94286;718.43
ENVIII;7;4;9.207;42;-40;39.682;14.2037;35.6197;4.8935;0.5996;0.15807;7.89148;978.55
ENVIII;7;4;9.207;42;-41;40.674;14.1288;35.6223;4.3313;0.5336;0.12624;7.77486;681.52
ENVIII;7;4;9.207;42;-42;41.666;14.081;35.6246;3.9959;0.5198;0.096808;7.70418;695.54
ENVIII;7;4;9.207;42;-43;42.658;14.031;35.6279;3.831;0.4946;0.075034;7.65372;696.7
ENVIII;7;4;9.207;42;-44;43.65;13.9873;35.6297;3.595;0.4697;0.057746;7.59975;646.63
ENVIII;7;4;9.207;42;-45;44.642;13.8978;35.6335;3.3397;0.45;0.041093;7.57306;643.78
ENVIII;7;4;9.207;42;-46;45.634;13.8189;35.6369;3.0859;0.432;0.032606;7.49765;644.11
ENVIII;7;4;9.207;42;-47;46.626;13.747;35.6379;2.5627;0.4125;0.022978;7.43217;644.39
ENVIII;7;4;9.207;42;-48;47.617;13.5854;35.6417;1.9396;0.4114;0.011223;7.3789;643.25
ENVIII;7;4;9.207;42;-49;48.609;13.4104;35.6462;1.3214;0.3453;0.004271;7.27826;644.38
ENVIII;7;4;9.207;42;-50;49.601;13.3546;35.648;1.0572;0.2965;0.00039692;7.17878;643.26
ENVIII;7;4;9.207;42;-51;50.593;13.3284;35.6438;1.098;0.293;-0.00001346;7.17864;643.17
ENVIII;7;4;9.207;42;-52;51.585;13.2667;35.6446;0.9775;0.2956;1.00E-12;7.18606;642.97
ENVIII;7;4;9.207;42;-53;52.577;13.2563;35.6471;0.9431;0.2745;1.00E-12;7.17421;643.86
ENVIII;7;4;9.207;42;-54;53.569;13.1769;35.6516;0.8499;0.2693;1.00E-12;7.15426;644.39
ENVIII;7;4;9.207;42;-55;54.561;13.0935;35.6617;0.6432;0.2417;1.00E-12;7.08251;644.39
ENVIII;7;4;9.207;42;-56;55.553;13.0577;35.6616;0.4999;0.2149;1.00E-12;7.00927;644.33
ENVIII;7;4;9.207;42;-57;56.545;12.9674;35.661;0.4887;0.2215;1.00E-12;7.00007;646.14
ENVIII;7;4;9.207;42;-58;57.536;12.8868;35.662;0.4211;0.2241;1.00E-12;7.01548;647.85
ENVIII;7;4;9.207;42;-59;58.528;12.8374;35.6664;0.3398;0.2105;1.00E-12;7.02846;648.36
ENVIII;7;4;9.207;42;-60;59.52;12.8277;35.6655;0.2932;0.2;1.00E-12;7.00825;648.38
ENVIII;7;4;9.207;42;-61;60.512;12.8211;35.6647;0.326;0.1979;1.00E-12;7.01482;648.07
ENVIII;7;4;9.207;42;-62;61.504;12.8188;35.6641;0.2968;0.2009;1.00E-12;7.00223;655.18
ENVIII;7;4;9.207;42;-63;62.496;12.8139;35.6633;0.2914;0.1976;1.00E-12;7.01907;700.82
ENVIII;7;4;9.207;42;-64;63.487;12.7914;35.664;0.2876;0.2019;1.00E-12;7.02631;672.22
ENVIII;7;4;9.207;42;-65;64.479;12.7815;35.6641;0.2377;0.1918;1.00E-12;6.99631;712.69
ENVIII;7;4;9.207;42;-66;65.471;12.7689;35.6633;0.2219;0.1893;1.00E-12;6.99677;1101.6
ENVIII;7;4;9.207;42;-67;66.463;12.7508;35.6623;0.2081;0.1987;1.00E-12;7.0085;1243.5
ENVIII;7;4;9.207;42;-68;67.455;12.7455;35.6619;0.2698;0.2075;1.00E-12;7.00104;1071.1
ENVIII;7;4;9.207;42;-69;68.447;12.7303;35.6605;0.2097;0.1883;1.00E-12;6.99438;1097.9
ENVIII;7;4;9.207;42;-70;69.438;12.7177;35.6605;0.2252;0.1975;1.00E-12;6.99074;1248.6
ENVIII;7;4;9.207;42;-71;70.43;12.7014;35.6616;0.1828;0.1967;1.00E-12;7.001;1250.4
ENVIII;7;4;9.207;42;-72;71.422;12.6813;35.6624;0.1516;0.3272;1.00E-12;6.99113;1250.1
ENVIII;7;4;9.207;42;-73;72.414;12.6642;35.6631;0.1056;0.2374;1.00E-12;6.98707;1246.4
ENVIII;7;4;9.207;42;-74;73.405;12.6526;35.6627;0.0733;0.2108;1.00E-12;6.95283;1249.4
ENVIII;7;4;9.207;42;-75;74.397;12.639;35.6615;0.0557;0.1772;1.00E-12;6.94426;1251.1
ENVIII;7;4;9.207;42;-76;75.389;12.633;35.6607;0.0628;0.182;1.00E-12;6.9628;1251.3
ENVIII;7;4;9.207;42;-77;76.381;12.6316;35.6602;0.0618;0.1778;1.00E-12;6.96491;1252.9
ENVIII;7;4;9.207;42;-78;77.373;12.6119;35.658;0.0614;0.1767;1.00E-12;6.96415;1251.6
ENVIII;7;4;9.207;42;-79;78.364;12.5916;35.6565;0.0411;0.1831;1.00E-12;6.96152;1252.5
ENVIII;7;4;9.207;42;-80;79.356;12.5698;35.6568;0.0362;0.1734;1.00E-12;6.96506;1225.1
ENVIII;7;4;9.207;42;-81;80.348;12.5532;35.6569;0.0256;0.1677;1.00E-12;6.97282;1230.6
ENVIII;7;4;9.207;42;-82;81.34;12.5364;35.6563;0.0009;0.1758;1.00E-12;6.96509;1254.2
ENVIII;7;4;9.207;42;-83;82.331;12.5219;35.6564;-0.001;0.1784;1.00E-12;6.93814;1252
ENVIII;7;4;9.207;42;-84;83.323;12.5156;35.6563;-0.0268;0.1841;1.00E-12;6.91979;1249.8
ENVIII;7;4;9.207;42;-85;84.315;12.511;35.6561;-0.0332;0.1789;1.00E-12;6.91972;1253.1
ENVIII;7;4;9.207;42;-86;85.307;12.507;35.6556;-0.0203;0.1758;1.00E-12;6.9029;1250.4
ENVIII;7;4;9.207;42;-87;86.298;12.504;35.6553;-0.0298;0.1768;1.00E-12;6.90974;1244
ENVIII;7;4;9.207;42;-88;87.29;12.5023;35.6552;-0.0474;0.1739;1.00E-12;6.91407;1171
ENVIII;7;4;9.207;42;-89;88.282;12.4946;35.6542;-0.0257;0.1807;1.00E-12;6.92202;923.26
ENVIII;7;4;9.207;42;-90;89.273;12.4581;35.6539;-0.0586;0.1798;1.00E-12;6.91605;1035.8
ENVIII;7;4;9.207;42;-91;90.265;12.4345;35.6538;-0.0537;0.1722;1.00E-12;6.88836;1250.7
ENVIII;7;4;9.207;42;-92;91.257;12.4163;35.6544;-0.0674;0.1786;1.00E-12;6.85217;1126
ENVIII;7;4;9.207;42;-93;92.249;12.4076;35.6547;-0.0775;0.1784;1.00E-12;6.86124;723.02
ENVIII;7;4;9.207;42;-94;93.24;12.3969;35.6548;-0.0679;0.1784;1.00E-12;6.85861;663.46
ENVIII;7;4;9.207;42;-95;94.232;12.3901;35.6553;-0.0657;0.1775;1.00E-12;6.84977;854.89
ENVIII;7;4;9.207;42;-96;95.224;12.3878;35.6552;-0.0573;0.1765;1.00E-12;6.83671;1145.2
ENVIII;7;4;9.207;42;-97;96.215;12.3866;35.6552;-0.0816;0.1841;1.00E-12;6.81397;1234.6
ENVIII;7;4;9.207;42;-98;97.207;12.3749;35.6551;-0.09;0.1806;1.00E-12;6.81802;1201.3
ENVIII;7;4;9.207;42;-99;98.199;12.3645;35.6561;-0.0671;0.1782;1.00E-12;6.809;714.68
ENVIII;7;4;9.207;42;-100;99.19;12.3629;35.6561;-0.0779;0.1847;1.00E-12;6.77973;651.58
ENVIII;7;4;9.207;42;-101;100.182;12.361;35.6561;-0.0821;0.1894;1.00E-12;6.76943;671.04
ENVIII;7;4;9.207;42;-102;101.174;12.357;35.6562;-0.089;0.188;1.00E-12;6.77503;1182.6
ENVIII;7;4;9.207;42;-103;102.165;12.3537;35.6563;-0.084;0.1871;1.00E-12;6.75304;1117.5
ENVIII;7;4;9.207;42;-104;103.157;12.3531;35.6562;-0.0863;0.1969;1.00E-12;6.76736;929.11
ENVIII;7;4;9.207;42;-105;104.149;12.3512;35.6563;-0.0879;0.1917;1.00E-12;6.77702;1069.4
ENVIII;7;4;9.207;42;-106;105.14;12.3497;35.6563;-0.088;0.2016;1.00E-12;6.77374;802.2
ENVIII;7;4;9.207;42;-107;106.132;12.3483;35.6564;-0.0897;0.1917;1.00E-12;6.77135;737.05
ENVIII;7;4;9.207;42;-108;107.123;12.346;35.6565;-0.0917;0.1967;1.00E-12;6.76203;1033.4
ENVIII;7;4;9.207;42;-109;108.115;12.3405;35.6568;-0.0916;0.1933;1.00E-12;6.75661;1080
ENVIII;7;4;9.207;42;-110;109.107;12.3351;35.6572;-0.0915;0.1914;1.00E-12;6.7495;1050.8
ENVIII;7;4;9.207;42;-111;110.098;12.3195;35.6606;-0.0931;0.1965;1.00E-12;6.75418;1242.4
ENVIII;7;4;9.207;42;-112;111.09;12.3148;35.6616;-0.0936;0.1967;1.00E-12;6.7188;1252.2
ENVIII;7;4;9.207;42;-113;112.081;12.3128;35.6614;-0.0917;0.2078;1.00E-12;6.64912;1153
ENVIII;7;4;9.207;42;-114;113.073;12.3033;35.6613;-0.0949;0.2027;1.00E-12;6.63526;1005.6
ENVIII;7;4;9.207;42;-115;114.065;12.2954;35.6623;-0.0929;0.2033;1.00E-12;6.63539;1244.2
ENVIII;7;4;9.207;42;-116;115.056;12.2901;35.6633;-0.0978;0.2079;1.00E-12;6.63062;1254.8
ENVIII;7;4;9.207;42;-117;116.048;12.2804;35.6662;-0.1036;0.2064;1.00E-12;6.60613;1254.2
ENVIII;7;4;9.207;42;-118;117.04;12.2747;35.6678;-0.0986;0.2094;1.00E-12;6.56042;1254.9
ENVIII;7;4;9.207;42;-119;118.031;12.2693;35.6682;-0.098;0.2111;1.00E-12;6.5243;1255
ENVIII;7;4;9.207;42;-120;119.022;12.2666;35.6684;-0.0909;0.2184;1.00E-12;6.51209;1255.1
ENVIII;7;4;9.207;42;-121;120.014;12.2639;35.6679;-0.0971;0.2223;1.00E-12;6.50875;1256.1
ENVIII;7;4;9.207;42;-122;121.006;12.2585;35.6677;-0.0939;0.22;1.00E-12;6.51003;1256
ENVIII;7;4;9.207;42;-123;121.997;12.2498;35.6679;-0.0909;0.2158;1.00E-12;6.51696;1255.8
ENVIII;7;4;9.207;42;-124;122.989;12.2457;35.6679;-0.0948;0.2246;1.00E-12;6.48946;1258
ENVIII;7;4;9.207;42;-125;123.98;12.2422;35.6679;-0.0952;0.2172;1.00E-12;6.47272;1258.8
ENVIII;7;4;9.207;42;-126;124.972;12.2357;35.668;-0.074;0.2203;1.00E-12;6.47136;1258.7
ENVIII;7;4;9.207;42;-127;125.964;12.2267;35.6684;-0.0923;0.232;1.00E-12;6.47915;1255.1
ENVIII;7;4;9.207;42;-128;126.955;12.2248;35.6685;-0.0916;0.2351;1.00E-12;6.47518;1196.6
ENVIII;7;4;9.207;42;-129;127.947;12.223;35.6684;-0.0894;0.2403;1.00E-12;6.45838;1258.2
ENVIII;7;4;9.207;42;-130;128.938;12.2193;35.6683;-0.0901;0.2227;1.00E-12;6.46497;1262.2
ENVIII;7;4;9.207;42;-131;129.93;12.2106;35.668;-0.0866;0.2271;1.00E-12;6.46694;1246.6
ENVIII;7;4;9.207;42;-132;130.921;12.2047;35.6684;-0.093;0.2244;1.00E-12;6.46251;1239.5
ENVIII;7;4;9.207;42;-133;131.913;12.2014;35.6684;-0.0899;0.2314;1.00E-12;6.458;1263.4
ENVIII;7;4;9.207;42;-134;132.904;12.1992;35.6688;-0.0744;0.2515;1.00E-12;6.43087;1264.6
ENVIII;7;4;9.207;42;-135;133.896;12.1976;35.6688;-0.0811;0.2626;1.00E-12;6.4215;1254.1
ENVIII;7;4;9.207;42;-136;134.887;12.1971;35.6686;-0.0882;0.2713;1.00E-12;6.40915;1233.1
ENVIII;7;4;9.207;42;-137;135.879;12.1968;35.6687;-0.0815;0.2574;1.00E-12;6.42031;1252.7
ENVIII;7;4;9.207;42;-138;136.87;12.1908;35.6679;-0.0812;0.2715;1.00E-12;6.40053;1256
ENVIII;7;4;9.207;42;-139;137.862;12.1823;35.668;-0.0825;0.2957;1.00E-12;6.4008;1196.6
ENVIII;7;4;9.207;42;-140;138.853;12.1728;35.6672;-0.0811;0.3286;1.00E-12;6.41605;1024.2
ENVIII;7;4;9.207;42;-141;139.845;12.1554;35.6658;-0.081;0.3613;1.00E-12;6.38064;1247.7
ENVIII;7;4;9.207;42;-142;140.836;12.1403;35.6652;-0.0922;0.3896;1.00E-12;6.38075;1262.2
ENVIII;7;4;9.207;42;-143;141.827;12.1269;35.6639;-0.0809;0.4288;1.00E-12;6.39761;1181.6
ENVIII;7;4;9.207;42;-144;142.819;12.1101;35.6633;-0.0841;0.5026;1.00E-12;6.38512;832.13
ENVIII;7;4;9.207;42;-145;143.81;12.1033;35.663;-0.0753;0.5426;1.00E-12;6.35845;1206
ENVIII;7;4;9.207;42;-146;144.802;12.1012;35.663;-0.0858;0.6172;1.00E-12;6.36592;1257.9
ENVIII;7;4;9.207;42;-147;145.793;12.1002;35.663;-0.0754;0.7163;1.00E-12;6.35247;1198.6
ENVIII;7;4;9.207;42;-148;146.785;12.0971;35.6629;-0.0723;0.7753;1.00E-12;6.34113;730.63
ENVIII;7;4;9.207;42;-149;147.776;12.0932;35.6624;-0.0723;0.8376;1.00E-12;6.3396;1133.7
ENVIII;7;4;9.207;42;-150;148.767;12.091;35.6621;-0.0707;0.9173;1.00E-12;6.33593;1247
ENVIII;7;4;9.207;42;-151;149.759;12.0835;35.6616;-0.0698;0.9103;1.00E-12;6.33836;976.13
ENVIII;7;4;9.207;42;-152;150.75;12.081;35.6613;-0.0695;0.9363;1.00E-12;6.36233;1098.7
ENVIII;7;4;9.207;42;-153;151.742;12.0805;35.6614;-0.0752;0.9368;1.00E-12;6.35299;1005.7
ENVIII;7;4;9.207;42;-154;152.733;12.0782;35.6611;-0.0692;1.0285;1.00E-12;6.33473;1032.8
ENVIII;7;4;9.207;42;-155;153.725;12.0778;35.661;-0.0692;1.0929;1.00E-12;6.32704;1233.5
ENVIII;7;4;9.207;42;-156;154.716;12.0771;35.6609;-0.0628;1.149;1.00E-12;6.32505;1191.3
ENVIII;7;4;9.207;42;-157;155.707;12.0766;35.6608;-0.0697;1.1688;1.00E-12;6.32923;1033.3
ENVIII;7;4;9.207;42;-158;156.699;12.0767;35.6607;-0.0688;1.1435;1.00E-12;6.33324;1254.1
ENVIII;7;4;9.207;42;-159;157.69;12.0768;35.6607;-0.0689;1.2229;1.00E-12;6.33569;1247.3
ENVIII;7;4;9.207;42;-160;158.682;12.0768;35.6607;-0.0655;1.2998;1.00E-12;6.32668;1247.4
ENVIII;7;4;9.207;42;-161;159.673;12.0769;35.6607;-0.0649;1.2439;1.00E-12;6.31689;1246.8
ENVIII;7;4;9.207;42;-162;160.664;12.0768;35.6607;-0.0622;1.2624;1.00E-12;6.32759;1249.2
ENVIII;7;4;9.207;42;-163;161.656;12.0757;35.6603;-0.0649;1.0297;1.00E-12;6.31674;1247.5
ENVIII;7;41;9.308;42;-4;3.969;15.7652;35.6604;1.8388;0.6086;615.63;6.96746;1473.4
ENVIII;7;41;9.308;42;-5;4.961;15.0864;35.6079;2.0964;0.6807;485.37;8.68142;1474.9
ENVIII;7;41;9.308;42;-6;5.953;15.0694;35.6089;2.775;0.7227;383.01;8.6126;1472.5
ENVIII;7;41;9.308;42;-7;6.945;15.037;35.609;3.488;0.72;299.26;8.57086;1470.3
ENVIII;7;41;9.308;42;-8;7.937;15.0038;35.6089;3.7645;0.6777;235.79;8.53909;1470
ENVIII;7;41;9.308;42;-9;8.929;14.912;35.6102;4.466;0.7065;187.71;8.50135;1470.9
ENVIII;7;41;9.308;42;-10;9.921;14.8708;35.6104;5.1141;0.6483;151.33;8.38614;1470.4
ENVIII;7;41;9.308;42;-11;10.913;14.8278;35.6111;6.423;0.6814;119.12;8.33254;1468
ENVIII;7;41;9.308;42;-12;11.905;14.814;35.6109;6.0759;0.677;96.656;8.2847;1471.5
ENVIII;7;41;9.308;42;-13;12.898;14.7953;35.611;5.963;0.6526;75.311;8.27478;1468.8
ENVIII;7;41;9.308;42;-14;13.89;14.7368;35.6124;5.7499;0.6441;60.09;8.20052;1468.3
ENVIII;7;41;9.308;42;-15;14.882;14.6593;35.6158;5.3559;0.6152;50.116;8.10191;1469
ENVIII;7;41;9.308;42;-16;15.874;14.6228;35.6159;5.0029;0.557;41.324;7.9392;1468.5
ENVIII;7;41;9.308;42;-17;16.866;14.5193;35.62;4.7848;0.5743;32.505;7.8852;1463
ENVIII;7;41;9.308;42;-18;17.858;14.4544;35.622;4.0041;0.5247;27.327;7.81165;1463.3
ENVIII;7;41;9.308;42;-19;18.85;14.4039;35.6231;3.7667;0.5027;23.856;7.72534;1466.8
ENVIII;7;41;9.308;42;-20;19.842;14.3419;35.6233;4.1149;0.4819;20.341;7.66875;1463.3
ENVIII;7;41;9.308;42;-21;20.834;14.208;35.6292;3.4447;0.4726;17.117;7.64052;1463
ENVIII;7;41;9.308;42;-22;21.826;14.1693;35.6298;2.8144;0.4326;15.096;7.50393;1465.4
ENVIII;7;41;9.308;42;-23;22.818;14.1097;35.6312;2.493;0.401;13.301;7.42193;1465.3
ENVIII;7;41;9.308;42;-24;23.81;14.0213;35.6343;2.2446;0.398;11.471;7.40214;1463.8
ENVIII;7;41;9.308;42;-25;24.802;13.9104;35.6373;1.899;0.3735;10.391;7.34108;1464.4
ENVIII;7;41;9.308;42;-26;25.794;13.8413;35.6405;1.5672;0.327;9.3812;7.23689;1464.5
ENVIII;7;41;9.308;42;-27;26.786;13.8301;35.6399;1.6558;0.3339;8.1948;7.19687;1460.6
ENVIII;7;41;9.308;42;-28;27.778;13.827;35.6396;1.5289;0.3349;7.4539;7.20631;1462.3
ENVIII;7;41;9.308;42;-29;28.77;13.8162;35.6393;1.5527;0.327;6.9055;7.21255;1463.2
ENVIII;7;41;9.308;42;-30;29.762;13.7848;35.6399;1.5155;0.3202;6.2557;7.21341;1461.2
ENVIII;7;41;9.308;42;-31;30.754;13.7441;35.6411;1.4119;0.3052;5.6066;7.18586;1462
ENVIII;7;41;9.308;42;-32;31.746;13.6737;35.6442;1.3006;0.3508;5.0944;7.16889;1463.4
ENVIII;7;41;9.308;42;-33;32.738;13.6438;35.6455;1.2998;0.2984;4.6989;7.12754;1464.5
ENVIII;7;41;9.308;42;-34;33.73;13.6299;35.6462;1.2211;0.2866;4.3437;7.07148;1466.8
ENVIII;7;41;9.308;42;-35;34.722;13.6262;35.646;1.1589;0.2755;3.9296;7.09706;1466.5
ENVIII;7;41;9.308;42;-36;35.714;13.6242;35.6459;1.143;0.2833;3.5528;7.09806;1465.5
ENVIII;7;41;9.308;42;-37;36.706;13.6209;35.6458;1.2513;0.2842;3.2962;7.09452;1468.3
ENVIII;7;41;9.308;42;-38;37.698;13.6071;35.6456;1.2381;0.2847;3.0755;7.09532;1469.3
ENVIII;7;41;9.308;42;-39;38.69;13.5332;35.6485;1.1832;0.2763;2.7785;7.08816;1468.3
ENVIII;7;41;9.308;42;-40;39.682;13.4387;35.653;1.0203;0.2725;2.5386;7.05072;1470
ENVIII;7;41;9.308;42;-41;40.674;13.3503;35.6559;0.8084;0.2543;2.3699;7.01447;1470
ENVIII;7;41;9.308;42;-42;41.666;13.2856;35.6596;0.6839;0.2283;2.1976;6.95531;1468.2
ENVIII;7;41;9.308;42;-43;42.658;13.2595;35.6601;0.6458;0.2185;2.0069;6.94142;1469.4
ENVIII;7;41;9.308;42;-44;43.65;13.2385;35.6604;0.6352;0.223;1.8621;6.95239;1470
ENVIII;7;41;9.308;42;-45;44.642;13.1837;35.6601;0.608;0.2309;1.7622;6.93223;1470.3
ENVIII;7;41;9.308;42;-46;45.633;13.1028;35.662;0.5689;0.2127;1.6552;6.92056;1473.4
ENVIII;7;41;9.308;42;-47;46.626;13.0398;35.6648;0.4566;0.2159;1.5259;6.87473;1475.6
ENVIII;7;41;9.308;42;-48;47.617;13.0334;35.6648;0.4176;0.2083;1.4109;6.86194;1477.2
ENVIII;7;41;9.308;42;-49;48.609;13.0232;35.6644;0.3943;0.2028;1.314;6.85943;1476.9
ENVIII;7;41;9.308;42;-50;49.601;13.0055;35.6636;0.3459;0.2111;1.2373;6.84813;1476.3
ENVIII;7;41;9.308;42;-51;50.593;12.967;35.6651;0.3127;0.2081;1.1606;6.83924;1477.7
ENVIII;7;41;9.308;42;-52;51.585;12.9522;35.6655;0.3021;0.2005;1.1038;6.83704;1482.4
ENVIII;7;41;9.308;42;-53;52.577;12.933;35.6658;0.2872;0.1942;1.031;6.83871;1482.7
ENVIII;7;41;9.308;42;-54;53.569;12.9294;35.6654;0.2928;0.1932;0.95519;6.83503;1478.6
ENVIII;7;41;9.308;42;-55;54.561;12.9051;35.6649;0.2692;0.1948;0.89393;6.84529;1478.9
ENVIII;7;41;9.308;42;-56;55.552;12.8586;35.666;0.2522;0.2069;0.84024;6.8603;1481.3
ENVIII;7;41;9.308;42;-57;56.544;12.7969;35.667;0.1865;0.1955;0.80001;6.83461;1483
ENVIII;7;41;9.308;42;-58;57.536;12.7691;35.6688;0.1466;0.1824;0.75494;6.80586;1482
ENVIII;7;41;9.308;42;-59;58.528;12.7633;35.6685;0.1355;0.1973;0.70241;6.79468;1480.6
ENVIII;7;41;9.308;42;-60;59.52;12.738;35.6661;0.1254;0.1927;0.65559;6.79591;1480.3
ENVIII;7;41;9.308;42;-61;60.512;12.6433;35.6669;0.0984;0.1903;0.61967;6.79586;1481.1
ENVIII;7;41;9.308;42;-62;61.504;12.615;35.6696;0.0365;0.1857;0.5886;6.79544;1482.2
ENVIII;7;41;9.308;42;-63;62.496;12.6055;35.6688;0.0224;0.1907;0.55601;6.77141;1481.3
ENVIII;7;41;9.308;42;-64;63.487;12.5936;35.668;0.0428;0.1979;0.52453;6.77631;1478.8
ENVIII;7;41;9.308;42;-65;64.479;12.5836;35.6679;0.0096;0.1866;0.49457;6.76658;1479.1
ENVIII;7;41;9.308;42;-66;65.471;12.5767;35.6679;-0.0127;0.184;0.46489;6.76767;1481.1
ENVIII;7;41;9.308;42;-67;66.463;12.5753;35.6678;-0.0219;0.1838;0.4374;6.76392;1483.6
ENVIII;7;41;9.308;42;-68;67.455;12.5743;35.6676;-0.0203;0.2019;0.41219;6.76673;1482.4
ENVIII;7;41;9.308;42;-69;68.447;12.5712;35.6674;-0.0203;0.1877;0.3859;6.77003;1481.8
ENVIII;7;41;9.308;42;-70;69.438;12.5663;35.6675;-0.0203;0.1973;0.36457;6.77946;1482.3
ENVIII;7;41;9.308;42;-71;70.43;12.5633;35.6679;-0.0195;0.1921;0.34861;6.77556;1482.3
ENVIII;7;41;9.308;42;-72;71.422;12.5613;35.6682;-0.0281;0.1861;0.33185;6.75283;1483.3
ENVIII;7;41;9.308;42;-73;72.414;12.5595;35.6683;-0.0194;0.1971;0.31229;6.75057;1484
ENVIII;7;41;9.308;42;-74;73.405;12.5572;35.6684;-0.019;0.19;0.29095;6.76131;1482
ENVIII;7;41;9.308;42;-75;74.397;12.5511;35.669;-0.0122;0.1915;0.27483;6.75282;1482.7
ENVIII;7;41;9.308;42;-76;75.389;12.5441;35.6697;-0.0278;0.1915;0.25905;6.75119;1484.8
ENVIII;7;41;9.308;42;-77;76.381;12.5403;35.6696;-0.0303;0.1923;0.2456;6.74557;1487.7
ENVIII;7;41;9.308;42;-78;77.373;12.5356;35.6696;-0.0246;0.1906;0.23214;6.73646;1486.8
ENVIII;7;41;9.308;42;-79;78.364;12.5283;35.6696;-0.0324;0.1886;0.21517;6.72015;1486.3
ENVIII;7;41;9.308;42;-80;79.356;12.5219;35.6694;-0.0338;0.1886;0.20271;6.7145;1486.5
ENVIII;7;41;9.308;42;-81;80.348;12.5102;35.6696;-0.0413;0.2032;0.18999;6.71264;1486.3
ENVIII;7;41;9.308;42;-82;81.34;12.5011;35.6701;-0.0382;0.1969;0.18107;6.70646;1488
ENVIII;7;41;9.308;42;-83;82.331;12.4985;35.6699;-0.0454;0.1959;0.17061;6.69806;1488.3
ENVIII;7;41;9.308;42;-84;83.323;12.4962;35.6701;-0.0335;0.1918;0.15886;6.68483;1488.5
ENVIII;7;41;9.308;42;-85;84.315;12.4956;35.6702;-0.0279;0.1906;0.14747;6.68582;1488.3
ENVIII;7;41;9.308;42;-86;85.307;12.4935;35.6702;-0.0396;0.2004;0.13633;6.69055;1488
ENVIII;7;41;9.308;42;-87;86.298;12.4926;35.6703;-0.032;0.1942;0.12548;6.67222;1488.3
ENVIII;7;41;9.308;42;-88;87.29;12.4911;35.6703;-0.0414;0.2;0.11998;6.67906;1488.3
ENVIII;7;41;9.308;42;-89;88.282;12.49;35.6708;-0.0419;0.215;0.11126;6.68235;1488.3
ENVIII;7;41;9.308;42;-90;89.274;12.4897;35.671;-0.0379;0.2388;0.10272;6.66819;1488.3
ENVIII;7;41;9.308;42;-91;90.265;12.4887;35.671;-0.0448;0.2034;0.093939;6.66791;1488
ENVIII;7;41;9.308;42;-92;91.257;12.4853;35.6718;-0.0365;0.1942;0.086822;6.66094;1486.8
ENVIII;7;41;9.308;42;-93;92.249;12.4816;35.6728;-0.0379;0.1994;0.07908;6.66464;1486
ENVIII;7;41;9.308;42;-94;93.24;12.4787;35.6729;-0.0253;0.2034;0.076155;6.65449;1484.2
ENVIII;7;41;9.308;42;-95;94.232;12.4755;35.673;-0.0262;0.2098;0.07369;6.64194;1485.3
ENVIII;7;41;9.308;42;-96;95.224;12.4656;35.6737;-0.0386;0.2059;0.066439;6.63295;1486.4
ENVIII;7;41;9.308;42;-97;96.215;12.4629;35.6739;-0.0451;0.2089;0.061413;6.63274;1486.1
ENVIII;7;41;9.308;42;-98;97.207;12.4623;35.6737;-0.0451;0.2094;0.056045;6.62104;1484.3
ENVIII;7;41;9.308;42;-99;98.199;12.4573;35.6739;-0.0447;0.2177;0.051374;6.62846;1484.3
ENVIII;7;41;9.308;42;-100;99.19;12.4533;35.6742;-0.0437;0.211;0.046766;6.62305;1482.6
ENVIII;7;41;9.308;42;-101;100.182;12.4502;35.6744;-0.0324;0.2041;0.040337;6.60796;1482.3
ENVIII;7;41;9.308;42;-102;101.174;12.4471;35.6745;-0.0418;0.2078;0.038188;6.58857;1482.7
ENVIII;7;41;9.308;42;-103;102.165;12.4455;35.6744;-0.0355;0.2184;0.034973;6.58239;1484.1
ENVIII;7;41;9.308;42;-104;103.157;12.4436;35.6744;-0.0429;0.218;0.031437;6.57096;1482.3
ENVIII;7;41;9.308;42;-105;104.149;12.4358;35.6748;-0.0434;0.2114;0.025906;6.56697;1482.6
ENVIII;7;41;9.308;42;-106;105.14;12.4331;35.675;-0.0447;0.2146;0.023353;6.57919;1484.6
ENVIII;7;41;9.308;42;-107;106.132;12.4293;35.6753;-0.0383;0.2194;0.020624;6.56797;1484.4
ENVIII;7;41;9.308;42;-108;107.124;12.4272;35.6753;-0.042;0.2135;0.01609;6.54931;1482.1
ENVIII;7;41;9.308;42;-109;108.115;12.4173;35.6759;-0.0422;0.2133;0.015676;6.54478;1482.4
ENVIII;7;41;9.308;42;-110;109.107;12.4146;35.676;-0.0323;0.2323;0.013118;6.54793;1484.2
ENVIII;7;41;9.308;42;-111;110.098;12.403;35.6757;-0.0444;0.2248;0.0077321;6.53051;1483.7
ENVIII;7;41;9.308;42;-112;111.09;12.3998;35.676;-0.0447;0.2281;0.0039861;6.51805;1483.1
ENVIII;7;41;9.308;42;-113;112.082;12.3954;35.6758;-0.0458;0.2327;0.0016449;6.51603;1482.3
ENVIII;7;41;9.308;42;-114;113.073;12.3917;35.6758;-0.0597;0.2275;0.00050814;6.49455;1481.6
ENVIII;7;41;9.308;42;-115;114.065;12.3876;35.676;-0.0423;0.2253;8.41E-07;6.48353;1481.4
ENVIII;7;41;9.308;42;-116;115.056;12.3856;35.6758;-0.0432;0.231;-0.000001123;6.48016;1481.3
ENVIII;7;41;9.308;42;-117;116.048;12.3817;35.6759;-0.0451;0.2386;1.00E-12;6.49136;1481.6
ENVIII;7;41;9.308;42;-118;117.039;12.3801;35.6759;-0.0461;0.2408;1.00E-12;6.49856;1481.3
ENVIII;7;41;9.308;42;-119;118.031;12.3791;35.676;-0.0444;0.2427;1.00E-12;6.49183;1480.2
ENVIII;7;41;9.308;42;-120;119.023;12.3758;35.6758;-0.0446;0.2392;1.00E-12;6.47757;1479.1
ENVIII;7;41;9.308;42;-121;120.014;12.3708;35.6762;-0.0464;0.2408;1.00E-12;6.47818;1480
ENVIII;7;41;9.308;42;-122;121.006;12.3699;35.6762;-0.0448;0.2374;1.00E-12;6.47243;1479.8
ENVIII;7;41;9.308;42;-123;121.997;12.3688;35.6762;-0.0447;0.2518;1.00E-12;6.46304;1478.3
ENVIII;7;41;9.308;42;-124;122.989;12.3666;35.6763;-0.0442;0.2444;1.00E-12;6.47155;1476.9
ENVIII;7;41;9.308;42;-125;123.98;12.365;35.6762;-0.0438;0.2395;1.00E-12;6.46752;1475.8
ENVIII;7;41;9.308;42;-126;124.972;12.3637;35.6763;-0.0435;0.2469;1.00E-12;6.4532;1476
ENVIII;7;41;9.308;42;-127;125.964;12.3632;35.6762;-0.0431;0.2514;1.00E-12;6.44591;1476.2
ENVIII;7;41;9.308;42;-128;126.955;12.3624;35.6763;-0.0374;0.2494;1.00E-12;6.43179;1473.3
ENVIII;7;41;9.308;42;-129;127.947;12.3595;35.676;-0.0432;0.2527;1.00E-12;6.43197;1470.4
ENVIII;7;41;9.308;42;-130;128.938;12.3576;35.6762;-0.0452;0.2521;1.00E-12;6.45018;1471.1
ENVIII;7;41;9.308;42;-131;129.929;12.3573;35.6761;-0.0408;0.2515;1.00E-12;6.4406;1472.2
ENVIII;7;41;9.308;42;-132;130.921;12.3555;35.676;-0.0426;0.2496;1.00E-12;6.43314;1472.3
ENVIII;7;41;9.308;42;-133;131.913;12.3532;35.676;-0.0502;0.2574;1.00E-12;6.44142;1472.4
ENVIII;7;41;9.308;42;-134;132.904;12.3503;35.676;-0.0428;0.2516;1.00E-12;6.4372;1472.7
ENVIII;7;41;9.308;42;-135;133.896;12.347;35.6758;-0.0443;0.2533;1.00E-12;6.42239;1472.3
ENVIII;7;41;9.308;42;-136;134.887;12.3422;35.6757;-0.046;0.2544;1.00E-12;6.4224;1472.8
ENVIII;7;41;9.308;42;-137;135.879;12.3353;35.6754;-0.0444;0.2558;1.00E-12;6.40854;1474.1
ENVIII;7;41;9.308;42;-138;136.87;12.3316;35.6756;-0.0451;0.2639;1.00E-12;6.42001;1472.3
ENVIII;7;41;9.308;42;-139;137.862;12.3315;35.6755;-0.0451;0.2597;1.00E-12;6.42829;1472.3
ENVIII;7;41;9.308;42;-140;138.853;12.3305;35.6753;-0.0423;0.2637;1.00E-12;6.41876;1472.2
ENVIII;7;41;9.308;42;-141;139.844;12.3274;35.6753;-0.0433;0.2598;1.00E-12;6.42268;1472.3
ENVIII;7;41;9.308;42;-142;140.836;12.3278;35.6753;-0.0559;0.2544;1.00E-12;6.42905;1472.2
ENVIII;7;41;9.308;42;-143;141.827;12.3281;35.6752;-0.0472;0.2559;1.00E-12;6.42535;1471.5
ENVIII;7;41;9.308;42;-144;142.819;12.3257;35.6749;-0.069;0.2551;1.00E-12;6.4115;1470
ENVIII;7;41;9.308;42;-145;143.81;12.3205;35.6749;-0.0663;0.2731;1.00E-12;6.40987;1468.3
ENVIII;7;41;9.308;42;-146;144.802;12.3167;35.6743;-0.046;0.2659;1.00E-12;6.42148;1469.9
ENVIII;7;41;9.308;42;-147;145.793;12.3013;35.6744;-0.0726;0.2516;1.00E-12;6.43107;1470.9
ENVIII;7;41;9.308;42;-148;146.785;12.2997;35.6746;-0.0712;0.2577;1.00E-12;6.40211;1470.7
ENVIII;7;41;9.308;42;-149;147.776;12.2991;35.6744;-0.0526;0.267;1.00E-12;6.39077;1466.8
ENVIII;7;41;9.308;42;-150;148.768;12.2921;35.6738;-0.0571;0.2541;1.00E-12;6.39199;1466.3
ENVIII;7;41;9.308;42;-151;149.759;12.287;35.6736;-0.0474;0.2728;1.00E-12;6.40841;1466.1
ENVIII;7;41;9.308;42;-152;150.75;12.285;35.6736;-0.0677;0.2616;1.00E-12;6.40761;1465.6
ENVIII;7;41;9.308;42;-153;151.742;12.2839;35.6733;-0.0794;0.2658;1.00E-12;6.40344;1466.1
ENVIII;7;41;9.308;42;-154;152.733;12.2794;35.6729;-0.0942;0.2472;1.00E-12;6.4063;1464.3
ENVIII;7;41;9.308;42;-155;153.725;12.2767;35.6729;-0.0899;0.2482;1.00E-12;6.40584;1464.3
ENVIII;7;41;9.308;42;-156;154.716;12.2745;35.6729;-0.07;0.2591;1.00E-12;6.40142;1464.6
ENVIII;7;41;9.308;42;-157;155.707;12.2654;35.6726;-0.0916;0.2584;1.00E-12;6.39904;1465.4
ENVIII;7;41;9.308;42;-158;156.699;12.2604;35.6726;-0.0901;0.2746;1.00E-12;6.40253;1464.6
ENVIII;7;41;9.308;42;-159;157.69;12.2569;35.6725;-0.0874;0.2659;1.00E-12;6.39841;1464.4
ENVIII;7;41;9.308;42;-160;158.682;12.2558;35.6725;-0.0902;0.2777;1.00E-12;6.36619;1464.3
ENVIII;7;41;9.308;42;-161;159.673;12.2554;35.6725;-0.0725;0.2835;1.00E-12;6.36147;1464.1
ENVIII;7;41;9.308;42;-162;160.664;12.2553;35.6726;-0.0932;0.2933;1.00E-12;6.35616;1462.6
ENVIII;7;41;9.308;42;-163;161.656;12.2546;35.6725;-0.0897;0.2924;1.00E-12;6.36652;1462.3
ENVIII;7;41;9.308;42;-164;162.647;12.2535;35.6725;-0.0899;0.2885;1.00E-12;6.35867;1461.1
ENVIII;7;41;9.308;42;-165;163.638;12.2517;35.6725;-0.0953;0.2965;1.00E-12;6.35901;1460.4
ENVIII;7;41;9.308;42;-166;164.63;12.2449;35.6722;-0.093;0.3006;1.00E-12;6.36047;1459.2
ENVIII;7;41;9.308;42;-167;165.621;12.2389;35.672;-0.091;0.34;1.00E-12;6.37439;1458.4
ENVIII;7;41;9.308;42;-168;166.612;12.2333;35.672;-0.0888;0.3539;1.00E-12;6.36549;1458.3
ENVIII;7;41;9.308;42;-169;167.604;12.2273;35.6717;-0.1072;0.3689;1.00E-12;6.3383;1458.4
ENVIII;7;41;9.308;42;-170;168.595;12.2233;35.6717;-0.0914;0.385;1.00E-12;6.34178;1458.4
ENVIII;7;41;9.308;42;-171;169.586;12.201;35.6705;-0.0917;0.4321;1.00E-12;6.34194;1455.1
ENVIII;7;41;9.308;42;-172;170.578;12.1967;35.6713;-0.0873;0.5167;1.00E-12;6.32529;1453.8
ENVIII;7;41;9.308;42;-173;171.569;12.1976;35.6711;-0.0859;0.5569;1.00E-12;6.30961;1453.7
ENVIII;7;41;9.308;42;-174;172.56;12.1988;35.6711;-0.0836;0.5458;1.00E-12;6.30285;1453.2
ENVIII;7;41;9.308;42;-175;173.552;12.1996;35.6711;-0.0861;0.5382;1.00E-12;6.30969;1452.6
ENVIII;7;41;9.308;42;-176;174.543;12.1999;35.6711;-0.0828;0.5419;1.00E-12;6.31572;1453.7
ENVIII;7;41;9.308;42;-177;175.534;12.2;35.671;-0.0821;0.538;1.00E-12;6.3066;1454.4
ENVIII;7;41;9.308;42;-178;176.525;12.2005;35.6711;-0.0813;0.5225;1.00E-12;6.31043;1453.1
ENVIII;7;41;9.308;42;-179;177.517;12.2016;35.671;-0.0829;0.5139;1.00E-12;6.31881;1452.4
ENVIII;7;41;9.308;42;-180;178.508;12.2005;35.6709;-0.0817;0.5202;1.00E-12;6.31647;1453.1
ENVIII;7;41;9.308;42;-181;179.5;12.1997;35.6708;-0.0803;0.5536;1.00E-12;6.30671;1454
ENVIII;7;41;9.308;42;-182;180.491;12.1972;35.6706;-0.0745;0.5414;1.00E-12;6.30285;1452.7
ENVIII;7;41;9.308;42;-183;181.482;12.194;35.6707;-0.0897;0.5684;1.00E-12;6.29507;1452.4
ENVIII;7;41;9.308;42;-184;182.473;12.1914;35.6704;-0.0822;0.5832;1.00E-12;6.29527;1452.4
ENVIII;7;41;9.308;42;-185;183.464;12.1892;35.6705;-0.0786;0.5917;1.00E-12;6.30791;1453.4
ENVIII;7;41;9.308;42;-186;184.455;12.1873;35.6701;-0.0793;0.5934;1.00E-12;6.30051;1453.7
ENVIII;7;41;9.308;42;-187;185.447;12.1812;35.6701;-0.0746;0.6097;1.00E-12;6.29961;1451.5
ENVIII;7;41;9.308;42;-188;186.438;12.1787;35.6699;-0.0693;0.6315;1.00E-12;6.29437;1453.7
ENVIII;7;41;9.308;42;-189;187.429;12.1756;35.6698;-0.0795;0.6269;1.00E-12;6.29827;1452.4
ENVIII;7;41;9.308;42;-190;188.421;12.1686;35.6693;-0.0847;0.6635;1.00E-12;6.30193;1448.9
ENVIII;7;41;9.308;42;-191;189.412;12.164;35.6697;-0.0753;0.724;1.00E-12;6.30382;1450.5
ENVIII;7;41;9.308;42;-192;190.403;12.1624;35.6695;-0.074;0.7329;1.00E-12;6.30315;1452.6
ENVIII;7;41;9.308;42;-193;191.394;12.1568;35.6691;-0.0763;0.7185;1.00E-12;6.28795;1451.3
ENVIII;7;41;9.308;42;-194;192.386;12.1497;35.669;-0.0699;0.8548;1.00E-12;6.30686;1452.8
ENVIII;7;41;9.308;42;-195;193.377;12.1474;35.669;-0.0704;0.9124;1.00E-12;6.31156;1454.5
ENVIII;7;41;9.308;42;-196;194.368;12.1475;35.669;-0.068;0.8973;1.00E-12;6.29402;1453.9
ENVIII;7;41;9.308;42;-197;195.359;12.1451;35.6688;-0.064;0.8981;1.00E-12;6.2739;1453
ENVIII;7;41;9.308;42;-198;196.351;12.1377;35.6684;-0.062;0.9679;1.00E-12;6.3071;1454.4
ENVIII;7;41;9.308;42;-199;197.341;12.1373;35.6685;-0.0621;0.9409;1.00E-12;6.30002;1454.7
ENVIII;7;41;9.308;42;-200;198.332;12.1335;35.6682;-0.0616;1.0007;1.00E-12;6.29547;1454
ENVIII;7;41;9.308;42;-201;199.323;12.1318;35.668;-0.0661;1.0287;1.00E-12;6.2968;1452.4
ENVIII;7;41;9.308;42;-202;200.315;12.1308;35.668;-0.0706;0.9804;1.00E-12;6.29516;1452
ENVIII;7;41;9.308;42;-203;201.307;12.1307;35.6679;-0.0715;1.014;1.00E-12;6.29807;1452.3
ENVIII;7;41;9.308;42;-204;202.298;12.1286;35.6676;-0.0526;0.9981;1.00E-12;6.29188;1452.5
ENVIII;7;41;9.308;42;-205;203.289;12.127;35.6676;-0.0592;1.0706;1.00E-12;6.29641;1452.8
ENVIII;7;41;9.308;42;-206;204.28;12.1271;35.6675;-0.0629;1.1119;1.00E-12;6.29662;1454.4
ENVIII;7;41;9.308;42;-207;205.271;12.1271;35.6675;-0.0662;1.0822;1.00E-12;6.29281;1456
ENVIII;7;41;9.308;42;-208;206.262;12.1319;35.6676;-0.0672;0.8272;1.00E-12;6.30321;1454.9
ENVIII;7;5;9.408;42;-5;4.961;15.2193;35.5998;2.617;0.6671;556.36;8.74134;1632.3
ENVIII;7;5;9.408;42;-6;5.953;15.2144;35.6048;2.6121;0.6579;432.45;8.7095;1631.7
ENVIII;7;5;9.408;42;-7;6.945;15.2026;35.6039;2.8221;0.6403;344.99;8.70588;1631.8
ENVIII;7;5;9.408;42;-8;7.937;15.2244;35.6064;2.9496;0.6417;282.35;8.68951;1630.4
ENVIII;7;5;9.408;42;-9;8.929;15.2693;35.6039;3.07;0.6529;231.54;8.71124;1630.6
ENVIII;7;5;9.408;42;-10;9.921;15.2193;35.6039;3.1867;0.6514;191.42;8.72811;1634.2
ENVIII;7;5;9.408;42;-11;10.913;15.2177;35.6049;3.5724;0.6552;151.63;8.69361;1634.4
ENVIII;7;5;9.408;42;-12;11.905;15.179;35.6014;3.9939;0.6725;124;8.67745;1629
ENVIII;7;5;9.408;42;-13;12.898;15.0258;35.6036;5.0979;0.6705;104.49;8.69179;1630.9
ENVIII;7;5;9.408;42;-14;13.89;14.9432;35.6055;5.5635;0.6706;84.46;8.53568;1633.5
ENVIII;7;5;9.408;42;-15;14.882;14.9241;35.6048;5.6154;0.672;68.515;8.36131;1631.1
ENVIII;7;5;9.408;42;-16;15.874;14.8946;35.6039;5.6585;0.6631;55.352;8.37534;1629.1
ENVIII;7;5;9.408;42;-17;16.866;14.8572;35.6055;5.9593;0.6477;46.782;8.33769;1628.9
ENVIII;7;5;9.408;42;-18;17.858;14.8535;35.6054;5.9707;0.6464;38.673;8.16514;1629.9
ENVIII;7;5;9.408;42;-19;18.85;14.8496;35.6052;6.296;0.6336;30.891;8.15673;1626.7
ENVIII;7;5;9.408;42;-20;19.842;14.8462;35.6054;5.7584;0.6228;25.721;8.13893;1626.6
ENVIII;7;5;9.408;42;-21;20.834;14.8433;35.6054;5.869;0.6309;21.102;8.09145;1627.2
ENVIII;7;5;9.408;42;-22;21.826;14.8382;35.6054;5.4147;0.9269;17.657;8.09611;1622.8
ENVIII;7;5;9.408;42;-23;22.818;14.8338;35.6058;5.5284;0.5946;14.883;8.04978;1622
ENVIII;7;5;9.408;42;-24;23.81;14.834;35.6055;5.3203;0.6073;12.746;8.02436;1625.2
ENVIII;7;5;9.408;42;-25;24.802;14.8286;35.6055;5.2818;0.5945;10.389;8.02444;1624.8
ENVIII;7;5;9.408;42;-26;25.794;14.8244;35.6057;5.1606;0.8564;8.584;8.02438;1623
ENVIII;7;5;9.408;42;-27;26.786;14.8227;35.6057;5.1911;0.5953;7.3443;7.98418;1623.9
ENVIII;7;5;9.408;42;-28;27.778;14.8201;35.6058;4.8865;0.5892;6.3621;7.96206;1622.5
ENVIII;7;5;9.408;42;-29;28.77;14.8124;35.6059;5.1885;0.5814;5.56;7.98177;1621.8
ENVIII;7;5;9.408;42;-30;29.762;14.8031;35.6063;5.2495;0.5864;4.5888;7.95428;1623.2
ENVIII;7;5;9.408;42;-31;30.754;14.7982;35.6066;4.7745;0.5921;3.7667;7.93681;1621.2
ENVIII;7;5;9.408;42;-32;31.746;14.7944;35.6072;4.8894;0.57;3.2404;7.92763;1621.1
ENVIII;7;5;9.408;42;-33;32.738;14.7902;35.6073;4.8302;0.5721;2.8529;7.90302;1621.9
ENVIII;7;5;9.408;42;-34;33.73;14.7464;35.6098;4.9328;0.5712;2.4687;7.92173;1621.9
ENVIII;7;5;9.408;42;-35;34.722;14.7275;35.6115;4.3544;0.5704;2.1035;7.8696;1621.9
ENVIII;7;5;9.408;42;-36;35.714;14.7011;35.6137;3.8794;0.5373;1.7529;7.84881;1618.8
ENVIII;7;5;9.408;42;-37;36.706;14.6911;35.6152;3.8706;0.5324;1.4901;7.85291;1618
ENVIII;7;5;9.408;42;-38;37.698;14.6886;35.6157;3.8352;0.5444;1.3132;7.85098;1601.4
ENVIII;7;5;9.408;42;-39;38.69;14.6388;35.6173;3.861;0.5276;1.1545;7.84679;1521.6
ENVIII;7;5;9.408;42;-40;39.682;14.5929;35.6201;3.5493;0.5004;1.0033;7.79651;1608.4
ENVIII;7;5;9.408;42;-41;40.674;14.5491;35.6214;3.3161;0.4942;0.86213;7.76143;1510.8
ENVIII;7;5;9.408;42;-42;41.666;14.4521;35.6228;2.9518;0.4614;0.74518;7.71132;1383.8
ENVIII;7;5;9.408;42;-43;42.658;14.2916;35.6319;2.5117;0.4547;0.64148;7.6536;1535.8
ENVIII;7;5;9.408;42;-44;43.65;14.1547;35.6522;1.9772;0.402;0.57815;7.55255;1560.2
ENVIII;7;5;9.408;42;-45;44.642;14.1168;35.656;1.7734;0.375;0.52592;7.44772;1616.6
ENVIII;7;5;9.408;42;-46;45.633;14.0795;35.6602;1.6608;0.3548;0.46259;7.41342;1619.3
ENVIII;7;5;9.408;42;-47;46.625;13.9564;35.6648;1.4605;0.3444;0.40479;7.39681;1616.8
ENVIII;7;5;9.408;42;-48;47.617;13.7626;35.6752;1.1486;0.3073;0.37274;7.38475;1616.1
ENVIII;7;5;9.408;42;-49;48.609;13.676;35.6736;1.0048;0.2871;0.34641;7.24723;1616
ENVIII;7;5;9.408;42;-50;49.601;13.5441;35.6896;0.8118;0.2697;0.32161;7.18366;1615.9
ENVIII;7;5;9.408;42;-51;50.593;13.4694;35.6959;0.6878;0.2423;0.28955;7.15276;1614.1
ENVIII;7;5;9.408;42;-52;51.585;13.3949;35.7044;0.5466;0.241;0.27016;7.16702;1614
ENVIII;7;5;9.408;42;-53;52.577;13.3653;35.7054;0.4798;0.2276;0.2495;7.13528;1614
ENVIII;7;5;9.408;42;-54;53.569;13.3266;35.7069;0.4485;0.2196;0.23191;7.1163;1615
ENVIII;7;5;9.408;42;-55;54.561;13.2986;35.7069;0.3905;0.2173;0.21466;7.13206;1614.3
ENVIII;7;5;9.408;42;-56;55.552;13.2924;35.7061;0.4132;0.2096;0.19842;7.10967;1614
ENVIII;7;5;9.408;42;-57;56.544;13.2874;35.7067;0.3705;0.2116;0.18339;7.08293;1614
ENVIII;7;5;9.408;42;-58;57.536;13.2816;35.7068;0.3603;0.209;0.16976;7.0973;1613.7
ENVIII;7;5;9.408;42;-59;58.528;13.2541;35.707;0.3697;0.2093;0.15813;7.1086;1612.1
ENVIII;7;5;9.408;42;-60;59.52;13.2508;35.7074;0.3437;0.2074;0.14652;7.10182;1613.3
ENVIII;7;5;9.408;42;-61;60.512;13.2493;35.707;0.3397;0.2089;0.13583;7.08456;1613.9
ENVIII;7;5;9.408;42;-62;61.504;13.2453;35.7068;0.3586;0.2051;0.12044;7.08706;1614
ENVIII;7;5;9.408;42;-63;62.495;13.2402;35.707;0.3426;0.2022;0.11055;7.07501;1612.5
ENVIII;7;5;9.408;42;-64;63.487;13.2304;35.7066;0.3123;0.2024;0.10214;7.08762;1612
ENVIII;7;5;9.408;42;-65;64.479;13.2178;35.7068;0.3462;0.2056;0.09449;7.08584;1611.8
ENVIII;7;5;9.408;42;-66;65.471;13.203;35.7052;0.289;0.2017;0.087316;7.08623;1610.7
ENVIII;7;5;9.408;42;-67;66.463;13.1304;35.7031;0.2681;0.199;0.078812;7.08942;1610
ENVIII;7;5;9.408;42;-68;67.454;13.0602;35.701;0.233;0.2;0.074864;7.08356;1610.9
ENVIII;7;5;9.408;42;-69;68.447;13.0406;35.7014;0.2001;0.1936;0.067692;7.05958;1610.5
ENVIII;7;5;9.408;42;-70;69.438;13.0375;35.7015;0.167;0.1903;0.062976;7.06619;1610
ENVIII;7;5;9.408;42;-71;70.43;13.038;35.701;0.1707;0.1841;0.059517;7.0487;1608.9
ENVIII;7;5;9.408;42;-72;71.422;13.0351;35.7007;0.152;0.1881;0.052476;7.07026;1609.1
ENVIII;7;5;9.408;42;-73;72.414;13.0175;35.7001;0.1503;0.1778;0.04591;7.06399;1610
ENVIII;7;5;9.408;42;-74;73.406;12.9976;35.702;0.1337;0.1805;0.040438;7.05605;1611
ENVIII;7;5;9.408;42;-75;74.397;12.997;35.7017;0.1113;0.1838;0.037673;7.06326;1611
ENVIII;7;5;9.408;42;-76;75.389;12.9976;35.7015;0.1175;0.1864;0.03216;7.07072;1610
ENVIII;7;5;9.408;42;-77;76.381;12.9998;35.7011;0.1117;0.1929;0.030908;7.05452;1610
ENVIII;7;5;9.408;42;-78;77.373;12.9815;35.7001;0.1141;0.1939;0.028574;7.05288;1610.2
ENVIII;7;5;9.408;42;-79;78.364;12.9614;35.7003;0.103;0.1818;0.025178;7.06257;1612
ENVIII;7;5;9.408;42;-80;79.356;12.9572;35.7008;0.0649;0.1811;0.020776;7.05488;1612.7
ENVIII;7;5;9.408;42;-81;80.348;12.9433;35.6994;0.0811;0.1748;0.015403;7.0355;1610.8
ENVIII;7;5;9.408;42;-82;81.34;12.9348;35.6992;0.0718;0.1643;0.013604;7.02489;1609.4
ENVIII;7;5;9.408;42;-83;82.331;12.9329;35.6992;0.0399;0.1724;0.013865;7.04325;1608.8
ENVIII;7;5;9.408;42;-84;83.323;12.929;35.6987;0.049;0.1664;0.0091051;7.04821;1611.7
ENVIII;7;5;9.408;42;-85;84.315;12.9144;35.6978;0.0535;0.1729;0.0044468;7.04257;1615.5
ENVIII;7;5;9.408;42;-86;85.307;12.9015;35.6965;0.0384;0.1629;0.0060482;7.03698;1614.7
ENVIII;7;5;9.408;42;-87;86.298;12.8699;35.6957;0.0198;0.1748;0.00085462;7.05683;1612
ENVIII;7;5;9.408;42;-88;87.29;12.8626;35.6955;0.0056;0.1669;0.000098914;7.03865;1612
ENVIII;7;5;9.408;42;-89;88.282;12.8475;35.6945;0.0142;0.167;6.91E-07;7.02042;1612
ENVIII;7;5;9.408;42;-90;89.274;12.8367;35.6941;-0.0071;0.1618;1.00E-12;7.0091;1612
ENVIII;7;5;9.408;42;-91;90.265;12.8207;35.694;-0.0034;0.1676;1.00E-12;7.00826;1612
ENVIII;7;5;9.408;42;-92;91.257;12.8117;35.6936;-0.0219;0.1663;1.00E-12;7.01273;1612
ENVIII;7;5;9.408;42;-93;92.248;12.7992;35.6937;-0.0104;0.1664;1.00E-12;7.01001;1612.5
ENVIII;7;5;9.408;42;-94;93.24;12.7926;35.6932;0.0028;0.1735;1.00E-12;6.98232;1612.2
ENVIII;7;5;9.408;42;-95;94.232;12.788;35.6928;-0.0313;0.1686;1.00E-12;6.97332;1613.3
ENVIII;7;5;9.408;42;-96;95.224;12.7824;35.6925;-0.0319;0.1747;1.00E-12;6.97606;1614
ENVIII;7;5;9.408;42;-97;96.215;12.7783;35.692;-0.0218;0.174;1.00E-12;6.96669;1614
ENVIII;7;5;9.408;42;-98;97.207;12.7749;35.692;-0.0162;0.1622;1.00E-12;6.95426;1614
ENVIII;7;5;9.408;42;-99;98.199;12.771;35.6915;-0.0264;0.1644;1.00E-12;6.95975;1614
ENVIII;7;5;9.408;42;-100;99.19;12.7641;35.6918;-0.0254;0.1692;1.00E-12;6.95414;1614
ENVIII;7;5;9.408;42;-101;100.182;12.7591;35.6916;-0.0319;0.1645;1.00E-12;6.93593;1615.4
ENVIII;7;5;9.408;42;-102;101.174;12.7544;35.6916;-0.0248;0.1719;1.00E-12;6.94989;1615.7
ENVIII;7;5;9.408;42;-103;102.165;12.7542;35.6913;-0.0134;0.1685;1.00E-12;6.95065;1613.9
ENVIII;7;5;9.408;42;-104;103.157;12.7541;35.6912;-0.0316;0.163;1.00E-12;6.95161;1611.3
ENVIII;7;5;9.408;42;-105;104.149;12.7522;35.6907;-0.0175;0.1585;1.00E-12;6.96144;1610.1
ENVIII;7;5;9.408;42;-106;105.14;12.7519;35.6907;-0.0206;0.1779;1.00E-12;6.94434;1611
ENVIII;7;5;9.408;42;-107;106.132;12.7511;35.6903;-0.0308;0.1617;1.00E-12;6.94165;1612
ENVIII;7;5;9.408;42;-108;107.124;12.7464;35.6897;-0.0329;0.1597;1.00E-12;6.94054;1613.8
ENVIII;7;5;9.408;42;-109;108.115;12.7379;35.689;-0.04;0.1721;1.00E-12;6.94517;1613
ENVIII;7;5;9.408;42;-110;109.107;12.733;35.6884;-0.0303;0.1796;1.00E-12;6.95227;1611
ENVIII;7;5;9.408;42;-111;110.098;12.7281;35.688;-0.0354;0.1647;1.00E-12;6.9449;1610
ENVIII;7;5;9.408;42;-112;111.09;12.7198;35.6876;-0.0372;0.1649;1.00E-12;6.92382;1609.9
ENVIII;7;5;9.408;42;-113;112.082;12.7149;35.6869;-0.0323;0.1736;1.00E-12;6.92363;1610
ENVIII;7;5;9.408;42;-114;113.073;12.7102;35.6864;-0.0318;0.17;1.00E-12;6.93186;1610
ENVIII;7;5;9.408;42;-115;114.065;12.7074;35.6861;-0.0305;0.1783;1.00E-12;6.92731;1609.5
ENVIII;7;5;9.408;42;-116;115.056;12.7073;35.6861;-0.0373;0.1691;1.00E-12;6.92284;1608
ENVIII;7;5;9.408;42;-117;116.048;12.7044;35.6858;-0.0441;0.1651;1.00E-12;6.93543;1608.5
ENVIII;7;5;9.408;42;-118;117.039;12.7022;35.6857;-0.0434;0.1721;1.00E-12;6.93393;1608.4
ENVIII;7;5;9.408;42;-119;118.031;12.7018;35.6856;-0.0339;0.1619;1.00E-12;6.93183;1609.1
ENVIII;7;5;9.408;42;-120;119.023;12.6989;35.6849;-0.0376;0.1671;1.00E-12;6.93772;1607.1
ENVIII;7;5;9.408;42;-121;120.014;12.6995;35.685;-0.0457;0.1628;1.00E-12;6.9322;1604.5
ENVIII;7;5;9.408;42;-122;121.006;12.6884;35.6831;-0.0329;0.1673;1.00E-12;6.92595;1604.5
ENVIII;7;5;9.408;42;-123;121.997;12.6795;35.6827;-0.032;0.174;1.00E-12;6.9203;1605.5
ENVIII;7;5;9.408;42;-124;122.989;12.6744;35.6821;-0.0433;0.1739;1.00E-12;6.9264;1606
ENVIII;7;5;9.408;42;-125;123.98;12.6689;35.6816;-0.0325;0.1706;1.00E-12;6.94273;1605.9
ENVIII;7;5;9.408;42;-126;124.972;12.6707;35.6816;-0.0282;0.1603;1.00E-12;6.94921;1605.8
ENVIII;7;5;9.408;42;-127;125.963;12.6655;35.6813;-0.0336;0.1723;1.00E-12;6.94516;1606
ENVIII;7;5;9.408;42;-128;126.955;12.6633;35.6815;-0.0458;0.1704;1.00E-12;6.93462;1604.4
ENVIII;7;5;9.408;42;-129;127.947;12.6564;35.6809;-0.0446;0.1638;1.00E-12;6.93151;1603.5
ENVIII;7;5;9.408;42;-130;128.938;12.6412;35.6799;-0.0443;0.1642;1.00E-12;6.93888;1604.8
ENVIII;7;5;9.408;42;-131;129.93;12.6251;35.6801;-0.0465;0.1619;1.00E-12;6.92994;1605.9
ENVIII;7;5;9.408;42;-132;130.921;12.6125;35.6806;-0.0525;0.1682;1.00E-12;6.92199;1604.6
ENVIII;7;5;9.408;42;-133;131.913;12.6088;35.6799;-0.0428;0.1649;1.00E-12;6.92032;1604
ENVIII;7;5;9.408;42;-134;132.904;12.5757;35.6789;-0.0431;0.1667;1.00E-12;6.90973;1604.1
ENVIII;7;5;9.408;42;-135;133.896;12.5452;35.68;-0.0447;0.1747;1.00E-12;6.91037;1606.6
ENVIII;7;5;9.408;42;-136;134.887;12.531;35.6822;-0.0436;0.1781;1.00E-12;6.86231;1606.8
ENVIII;7;5;9.408;42;-137;135.879;12.5244;35.6822;-0.044;0.1855;1.00E-12;6.80591;1606
ENVIII;7;5;9.408;42;-138;136.87;12.5146;35.6825;-0.0516;0.1847;1.00E-12;6.76887;1604.1
ENVIII;7;5;9.408;42;-139;137.862;12.5073;35.6827;-0.0541;0.1968;1.00E-12;6.77021;1603.9
ENVIII;7;5;9.408;42;-140;138.853;12.503;35.6828;-0.0441;0.2011;1.00E-12;6.75228;1603.2
ENVIII;7;5;9.408;42;-141;139.845;12.5006;35.6828;-0.0437;0.1907;1.00E-12;6.73821;1604.3
ENVIII;7;5;9.408;42;-142;140.836;12.4982;35.6827;-0.0443;0.2063;1.00E-12;6.73066;1605.3
ENVIII;7;5;9.408;42;-143;141.827;12.4927;35.6829;-0.0448;0.211;1.00E-12;6.74471;1603.4
ENVIII;7;5;9.408;42;-144;142.819;12.4875;35.6826;-0.0443;0.2022;1.00E-12;6.73142;1602.6
ENVIII;7;5;9.408;42;-145;143.81;12.4774;35.6826;-0.0481;0.2102;1.00E-12;6.71207;1604
ENVIII;7;5;9.408;42;-146;144.802;12.4678;35.6826;-0.054;0.225;1.00E-12;6.70621;1605.8
ENVIII;7;5;9.408;42;-147;145.793;12.4593;35.6835;-0.0568;0.2435;1.00E-12;6.70741;1607.7
ENVIII;7;5;9.408;42;-148;146.785;12.4516;35.6836;-0.05;0.2333;1.00E-12;6.67402;1606.8
ENVIII;7;5;9.408;42;-149;147.776;12.4384;35.6844;-0.0522;0.2393;1.00E-12;6.63426;1604.7
ENVIII;7;5;9.408;42;-150;148.768;12.4302;35.6849;-0.0464;0.2427;1.00E-12;6.62549;1604
ENVIII;7;5;9.408;42;-151;149.759;12.4217;35.6843;-0.0462;0.2554;1.00E-12;6.60379;1604.7
ENVIII;7;5;9.408;42;-152;150.75;12.4048;35.6835;-0.0529;0.255;1.00E-12;6.59009;1606
ENVIII;7;5;9.408;42;-153;151.742;12.3936;35.6835;-0.0458;0.2502;1.00E-12;6.58365;1607.9
ENVIII;7;5;9.408;42;-154;152.733;12.392;35.6835;-0.0534;0.2497;1.00E-12;6.57235;1607.3
ENVIII;7;5;9.408;42;-155;153.725;12.3916;35.6832;-0.0481;0.2558;1.00E-12;6.56893;1604.3
ENVIII;7;5;9.408;42;-156;154.716;12.3907;35.683;-0.0647;0.2476;1.00E-12;6.55619;1604.5
ENVIII;7;5;9.408;42;-157;155.707;12.385;35.6823;-0.0436;0.243;1.00E-12;6.56568;1602.8
ENVIII;7;5;9.408;42;-158;156.699;12.3787;35.6821;-0.0438;0.2378;1.00E-12;6.56735;1600
ENVIII;7;5;9.408;42;-159;157.69;12.3758;35.6821;-0.0446;0.2301;1.00E-12;6.55988;1599
ENVIII;7;5;9.408;42;-160;158.682;12.3719;35.6819;-0.0428;0.2398;1.00E-12;6.56275;1599
ENVIII;7;5;9.408;42;-161;159.673;12.3679;35.6821;-0.0441;0.2413;1.00E-12;6.56857;1600
ENVIII;7;5;9.408;42;-162;160.664;12.3669;35.682;-0.0527;0.2354;1.00E-12;6.55657;1601.1
ENVIII;7;5;9.408;42;-163;161.656;12.3652;35.6818;-0.0503;0.2312;1.00E-12;6.53936;1597.9
ENVIII;7;5;9.408;42;-164;162.647;12.3643;35.6818;-0.0448;0.2346;1.00E-12;6.56816;1597.7
ENVIII;7;5;9.408;42;-165;163.638;12.3605;35.6817;-0.044;0.2433;1.00E-12;6.57463;1597.6
ENVIII;7;5;9.408;42;-166;164.63;12.3557;35.6816;-0.049;0.2278;1.00E-12;6.55554;1598
ENVIII;7;5;9.408;42;-167;165.621;12.3524;35.6813;-0.0528;0.2316;1.00E-12;6.54834;1598
ENVIII;7;5;9.408;42;-168;166.612;12.346;35.6814;-0.0436;0.2322;1.00E-12;6.55768;1598
ENVIII;7;5;9.408;42;-169;167.604;12.344;35.6813;-0.051;0.2207;1.00E-12;6.55105;1599.2
ENVIII;7;5;9.408;42;-170;168.595;12.3398;35.6811;-0.0471;0.2177;1.00E-12;6.55865;1598.9
ENVIII;7;5;9.408;42;-171;169.586;12.3286;35.6806;-0.063;0.2334;1.00E-12;6.56758;1597.9
ENVIII;7;5;9.408;42;-172;170.577;12.3219;35.681;-0.0456;0.2332;1.00E-12;6.56576;1597.2
ENVIII;7;5;9.408;42;-173;171.569;12.3223;35.6809;-0.055;0.2099;1.00E-12;6.57063;1597.9
ENVIII;7;5;9.408;42;-174;172.56;12.319;35.6807;-0.0552;0.2149;1.00E-12;6.56458;1598
ENVIII;7;5;9.408;42;-175;173.552;12.3155;35.6806;-0.044;0.2129;1.00E-12;6.55998;1597.3
ENVIII;7;5;9.408;42;-176;174.543;12.3095;35.6806;-0.0486;0.1987;1.00E-12;6.55039;1594.9
ENVIII;7;5;9.408;42;-177;175.534;12.3028;35.6803;-0.0564;0.205;1.00E-12;6.56626;1594
ENVIII;7;5;9.408;42;-178;176.525;12.2889;35.6802;-0.0515;0.2222;1.00E-12;6.56816;1594
ENVIII;7;5;9.408;42;-179;177.517;12.2825;35.6802;-0.0443;0.2019;1.00E-12;6.57197;1594
ENVIII;7;5;9.408;42;-180;178.508;12.2774;35.6796;-0.0488;0.2015;1.00E-12;6.58185;1594.1
ENVIII;7;5;9.408;42;-181;179.499;12.2707;35.6796;-0.0492;0.1977;1.00E-12;6.56911;1595.3
ENVIII;7;5;9.408;42;-182;180.491;12.2667;35.6791;-0.0444;0.1957;1.00E-12;6.54144;1597.1
ENVIII;7;5;9.408;42;-183;181.482;12.2554;35.6784;-0.0607;0.1899;1.00E-12;6.5698;1596.8
ENVIII;7;5;9.408;42;-184;182.473;12.2527;35.6782;-0.0557;0.1889;1.00E-12;6.56472;1592.8
ENVIII;7;5;9.408;42;-185;183.465;12.25;35.678;-0.0416;0.1924;1.00E-12;6.53449;1593.5
ENVIII;7;5;9.408;42;-186;184.456;12.2489;35.6777;-0.0582;0.1924;1.00E-12;6.54361;1596
ENVIII;7;5;9.408;42;-187;185.447;12.2443;35.6773;-0.0686;0.2041;1.00E-12;6.55895;1596.2
ENVIII;7;5;9.408;42;-188;186.438;12.2264;35.6735;-0.0594;0.1994;1.00E-12;6.55647;1596.8
ENVIII;7;5;9.408;42;-189;187.43;12.1353;35.6684;-0.0695;0.2034;1.00E-12;6.5619;1595.8
ENVIII;7;5;9.408;42;-190;188.421;12.103;35.6664;-0.0635;0.1984;1.00E-12;6.55764;1594
ENVIII;7;5;9.408;42;-191;189.412;12.0966;35.6657;-0.0629;0.21;1.00E-12;6.54979;1595.4
ENVIII;7;5;9.408;42;-192;190.403;12.0959;35.6654;-0.0583;0.2081;1.00E-12;6.54604;1596.4
ENVIII;7;5;9.408;42;-193;191.394;12.0915;35.665;-0.0482;0.2017;1.00E-12;6.56298;1598
ENVIII;7;5;9.408;42;-194;192.386;12.0915;35.6649;-0.0571;0.1966;1.00E-12;6.57444;1599.4
ENVIII;7;5;9.408;42;-195;193.377;12.0914;35.6645;-0.0585;0.203;1.00E-12;6.56351;1597.1
ENVIII;7;5;9.408;42;-196;194.368;12.0911;35.6645;-0.0706;0.2284;1.00E-12;6.56478;1593.9
ENVIII;7;5;9.408;42;-197;195.359;12.0915;35.6643;-0.0536;0.1982;1.00E-12;6.56057;1594.8
ENVIII;7;5;9.408;42;-198;196.35;12.0897;35.6642;-0.0557;0.2046;1.00E-12;6.5624;1597
ENVIII;7;5;9.408;42;-199;197.341;12.0893;35.6641;-0.0675;0.2036;1.00E-12;6.55699;1599.3
ENVIII;7;5;9.408;42;-200;198.333;12.0892;35.664;-0.0582;0.2;1.00E-12;6.55216;1598
ENVIII;7;5;9.408;42;-201;199.324;12.0887;35.664;-0.055;0.2007;1.00E-12;6.54812;1595.9
ENVIII;7;5;9.408;42;-202;200.315;12.0886;35.6639;-0.0454;0.2032;1.00E-12;6.57287;1597
ENVIII;7;5;9.408;42;-203;201.306;12.0884;35.6639;-0.0554;0.1991;1.00E-12;6.5668;1599.2
ENVIII;7;5;9.408;42;-204;202.297;12.0887;35.6638;-0.069;0.2036;1.00E-12;6.55314;1598
ENVIII;7;5;9.408;42;-205;203.289;12.0894;35.6638;-0.0598;0.21;1.00E-12;6.57144;1597
ENVIII;7;5;9.408;42;-206;204.28;12.0895;35.6638;-0.0572;0.2103;1.00E-12;6.56727;1595.9
ENVIII;7;5;9.408;42;-207;205.271;12.0889;35.6637;-0.0643;0.2124;1.00E-12;6.57363;1595.3
ENVIII;7;5;9.408;42;-208;206.262;12.0887;35.6637;-0.0615;0.206;1.00E-12;6.55248;1595.5
ENVIII;7;5;9.408;42;-209;207.254;12.0887;35.6636;-0.0578;0.2069;1.00E-12;6.55405;1596.8
ENVIII;7;5;9.408;42;-210;208.244;12.0876;35.6636;-0.0438;0.2034;1.00E-12;6.56582;1598.2
ENVIII;7;5;9.408;42;-211;209.235;12.0869;35.6636;-0.0525;0.2124;1.00E-12;6.557;1599.2
ENVIII;7;5;9.408;42;-212;210.226;12.0866;35.6636;-0.0476;0.2128;1.00E-12;6.55769;1597.2
ENVIII;7;5;9.408;42;-213;211.218;12.0839;35.6634;-0.0556;0.1994;1.00E-12;6.5651;1593.9
ENVIII;7;5;9.408;42;-214;212.209;12.0807;35.6633;-0.0552;0.211;1.00E-12;6.5506;1594.8
ENVIII;7;5;9.408;42;-215;213.2;12.0796;35.6632;-0.0552;0.2212;1.00E-12;6.54726;1596
ENVIII;7;5;9.408;42;-216;214.191;12.0731;35.6627;-0.0652;0.2186;1.00E-12;6.5556;1594.5
ENVIII;7;5;9.408;42;-217;215.182;12.0708;35.6626;-0.0556;0.2275;1.00E-12;6.56138;1594.8
ENVIII;7;5;9.408;42;-218;216.173;12.0704;35.6625;-0.0526;0.2211;1.00E-12;6.56838;1594.6
ENVIII;7;5;9.408;42;-219;217.164;12.0701;35.6626;-0.0544;0.2154;1.00E-12;6.56407;1594
ENVIII;7;5;9.408;42;-220;218.156;12.0685;35.6624;-0.0654;0.2109;1.00E-12;6.55219;1594
ENVIII;7;5;9.408;42;-221;219.146;12.066;35.662;-0.0695;0.2131;1.00E-12;6.54319;1592.5
ENVIII;7;5;9.408;42;-222;220.137;12.0607;35.6617;-0.059;0.2189;1.00E-12;6.55931;1591.5
ENVIII;7;5;9.408;42;-223;221.129;12.0571;35.6613;-0.0564;0.2113;1.00E-12;6.5539;1592
ENVIII;7;5;9.408;42;-224;222.12;12.0549;35.6615;-0.0573;0.2176;1.00E-12;6.56214;1593
ENVIII;7;5;9.408;42;-225;223.111;12.0556;35.6613;-0.0559;0.2301;1.00E-12;6.55913;1594
ENVIII;7;5;9.408;42;-226;224.102;12.0436;35.6595;-0.0537;0.2179;1.00E-12;6.56159;1593.9
ENVIII;7;5;9.408;42;-227;225.093;12.0317;35.6591;-0.0589;0.2151;1.00E-12;6.55679;1592.9
ENVIII;7;5;9.408;42;-228;226.084;12.0253;35.6585;-0.0674;0.2101;1.00E-12;6.56184;1591.3
ENVIII;7;5;9.408;42;-229;227.075;12.0212;35.6581;-0.0484;0.2151;1.00E-12;6.56853;1588.2
ENVIII;7;5;9.408;42;-230;228.066;12.0198;35.6579;-0.0639;0.2065;1.00E-12;6.57179;1588
ENVIII;7;5;9.408;42;-231;229.057;12.0188;35.6578;-0.0685;0.2263;1.00E-12;6.5676;1589.9
ENVIII;7;5;9.408;42;-232;230.048;12.0175;35.6575;-0.0684;0.2145;1.00E-12;6.56516;1593.4
ENVIII;7;5;9.408;42;-233;231.039;12.0094;35.6568;-0.069;0.2195;1.00E-12;6.56315;1595.1
ENVIII;7;5;9.408;42;-234;232.03;12.0093;35.657;-0.0642;0.2093;1.00E-12;6.56262;1593.6
ENVIII;7;5;9.408;42;-235;233.021;12.0024;35.6556;-0.0449;0.1926;1.00E-12;6.55561;1589.9
ENVIII;7;5;9.408;42;-236;234.012;11.9876;35.6551;-0.0568;0.2084;1.00E-12;6.55821;1592
ENVIII;7;5;9.408;42;-237;235.003;11.981;35.6541;-0.0551;0.1933;1.00E-12;6.54532;1593.7
ENVIII;7;5;9.408;42;-238;235.994;11.9609;35.6529;-0.0645;0.1979;1.00E-12;6.55349;1593.9
ENVIII;7;5;9.408;42;-239;236.985;11.9539;35.6529;-0.0548;0.1934;1.00E-12;6.55608;1592.5
ENVIII;7;5;9.408;42;-240;237.976;11.9526;35.6526;-0.0423;0.192;1.00E-12;6.5644;1592.1
ENVIII;7;5;9.408;42;-241;238.968;11.9513;35.6524;-0.0823;0.1979;1.00E-12;6.56358;1594.9
ENVIII;7;5;9.408;42;-242;239.958;11.9469;35.6519;-0.0688;0.1975;1.00E-12;6.55772;1596.4
ENVIII;7;5;9.408;42;-243;240.949;11.938;35.6513;-0.0629;0.1847;1.00E-12;6.55358;1596.3
ENVIII;7;5;9.408;42;-244;241.94;11.9331;35.6507;-0.0586;0.1889;1.00E-12;6.54602;1593.6
ENVIII;7;5;9.408;42;-245;242.931;11.928;35.6506;-0.0462;0.1853;1.00E-12;6.56293;1593.6
ENVIII;7;5;9.408;42;-246;243.922;11.9271;35.6503;-0.0556;0.1932;1.00E-12;6.56742;1594
ENVIII;7;5;9.408;42;-247;244.913;11.9232;35.65;-0.0523;0.1864;1.00E-12;6.55548;1596.2
ENVIII;7;5;9.408;42;-248;245.904;11.9201;35.6499;-0.0483;0.1822;1.00E-12;6.55409;1597.8
ENVIII;7;5;9.408;42;-249;246.895;11.9177;35.6496;-0.0479;0.1864;1.00E-12;6.54385;1596
ENVIII;7;5;9.408;42;-250;247.886;11.9066;35.648;-0.0552;0.1967;1.00E-12;6.55042;1594.2
ENVIII;7;5;9.408;42;-251;248.877;11.8757;35.6466;-0.0584;0.1761;1.00E-12;6.55115;1596.7
ENVIII;7;5;9.408;42;-252;249.868;11.8692;35.6472;-0.0672;0.1786;1.00E-12;6.55729;1598
ENVIII;7;5;9.408;42;-253;250.859;11.8652;35.647;-0.0492;0.1852;1.00E-12;6.55685;1599
ENVIII;7;5;9.408;42;-254;251.85;11.8631;35.6466;-0.0577;0.1792;1.00E-12;6.55226;1597.1
ENVIII;7;51;9.507;42;-4;3.969;15.4589;35.9082;1.0761;0.5333;829.95;6.75377;1749.5
ENVIII;7;51;9.507;42;-5;4.961;15.4751;35.6189;1.1315;0.6044;661.86;8.24767;1747.6
ENVIII;7;51;9.507;42;-6;5.953;15.4153;35.6263;1.2988;0.6205;556.66;8.23102;1743.3
ENVIII;7;51;9.507;42;-7;6.945;15.3087;35.6276;1.4507;0.6485;479.34;8.22695;1741.7
ENVIII;7;51;9.507;42;-8;7.937;15.1154;35.6314;1.873;0.6834;408.49;8.19782;1744.7
ENVIII;7;51;9.507;42;-9;8.929;15.062;35.631;2.2276;0.719;339.26;8.18406;1743.1
ENVIII;7;51;9.507;42;-10;9.921;15.058;35.6303;2.688;0.693;282.28;8.1849;1739.7
ENVIII;7;51;9.507;42;-11;10.913;15.0461;35.6303;3.1229;0.6532;235.35;8.19296;1741
ENVIII;7;51;9.507;42;-12;11.905;15.0299;35.6302;3.449;0.6389;198.91;8.18963;1740.4
ENVIII;7;51;9.507;42;-13;12.897;15.0242;35.6301;3.729;0.636;164.72;8.15217;1737.2
ENVIII;7;51;9.507;42;-14;13.889;15.0126;35.6307;4.1947;0.687;137.73;8.12317;1734.8
ENVIII;7;51;9.507;42;-15;14.882;15.0074;35.6308;4.4547;0.6655;114.73;8.08041;1737.5
ENVIII;7;51;9.507;42;-16;15.874;15.002;35.6311;4.17;0.6219;96.557;8.02457;1730.8
ENVIII;7;51;9.507;42;-17;16.866;14.9977;35.6311;3.7301;0.5929;79.601;7.9935;1613.4
ENVIII;7;51;9.507;42;-18;17.858;14.9953;35.6309;4.0207;0.6365;67.139;7.95412;1731.9
ENVIII;7;51;9.507;42;-19;18.85;14.991;35.6311;4.1705;0.6487;57.816;7.93422;1637.5
ENVIII;7;51;9.507;42;-20;19.842;14.9877;35.6311;3.6872;0.6056;48.961;7.88253;1683.6
ENVIII;7;51;9.507;42;-21;20.834;14.9856;35.631;3.5573;0.5829;41.395;7.83172;1635.9
ENVIII;7;51;9.507;42;-22;21.826;14.9834;35.631;3.8207;0.6374;35.556;7.84515;1730.3
ENVIII;7;51;9.507;42;-23;22.818;14.9789;35.6311;2.9139;0.5345;30.536;7.80763;1544.8
ENVIII;7;51;9.507;42;-24;23.81;14.9739;35.6308;3.1085;0.5933;26.575;7.79432;1494.2
ENVIII;7;51;9.507;42;-25;24.802;14.9712;35.6309;2.8861;0.5512;23.351;7.79135;1720.7
ENVIII;7;51;9.507;42;-26;25.794;14.9698;35.6308;2.7633;0.5251;20.308;7.80319;1736.9
ENVIII;7;51;9.507;42;-27;26.786;14.9692;35.6307;3.0206;0.5669;17.409;7.78001;1739
ENVIII;7;51;9.507;42;-28;27.778;14.9678;35.6306;2.942;0.5795;15.213;7.77108;1735.7
ENVIII;7;51;9.507;42;-29;28.77;14.9625;35.6308;2.8745;0.5575;13.665;7.79756;1737.5
ENVIII;7;51;9.507;42;-30;29.762;14.9459;35.6324;2.6015;0.51;12.04;7.75283;1736.4
ENVIII;7;51;9.507;42;-31;30.754;14.9393;35.6326;2.6174;0.5136;10.379;7.72488;1736.2
ENVIII;7;51;9.507;42;-32;31.746;14.9357;35.6323;2.6778;0.5101;9.1665;7.71434;1737.7
ENVIII;7;51;9.507;42;-33;32.738;14.9318;35.6325;2.3322;0.5057;8.189;7.71621;1737.4
ENVIII;7;51;9.507;42;-34;33.73;14.9285;35.6325;2.5732;0.4982;7.1462;7.6971;1734.3
ENVIII;7;51;9.507;42;-35;34.722;14.9218;35.6323;3.0557;0.5422;6.1867;7.74028;1734.5
ENVIII;7;51;9.507;42;-36;35.714;14.9072;35.6319;2.5641;0.5388;5.5435;7.72837;1733.4
ENVIII;7;51;9.507;42;-37;36.706;14.8856;35.6337;2.95;0.5405;5.0188;7.723;1733.6
ENVIII;7;51;9.507;42;-38;37.698;14.7666;35.6391;2.7855;0.5013;4.3534;7.74492;1731.6
ENVIII;7;51;9.507;42;-39;38.69;14.598;35.6506;2.5169;0.5492;3.7521;7.68156;1731.8
ENVIII;7;51;9.507;42;-40;39.682;14.521;35.6558;1.9323;0.4347;3.3376;7.52364;1735
ENVIII;7;51;9.507;42;-41;40.674;14.4776;35.6588;1.8951;0.4784;3.0807;7.42944;1734.7
ENVIII;7;51;9.507;42;-42;41.666;14.4368;35.6569;1.728;0.429;2.7339;7.4203;1731.4
ENVIII;7;51;9.507;42;-43;42.658;14.3399;35.6586;1.8847;0.4527;2.4359;7.44437;1732.2
ENVIII;7;51;9.507;42;-44;43.65;14.2159;35.6652;1.5417;0.3963;2.2253;7.42655;1733.7
ENVIII;7;51;9.507;42;-45;44.642;14.1553;35.6698;1.4252;0.3735;2.0508;7.34037;1732.5
ENVIII;7;51;9.507;42;-46;45.633;14.136;35.6686;1.3353;0.3555;1.848;7.30084;1731.9
ENVIII;7;51;9.507;42;-47;46.625;14.1;35.6703;1.2892;0.3662;1.6628;7.32146;1731.7
ENVIII;7;51;9.507;42;-48;47.617;14.0445;35.6722;1.2066;0.3566;1.5022;7.32756;1731.8
ENVIII;7;51;9.507;42;-49;48.609;13.957;35.6744;1.1768;0.3731;1.3727;7.2945;1731.6
ENVIII;7;51;9.507;42;-50;49.601;13.7513;35.6873;1.0126;0.3481;1.2606;7.28389;1730.9
ENVIII;7;51;9.507;42;-51;50.593;13.6756;35.6914;0.8283;0.2981;1.1621;7.22241;1729.7
ENVIII;7;51;9.507;42;-52;51.585;13.6012;35.6989;0.7183;0.2714;1.0884;7.18564;1729.7
ENVIII;7;51;9.507;42;-53;52.577;13.5681;35.6999;0.6889;0.3242;1.0054;7.15811;1728.6
ENVIII;7;51;9.507;42;-54;53.569;13.5422;35.7015;0.6872;0.2848;0.92339;7.14794;1728.6
ENVIII;7;51;9.507;42;-55;54.561;13.5368;35.7009;0.6188;0.2484;0.84051;7.11863;1727.7
ENVIII;7;51;9.507;42;-56;55.553;13.5302;35.7013;0.5345;0.2439;0.77802;7.10962;1727.9
ENVIII;7;51;9.507;42;-57;56.545;13.5332;35.7005;0.5434;0.239;0.72631;7.11361;1729.3
ENVIII;7;51;9.507;42;-58;57.536;13.5268;35.7003;0.5495;0.2385;0.684;7.11973;1731.1
ENVIII;7;51;9.507;42;-59;58.528;13.5085;35.7024;0.5186;0.233;0.64463;7.12984;1728.6
ENVIII;7;51;9.507;42;-60;59.52;13.5027;35.7026;0.6129;0.2315;0.60784;7.12237;1726.2
ENVIII;7;51;9.507;42;-61;60.512;13.4982;35.7026;0.5188;0.2307;0.56185;7.10783;1726
ENVIII;7;51;9.507;42;-62;61.504;13.4717;35.7055;0.4492;0.2289;0.51639;7.10457;1726.3
ENVIII;7;51;9.507;42;-63;62.496;13.4551;35.7072;0.443;0.2239;0.47689;7.08498;1726.2
ENVIII;7;51;9.507;42;-64;63.487;13.449;35.7083;0.4437;0.2199;0.44219;7.08488;1725.7
ENVIII;7;51;9.507;42;-65;64.479;13.4476;35.7087;0.4007;0.2205;0.41544;7.06874;1725.7
ENVIII;7;51;9.507;42;-66;65.471;13.4481;35.7083;0.419;0.2293;0.39015;7.05745;1726.2
ENVIII;7;51;9.507;42;-67;66.463;13.4479;35.7085;0.4154;0.2364;0.36561;7.06038;1725.7
ENVIII;7;51;9.507;42;-68;67.455;13.4468;35.7084;0.4306;0.2301;0.34409;7.0798;1725.8
ENVIII;7;51;9.507;42;-69;68.446;13.4467;35.7083;0.4405;0.223;0.31939;7.08005;1725.9
ENVIII;7;51;9.507;42;-70;69.438;13.4456;35.7084;0.4233;0.2216;0.29083;7.07491;1725.4
ENVIII;7;51;9.507;42;-71;70.43;13.4435;35.7086;0.4668;0.2218;0.26927;7.06364;1723.6
ENVIII;7;51;9.507;42;-72;71.422;13.4409;35.7086;0.4122;0.2394;0.25105;7.06638;1723.7
ENVIII;7;51;9.507;42;-73;72.414;13.4264;35.71;0.4268;0.2353;0.23288;7.06284;1723.7
ENVIII;7;51;9.507;42;-74;73.406;13.4012;35.7109;0.4;0.2231;0.21795;7.06058;1725.5
ENVIII;7;51;9.507;42;-75;74.397;13.3731;35.7128;0.3916;0.2185;0.20422;7.05098;1725.5
ENVIII;7;51;9.507;42;-76;75.389;13.3546;35.7138;0.3431;0.2108;0.19161;7.05616;1723
ENVIII;7;51;9.507;42;-77;76.381;13.3466;35.7141;0.3056;0.2119;0.17805;7.04717;1723.5
ENVIII;7;51;9.507;42;-78;77.373;13.3407;35.7148;0.2959;0.203;0.16218;7.04196;1723.7
ENVIII;7;51;9.507;42;-79;78.364;13.3389;35.7149;0.3031;0.209;0.14727;7.04913;1724.5
ENVIII;7;51;9.507;42;-80;79.356;13.3404;35.7145;0.2976;0.2078;0.13709;7.05431;1722.2
ENVIII;7;51;9.507;42;-81;80.348;13.3359;35.7148;0.3062;0.2004;0.1281;7.04826;1721.7
ENVIII;7;51;9.507;42;-82;81.34;13.3275;35.7149;0.3058;0.2049;0.11752;7.03379;1721.7
ENVIII;7;51;9.507;42;-83;82.331;13.3213;35.7154;0.2956;0.2097;0.10845;7.03073;1721.1
ENVIII;7;51;9.507;42;-84;83.323;13.3116;35.7156;0.2814;0.2016;0.099316;7.03082;1719.6
ENVIII;7;51;9.507;42;-85;84.315;13.3017;35.7172;0.2608;0.2052;0.093127;7.02339;1720.1
ENVIII;7;51;9.507;42;-86;85.306;13.279;35.7195;0.239;0.2031;0.086987;7.01063;1721.6
ENVIII;7;51;9.507;42;-87;86.298;13.2485;35.7203;0.2018;0.1928;0.080825;7.01379;1721
ENVIII;7;51;9.507;42;-88;87.29;13.2318;35.7205;0.1755;0.1968;0.073568;7.00591;1718.3
ENVIII;7;51;9.507;42;-89;88.282;13.228;35.7209;0.1707;0.1895;0.068368;7.00885;1717.4
ENVIII;7;51;9.507;42;-90;89.273;13.225;35.7212;0.154;0.1951;0.062696;7.01763;1717.5
ENVIII;7;51;9.507;42;-91;90.265;13.2207;35.7211;0.1495;0.2062;0.05677;7.01289;1717.7
ENVIII;7;51;9.507;42;-92;91.257;13.2181;35.7208;0.1476;0.1909;0.049553;7.01368;1717.6
ENVIII;7;51;9.507;42;-93;92.249;13.2091;35.72;0.1312;0.1899;0.045615;6.99701;1714.9
ENVIII;7;51;9.507;42;-94;93.24;13.1835;35.719;0.1254;0.1998;0.042213;7.00772;1712.1
ENVIII;7;51;9.507;42;-95;94.232;13.1645;35.7185;0.1141;0.1842;0.037819;6.98798;1711.6
ENVIII;7;51;9.507;42;-96;95.224;13.1304;35.7177;0.0948;0.1916;0.034832;6.98752;1712.1
ENVIII;7;51;9.507;42;-97;96.215;13.1131;35.7183;0.0711;0.1861;0.031837;6.96641;1711.8
ENVIII;7;51;9.507;42;-98;97.207;13.102;35.7175;0.0649;0.1845;0.027647;6.9546;1711.9
ENVIII;7;51;9.507;42;-99;98.199;13.0976;35.7174;0.0641;0.1762;0.025251;6.95303;1711.7
ENVIII;7;51;9.507;42;-100;99.19;13.0974;35.7174;0.0589;0.1751;0.019804;6.9666;1711.7
ENVIII;7;51;9.507;42;-101;100.182;13.0922;35.7167;0.0469;0.1853;0.01735;6.96784;1711.7
ENVIII;7;51;9.507;42;-102;101.174;13.09;35.7167;0.046;0.1883;0.012308;6.95362;1712.9
ENVIII;7;51;9.507;42;-103;102.165;13.0838;35.7158;0.0413;0.1943;0.0099826;6.9272;1713.7
ENVIII;7;51;9.507;42;-104;103.157;13.079;35.716;0.046;0.1871;0.0091868;6.93553;1713.6
ENVIII;7;51;9.507;42;-105;104.149;13.0723;35.7148;0.0465;0.1814;0.0063268;6.93408;1711.5
ENVIII;7;51;9.507;42;-106;105.14;13.0395;35.7125;0.0518;0.1806;0.0015092;6.94459;1710.9
ENVIII;7;51;9.507;42;-107;106.132;12.9989;35.7091;0.0282;0.1617;0.000079335;6.94369;1711.7
ENVIII;7;51;9.507;42;-108;107.124;12.9286;35.7061;0.0167;0.1786;0.000093232;6.93844;1712.8
ENVIII;7;51;9.507;42;-109;108.115;12.9168;35.7061;-0.0036;0.1714;1.01E-06;6.87486;1713.7
ENVIII;7;51;9.507;42;-110;109.107;12.9119;35.7053;-0.0024;0.1817;1.00E-12;6.8064;1713.2
ENVIII;7;51;9.507;42;-111;110.098;12.9051;35.7044;-0.0027;0.1807;1.00E-12;6.77706;1711.4
ENVIII;7;51;9.507;42;-112;111.09;12.89;35.7028;-0.0054;0.1762;1.00E-12;6.7809;1711.7
ENVIII;7;51;9.507;42;-113;112.082;12.8749;35.7022;-0.0126;0.1711;1.00E-12;6.80005;1711.7
ENVIII;7;51;9.507;42;-114;113.073;12.8693;35.7018;-0.0262;0.1809;1.00E-12;6.7911;1711.7
ENVIII;7;51;9.507;42;-115;114.065;12.8665;35.7015;-0.0202;0.1784;1.00E-12;6.77034;1711.7
ENVIII;7;51;9.507;42;-116;115.056;12.8608;35.7011;-0.0027;0.184;1.00E-12;6.7461;1709.7
ENVIII;7;51;9.507;42;-117;116.048;12.8535;35.7008;-0.0113;0.1836;1.00E-12;6.73698;1709.7
ENVIII;7;51;9.507;42;-118;117.039;12.8472;35.7008;-0.0181;0.1881;1.00E-12;6.7581;1709.7
ENVIII;7;51;9.507;42;-119;118.031;12.8438;35.7008;-0.0104;0.1877;1.00E-12;6.73932;1709.7
ENVIII;7;51;9.507;42;-120;119.023;12.8346;35.6999;-0.0166;0.1822;1.00E-12;6.75765;1709.7
ENVIII;7;51;9.507;42;-121;120.014;12.8256;35.7004;-0.0365;0.1893;1.00E-12;6.77384;1709.7
ENVIII;7;51;9.507;42;-122;121.006;12.8236;35.7002;-0.0251;0.1929;1.00E-12;6.76035;1709.7
ENVIII;7;51;9.507;42;-123;121.997;12.8196;35.6998;-0.0196;0.1884;1.00E-12;6.7479;1709.7
ENVIII;7;51;9.507;42;-124;122.989;12.8023;35.6991;-0.0094;0.1921;1.00E-12;6.75258;1709.2
ENVIII;7;51;9.507;42;-125;123.98;12.7959;35.699;-0.0301;0.1922;1.00E-12;6.7425;1709.7
ENVIII;7;51;9.507;42;-126;124.972;12.7858;35.6989;-0.011;0.1984;1.00E-12;6.72851;1709.7
ENVIII;7;51;9.507;42;-127;125.964;12.7823;35.6989;-0.0206;0.1953;1.00E-12;6.71995;1709.6
ENVIII;7;51;9.507;42;-128;126.955;12.7807;35.6991;-0.0189;0.1981;1.00E-12;6.69865;1709.7
ENVIII;7;51;9.507;42;-129;127.946;12.7801;35.6991;-0.0096;0.1985;1.00E-12;6.70294;1709.7
ENVIII;7;51;9.507;42;-130;128.938;12.7788;35.699;-0.0141;0.1986;1.00E-12;6.71017;1707.2
ENVIII;7;51;9.507;42;-131;129.93;12.7778;35.699;-0.0013;0.1942;1.00E-12;6.72596;1705.6
ENVIII;7;51;9.507;42;-132;130.921;12.7781;35.699;-0.0203;0.2009;1.00E-12;6.71232;1707.1
ENVIII;7;51;9.507;42;-133;131.913;12.7785;35.6992;-0.0301;0.2061;1.00E-12;6.70435;1707.7
ENVIII;7;51;9.507;42;-134;132.904;12.7791;35.6999;-0.0213;0.2016;1.00E-12;6.70479;1707.7
ENVIII;7;51;9.507;42;-135;133.896;12.7751;35.7011;-0.0211;0.194;1.00E-12;6.71045;1707.4
ENVIII;7;51;9.507;42;-136;134.887;12.7726;35.7017;-0.0323;0.185;1.00E-12;6.70785;1705.5
ENVIII;7;51;9.507;42;-137;135.879;12.771;35.7017;-0.0389;0.1932;1.00E-12;6.72175;1703.8
ENVIII;7;51;9.507;42;-138;136.87;12.7679;35.7022;-0.0252;0.198;1.00E-12;6.7321;1703.9
ENVIII;7;51;9.507;42;-139;137.862;12.7651;35.7025;-0.0365;0.201;1.00E-12;6.72188;1705.7
ENVIII;7;51;9.507;42;-140;138.853;12.7618;35.7027;-0.045;0.2041;1.00E-12;6.71369;1705.7
ENVIII;7;51;9.507;42;-141;139.845;12.7595;35.7032;-0.037;0.1993;1.00E-12;6.71992;1705.7
ENVIII;7;51;9.507;42;-142;140.836;12.7577;35.7033;-0.0303;0.1863;1.00E-12;6.7267;1705
ENVIII;7;51;9.507;42;-143;141.827;12.756;35.7034;-0.0345;0.1931;1.00E-12;6.71013;1703.7
ENVIII;7;51;9.507;42;-144;142.819;12.7522;35.7037;-0.0222;0.1929;1.00E-12;6.71241;1703.3
ENVIII;7;51;9.507;42;-145;143.81;12.7476;35.704;-0.0308;0.1837;1.00E-12;6.7112;1705
ENVIII;7;51;9.507;42;-146;144.802;12.7412;35.7043;-0.0281;0.19;1.00E-12;6.71317;1705.7
ENVIII;7;51;9.507;42;-147;145.793;12.7348;35.7045;-0.0211;0.2006;1.00E-12;6.7089;1705.7
ENVIII;7;51;9.507;42;-148;146.785;12.7302;35.7047;-0.044;0.2087;1.00E-12;6.69632;1705.7
ENVIII;7;51;9.507;42;-149;147.776;12.725;35.7049;-0.036;0.2021;1.00E-12;6.69551;1705.8
ENVIII;7;51;9.507;42;-150;148.767;12.7158;35.7047;-0.042;0.1998;1.00E-12;6.69292;1705.3
ENVIII;7;51;9.507;42;-151;149.759;12.7021;35.7044;-0.033;0.2009;1.00E-12;6.68029;1703.7
ENVIII;7;51;9.507;42;-152;150.75;12.6704;35.7054;-0.0337;0.1932;1.00E-12;6.67579;1703.4
ENVIII;7;51;9.507;42;-153;151.742;12.662;35.7054;-0.041;0.1838;1.00E-12;6.67969;1703.8
ENVIII;7;51;9.507;42;-154;152.733;12.6601;35.7053;-0.0447;0.1864;1.00E-12;6.66665;1703.8
ENVIII;7;51;9.507;42;-155;153.725;12.6596;35.7051;-0.0523;0.1826;1.00E-12;6.6725;1703.8
ENVIII;7;51;9.507;42;-156;154.716;12.6529;35.7045;-0.0444;0.1809;1.00E-12;6.665;1703.4
ENVIII;7;51;9.507;42;-157;155.707;12.647;35.7036;-0.0446;0.1856;1.00E-12;6.66069;1702.5
ENVIII;7;51;9.507;42;-158;156.699;12.6294;35.7033;-0.0544;0.1855;1.00E-12;6.66634;1702.3
ENVIII;7;51;9.507;42;-159;157.69;12.6242;35.7032;-0.0478;0.1868;1.00E-12;6.6742;1702.1
ENVIII;7;51;9.507;42;-160;158.682;12.6261;35.7032;-0.0444;0.1928;1.00E-12;6.64339;1703.3
ENVIII;7;51;9.507;42;-161;159.673;12.6229;35.7026;-0.044;0.18;1.00E-12;6.64145;1672.1
ENVIII;7;51;9.507;42;-162;160.664;12.6175;35.7018;-0.044;0.1876;1.00E-12;6.63577;1700.9
ENVIII;7;51;9.507;42;-163;161.656;12.5851;35.6997;-0.0439;0.1855;1.00E-12;6.64715;1699.8
ENVIII;7;51;9.507;42;-164;162.647;12.5746;35.6997;-0.0438;0.1843;1.00E-12;6.62703;1699.8
ENVIII;7;51;9.507;42;-165;163.638;12.5693;35.6993;-0.0513;0.1821;1.00E-12;6.60159;1699.8
ENVIII;7;51;9.507;42;-166;164.63;12.5626;35.6986;-0.0481;0.1794;1.00E-12;6.59203;1699.7
ENVIII;7;51;9.507;42;-167;165.621;12.5594;35.6986;-0.0438;0.1777;1.00E-12;6.59322;1698.9
ENVIII;7;51;9.507;42;-168;166.612;12.5554;35.6981;-0.0494;0.1813;1.00E-12;6.60878;1695.9
ENVIII;7;51;9.507;42;-169;167.604;12.5501;35.6974;-0.0464;0.1794;1.00E-12;6.60725;1695.5
ENVIII;7;51;9.507;42;-170;168.595;12.5351;35.6958;-0.0451;0.1806;1.00E-12;6.59053;1695.4
ENVIII;7;51;9.507;42;-171;169.586;12.5044;35.6946;-0.0553;0.1774;1.00E-12;6.59767;1695.8
ENVIII;7;51;9.507;42;-172;170.578;12.491;35.6938;-0.0452;0.1866;1.00E-12;6.59103;1695.8
ENVIII;7;51;9.507;42;-173;171.569;12.4807;35.6932;-0.0472;0.1832;1.00E-12;6.58188;1694.5
ENVIII;7;51;9.507;42;-174;172.56;12.4712;35.6925;-0.0559;0.1865;1.00E-12;6.57529;1694.3
ENVIII;7;51;9.507;42;-175;173.552;12.465;35.692;-0.0449;0.1824;1.00E-12;6.57111;1693.8
ENVIII;7;51;9.507;42;-176;174.543;12.4573;35.6914;-0.0433;0.1874;1.00E-12;6.59305;1692.9
ENVIII;7;51;9.507;42;-177;175.534;12.4472;35.6903;-0.0434;0.1814;1.00E-12;6.59644;1605.9
ENVIII;7;51;9.507;42;-178;176.525;12.4353;35.6898;-0.0544;0.1903;1.00E-12;6.59461;1534.1
ENVIII;7;51;9.507;42;-179;177.517;12.4265;35.6888;-0.0482;0.1944;1.00E-12;6.5753;1629.7
ENVIII;7;51;9.507;42;-180;178.508;12.3986;35.6867;-0.0459;0.1909;1.00E-12;6.55862;1690.4
ENVIII;7;51;9.507;42;-181;179.499;12.3844;35.686;-0.0566;0.194;1.00E-12;6.55726;1692.2
ENVIII;7;51;9.507;42;-182;180.491;12.3703;35.6851;-0.0451;0.187;1.00E-12;6.54989;1690.1
ENVIII;7;51;9.507;42;-183;181.482;12.368;35.6848;-0.0441;0.1858;1.00E-12;6.54582;1222.9
ENVIII;7;51;9.507;42;-184;182.473;12.3668;35.6846;-0.051;0.1799;1.00E-12;6.55169;1635.2
ENVIII;7;51;9.507;42;-185;183.465;12.3611;35.6835;-0.0493;0.183;1.00E-12;6.54722;1691.6
ENVIII;7;51;9.507;42;-186;184.456;12.3463;35.6829;-0.0433;0.1854;1.00E-12;6.55107;1687.1
ENVIII;7;51;9.507;42;-187;185.447;12.3429;35.6827;-0.06;0.1837;1.00E-12;6.55106;1661.5
ENVIII;7;51;9.507;42;-188;186.438;12.3412;35.6825;-0.055;0.1897;1.00E-12;6.55803;1688.1
ENVIII;7;51;9.507;42;-189;187.43;12.3381;35.6819;-0.0452;0.1852;1.00E-12;6.55695;1687.4
ENVIII;7;51;9.507;42;-190;188.421;12.326;35.681;-0.0466;0.1898;1.00E-12;6.54683;1685.7
ENVIII;7;51;9.507;42;-191;189.412;12.3245;35.6811;-0.0447;0.198;1.00E-12;6.54414;1685.4
ENVIII;7;51;9.507;42;-192;190.403;12.325;35.6809;-0.0456;0.1899;1.00E-12;6.54289;1685.8
ENVIII;7;51;9.507;42;-193;191.395;12.3242;35.6807;-0.0612;0.187;1.00E-12;6.54643;1686.4
ENVIII;7;51;9.507;42;-194;192.386;12.3226;35.6806;-0.0604;0.1929;1.00E-12;6.53774;1685.6
ENVIII;7;51;9.507;42;-195;193.377;12.3184;35.6796;-0.0525;0.2015;1.00E-12;6.53331;1528
ENVIII;7;51;9.507;42;-196;194.368;12.3048;35.6786;-0.0448;0.1975;1.00E-12;6.53482;1636.5
ENVIII;7;51;9.507;42;-197;195.359;12.282;35.6757;-0.0444;0.1935;1.00E-12;6.5545;1686.9
ENVIII;7;51;9.507;42;-198;196.35;12.2566;35.6752;-0.0518;0.197;1.00E-12;6.54974;1686.6
ENVIII;7;51;9.507;42;-199;197.342;12.249;35.6747;-0.0515;0.1828;1.00E-12;6.5411;1685.9
ENVIII;7;51;9.507;42;-200;198.333;12.247;35.6745;-0.0503;0.1937;1.00E-12;6.55219;1672.3
ENVIII;7;51;9.507;42;-201;199.324;12.245;35.6742;-0.0566;0.1991;1.00E-12;6.55543;1663.4
ENVIII;7;51;9.507;42;-202;200.315;12.2403;35.6737;-0.0546;0.1997;1.00E-12;6.56162;1686.2
ENVIII;7;51;9.507;42;-203;201.307;12.2374;35.6736;-0.056;0.1964;1.00E-12;6.5609;1585.2
ENVIII;7;51;9.507;42;-204;202.297;12.2365;35.6731;-0.0598;0.1871;1.00E-12;6.54765;1660.1
ENVIII;7;51;9.507;42;-205;203.289;12.234;35.6726;-0.0621;0.1926;1.00E-12;6.5437;1690.8
ENVIII;7;51;9.507;42;-206;204.28;12.2196;35.6715;-0.0649;0.1952;1.00E-12;6.55577;1688.7
ENVIII;7;51;9.507;42;-207;205.271;12.2176;35.6715;-0.0498;0.1948;1.00E-12;6.55004;1626.1
ENVIII;7;51;9.507;42;-208;206.262;12.2161;35.6714;-0.0443;0.1973;1.00E-12;6.53505;1688.6
ENVIII;7;51;9.507;42;-209;207.253;12.2142;35.6712;-0.0437;0.191;1.00E-12;6.56168;1689.8
ENVIII;7;51;9.507;42;-210;208.244;12.2123;35.671;-0.0451;0.1959;1.00E-12;6.5593;1687
ENVIII;7;51;9.507;42;-211;209.235;12.2109;35.6708;-0.0535;0.1875;1.00E-12;6.56314;1687.8
ENVIII;7;51;9.507;42;-212;210.227;12.211;35.6706;-0.045;0.1874;1.00E-12;6.55364;1689.5
ENVIII;7;51;9.507;42;-213;211.218;12.2048;35.6701;-0.0472;0.1961;1.00E-12;6.55979;1624.6
ENVIII;7;51;9.507;42;-214;212.209;12.2022;35.6701;-0.0559;0.1841;1.00E-12;6.56583;1674
ENVIII;7;51;9.507;42;-215;213.2;12.1959;35.6694;-0.056;0.1863;1.00E-12;6.57643;1689.3
ENVIII;7;51;9.507;42;-216;214.191;12.192;35.6694;-0.0508;0.1903;1.00E-12;6.56335;1689.9
ENVIII;7;51;9.507;42;-217;215.182;12.1921;35.6693;-0.0686;0.1866;1.00E-12;6.54938;1689.6
ENVIII;7;51;9.507;42;-218;216.173;12.1904;35.6691;-0.0678;0.1811;1.00E-12;6.56173;1632.1
ENVIII;7;51;9.507;42;-219;217.164;12.1814;35.6678;-0.0585;0.1897;1.00E-12;6.56311;1590.7
ENVIII;7;51;9.507;42;-220;218.156;12.1621;35.6678;-0.0565;0.1878;1.00E-12;6.55831;1571.6
ENVIII;7;51;9.507;42;-221;219.147;12.1557;35.6675;-0.0664;0.1868;1.00E-12;6.54434;1680.9
ENVIII;7;51;9.507;42;-222;220.137;12.1454;35.6665;-0.0692;0.192;1.00E-12;6.54094;1692.5
ENVIII;7;51;9.507;42;-223;221.129;12.1373;35.6655;-0.0592;0.1909;1.00E-12;6.55672;1691.3
ENVIII;7;51;9.507;42;-224;222.12;12.1346;35.6653;-0.069;0.1766;1.00E-12;6.55267;1690.6
ENVIII;7;51;9.507;42;-225;223.111;12.133;35.665;-0.0536;0.1892;1.00E-12;6.55967;1693.1
ENVIII;7;51;9.507;42;-226;224.102;12.1315;35.6649;-0.055;0.1966;1.00E-12;6.56036;1629
ENVIII;7;51;9.507;42;-227;225.093;12.1299;35.6649;-0.0602;0.1963;1.00E-12;6.56152;1536.4
ENVIII;7;51;9.507;42;-228;226.084;12.1299;35.6649;-0.0552;0.187;1.00E-12;6.55816;1689.7
ENVIII;7;51;9.507;42;-229;227.075;12.1303;35.6649;-0.0554;0.1828;1.00E-12;6.55976;1690.2
ENVIII;7;51;9.507;42;-230;228.066;12.1298;35.6648;-0.0563;0.1937;1.00E-12;6.55985;1674.6
ENVIII;7;51;9.507;42;-231;229.057;12.1287;35.6648;-0.0569;0.1882;1.00E-12;6.56272;1680
ENVIII;7;51;9.507;42;-232;230.048;12.1153;35.6631;-0.0576;0.1856;1.00E-12;6.56741;1689
ENVIII;7;51;9.507;42;-233;231.039;12.0677;35.6602;-0.0625;0.1895;1.00E-12;6.56237;1691.7
ENVIII;7;51;9.507;42;-234;232.03;12.0513;35.66;-0.0639;0.1864;1.00E-12;6.54845;1691.8
ENVIII;7;51;9.507;42;-235;233.021;12.0414;35.6595;-0.0686;0.1785;1.00E-12;6.55458;1595.8
ENVIII;7;51;9.507;42;-236;234.012;12.0323;35.6588;-0.0662;0.1769;1.00E-12;6.5514;1125.7
ENVIII;7;51;9.507;42;-237;235.003;12.0284;35.6584;-0.0609;0.1716;1.00E-12;6.54776;1546.4
ENVIII;7;51;9.507;42;-238;235.994;12.0228;35.658;-0.0631;0.1819;1.00E-12;6.54668;1679
ENVIII;7;51;9.507;42;-239;236.985;12.0165;35.6577;-0.0569;0.1836;1.00E-12;6.54034;1569.1
ENVIII;7;51;9.507;42;-240;237.976;12.0133;35.6576;-0.0461;0.1722;1.00E-12;6.54072;1682.5
ENVIII;7;51;9.507;42;-241;238.967;12.0113;35.6574;-0.0556;0.208;1.00E-12;6.54965;1687.8
ENVIII;7;51;9.507;42;-242;239.958;12.0067;35.657;-0.0665;0.1809;1.00E-12;6.55485;1687.8
ENVIII;7;51;9.507;42;-243;240.949;11.9992;35.6566;-0.0567;0.1795;1.00E-12;6.56007;1685.8
ENVIII;7;51;9.507;42;-244;241.94;11.9956;35.6565;-0.0645;0.1826;1.00E-12;6.56984;1686
ENVIII;7;51;9.507;42;-245;242.931;11.9916;35.656;-0.0634;0.1902;1.00E-12;6.55428;1687.8
ENVIII;7;51;9.507;42;-246;243.922;11.9855;35.6557;-0.0758;0.1848;1.00E-12;6.5535;1687.8
ENVIII;7;51;9.507;42;-247;244.913;11.9795;35.6552;-0.0442;0.1818;1.00E-12;6.54318;1558.8
ENVIII;7;51;9.507;42;-248;245.904;11.9661;35.6541;-0.055;0.1823;1.00E-12;6.5295;1436.1
ENVIII;7;51;9.507;42;-249;246.895;11.9546;35.6531;-0.0689;0.1807;1.00E-12;6.52747;1696.3
ENVIII;7;51;9.507;42;-250;247.886;11.9348;35.6517;-0.0595;0.1981;1.00E-12;6.55865;1640.7
ENVIII;7;51;9.507;42;-251;248.877;11.9218;35.6515;-0.0678;0.183;1.00E-12;6.54744;1539
ENVIII;7;51;9.507;42;-252;249.868;11.9171;35.6509;-0.0684;0.1791;1.00E-12;6.55092;1685.8
ENVIII;7;51;9.507;42;-253;250.859;11.9085;35.6502;-0.0808;0.1791;1.00E-12;6.54076;1687.8
ENVIII;7;51;9.507;42;-254;251.85;11.9047;35.6499;-0.0748;0.1683;1.00E-12;6.54203;1683.8
ENVIII;7;51;9.507;42;-255;252.841;11.9021;35.6493;-0.0644;0.1652;1.00E-12;6.54845;1626.2
ENVIII;7;6;9.608;42;-3;2.976;15.423;35.7495;1.8844;0.5377;1203.2;6.65218;1778.1
ENVIII;7;6;9.608;42;-4;3.969;15.4939;35.5834;0.9928;0.5483;788.39;8.36943;1779.7
ENVIII;7;6;9.608;42;-5;4.961;15.4949;35.6291;1.5646;0.624;688.26;8.26412;1785.8
ENVIII;7;6;9.608;42;-6;5.953;15.4343;35.6281;1.693;0.6197;565.33;8.24086;1784.3
ENVIII;7;6;9.608;42;-7;6.945;15.3798;35.6301;1.8488;0.5801;448.77;8.2316;1785.5
ENVIII;7;6;9.608;42;-8;7.937;15.3157;35.6276;2.3311;0.5609;376.41;8.22295;1786.5
ENVIII;7;6;9.608;42;-9;8.929;15.2758;35.6305;2.8489;0.5828;312.42;8.18475;1790.2
ENVIII;7;6;9.608;42;-10;9.921;15.2467;35.6296;3.2285;0.5909;247.63;8.1629;1791.4
ENVIII;7;6;9.608;42;-11;10.913;15.2229;35.6297;3.363;0.5858;212.3;8.10149;1789.4
ENVIII;7;6;9.608;42;-12;11.905;15.1848;35.6284;3.8514;0.6503;171.84;8.08551;1791.8
ENVIII;7;6;9.608;42;-13;12.897;15.1399;35.6311;3.4751;0.5683;143.18;8.13437;1796.2
ENVIII;7;6;9.608;42;-14;13.89;15.1262;35.6289;3.4706;0.5784;120.12;8.20498;1792.2
ENVIII;7;6;9.608;42;-15;14.882;15.0636;35.6295;3.8202;0.581;92.925;8.21062;1791
ENVIII;7;6;9.608;42;-16;15.874;15.0193;35.6314;4.0131;0.5792;81.778;8.22695;1791.9
ENVIII;7;6;9.608;42;-17;16.866;14.9756;35.6316;4.2363;0.5642;69.873;8.22407;1793.7
ENVIII;7;6;9.608;42;-18;17.858;14.9421;35.6307;4.5709;0.5615;56.26;8.19425;1790.8
ENVIII;7;6;9.608;42;-19;18.85;14.9217;35.6311;4.3548;0.5612;46.986;8.14458;1789.4
ENVIII;7;6;9.608;42;-20;19.842;14.9087;35.6332;4.4966;0.5767;39.968;8.0769;1793.6
ENVIII;7;6;9.608;42;-21;20.834;14.9066;35.6332;3.9726;0.563;33.682;7.90062;1795.1
ENVIII;7;6;9.608;42;-22;21.826;14.9069;35.6331;3.9489;0.5532;29.039;7.8756;1793.5
ENVIII;7;6;9.608;42;-23;22.818;14.907;35.6332;3.5488;0.5477;24.832;7.85612;1794.7
ENVIII;7;6;9.608;42;-24;23.81;14.897;35.6334;3.3359;0.534;21.563;7.86395;1795.2
ENVIII;7;6;9.608;42;-25;24.802;14.8781;35.6342;3.1969;0.5015;18.678;7.82331;1793
ENVIII;7;6;9.608;42;-26;25.794;14.8727;35.6345;3.1897;0.5072;15.994;7.80408;1791.5
ENVIII;7;6;9.608;42;-27;26.786;14.8709;35.6345;3.126;0.5212;14.302;7.80762;1791.4
ENVIII;7;6;9.608;42;-28;27.778;14.8485;35.6349;2.9145;0.5158;12.621;7.7915;1791.9
ENVIII;7;6;9.608;42;-29;28.77;14.8101;35.6368;2.5512;0.466;10.865;7.73677;1792.3
ENVIII;7;6;9.608;42;-30;29.762;14.718;35.6409;2.1974;0.4393;9.66;7.67191;1788.4
ENVIII;7;6;9.608;42;-31;30.754;14.626;35.6473;1.9375;0.4193;8.7829;7.54848;1788.8
ENVIII;7;6;9.608;42;-32;31.746;14.5511;35.6501;1.5312;0.3836;7.8192;7.45512;1787.8
ENVIII;7;6;9.608;42;-33;32.738;14.4605;35.6554;1.3795;0.3713;6.9207;7.44711;1782.7
ENVIII;7;6;9.608;42;-34;33.73;14.3236;35.6596;1.3071;0.3659;6.2995;7.38164;1778.3
ENVIII;7;6;9.608;42;-35;34.722;14.1628;35.6683;1.0643;0.3398;5.8506;7.31325;1772.5
ENVIII;7;6;9.608;42;-36;35.714;14.0759;35.6768;0.9204;0.3206;5.3674;7.26947;1772.4
ENVIII;7;6;9.608;42;-37;36.706;14.0363;35.6791;0.8435;0.3059;4.9312;7.23726;1773.7
ENVIII;7;6;9.608;42;-38;37.698;14.014;35.679;0.8231;0.3027;4.5544;7.21523;1770.8
ENVIII;7;6;9.608;42;-39;38.69;13.9117;35.6814;0.9808;0.3185;4.2174;7.21596;1768.1
ENVIII;7;6;9.608;42;-40;39.682;13.8726;35.6893;0.777;0.3038;3.9917;7.18484;1765.9
ENVIII;7;6;9.608;42;-41;40.674;13.8656;35.6877;0.714;0.2811;3.7006;7.17396;1767.2
ENVIII;7;6;9.608;42;-42;41.666;13.8454;35.6891;0.7499;0.2755;3.3751;7.18152;1767.6
ENVIII;7;6;9.608;42;-43;42.658;13.8315;35.6891;0.7403;0.2889;3.1668;7.1748;1765.8
ENVIII;7;6;9.608;42;-44;43.65;13.8201;35.6903;0.7951;0.2855;2.9653;7.15175;1763.6
ENVIII;7;6;9.608;42;-45;44.642;13.8184;35.6896;0.7724;0.2938;2.7683;7.15817;1764.1
ENVIII;7;6;9.608;42;-46;45.633;13.8003;35.6912;0.7021;0.2683;2.5553;7.16135;1764.9
ENVIII;7;6;9.608;42;-47;46.625;13.7986;35.6905;0.7136;0.2691;2.3436;7.17207;1758.8
ENVIII;7;6;9.608;42;-48;47.617;13.7892;35.6908;0.7703;0.2762;2.1984;7.15584;1758
ENVIII;7;6;9.608;42;-49;48.609;13.769;35.6922;0.7536;0.2761;2.0788;7.14312;1758.7
ENVIII;7;6;9.608;42;-50;49.601;13.7356;35.694;0.7815;0.2759;1.9448;7.15864;1757.6
ENVIII;7;6;9.608;42;-51;50.593;13.6808;35.6969;0.768;0.2672;1.7786;7.14275;1757.4
ENVIII;7;6;9.608;42;-52;51.585;13.5794;35.7015;0.68;0.262;1.6304;7.12865;1754.6
ENVIII;7;6;9.608;42;-53;52.577;13.4973;35.7125;0.6545;0.262;1.52;7.13181;1751.7
ENVIII;7;6;9.608;42;-54;53.569;13.4902;35.7132;0.6308;0.2507;1.4252;7.12132;1751.5
ENVIII;7;6;9.608;42;-55;54.561;13.4851;35.7134;0.6176;0.2318;1.3419;7.13859;1754
ENVIII;7;6;9.608;42;-56;55.552;13.4799;35.7132;0.7519;0.2585;1.2749;7.14615;1758
ENVIII;7;6;9.608;42;-57;56.544;13.4744;35.7136;0.909;0.2647;1.1921;7.1162;1759.6
ENVIII;7;6;9.608;42;-58;57.536;13.4375;35.7154;0.6195;0.2307;1.1078;7.12757;1758.7
ENVIII;7;6;9.608;42;-59;58.528;13.3983;35.7209;0.5131;0.2262;1.0307;7.133;1755.8
ENVIII;7;6;9.608;42;-60;59.52;13.3829;35.7202;0.4934;0.2135;0.96596;7.12457;1753.6
ENVIII;7;6;9.608;42;-61;60.512;13.356;35.7216;0.479;0.213;0.91345;7.12783;1753.7
ENVIII;7;6;9.608;42;-62;61.504;13.3407;35.7217;0.4633;0.2101;0.86414;7.14523;1752.6
ENVIII;7;6;9.608;42;-63;62.495;13.3305;35.7214;0.4378;0.2063;0.81733;7.13418;1751.6
ENVIII;7;6;9.608;42;-64;63.487;13.3241;35.7213;0.4149;0.2069;0.77386;7.13731;1751.8
ENVIII;7;6;9.608;42;-65;64.479;13.3192;35.7211;0.3973;0.2115;0.72039;7.14652;1753.2
ENVIII;7;6;9.608;42;-66;65.471;13.3163;35.7209;0.3285;0.1989;0.66404;7.13429;1750.6
ENVIII;7;6;9.608;42;-67;66.463;13.3134;35.7206;0.3421;0.1969;0.62204;7.14403;1744.6
ENVIII;7;6;9.608;42;-68;67.455;13.3079;35.7205;0.3876;0.2019;0.58897;7.13933;1741.7
ENVIII;7;6;9.608;42;-69;68.446;13.2991;35.7197;0.3724;0.207;0.55479;7.13994;1742.7
ENVIII;7;6;9.608;42;-70;69.438;13.2837;35.7191;0.3293;0.2004;0.52895;7.13739;1747.5
ENVIII;7;6;9.608;42;-71;70.43;13.2487;35.716;0.3158;0.1866;0.50649;7.14567;1751.2
ENVIII;7;6;9.608;42;-72;71.422;13.1918;35.7146;0.2025;0.1788;0.477;7.14755;1747.2
ENVIII;7;6;9.608;42;-73;72.414;13.1769;35.7156;0.1986;0.1815;0.44482;7.13193;1745.6
ENVIII;7;6;9.608;42;-74;73.405;13.1567;35.7133;0.1819;0.1946;0.41687;7.15234;1748.1
ENVIII;7;6;9.608;42;-75;74.397;13.1293;35.7107;0.163;0.1917;0.39312;7.16575;1750.3
ENVIII;7;6;9.608;42;-76;75.389;13.1291;35.7106;0.181;0.1712;0.37231;7.16922;1748.2
ENVIII;7;6;9.608;42;-77;76.381;13.1283;35.7103;0.1539;0.1732;0.35633;7.15169;1743.9
ENVIII;7;6;9.608;42;-78;77.373;13.1253;35.7096;0.1397;0.1879;0.33979;7.15948;1742
ENVIII;7;6;9.608;42;-79;78.364;13.1234;35.7095;0.1371;0.194;0.32255;7.16388;1741.4
ENVIII;7;6;9.608;42;-80;79.356;13.123;35.7092;0.1346;0.1757;0.30263;7.154;1741.8
ENVIII;7;6;9.608;42;-81;80.348;13.1212;35.7086;0.1355;0.1658;0.28321;7.15724;1745.1
ENVIII;7;6;9.608;42;-82;81.34;13.1201;35.7084;0.1402;0.1684;0.26399;7.14978;1742.1
ENVIII;7;6;9.608;42;-83;82.331;13.1199;35.7086;0.1396;0.1753;0.24676;7.14901;1737.1
ENVIII;7;6;9.608;42;-84;83.323;13.1156;35.707;0.139;0.1691;0.23293;7.15642;1736.6
ENVIII;7;6;9.608;42;-85;84.315;13.079;35.7025;0.1381;0.1758;0.22422;7.16347;1741.4
ENVIII;7;6;9.608;42;-86;85.307;13.0753;35.7022;0.119;0.1802;0.21269;7.15179;1747.4
ENVIII;7;6;9.608;42;-87;86.298;13.0552;35.7009;0.1079;0.1747;0.20201;7.15741;1748.8
ENVIII;7;6;9.608;42;-88;87.29;13.0534;35.7002;0.0893;0.1723;0.1894;7.15459;1746
ENVIII;7;6;9.608;42;-89;88.282;13.0493;35.6992;0.0896;0.1623;0.17731;7.14112;1745.6
ENVIII;7;6;9.608;42;-90;89.274;13.0405;35.6972;0.0963;0.162;0.16563;7.14899;1746.1
ENVIII;7;6;9.608;42;-91;90.265;13.0195;35.6945;0.0874;0.1661;0.15261;7.1603;1748.3
ENVIII;7;6;9.608;42;-92;91.257;13.0015;35.6921;0.0914;0.168;0.14338;7.15134;1752.4
ENVIII;7;6;9.608;42;-93;92.249;13.0029;35.6926;0.0822;0.1758;0.13491;7.14698;1757.5
ENVIII;7;6;9.608;42;-94;93.24;12.9937;35.689;0.0843;0.1722;0.12665;7.17109;1759.6
ENVIII;7;6;9.608;42;-95;94.232;12.9463;35.6826;0.0758;0.1654;0.12127;7.1732;1761.9
ENVIII;7;6;9.608;42;-96;95.224;12.9304;35.6815;0.0672;0.1775;0.11462;7.14823;1763.9
ENVIII;7;6;9.608;42;-97;96.215;12.917;35.6788;0.0822;0.1614;0.10691;7.15705;1764
ENVIII;7;6;9.608;42;-98;97.207;12.8746;35.6737;0.0923;0.1698;0.097609;7.16182;1763.3
ENVIII;7;6;9.608;42;-99;98.199;12.8662;35.6737;0.0437;0.1693;0.090702;7.15417;1764.3
ENVIII;7;6;9.608;42;-100;99.19;12.8588;35.6729;0.0542;0.1705;0.085319;7.18288;1764
ENVIII;7;6;9.608;42;-101;100.182;12.8509;35.6726;0.0338;0.1679;0.079193;7.17379;1760.4
ENVIII;7;6;9.608;42;-102;101.174;12.8462;35.671;0.0178;0.17;0.075725;7.16465;1759.5
ENVIII;7;6;9.608;42;-103;102.165;12.8311;35.6703;0.0277;0.1731;0.072249;7.16266;1759.9
ENVIII;7;6;9.608;42;-104;103.157;12.8312;35.6695;0.029;0.1693;0.06666;7.17246;1763.2
ENVIII;7;6;9.608;42;-105;104.149;12.8281;35.6693;0.0297;0.161;0.063061;7.16887;1767.4
ENVIII;7;6;9.608;42;-106;105.14;12.8267;35.6689;0.0228;0.1682;0.056996;7.17812;1766.6
ENVIII;7;6;9.608;42;-107;106.132;12.8236;35.6684;0.023;0.1601;0.054062;7.16527;1763.7
ENVIII;7;6;9.608;42;-108;107.124;12.8117;35.6686;0.0186;0.1715;0.047263;7.15731;1764.8
ENVIII;7;6;9.608;42;-109;108.115;12.8015;35.668;0.0175;0.1711;0.044064;7.15782;1768.3
ENVIII;7;6;9.608;42;-110;109.107;12.7927;35.667;0.0175;0.1645;0.042265;7.18293;1772.3
ENVIII;7;6;9.608;42;-111;110.098;12.7606;35.6648;0.0132;0.1594;0.039009;7.18349;1774.1
ENVIII;7;6;9.608;42;-112;111.09;12.7398;35.6636;0.0112;0.1572;0.033641;7.1745;1775.6
ENVIII;7;6;9.608;42;-113;112.082;12.7274;35.6652;0.0417;0.1753;0.031133;7.19581;1774.6
ENVIII;7;6;9.608;42;-114;113.073;12.7246;35.6673;-0.0086;0.1542;0.028363;7.18189;1770.2
ENVIII;7;6;9.608;42;-115;114.065;12.7245;35.6673;-0.0079;0.1672;0.025862;7.15867;1769.4
ENVIII;7;6;9.608;42;-116;115.056;12.7248;35.6674;-0.0165;0.164;0.021365;7.17088;1772.6
ENVIII;7;6;9.608;42;-117;116.048;12.7267;35.6683;-0.0126;0.1613;0.017817;7.17843;1778.1
ENVIII;7;6;9.608;42;-118;117.039;12.7272;35.6684;-0.02;0.1659;0.015153;7.172;1777.6
ENVIII;7;6;9.608;42;-119;118.031;12.7244;35.669;-0.0274;0.1583;0.013622;7.16145;1770
ENVIII;7;6;9.608;42;-120;119.022;12.7187;35.6696;-0.0233;0.1569;0.011354;7.1717;1767.6
ENVIII;7;6;9.608;42;-121;120.014;12.7086;35.6686;-0.0251;0.1565;0.0091058;7.15642;1769.2
ENVIII;7;6;9.608;42;-122;121.006;12.7;35.6703;-0.029;0.1584;0.0076581;7.13602;1773.6
ENVIII;7;6;9.608;42;-123;121.997;12.7087;35.6772;-0.0321;0.161;0.0026674;7.1177;1774.1
ENVIII;7;6;9.608;42;-124;122.989;12.7229;35.6871;-0.0403;0.1606;0.00051081;7.10082;1765.5
ENVIII;7;6;9.608;42;-125;123.98;12.7317;35.6875;-0.0425;0.1643;-0.00001213;7.04705;1761.5
ENVIII;7;6;9.608;42;-126;124.972;12.7267;35.6869;-0.0314;0.1639;-4.15E-09;7.00378;1762.6
ENVIII;7;6;9.608;42;-127;125.964;12.723;35.6863;-0.042;0.1697;1.00E-12;7.00993;1765
ENVIII;7;6;9.608;42;-128;126.955;12.7223;35.6863;-0.0439;0.1653;1.00E-12;7.01475;1765.2
ENVIII;7;6;9.608;42;-129;127.947;12.714;35.6845;-0.0435;0.1686;1.00E-12;7.00079;1763.7
ENVIII;7;6;9.608;42;-130;128.938;12.6961;35.6817;-0.0439;0.1655;1.00E-12;7.01519;1761.6
ENVIII;7;6;9.608;42;-131;129.93;12.6964;35.6814;-0.0437;0.1677;1.00E-12;7.02424;1756.9
ENVIII;7;6;9.608;42;-132;130.921;12.6867;35.6802;-0.0484;0.1653;1.00E-12;7.03103;1754.2
ENVIII;7;6;9.608;42;-133;131.913;12.6781;35.6784;-0.043;0.167;1.00E-12;7.02501;1752.1
ENVIII;7;6;9.608;42;-134;132.904;12.6735;35.6778;-0.0396;0.1634;1.00E-12;7.02193;1748.9
ENVIII;7;6;9.608;42;-135;133.896;12.6689;35.6772;-0.0359;0.164;1.00E-12;7.03325;1745.3
ENVIII;7;6;9.608;42;-136;134.887;12.6656;35.6758;-0.0457;0.1664;1.00E-12;7.04672;1743.6
ENVIII;7;6;9.608;42;-137;135.878;12.6464;35.6714;-0.0397;0.1691;1.00E-12;7.0432;1743.6
ENVIII;7;6;9.608;42;-138;136.87;12.6233;35.6698;-0.0427;0.1759;1.00E-12;7.05146;1743.6
ENVIII;7;6;9.608;42;-139;137.861;12.5908;35.6614;-0.045;0.1497;1.00E-12;7.07294;1743.6
ENVIII;7;6;9.608;42;-140;138.853;12.5761;35.6598;-0.0395;0.1655;1.00E-12;7.08021;1743.6
ENVIII;7;6;9.608;42;-141;139.844;12.5625;35.6579;-0.0345;0.157;1.00E-12;7.10154;1743.6
ENVIII;7;6;9.608;42;-142;140.836;12.5406;35.6522;-0.0433;0.1618;1.00E-12;7.10911;1743.5
ENVIII;7;6;9.608;42;-143;141.827;12.519;35.6495;-0.0327;0.1694;1.00E-12;7.12997;1743.9
ENVIII;7;6;9.608;42;-144;142.819;12.4926;35.6432;-0.045;0.1597;1.00E-12;7.15576;1747
ENVIII;7;6;9.608;42;-145;143.81;12.4598;35.638;-0.0444;0.1653;1.00E-12;7.17784;1748.8
ENVIII;7;6;9.608;42;-146;144.802;12.4307;35.6329;-0.0224;0.1687;1.00E-12;7.20572;1746.2
ENVIII;7;6;9.608;42;-147;145.793;12.3895;35.6308;-0.039;0.1704;1.00E-12;7.2368;1746.2
ENVIII;7;6;9.608;42;-148;146.785;12.3734;35.6293;-0.0445;0.1695;1.00E-12;7.24008;1749.5
ENVIII;7;6;9.608;42;-149;147.776;12.3672;35.6293;-0.0428;0.1764;1.00E-12;7.25139;1755.8
ENVIII;7;6;9.608;42;-150;148.768;12.3667;35.629;-0.0347;0.1694;1.00E-12;7.25738;1755.2
ENVIII;7;6;9.608;42;-151;149.759;12.3667;35.629;-0.0419;0.1699;1.00E-12;7.2359;1749.6
ENVIII;7;6;9.608;42;-152;150.75;12.3699;35.63;-0.0423;0.1709;1.00E-12;7.24313;1746.5
ENVIII;7;6;9.608;42;-153;151.742;12.3758;35.6318;-0.0457;0.1751;1.00E-12;7.26567;1746.1
ENVIII;7;6;9.608;42;-154;152.733;12.3807;35.6331;-0.0431;0.1758;1.00E-12;7.26832;1748.1
ENVIII;7;6;9.608;42;-155;153.724;12.3848;35.6342;-0.044;0.166;1.00E-12;7.25139;1750.8
ENVIII;7;6;9.608;42;-156;154.716;12.3889;35.6361;-0.0438;0.163;1.00E-12;7.21585;1753.1
ENVIII;7;6;9.608;42;-157;155.707;12.4202;35.6445;-0.0422;0.1572;1.00E-12;7.21091;1753.9
ENVIII;7;6;9.608;42;-158;156.699;12.4271;35.646;-0.043;0.1566;1.00E-12;7.1934;1756.5
ENVIII;7;6;9.608;42;-159;157.69;12.4292;35.6471;-0.0365;0.1624;1.00E-12;7.12636;1758.7
ENVIII;7;6;9.608;42;-160;158.681;12.4256;35.647;-0.0432;0.1635;1.00E-12;7.12677;1760.2
ENVIII;7;6;9.608;42;-161;159.673;12.4039;35.6422;-0.0402;0.1635;1.00E-12;7.13891;1761.6
ENVIII;7;6;9.608;42;-162;160.664;12.3863;35.6399;-0.0338;0.1687;1.00E-12;7.12417;1762.6
ENVIII;7;6;9.608;42;-163;161.656;12.3733;35.6365;-0.0512;0.1661;1.00E-12;7.14305;1766
ENVIII;7;6;9.608;42;-164;162.647;12.3623;35.6346;-0.0538;0.166;1.00E-12;7.16705;1769.4
ENVIII;7;6;9.608;42;-165;163.638;12.351;35.6319;-0.043;0.1618;1.00E-12;7.19716;1769.4
ENVIII;7;6;9.608;42;-166;164.63;12.3411;35.6297;-0.0465;0.1654;1.00E-12;7.20542;1767.6
ENVIII;7;6;9.608;42;-167;165.621;12.2993;35.6234;-0.0463;0.1642;1.00E-12;7.21668;1767.7
ENVIII;7;6;9.608;42;-168;166.612;12.2705;35.6207;-0.0421;0.1584;1.00E-12;7.24462;1767.8
ENVIII;7;6;9.608;42;-169;167.604;12.2617;35.6199;-0.0435;0.1632;1.00E-12;7.26141;1765.3
ENVIII;7;6;9.608;42;-170;168.595;12.2567;35.6191;-0.0526;0.1684;1.00E-12;7.27983;1762.5
ENVIII;7;6;9.608;42;-171;169.586;12.2531;35.6187;-0.0535;0.1763;1.00E-12;7.27693;1761.6
ENVIII;7;6;9.608;42;-172;170.578;12.247;35.6183;-0.0437;0.168;1.00E-12;7.27739;1761.6
ENVIII;7;6;9.608;42;-173;171.569;12.2426;35.6198;-0.0523;0.1626;1.00E-12;7.27498;1761.6
ENVIII;7;6;9.608;42;-174;172.56;12.2427;35.6196;-0.0519;0.1661;1.00E-12;7.25697;1761.5
ENVIII;7;6;9.608;42;-175;173.551;12.2434;35.6198;-0.0496;0.1703;1.00E-12;7.25699;1757.4
ENVIII;7;6;9.608;42;-176;174.543;12.2474;35.621;-0.0469;0.1673;1.00E-12;7.25711;1752.2
ENVIII;7;6;9.608;42;-177;175.534;12.2498;35.622;-0.0483;0.1625;1.00E-12;7.26743;1750.1
ENVIII;7;6;9.608;42;-178;176.526;12.2504;35.6222;-0.0231;0.1669;1.00E-12;7.24924;1749.7
ENVIII;7;6;9.608;42;-179;177.517;12.2524;35.6245;-0.0445;0.1575;1.00E-12;7.22658;1751.7
ENVIII;7;6;9.608;42;-180;178.508;12.2545;35.6271;-0.0434;0.1587;1.00E-12;7.2209;1751.5
ENVIII;7;6;9.608;42;-181;179.499;12.2507;35.6278;-0.0427;0.1651;1.00E-12;7.18812;1745.6
ENVIII;7;6;9.608;42;-182;180.491;12.2636;35.6378;-0.0469;0.1586;1.00E-12;7.17896;1737.9
ENVIII;7;6;9.608;42;-183;181.482;12.2779;35.6433;-0.0459;0.1618;1.00E-12;7.12779;1735.7
ENVIII;7;6;9.608;42;-184;182.473;12.2823;35.645;-0.0435;0.1668;1.00E-12;7.04004;1734.4
ENVIII;7;6;9.608;42;-185;183.465;12.2844;35.6458;-0.0549;0.1609;1.00E-12;6.99165;1732.3
ENVIII;7;6;9.608;42;-186;184.455;12.2856;35.6464;-0.046;0.1615;1.00E-12;6.98609;1731.6
ENVIII;7;6;9.608;42;-187;185.447;12.289;35.6493;-0.0065;0.3611;1.00E-12;6.97868;1729.8
ENVIII;7;6;9.608;42;-188;186.438;12.296;35.6537;-0.0426;0.6501;1.00E-12;6.98125;1731.7
ENVIII;7;6;9.608;42;-189;187.429;12.3042;35.6585;-0.0509;0.1759;1.00E-12;6.94639;1736.4
ENVIII;7;6;9.608;42;-190;188.421;12.3165;35.6622;-0.0482;0.1722;1.00E-12;6.88698;1737.1
ENVIII;7;6;9.608;42;-191;189.412;12.3309;35.6673;-0.0546;0.1628;1.00E-12;6.83563;1733.1
ENVIII;7;6;9.608;42;-192;190.403;12.3463;35.671;-0.0456;0.1784;1.00E-12;6.81371;1731.7
ENVIII;7;6;9.608;42;-193;191.394;12.3664;35.6799;-0.0513;0.1765;1.00E-12;6.78033;1730.2
ENVIII;7;6;9.608;42;-194;192.385;12.3763;35.6841;-0.0454;0.1787;1.00E-12;6.72993;1731
ENVIII;7;6;9.608;42;-195;193.376;12.3737;35.6841;-0.044;0.1928;1.00E-12;6.62804;1731.7
ENVIII;7;6;9.608;42;-196;194.368;12.3468;35.6822;-0.0531;0.1974;1.00E-12;6.52203;1731.7
ENVIII;7;6;9.608;42;-197;195.359;12.3254;35.6804;-0.046;0.3735;1.00E-12;6.5203;1730.4
ENVIII;7;6;9.608;42;-198;196.351;12.3102;35.679;-0.0522;0.1841;1.00E-12;6.54909;1728.2
ENVIII;7;6;9.608;42;-199;197.342;12.2999;35.6786;-0.0502;0.1867;1.00E-12;6.56398;1727.6
ENVIII;7;6;9.608;42;-200;198.333;12.2875;35.6789;-0.0573;0.1889;1.00E-12;6.57411;1728.6
ENVIII;7;6;9.608;42;-201;199.324;12.2775;35.6781;-0.054;0.1958;1.00E-12;6.5681;1729.9
ENVIII;7;6;9.608;42;-202;200.315;12.2684;35.6767;-0.0479;0.1944;1.00E-12;6.55775;1727.7
ENVIII;7;6;9.608;42;-203;201.306;12.2445;35.6735;-0.0521;0.1834;1.00E-12;6.55013;1725.7
ENVIII;7;6;9.608;42;-204;202.297;12.2318;35.6732;-0.0472;0.1831;1.00E-12;6.56511;1725.5
ENVIII;7;6;9.608;42;-205;203.289;12.2162;35.6721;-0.0444;0.1878;1.00E-12;6.58369;1722.9
ENVIII;7;6;9.608;42;-206;204.28;12.215;35.6747;-0.0571;0.1813;1.00E-12;6.56968;1720.2
ENVIII;7;6;9.608;42;-207;205.271;12.2179;35.6759;-0.0525;0.2149;1.00E-12;6.55474;1718.5
ENVIII;7;6;9.608;42;-208;206.262;12.2188;35.677;-0.0459;0.2932;1.00E-12;6.53993;1717.7
ENVIII;7;6;9.608;42;-209;207.253;12.2197;35.6776;-0.0497;0.1925;1.00E-12;6.52724;1717.7
ENVIII;7;6;9.608;42;-210;208.244;12.2196;35.6776;-0.0509;0.1997;1.00E-12;6.50251;1719.5
ENVIII;7;6;9.608;42;-211;209.235;12.2186;35.6772;-0.0498;0.2011;1.00E-12;6.50759;1717.7
ENVIII;7;6;9.608;42;-212;210.226;12.2126;35.6774;-0.0501;0.1999;1.00E-12;6.50166;1713.1
ENVIII;7;6;9.608;42;-213;211.218;12.2025;35.6759;-0.0153;0.2104;1.00E-12;6.50993;1711.4
ENVIII;7;6;9.608;42;-214;212.209;12.1986;35.676;-0.0505;0.194;1.00E-12;6.50833;1712.6
ENVIII;7;6;9.608;42;-215;213.2;12.1959;35.6756;-0.0659;0.2218;1.00E-12;6.49097;1716.1
ENVIII;7;6;9.608;42;-216;214.191;12.1915;35.6758;-0.0527;0.2134;1.00E-12;6.49927;1717.7
ENVIII;7;6;9.608;42;-217;215.182;12.1751;35.674;-0.0611;0.1979;1.00E-12;6.49899;1715.8
ENVIII;7;6;9.608;42;-218;216.173;12.1575;35.6719;-0.0462;0.2025;1.00E-12;6.49459;1713.6
ENVIII;7;6;9.608;42;-219;217.164;12.1505;35.6703;-0.0535;0.2481;1.00E-12;6.49662;1713.7
ENVIII;7;6;9.608;42;-220;218.155;12.1401;35.6686;-0.0463;0.3763;1.00E-12;6.50446;1713.8
ENVIII;7;6;9.608;42;-221;219.146;12.1351;35.6681;-0.0547;0.1981;1.00E-12;6.51526;1715.6
ENVIII;7;6;9.608;42;-222;220.138;12.1347;35.6681;-0.0464;0.1942;1.00E-12;6.53357;1716.8
ENVIII;7;6;9.608;42;-223;221.128;12.1318;35.6679;-0.0537;0.1842;1.00E-12;6.55278;1716.7
ENVIII;7;6;9.608;42;-224;222.12;12.1345;35.6677;-0.0539;0.1987;1.00E-12;6.54757;1715.3
ENVIII;7;6;9.608;42;-225;223.111;12.1168;35.6653;-0.0589;0.1995;1.00E-12;6.54932;1716
ENVIII;7;6;9.608;42;-226;224.102;12.1183;35.668;-0.0511;0.1936;1.00E-12;6.54704;1719
ENVIII;7;6;9.608;42;-227;225.093;12.0975;35.6637;-0.0538;0.2114;1.00E-12;6.53799;1719.7
ENVIII;7;6;9.608;42;-228;226.084;12.0913;35.6653;-0.055;0.1947;1.00E-12;6.5129;1719.7
ENVIII;7;6;9.608;42;-229;227.075;12.092;35.6651;-0.0525;0.2089;1.00E-12;6.5263;1719.7
ENVIII;7;6;9.608;42;-230;228.066;12.092;35.665;-0.054;0.2223;1.00E-12;6.5454;1720.3
ENVIII;7;6;9.608;42;-231;229.057;12.0906;35.6646;-0.0548;0.1994;1.00E-12;6.53092;1722.4
ENVIII;7;6;9.608;42;-232;230.048;12.0889;35.6643;-0.0547;0.1839;1.00E-12;6.54387;1723.7
ENVIII;7;6;9.608;42;-233;231.039;12.0881;35.664;-0.0624;0.1995;1.00E-12;6.5539;1722.4
ENVIII;7;6;9.608;42;-234;232.03;12.0875;35.6638;-0.0494;0.1925;1.00E-12;6.54174;1721.9
ENVIII;7;6;9.608;42;-235;233.021;12.081;35.6626;-0.0507;0.2;1.00E-12;6.55055;1723.8
ENVIII;7;6;9.608;42;-236;234.012;12.0788;35.6626;-0.0529;0.195;1.00E-12;6.55408;1723.7
ENVIII;7;6;9.608;42;-237;235.003;12.0787;35.6625;-0.0614;0.1881;1.00E-12;6.55206;1724.3
ENVIII;7;6;9.608;42;-238;235.994;12.0777;35.6623;-0.0617;0.1919;1.00E-12;6.54893;1729.7
ENVIII;7;6;9.608;42;-239;236.985;12.077;35.6622;-0.0621;0.1905;1.00E-12;6.55142;1730.4
ENVIII;7;6;9.608;42;-240;237.976;12.0716;35.6614;-0.0533;0.1892;1.00E-12;6.55103;1726
ENVIII;7;6;9.608;42;-241;238.967;12.0706;35.6614;-0.0561;0.1873;1.00E-12;6.54601;1724.1
ENVIII;7;6;9.608;42;-242;239.958;12.0603;35.6597;-0.0553;0.1886;1.00E-12;6.54484;1726.1
ENVIII;7;6;9.608;42;-243;240.949;12.0502;35.6595;-0.0563;0.1932;1.00E-12;6.54857;1731.2
ENVIII;7;6;9.608;42;-244;241.94;12.0466;35.6592;-0.0483;0.1906;1.00E-12;6.55557;1737.4
ENVIII;7;6;9.608;42;-245;242.931;12.0401;35.6581;-0.0676;0.1865;1.00E-12;6.55038;1.74E+03
ENVIII;7;6;9.608;42;-246;243.922;12.0299;35.6572;-0.0696;0.1864;1.00E-12;6.54899;1.74E+03
ENVIII;7;6;9.608;42;-247;244.913;12.0205;35.6563;-0.0668;0.1869;1.00E-12;6.56097;1.74E+03
ENVIII;7;6;9.608;42;-248;245.904;12.0148;35.6562;-0.0561;0.182;1.00E-12;6.55575;1.74E+03
ENVIII;7;6;9.608;42;-249;246.895;12.0094;35.6554;-0.0472;0.1825;1.00E-12;6.55127;1.74E+03
ENVIII;7;6;9.608;42;-250;247.886;12.0049;35.6554;-0.0613;0.1955;1.00E-12;6.591;1.75E+03
ENVIII;7;6;9.608;42;-251;248.877;12.004;35.6552;-0.0608;0.1851;1.00E-12;6.58009;1.75E+03
ENVIII;7;6;9.608;42;-252;249.868;11.9951;35.6542;-0.0665;0.1806;1.00E-12;6.55582;1.74E+03
ENVIII;7;6;9.608;42;-253;250.859;11.9838;35.654;-0.0682;0.1806;1.00E-12;6.5551;1.74E+03
ENVIII;7;6;9.608;42;-254;251.85;11.979;35.6536;-0.0583;0.1907;1.00E-12;6.56457;1.75E+03
ENVIII;7;6;9.608;42;-255;252.841;11.9919;35.6544;-0.0629;0.1777;1.00E-12;6.56514;1.74E+03
ENVIII;7;61;9.708;42;-4;3.969;16.13;35.8121;1.1969;0.5188;7.13E+02;6.5753;1.64E+03
ENVIII;7;61;9.708;42;-5;4.961;15.8815;35.6286;1.2356;0.6308;5.88E+02;8.18107;1.65E+03
ENVIII;7;61;9.708;42;-6;5.953;15.8113;35.6262;1.3456;0.5743;4.88E+02;8.19289;1.65E+03
ENVIII;7;61;9.708;42;-7;6.945;15.7249;35.6269;1.45;0.5695;4.02E+02;8.22115;1.62E+03
ENVIII;7;61;9.708;42;-8;7.937;15.6803;35.6268;1.8222;0.5811;3.35E+02;8.21085;1.50E+03
ENVIII;7;61;9.708;42;-9;8.929;15.6497;35.6271;2.3132;0.6156;2.87E+02;8.19031;1.47E+03
ENVIII;7;61;9.708;42;-10;9.921;15.6432;35.6268;2.5491;0.6309;2.37E+02;8.16393;1.48E+03
ENVIII;7;61;9.708;42;-11;10.913;15.6302;35.6262;2.907;0.6335;2.01E+02;8.16594;1.59E+03
ENVIII;7;61;9.708;42;-12;11.905;15.6089;35.6261;3.2595;0.653;1.67E+02;8.11853;1.57E+03
ENVIII;7;61;9.708;42;-13;12.897;15.5929;35.626;3.5645;0.6851;1.42E+02;8.15739;1.62E+03
ENVIII;7;61;9.708;42;-14;13.89;15.5806;35.6251;3.8838;0.6928;1.23E+02;8.18047;1.59E+03
ENVIII;7;61;9.708;42;-15;14.882;15.52;35.6242;4.0923;0.7131;9.88E+01;8.18742;1.62E+03
ENVIII;7;61;9.708;42;-16;15.874;15.4782;35.6239;4.2632;0.7474;8.10E+01;8.19195;1.53E+03
ENVIII;7;61;9.708;42;-17;16.866;15.4245;35.6232;3.6893;0.6364;7.18E+01;8.16291;1.52E+03
ENVIII;7;61;9.708;42;-18;17.858;15.3687;35.6297;3.9021;0.6024;6.17E+01;8.11637;1.62E+03
ENVIII;7;61;9.708;42;-19;18.85;15.3332;35.6247;3.5239;0.5747;5.17E+01;8.08552;1.63E+03
ENVIII;7;61;9.708;42;-20;19.842;15.3175;35.6251;3.7405;0.6187;4.32E+01;8.1302;1.62E+03
ENVIII;7;61;9.708;42;-21;20.834;15.313;35.6248;4.2658;0.679;3.70E+01;8.14803;1.62E+03
ENVIII;7;61;9.708;42;-22;21.826;15.3104;35.6246;3.977;0.622;3.19E+01;8.13161;1.62E+03
ENVIII;7;61;9.708;42;-23;22.818;15.295;35.6242;4.0189;0.6169;2.76E+01;8.08842;1.62E+03
ENVIII;7;61;9.708;42;-24;23.81;15.2858;35.6247;5.0983;0.7038;2.37E+01;8.05653;1.63E+03
ENVIII;7;61;9.708;42;-25;24.802;15.2837;35.6243;4.4664;0.6139;2.04E+01;8.01719;1.64E+03
ENVIII;7;61;9.708;42;-26;25.794;15.2816;35.6243;4.5345;0.6259;1.73E+01;7.99875;1.64E+03
ENVIII;7;61;9.708;42;-27;26.786;15.2792;35.624;4.8398;0.6257;1.48E+01;7.97672;1.64E+03
ENVIII;7;61;9.708;42;-28;27.778;15.2723;35.6239;4.7437;0.6179;1.26E+01;7.97961;1.65E+03
ENVIII;7;61;9.708;42;-29;28.77;15.2558;35.6241;4.5729;0.6047;1.07E+01;7.95863;1.65E+03
ENVIII;7;61;9.708;42;-30;29.762;15.2425;35.6244;4.7458;0.638;9.24E+00;7.91312;1.65E+03
ENVIII;7;61;9.708;42;-31;30.754;15.2286;35.6244;3.2319;0.5026;7.85E+00;7.79441;1.65E+03
ENVIII;7;61;9.708;42;-32;31.746;15.2117;35.6247;3.0445;0.5027;6.67E+00;7.77526;1.65E+03
ENVIII;7;61;9.708;42;-33;32.738;15.2061;35.6248;2.8279;0.5067;5.87E+00;7.74684;1.65E+03
ENVIII;7;61;9.708;42;-34;33.73;15.2038;35.6246;2.6811;0.4733;5.31E+00;7.73574;1.65E+03
ENVIII;7;61;9.708;42;-35;34.722;15.2017;35.6245;2.6816;0.4748;4.56E+00;7.71248;1.65E+03
ENVIII;7;61;9.708;42;-36;35.714;15.202;35.6245;2.6719;0.4734;4.03E+00;7.72555;1.65E+03
ENVIII;7;61;9.708;42;-37;36.706;15.2;35.6245;2.705;0.4882;3.62E+00;7.72588;1.65E+03
ENVIII;7;61;9.708;42;-38;37.698;15.1961;35.6243;2.6506;0.4753;3.20E+00;7.72574;1.64E+03
ENVIII;7;61;9.708;42;-39;38.69;15.1765;35.6245;2.5127;0.4744;2.83E+00;7.71875;1.65E+03
ENVIII;7;61;9.708;42;-40;39.682;15.1418;35.6258;2.3394;0.4616;2.54E+00;7.72189;1.65E+03
ENVIII;7;61;9.708;42;-41;40.674;15.1;35.6257;2.2265;0.4415;2.26E+00;7.68331;1.65E+03
ENVIII;7;61;9.708;42;-42;41.666;15.0851;35.626;2.0961;0.4518;2.01E+00;7.65809;1.65E+03
ENVIII;7;61;9.708;42;-43;42.658;15.0222;35.6246;2.0577;0.438;1.81E+00;7.63994;1.65E+03
ENVIII;7;61;9.708;42;-44;43.65;14.907;35.6269;2.047;0.4136;1.62E+00;7.62108;1.65E+03
ENVIII;7;61;9.708;42;-45;44.642;14.739;35.6309;1.8545;0.3994;1.46E+00;7.58366;1.65E+03
ENVIII;7;61;9.708;42;-46;45.634;14.6499;35.6358;1.6734;0.3862;1.31E+00;7.49497;1.64E+03
ENVIII;7;61;9.708;42;-47;46.625;14.6237;35.6344;1.6531;0.3867;1.17E+00;7.49415;1.64E+03
ENVIII;7;61;9.708;42;-48;47.617;14.5438;35.6354;1.4859;0.3823;1.07E+00;7.49717;1.64E+03
ENVIII;7;61;9.708;42;-49;48.609;14.398;35.6383;1.4055;0.3998;9.80E-01;7.47622;1.64E+03
ENVIII;7;61;9.708;42;-50;49.601;14.3258;35.6447;1.2774;0.3593;9.04E-01;7.43219;1.64E+03
ENVIII;7;61;9.708;42;-51;50.593;14.2585;35.6405;1.2189;0.3333;8.23E-01;7.38961;1.64E+03
ENVIII;7;61;9.708;42;-52;51.585;14.1252;35.6426;1.1552;0.3184;7.48E-01;7.32888;1.64E+03
ENVIII;7;61;9.708;42;-53;52.577;14.0111;35.6406;1.0746;0.3056;6.66E-01;7.28064;1.64E+03
ENVIII;7;61;9.708;42;-54;53.569;13.8649;35.6417;0.9337;0.2888;6.05E-01;7.2691;1.64E+03
ENVIII;7;61;9.708;42;-55;54.561;13.7807;35.6443;0.8111;0.2745;5.58E-01;7.24657;1.64E+03
ENVIII;7;61;9.708;42;-56;55.552;13.7303;35.6457;0.7126;0.2601;5.19E-01;7.19324;1.63E+03
ENVIII;7;61;9.708;42;-57;56.544;13.7062;35.6428;0.6887;0.2539;4.92E-01;7.12337;1.63E+03
ENVIII;7;61;9.708;42;-58;57.536;13.6577;35.641;0.7092;0.239;4.58E-01;7.1083;1.63E+03
ENVIII;7;61;9.708;42;-59;58.528;13.6247;35.64;0.6542;0.2346;4.15E-01;7.09494;1.63E+03
ENVIII;7;61;9.708;42;-60;59.52;13.5905;35.6397;0.5931;0.2385;3.76E-01;7.07022;1.63E+03
ENVIII;7;61;9.708;42;-61;60.512;13.4879;35.6385;0.5498;0.2331;3.48E-01;7.07381;1.63E+03
ENVIII;7;61;9.708;42;-62;61.504;13.4185;35.6432;0.4398;0.2197;3.27E-01;7.06115;1.63E+03
ENVIII;7;61;9.708;42;-63;62.496;13.3286;35.6449;0.3906;0.2171;3.04E-01;7.03192;1.63E+03
ENVIII;7;61;9.708;42;-64;63.487;13.3057;35.6483;0.3633;0.2084;2.86E-01;6.99301;1.63E+03
ENVIII;7;61;9.708;42;-65;64.479;13.2963;35.6513;0.3583;0.2035;2.67E-01;6.98383;1.63E+03
ENVIII;7;61;9.708;42;-66;65.471;13.2908;35.6523;0.3328;0.1973;2.47E-01;6.99025;1.63E+03
ENVIII;7;61;9.708;42;-67;66.463;13.2857;35.6527;0.3525;0.2024;2.28E-01;7.01989;1.63E+03
ENVIII;7;61;9.708;42;-68;67.455;13.2815;35.6532;0.3621;0.2056;2.14E-01;7.02157;1.63E+03
ENVIII;7;61;9.708;42;-69;68.447;13.2635;35.6542;0.3347;0.2081;2.00E-01;7.01192;1.63E+03
ENVIII;7;61;9.708;42;-70;69.438;13.2513;35.6581;0.3444;0.2043;1.84E-01;6.99991;1.63E+03
ENVIII;7;61;9.708;42;-71;70.43;13.2457;35.6607;0.3709;0.2016;1.71E-01;6.99676;1.63E+03
ENVIII;7;61;9.708;42;-72;71.422;13.2317;35.662;0.3586;0.1989;1.60E-01;7.03174;1.63E+03
ENVIII;7;61;9.708;42;-73;72.414;13.1552;35.6557;0.3239;0.1999;1.48E-01;7.04239;1.63E+03
ENVIII;7;61;9.708;42;-74;73.405;13.0779;35.6592;0.2058;0.1912;1.35E-01;7.01958;1.63E+03
ENVIII;7;61;9.708;42;-75;74.397;13.0322;35.6571;0.1426;0.1876;1.24E-01;6.98143;1.63E+03
ENVIII;7;61;9.708;42;-76;75.389;12.9972;35.6574;0.1231;0.1888;1.15E-01;6.98706;1.63E+03
ENVIII;7;61;9.708;42;-77;76.381;12.9772;35.6562;0.0983;0.1899;1.06E-01;6.98865;1.63E+03
ENVIII;7;61;9.708;42;-78;77.373;12.9576;35.6563;0.0492;0.1827;9.57E-02;6.99524;1.63E+03
ENVIII;7;61;9.708;42;-79;78.364;12.9462;35.6565;0.081;0.1809;9.16E-02;6.99829;1.64E+03
ENVIII;7;61;9.708;42;-80;79.356;12.942;35.6592;0.0485;0.1795;8.27E-02;7.02026;1.64E+03
ENVIII;7;61;9.708;42;-81;80.348;12.9377;35.6598;0.0272;0.1731;7.67E-02;7.00846;1.64E+03
ENVIII;7;61;9.708;42;-82;81.34;12.9367;35.6607;0.0225;0.1751;7.11E-02;6.99603;1.64E+03
ENVIII;7;61;9.708;42;-83;82.331;12.9378;35.6617;0.0289;0.1762;6.32E-02;7.01752;1.64E+03
ENVIII;7;61;9.708;42;-84;83.323;12.9365;35.6618;0.0288;0.1689;5.76E-02;7.04735;1.64E+03
ENVIII;7;61;9.708;42;-85;84.315;12.9318;35.6632;0.0286;0.1695;5.06E-02;7.03136;1.64E+03
ENVIII;7;61;9.708;42;-86;85.307;12.9341;35.6668;0.0044;0.1748;4.79E-02;7.04026;1.64E+03
ENVIII;7;61;9.708;42;-87;86.298;12.9338;35.669;0.0088;0.1661;4.40E-02;7.0256;1.64E+03
ENVIII;7;61;9.708;42;-88;87.29;12.8986;35.6644;0.0108;0.1692;4.02E-02;7.0563;1.63E+03
ENVIII;7;61;9.708;42;-89;88.282;12.8461;35.6606;0.0009;0.1694;3.66E-02;7.06621;1.63E+03
ENVIII;7;61;9.708;42;-90;89.273;12.8438;35.6641;-0.0017;0.1653;3.17E-02;7.05299;1.63E+03
ENVIII;7;61;9.708;42;-91;90.265;12.8484;35.665;-0.0031;0.248;2.99E-02;7.05055;1.63E+03
ENVIII;7;61;9.708;42;-92;91.257;12.8483;35.665;-0.0218;0.1606;2.41E-02;7.06539;1.63E+03
ENVIII;7;61;9.708;42;-93;92.249;12.8364;35.6624;-0.0332;0.1691;1.93E-02;7.07902;1.62E+03
ENVIII;7;61;9.708;42;-94;93.24;12.7981;35.6564;-0.0192;0.1643;1.52E-02;7.07365;1.62E+03
ENVIII;7;61;9.708;42;-95;94.232;12.7456;35.6553;-0.0178;0.1714;1.00E-02;7.06116;1.62E+03
ENVIII;7;61;9.708;42;-96;95.224;12.7448;35.6583;-0.0043;0.1868;8.94E-03;7.05036;1.62E+03
ENVIII;7;61;9.708;42;-97;96.215;12.7449;35.6585;-0.0184;0.1643;5.65E-03;7.05699;1.62E+03
ENVIII;7;61;9.708;42;-98;97.207;12.7421;35.6578;-0.033;0.163;2.02E-03;7.0731;1.62E+03
ENVIII;7;61;9.708;42;-99;98.199;12.7275;35.6561;-0.018;0.1591;2.03E-04;7.08882;1.62E+03
ENVIII;7;61;9.708;42;-100;99.19;12.7092;35.6563;-0.0263;0.1637;9.25E-05;7.10175;1.62E+03
ENVIII;7;61;9.708;42;-101;100.182;12.7064;35.6582;-0.0374;0.1638;-2.17E-06;7.09683;1.62E+03
ENVIII;7;61;9.708;42;-102;101.174;12.7041;35.6585;-0.0376;0.1615;1.00E-12;7.09293;1.62E+03
ENVIII;7;61;9.708;42;-103;102.165;12.6891;35.6582;-0.0366;0.1649;1.00E-12;7.09446;1.62E+03
ENVIII;7;61;9.708;42;-104;103.157;12.6843;35.6579;-0.024;0.153;1.00E-12;7.10077;1.61E+03
ENVIII;7;61;9.708;42;-105;104.149;12.6747;35.6572;-0.0391;0.1551;1.00E-12;7.11192;1.61E+03
ENVIII;7;61;9.708;42;-106;105.14;12.6683;35.6567;-0.0429;0.1596;1.00E-12;7.10305;1.61E+03
ENVIII;7;61;9.708;42;-107;106.132;12.6621;35.6566;-0.0442;0.1607;1.00E-12;7.08574;1.61E+03
ENVIII;7;61;9.708;42;-108;107.123;12.6613;35.6565;-0.0511;0.1532;1.00E-12;7.07736;1.61E+03
ENVIII;7;61;9.708;42;-109;108.115;12.6602;35.6564;-0.0421;0.1636;1.00E-12;7.08768;1.61E+03
ENVIII;7;61;9.708;42;-110;109.107;12.6595;35.6561;-0.0408;0.1616;1.00E-12;7.09276;1.61E+03
ENVIII;7;61;9.708;42;-111;110.098;12.6576;35.6556;-0.0424;0.1545;1.00E-12;7.07475;1.61E+03
ENVIII;7;61;9.708;42;-112;111.09;12.6519;35.6547;-0.0413;0.1554;1.00E-12;7.08128;1.60E+03
ENVIII;7;61;9.708;42;-113;112.081;12.6476;35.6543;-0.0421;0.1652;1.00E-12;7.09407;1.61E+03
ENVIII;7;61;9.708;42;-114;113.073;12.6406;35.653;-0.0414;0.1538;1.00E-12;7.09018;1.61E+03
ENVIII;7;61;9.708;42;-115;114.065;12.6309;35.6524;-0.0463;0.1566;1.00E-12;7.08109;1.61E+03
ENVIII;7;61;9.708;42;-116;115.056;12.6303;35.6523;-0.0461;0.1583;1.00E-12;7.07262;1.61E+03
ENVIII;7;61;9.708;42;-117;116.048;12.6287;35.6519;-0.0336;0.1551;1.00E-12;7.09419;1.61E+03
ENVIII;7;61;9.708;42;-118;117.039;12.6235;35.6513;-0.0457;0.1617;1.00E-12;7.0983;1.61E+03
ENVIII;7;61;9.708;42;-119;118.031;12.6203;35.6511;-0.0505;0.2268;1.00E-12;7.09824;1.61E+03
ENVIII;7;61;9.708;42;-120;119.023;12.6162;35.6508;-0.0441;0.3414;1.00E-12;7.07982;1.60E+03
ENVIII;7;61;9.708;42;-121;120.014;12.6103;35.6521;-0.0498;0.1471;1.00E-12;7.0627;1.60E+03
ENVIII;7;61;9.708;42;-122;121.006;12.6107;35.6544;-0.0473;0.1606;1.00E-12;7.06774;1.60E+03
ENVIII;7;61;9.708;42;-123;121.997;12.6138;35.6576;-0.0448;0.1617;1.00E-12;7.0476;1.60E+03
ENVIII;7;61;9.708;42;-124;122.989;12.6146;35.6595;-0.0412;0.1532;1.00E-12;7.08604;1.59E+03
ENVIII;7;61;9.708;42;-125;123.98;12.614;35.66;-0.0413;0.1565;1.00E-12;7.09491;1.59E+03
ENVIII;7;61;9.708;42;-126;124.972;12.6065;35.6594;-0.0423;0.1548;1.00E-12;7.08873;1.59E+03
ENVIII;7;61;9.708;42;-127;125.964;12.5996;35.6591;-0.0415;0.158;1.00E-12;7.0919;1.59E+03
ENVIII;7;61;9.708;42;-128;126.955;12.5878;35.6582;-0.0436;0.1569;1.00E-12;7.09019;1.59E+03
ENVIII;7;61;9.708;42;-129;127.946;12.57;35.6576;-0.0583;0.1522;1.00E-12;7.0941;1.59E+03
ENVIII;7;61;9.708;42;-130;128.938;12.56;35.6578;-0.0596;0.1542;1.00E-12;7.07019;1.59E+03
ENVIII;7;61;9.708;42;-131;129.93;12.556;35.6575;-0.049;0.1556;1.00E-12;7.05581;1.60E+03
ENVIII;7;61;9.708;42;-132;130.921;12.5531;35.6568;-0.0499;0.1692;1.00E-12;7.0626;1.59E+03
ENVIII;7;61;9.708;42;-133;131.913;12.5404;35.6569;-0.0426;0.168;1.00E-12;7.05235;1.59E+03
ENVIII;7;61;9.708;42;-134;132.904;12.5317;35.6585;-0.0408;0.159;1.00E-12;7.06032;1.59E+03
ENVIII;7;61;9.708;42;-135;133.896;12.5297;35.6586;-0.0506;0.1469;1.00E-12;7.06007;1.59E+03
ENVIII;7;61;9.708;42;-136;134.887;12.5264;35.6584;-0.0523;0.1557;1.00E-12;7.05437;1.60E+03
ENVIII;7;61;9.708;42;-137;135.879;12.5251;35.6582;-0.0457;0.1543;1.00E-12;7.04756;1.60E+03
ENVIII;7;61;9.708;42;-138;136.87;12.5224;35.6579;-0.0482;0.1576;1.00E-12;7.04199;1.60E+03
ENVIII;7;61;9.708;42;-139;137.862;12.5192;35.6579;-0.0586;0.1527;1.00E-12;7.05974;1.60E+03
ENVIII;7;61;9.708;42;-140;138.853;12.5178;35.6578;-0.0565;0.1562;1.00E-12;7.06276;1.60E+03
ENVIII;7;61;9.708;42;-141;139.845;12.5158;35.6576;-0.0436;0.156;1.00E-12;7.05163;1.60E+03
ENVIII;7;61;9.708;42;-142;140.836;12.5149;35.6575;-0.0491;0.1496;1.00E-12;7.041;1.60E+03
ENVIII;7;61;9.708;42;-143;141.827;12.5125;35.6573;-0.0405;0.1575;1.00E-12;7.03233;1.60E+03
ENVIII;7;61;9.708;42;-144;142.819;12.5074;35.6574;-0.0473;0.1545;1.00E-12;7.03646;1.60E+03
ENVIII;7;61;9.708;42;-145;143.81;12.5048;35.6574;-0.0413;0.1524;1.00E-12;7.01559;1.60E+03
ENVIII;7;61;9.708;42;-146;144.802;12.4972;35.657;-0.0477;0.1533;1.00E-12;7.01493;1.60E+03
ENVIII;7;61;9.708;42;-147;145.793;12.4896;35.6574;-0.0509;0.1545;1.00E-12;7.00966;1.60E+03
ENVIII;7;61;9.708;42;-148;146.785;12.4874;35.6574;-0.053;0.1572;1.00E-12;7.0181;1.60E+03
ENVIII;7;61;9.708;42;-149;147.776;12.4858;35.6573;-0.0602;0.1571;1.00E-12;7.01083;1.59E+03
ENVIII;7;61;9.708;42;-150;148.767;12.4851;35.6573;-0.0455;0.1502;1.00E-12;7.0129;1.59E+03
ENVIII;7;61;9.708;42;-151;149.759;12.4811;35.657;-0.051;0.152;1.00E-12;7.01534;1.59E+03
ENVIII;7;61;9.708;42;-152;150.75;12.4778;35.6571;-0.0662;0.1568;1.00E-12;7.01891;1.59E+03
ENVIII;7;61;9.708;42;-153;151.742;12.4745;35.6568;-0.054;0.161;1.00E-12;7.00709;1.59E+03
ENVIII;7;61;9.708;42;-154;152.733;12.4685;35.6567;-0.0528;0.1544;1.00E-12;7.01767;1.59E+03
ENVIII;7;61;9.708;42;-155;153.725;12.4625;35.6567;-0.0444;0.1565;1.00E-12;7.01556;1.59E+03
ENVIII;7;61;9.708;42;-156;154.716;12.4588;35.6566;-0.0583;0.1536;1.00E-12;6.99956;1.59E+03
ENVIII;7;61;9.708;42;-157;155.707;12.4526;35.6565;-0.0442;0.152;1.00E-12;6.99119;1.59E+03
ENVIII;7;61;9.708;42;-158;156.699;12.4501;35.6569;-0.0543;0.1508;1.00E-12;6.98844;1.59E+03
ENVIII;7;61;9.708;42;-159;157.69;12.4482;35.6571;-0.0554;0.1483;1.00E-12;6.97951;1.59E+03
ENVIII;7;61;9.708;42;-160;158.682;12.4471;35.6575;-0.0579;0.1561;1.00E-12;6.9653;1.59E+03
ENVIII;7;61;9.708;42;-161;159.673;12.4439;35.6575;-0.0414;0.1543;1.00E-12;6.96734;1.59E+03
ENVIII;7;61;9.708;42;-162;160.664;12.4427;35.6578;-0.0423;0.1582;1.00E-12;6.96517;1.59E+03
ENVIII;7;61;9.708;42;-163;161.656;12.4377;35.6584;-0.0521;0.1627;1.00E-12;6.97209;1.59E+03
ENVIII;7;61;9.708;42;-164;162.647;12.4329;35.6584;-0.0446;0.1555;1.00E-12;6.97396;1.59E+03
ENVIII;7;61;9.708;42;-165;163.638;12.4299;35.6582;-0.0495;0.1524;1.00E-12;6.97015;1.58E+03
ENVIII;7;61;9.708;42;-166;164.63;12.4256;35.6576;-0.053;0.156;1.00E-12;6.96073;1.58E+03
ENVIII;7;61;9.708;42;-167;165.621;12.4166;35.6559;-0.0643;0.1526;1.00E-12;6.95645;1.58E+03
ENVIII;7;61;9.708;42;-168;166.612;12.3606;35.6507;-0.0561;0.2277;1.00E-12;6.97438;1.58E+03
ENVIII;7;61;9.708;42;-169;167.604;12.3428;35.6544;-0.0608;0.3084;1.00E-12;6.96307;1.57E+03
ENVIII;7;61;9.708;42;-170;168.595;12.3482;35.6561;-0.0572;0.1581;1.00E-12;6.94753;1.57E+03
ENVIII;7;61;9.708;42;-171;169.586;12.3511;35.6575;-0.0503;0.1608;1.00E-12;6.9399;1.57E+03
ENVIII;7;61;9.708;42;-172;170.578;12.3545;35.6589;-0.0527;0.1641;1.00E-12;6.91975;1.57E+03
ENVIII;7;61;9.708;42;-173;171.569;12.3599;35.661;-0.0546;0.1495;1.00E-12;6.89136;1.57E+03
ENVIII;7;61;9.708;42;-174;172.56;12.3604;35.6614;-0.0568;0.1533;1.00E-12;6.87982;1.57E+03
ENVIII;7;61;9.708;42;-175;173.552;12.3576;35.6619;-0.0538;0.154;1.00E-12;6.88455;1.57E+03
ENVIII;7;61;9.708;42;-176;174.543;12.3506;35.6615;-0.0512;0.1591;1.00E-12;6.86871;1.57E+03
ENVIII;7;61;9.708;42;-177;175.534;12.3375;35.6616;-0.0432;0.1584;1.00E-12;6.85456;1.57E+03
ENVIII;7;61;9.708;42;-178;176.526;12.3274;35.6617;-0.0476;0.1584;1.00E-12;6.83668;1.57E+03
ENVIII;7;61;9.708;42;-179;177.517;12.3231;35.6617;-0.0617;0.1594;1.00E-12;6.82163;1.57E+03
ENVIII;7;61;9.708;42;-180;178.508;12.3293;35.6612;-0.0544;0.151;1.00E-12;6.80815;1.57E+03
ENVIII;7;61;9.708;42;-181;179.499;12.3177;35.6625;-0.0594;0.1577;1.00E-12;6.835;1.56E+03
ENVIII;7;61;9.708;42;-182;180.491;12.315;35.663;-0.0651;0.1577;1.00E-12;6.83175;1.56E+03
ENVIII;7;61;9.708;42;-183;181.482;12.3116;35.6627;-0.0524;0.1573;1.00E-12;6.81545;1.56E+03
ENVIII;7;61;9.708;42;-184;182.473;12.2969;35.6612;-0.0516;0.1561;1.00E-12;6.80707;1.56E+03
ENVIII;7;61;9.708;42;-185;183.464;12.282;35.6587;-0.0489;0.1594;1.00E-12;6.79868;1.56E+03
ENVIII;7;61;9.708;42;-186;184.456;12.2678;35.6571;-0.0415;0.1649;1.00E-12;6.79783;1.56E+03
ENVIII;7;61;9.708;42;-187;185.447;12.2519;35.6549;-0.0613;0.1572;1.00E-12;6.81931;1.55E+03
ENVIII;7;61;9.708;42;-188;186.438;12.2489;35.655;-0.0683;0.1534;1.00E-12;6.83317;1.55E+03
ENVIII;7;61;9.708;42;-189;187.429;12.249;35.6554;-0.0461;0.1567;1.00E-12;6.83163;1.55E+03
ENVIII;7;61;9.708;42;-190;188.421;12.2483;35.6556;-0.0483;0.1543;1.00E-12;6.82716;1.56E+03
ENVIII;7;61;9.708;42;-191;189.412;12.2434;35.6551;-0.0655;0.1561;1.00E-12;6.81075;1.56E+03
ENVIII;7;61;9.708;42;-192;190.403;12.2158;35.6533;-0.0684;0.1506;1.00E-12;6.81467;1.56E+03
ENVIII;7;61;9.708;42;-193;191.394;12.1768;35.6495;-0.0503;0.1492;1.00E-12;6.81002;1.56E+03
ENVIII;7;61;9.708;42;-194;192.385;12.1475;35.646;-0.0506;0.1592;1.00E-12;6.81152;1.56E+03
ENVIII;7;61;9.708;42;-195;193.377;12.1367;35.6447;-0.0584;0.1523;1.00E-12;6.82094;1.56E+03
ENVIII;7;61;9.708;42;-196;194.368;12.1346;35.6448;-0.0679;0.1537;1.00E-12;6.8309;1.56E+03
ENVIII;7;61;9.708;42;-197;195.359;12.1327;35.6443;-0.0577;0.1598;1.00E-12;6.83183;1.56E+03
ENVIII;7;61;9.708;42;-198;196.35;12.1297;35.6439;-0.0606;0.1542;1.00E-12;6.82903;1.56E+03
ENVIII;7;61;9.708;42;-199;197.342;12.1258;35.6429;-0.0545;0.1555;1.00E-12;6.83953;1.56E+03
ENVIII;7;61;9.708;42;-200;198.333;12.1026;35.6377;-0.056;0.1523;1.00E-12;6.86568;1.55E+03
ENVIII;7;61;9.708;42;-201;199.324;12.0828;35.6349;-0.0595;0.1588;1.00E-12;6.88034;1.55E+03
ENVIII;7;61;9.708;42;-202;200.315;12.0699;35.6332;-0.043;0.1564;1.00E-12;6.89148;1.55E+03
ENVIII;7;61;9.708;42;-203;201.306;12.0609;35.6315;-0.0612;0.1639;1.00E-12;6.94048;1.55E+03
ENVIII;7;61;9.708;42;-204;202.297;12.0532;35.6312;-0.0505;0.1649;1.00E-12;6.95235;1.54E+03
ENVIII;7;61;9.708;42;-205;203.288;12.0526;35.6316;-0.0588;0.1591;1.00E-12;6.9463;1.54E+03
ENVIII;7;61;9.708;42;-206;204.28;12.0532;35.6335;-0.0521;0.1483;1.00E-12;6.96357;1.54E+03
ENVIII;7;61;9.708;42;-207;205.271;12.0556;35.6376;-0.052;0.1565;1.00E-12;6.93742;1.54E+03
ENVIII;7;61;9.708;42;-208;206.262;12.0566;35.6405;-0.0492;0.1585;1.00E-12;6.91595;1.54E+03
ENVIII;7;61;9.708;42;-209;207.253;12.0517;35.6397;-0.0588;0.1492;1.00E-12;6.88682;1.54E+03
ENVIII;7;61;9.708;42;-210;208.245;12.0463;35.6392;-0.0518;0.1644;1.00E-12;6.85564;1.54E+03
ENVIII;7;61;9.708;42;-211;209.236;12.0375;35.6396;-0.0642;0.1546;1.00E-12;6.84984;1.54E+03
ENVIII;7;61;9.708;42;-212;210.226;12.0194;35.6402;-0.0507;0.1506;1.00E-12;6.8504;1.54E+03
ENVIII;7;61;9.708;42;-213;211.218;12.0156;35.6412;-0.0604;0.1587;1.00E-12;6.82768;1.54E+03
ENVIII;7;61;9.708;42;-214;212.209;12.0149;35.6415;-0.0572;0.1581;1.00E-12;6.82833;1.54E+03
ENVIII;7;61;9.708;42;-215;213.2;12.0083;35.6417;-0.0623;0.1478;1.00E-12;6.82627;1.54E+03
ENVIII;7;61;9.708;42;-216;214.191;12.0055;35.6419;-0.0499;0.1498;1.00E-12;6.80841;1.54E+03
ENVIII;7;61;9.708;42;-217;215.182;12.0039;35.6416;-0.0516;0.1557;1.00E-12;6.78929;1.54E+03
ENVIII;7;61;9.708;42;-218;216.173;12.005;35.6419;-0.0565;0.1571;1.00E-12;6.78621;1.53E+03
ENVIII;7;61;9.708;42;-219;217.164;12.0024;35.6411;-0.0531;0.1534;1.00E-12;6.79232;1.53E+03
ENVIII;7;61;9.708;42;-220;218.156;11.9946;35.641;-0.0613;0.1483;1.00E-12;6.78638;1.53E+03
ENVIII;7;61;9.708;42;-221;219.146;11.9932;35.6419;-0.0643;0.1433;1.00E-12;6.79407;1.54E+03
ENVIII;7;61;9.708;42;-222;220.138;11.9931;35.642;-0.0597;0.1469;1.00E-12;6.78322;1.54E+03
ENVIII;7;61;9.708;42;-223;221.129;11.9928;35.6425;-0.0657;0.1541;1.00E-12;6.77479;1.54E+03
ENVIII;7;61;9.708;42;-224;222.12;11.9917;35.643;-0.0547;0.1537;1.00E-12;6.7606;1.54E+03
ENVIII;7;61;9.708;42;-225;223.111;11.9914;35.6431;-0.0521;0.1527;1.00E-12;6.74931;1.54E+03
ENVIII;7;61;9.708;42;-226;224.102;11.9907;35.643;-0.0536;0.1464;1.00E-12;6.765;1.54E+03
ENVIII;7;61;9.708;42;-227;225.093;11.9881;35.6429;-0.0657;0.1446;1.00E-12;6.77221;1.55E+03
ENVIII;7;61;9.708;42;-228;226.084;11.9859;35.6428;-0.0654;0.1448;1.00E-12;6.76548;1.55E+03
ENVIII;7;61;9.708;42;-229;227.075;11.9837;35.6429;-0.0522;0.1435;1.00E-12;6.75195;1.55E+03
ENVIII;7;61;9.708;42;-230;228.066;11.9838;35.6427;-0.0596;0.1435;1.00E-12;6.75584;1.55E+03
ENVIII;7;61;9.708;42;-231;229.057;11.9822;35.6427;-0.0727;0.1454;1.00E-12;6.7673;1.55E+03
ENVIII;7;61;9.708;42;-232;230.048;11.98;35.6425;-0.0554;0.1471;1.00E-12;6.76485;1.55E+03
ENVIII;7;61;9.708;42;-233;231.039;11.9755;35.6421;-0.0597;0.1494;1.00E-12;6.74363;1.54E+03
ENVIII;7;61;9.708;42;-234;232.03;11.9691;35.6413;-0.0672;0.1427;1.00E-12;6.73543;1.54E+03
ENVIII;7;61;9.708;42;-235;233.021;11.9595;35.6409;-0.0619;0.1482;1.00E-12;6.74564;1.55E+03
ENVIII;7;61;9.708;42;-236;234.012;11.951;35.6401;-0.046;0.1488;1.00E-12;6.73875;1.55E+03
ENVIII;7;61;9.708;42;-237;235.003;11.9415;35.6394;-0.0734;0.1503;1.00E-12;6.74538;1.55E+03
ENVIII;7;61;9.708;42;-238;235.994;11.9345;35.6391;-0.0523;0.1445;1.00E-12;6.75635;1.55E+03
ENVIII;7;61;9.708;42;-239;236.985;11.9293;35.6388;-0.0514;0.1472;1.00E-12;6.75534;1.55E+03
ENVIII;7;61;9.708;42;-240;237.976;11.9231;35.6382;-0.0637;0.1473;1.00E-12;6.74916;1.55E+03
ENVIII;7;61;9.708;42;-241;238.967;11.9196;35.6378;-0.0578;0.1524;1.00E-12;6.74738;1.56E+03
ENVIII;7;61;9.708;42;-242;239.958;11.9177;35.6378;-0.0667;0.1495;1.00E-12;6.74794;1554.1
ENVIII;7;61;9.708;42;-243;240.949;11.9167;35.6376;-0.0676;0.139;1.00E-12;6.73539;1554.1
ENVIII;7;61;9.708;42;-244;241.94;11.9144;35.6373;-0.0853;0.1431;1.00E-12;6.7515;1556
ENVIII;7;61;9.708;42;-245;242.931;11.9119;35.6372;-0.0655;0.1397;1.00E-12;6.75556;1556.1
ENVIII;7;61;9.708;42;-246;243.922;11.9114;35.6371;-0.0619;0.1435;1.00E-12;6.75067;1555.4
ENVIII;7;61;9.708;42;-247;244.913;11.91;35.637;-0.052;0.1406;1.00E-12;6.75897;1553.2
ENVIII;7;61;9.708;42;-248;245.904;11.9073;35.6367;-0.053;0.1481;1.00E-12;6.75062;1550.6
ENVIII;7;61;9.708;42;-249;246.895;11.9059;35.6366;-0.0514;0.1395;1.00E-12;6.73903;1549.9
ENVIII;7;61;9.708;42;-250;247.886;11.905;35.6364;-0.0515;0.1481;1.00E-12;6.73707;1550.1
ENVIII;7;61;9.708;42;-251;248.877;11.9035;35.6364;-0.0594;0.1555;1.00E-12;6.745;1552.1
ENVIII;7;61;9.708;42;-252;249.868;11.9027;35.6363;-0.0766;0.1491;1.00E-12;6.75417;1553.2
ENVIII;7;61;9.708;42;-253;250.859;11.9024;35.6363;-0.0653;0.1491;1.00E-12;6.74945;1552.1
ENVIII;7;61;9.708;42;-254;251.849;11.9021;35.6363;-0.0663;0.148;1.00E-12;6.74859;1550
