cruise;day;st;Longitude;Latitude;presion;depth;temp;sal;fluo;turb;par;oxig;PARsurf
ENVI;1;2;8.9145;42;-4;3.968;13.1498;30.5397;0.7796;2.754;79.649;2.367;1170
ENVI;1;2;8.9145;42;-5;4.961;13.444;33.8776;0.7277;3.3785;57.664;2.5017;1235.1
ENVI;1;2;8.9145;42;-6;5.953;13.7872;34.5223;0.7135;3.123;44.202;2.507;1221.8
ENVI;1;2;8.9145;42;-7;6.945;13.9135;34.7282;0.6258;3.251;24.083;2.4962;1151.9
ENVI;1;2;8.9145;42;-8;7.937;14.006;34.8523;0.6319;2.266;21.945;2.4322;1241.1
ENVI;1;2;8.9145;42;-9;8.929;14.1352;35.0771;0.5814;2.4836;12.006;2.4245;1035.6
ENVI;1;2;8.9145;42;-10;9.921;14.2259;35.3235;0.5257;2.688;9.0724;2.42;1102.8
ENVI;1;2;8.9145;42;-11;10.913;14.2354;35.3893;0.467;2.8206;8.9093;2.3861;1224.2
ENVI;1;2;8.9145;42;-12;11.905;14.272;35.4623;0.5415;2.1839;5.5815;2.3447;1184.3
ENVI;1;2;8.9145;42;-13;12.897;14.269;35.4706;0.4712;2.9497;4.2128;2.34;1199.4
ENVI;1;2;8.9145;42;-14;13.89;14.2604;35.4751;0.459;2.4626;3.7034;2.329;1071.7
ENVI;1;2;8.9145;42;-15;14.882;14.2305;35.4747;0.4916;3.1715;2.8797;2.3268;1081
ENVI;1;2;8.9145;42;-16;15.874;14.1809;35.4974;0.4757;2.4246;2.7226;2.3307;1258.1
ENVI;1;2;8.9145;42;-17;16.866;14.1572;35.6279;0.4716;2.6545;1.8654;2.3467;1214.3
ENVI;1;2;8.9145;42;-18;17.858;14.0713;35.6769;0.4388;3.5202;1.1961;2.3441;1137.4
ENVI;1;2;8.9145;42;-19;18.85;14.0803;35.6575;0.3899;2.0542;1.0218;2.3098;1222.8
ENVI;1;2;8.9145;42;-20;19.842;13.9086;35.7115;0.4189;2.471;0.64022;2.3085;770.44
ENVI;1;2;8.9145;42;-21;20.834;13.5881;35.7215;0.3486;2.8998;0.48091;2.3042;717.56
ENVI;1;2;8.9145;42;-22;21.826;13.4167;35.7266;0.3116;3.1255;0.48705;2.2926;1026
ENVI;1;2;8.9145;42;-23;22.818;13.6355;35.6941;0.3055;2.3512;0.37712;2.2819;1081.7
ENVI;1;2;8.9145;42;-24;23.81;13.4459;35.7131;0.2911;2.7534;0.21296;2.2811;952.66
ENVI;1;2;8.9145;42;-25;24.802;13.2451;35.7214;0.2877;2.9967;0.1811;2.2689;1175.5
ENVI;1;2;8.9145;42;-26;25.794;13.1178;35.7189;0.2548;3.0898;0.19108;2.2444;1220.4
ENVI;1;2;8.9145;42;-27;26.786;12.9869;35.7173;0.2436;2.8886;0.14781;2.2208;1121.9
ENVI;1;2;8.9145;42;-28;27.778;12.8509;35.7207;0.2464;3.0407;0.118;2.2047;1217.6
ENVI;1;2;8.9145;42;-29;28.77;12.7924;35.7175;0.2376;3.0041;0.11007;2.1911;1228.2
ENVI;1;2;8.9145;42;-30;29.762;12.7535;35.7139;0.1797;2.6667;0.080017;2.1793;1240.6
ENVI;1;2;8.9145;42;-31;30.754;12.7026;35.7139;0.1555;2.6268;0.04737;2.1726;1242.7
ENVI;1;2;8.9145;42;-32;31.746;12.6584;35.7114;0.1634;2.838;0.015477;2.1679;1243.8
ENVI;1;2;8.9145;42;-33;32.738;12.5015;35.7116;0.1673;3.1189;0.00058363;2.1618;1207.6
ENVI;1;2;8.9145;42;-34;33.73;12.282;35.7048;0.1257;2.9441;-0.00000587;2.1521;925.26
ENVI;1;2;8.9145;42;-35;34.722;12.2044;35.7022;0.1103;3.1248;1.00E-12;2.1424;894.25
ENVI;1;2;8.9145;42;-36;35.714;12.1635;35.7003;0.1039;3.1316;1.00E-12;2.1343;1068
ENVI;1;2;8.9145;42;-37;36.706;12.2051;35.6977;0.1149;2.8069;1.00E-12;2.1171;1212.8
ENVI;1;2;8.9145;42;-38;37.698;12.2246;35.6961;0.1101;2.3129;1.00E-12;2.1041;1229.3
ENVI;1;2;8.9145;42;-39;38.69;12.1467;35.6977;0.1023;2.7134;1.00E-12;2.103;1226.3
ENVI;1;2;8.9145;42;-40;39.682;12.0781;35.6932;0.0922;2.9936;1.00E-12;2.1007;1233.1
ENVI;1;2;8.9145;42;-41;40.674;12.0718;35.6934;0.1038;3.2921;1.00E-12;2.0976;1241.5
ENVI;1;2;8.9145;42;-42;41.666;12.066;35.6932;0.1327;3.6295;1.00E-12;2.0919;1220.4
ENVI;1;2;8.9145;42;-43;42.658;12.0407;35.6914;0.1328;3.4319;1.00E-12;2.0842;1141
ENVI;1;2;8.9145;42;-44;43.65;12.0133;35.6908;0.1147;3.564;1.00E-12;2.0801;1217.6
ENVI;1;2;8.9145;42;-45;44.642;11.9588;35.6909;0.1094;3.1562;1.00E-12;2.0764;1206
ENVI;1;2;8.9145;42;-46;45.633;11.9297;35.6917;0.0963;3.4385;1.00E-12;2.0733;1169.3
ENVI;1;2;8.9145;42;-47;46.625;11.9096;35.6924;0.082;3.3208;1.00E-12;2.0694;1185
ENVI;1;2;8.9145;42;-48;47.617;11.9105;35.6932;0.0718;3.0981;1.00E-12;2.0636;1222
ENVI;1;2;8.9145;42;-49;48.609;11.9205;35.6905;0.0416;2.3677;1.00E-12;2.056;1253.9
ENVI;1;2;8.9145;42;-50;49.601;11.8699;35.6912;0.0253;2.2631;1.00E-12;2.0536;1234.2
ENVI;1;2;8.9145;42;-51;50.593;11.8151;35.6913;0.0363;2.5477;1.00E-12;2.0501;1174.3
ENVI;1;2;8.9145;42;-52;51.585;11.8113;35.691;0.0268;2.8695;1.00E-12;2.0462;1205.5
ENVI;1;2;8.9145;42;-53;52.577;11.8072;35.6919;0.0379;2.7533;1.00E-12;2.0418;1222.4
ENVI;1;2;8.9145;42;-54;53.569;11.8068;35.6925;0.0319;2.6836;1.00E-12;2.0385;1178.2
ENVI;1;2;8.9145;42;-55;54.561;11.8018;35.6935;0.0191;2.7642;1.00E-12;2.036;1059.2
ENVI;1;2;8.9145;42;-56;55.553;11.8045;35.6919;0.023;2.672;1.00E-12;2.0311;1214.8
ENVI;1;3;8.956;42;-6;5.953;13.5472;34.4786;1.511;1.3421;1.9286;2.4006;21.486
ENVI;1;3;8.956;42;-7;6.945;13.4777;35.1648;1.5322;1.1282;1.3528;2.4361;22.118
ENVI;1;3;8.956;42;-8;7.937;13.5155;35.2366;1.5743;1.219;1.1582;2.425;21.945
ENVI;1;3;8.956;42;-9;8.929;13.5203;35.2512;1.6078;1.1934;0.8976;2.4256;21.563
ENVI;1;3;8.956;42;-10;9.921;13.5235;35.2535;1.6478;1.1322;0.72114;2.424;20.613
ENVI;1;3;8.956;42;-11;10.913;13.5251;35.2584;1.6101;1.0888;0.608;2.4224;21.839
ENVI;1;3;8.956;42;-12;11.905;13.5112;35.2627;1.5212;1.154;0.53772;2.421;22.395
ENVI;1;3;8.956;42;-13;12.897;13.5157;35.2742;1.5206;1.1306;0.45986;2.4207;21.939
ENVI;1;3;8.956;42;-14;13.889;13.5234;35.2833;1.4965;1.1391;0.36884;2.4202;21.945
ENVI;1;3;8.956;42;-15;14.882;13.5275;35.2882;1.436;1.1403;0.29132;2.4194;22.061
ENVI;1;3;8.956;42;-16;15.874;13.5347;35.3103;1.3347;1.0446;0.25129;2.4179;21.927
ENVI;1;3;8.956;42;-17;16.866;13.5939;35.403;1.2954;1.1017;0.23109;2.417;22.016
ENVI;1;3;8.956;42;-18;17.858;13.6624;35.463;1.1139;1.1112;0.19416;2.4181;21.949
ENVI;1;3;8.956;42;-19;18.85;13.69;35.508;0.9285;1.1104;0.16053;2.4149;21.945
ENVI;1;3;8.956;42;-20;19.842;13.6902;35.5312;0.8914;1.0757;0.13559;2.4076;21.945
ENVI;1;3;8.956;42;-21;20.834;13.6954;35.5407;0.8163;1.0359;0.1149;2.404;21.945
ENVI;1;3;8.956;42;-22;21.826;13.7065;35.5523;0.7396;1.0459;0.099014;2.4013;22.049
ENVI;1;3;8.956;42;-23;22.818;13.7079;35.5589;0.6468;0.9876;0.087481;2.3976;23.914
ENVI;1;3;8.956;42;-24;23.81;13.7171;35.5644;0.7477;0.8666;0.069976;2.3941;21.917
ENVI;1;3;8.956;42;-25;24.802;13.7162;35.57;0.6301;0.9762;0.058402;2.393;21.945
ENVI;1;3;8.956;42;-26;25.794;13.7159;35.5782;0.5799;0.9391;0.047512;2.3906;23.164
ENVI;1;3;8.956;42;-27;26.786;13.7165;35.5826;0.5519;1.0654;0.038905;2.3898;23.897
ENVI;1;3;8.956;42;-28;27.778;13.7204;35.5918;0.5019;1.0984;0.033307;2.389;21.708
ENVI;1;3;8.956;42;-29;28.77;13.7212;35.606;0.498;1.112;0.02596;2.3874;23.06
ENVI;1;3;8.956;42;-30;29.762;13.7153;35.6161;0.4771;1.0846;0.018289;2.3845;23.924
ENVI;1;3;8.956;42;-31;30.754;13.6728;35.6293;0.4011;1.1001;0.011305;2.3799;22.679
ENVI;1;3;8.956;42;-32;31.746;13.6078;35.6427;0.3366;1.315;0.0051348;2.3715;23.193
ENVI;1;3;8.956;42;-33;32.738;13.5137;35.6742;0.3042;1.2388;0.00038715;2.3422;23.637
ENVI;1;3;8.956;42;-34;33.73;13.4615;35.6831;0.4122;0.9333;-2.06E-07;2.3144;21.839
ENVI;1;3;8.956;42;-35;34.722;13.455;35.6822;0.261;1.3981;1.00E-12;2.3105;21.945
ENVI;1;3;8.956;42;-36;35.714;13.4426;35.6813;0.2485;1.4407;1.00E-12;2.3066;21.945
ENVI;1;3;8.956;42;-37;36.706;13.4313;35.6815;0.2362;1.4781;1.00E-12;2.303;22.451
ENVI;1;3;8.956;42;-38;37.698;13.3953;35.6859;0.2187;1.4267;1.00E-12;2.2993;23.898
ENVI;1;3;8.956;42;-39;38.69;13.2531;35.6932;0.1946;1.4041;1.00E-12;2.2929;23.974
ENVI;1;3;8.956;42;-40;39.682;13.184;35.6968;0.1867;1.2275;1.00E-12;2.2811;23.939
ENVI;1;3;8.956;42;-41;40.674;13.1677;35.7017;0.1696;1.5154;1.00E-12;2.2703;23.94
ENVI;1;3;8.956;42;-42;41.666;13.1681;35.7034;0.1257;1.5426;1.00E-12;2.2588;23.94
ENVI;1;3;8.956;42;-43;42.658;13.1738;35.7052;0.1317;1.5701;1.00E-12;2.2491;23.94
ENVI;1;3;8.956;42;-44;43.65;13.177;35.7075;0.1158;1.6205;1.00E-12;2.2445;23.94
ENVI;1;3;8.956;42;-45;44.642;13.1347;35.7152;0.0896;1.8112;1.00E-12;2.2405;23.988
ENVI;1;3;8.956;42;-46;45.634;13.0746;35.7177;0.0823;1.9441;1.00E-12;2.2342;23.939
ENVI;1;3;8.956;42;-47;46.625;13.0036;35.7175;0.0911;2.0518;1.00E-12;2.2283;22.737
ENVI;1;3;8.956;42;-48;47.617;12.9441;35.7147;0.0978;2.0895;1.00E-12;2.223;21.948
ENVI;1;3;8.956;42;-49;48.609;12.8846;35.7135;0.0769;2.0278;1.00E-12;2.218;21.945
ENVI;1;3;8.956;42;-50;49.601;12.8286;35.7125;0.0672;2.0492;1.00E-12;2.2122;22.665
ENVI;1;3;8.956;42;-51;50.593;12.9338;35.7099;0.0684;1.5102;1.00E-12;2.1953;25.493
ENVI;1;3;8.956;42;-52;51.585;12.7836;35.7091;0.0877;1.5517;1.00E-12;2.1991;23.953
ENVI;1;3;8.956;42;-53;52.577;12.6784;35.7097;0.0456;1.7538;1.00E-12;2.1927;23.94
ENVI;1;3;8.956;42;-54;53.569;12.6509;35.7092;0.0272;1.9235;1.00E-12;2.1819;23.94
ENVI;1;3;8.956;42;-55;54.561;12.603;35.7094;0.0369;2.0378;1.00E-12;2.1764;23.94
ENVI;1;3;8.956;42;-56;55.553;12.439;35.7119;0.0532;2.1095;1.00E-12;2.1723;23.94
ENVI;1;3;8.956;42;-57;56.544;12.3748;35.7159;0.0212;2.0791;1.00E-12;2.1673;23.94
ENVI;1;3;8.956;42;-58;57.536;12.3294;35.7138;0.0112;2.1457;1.00E-12;2.1605;23.94
ENVI;1;3;8.956;42;-59;58.528;12.3586;35.7118;0.0042;1.9161;1.00E-12;2.1395;25.446
ENVI;1;3;8.956;42;-60;59.52;12.4955;35.7035;0.0523;1.2365;1.00E-12;2.1096;25.247
ENVI;1;3;8.956;42;-61;60.512;12.1351;35.7101;0.0541;1.647;1.00E-12;2.1231;22.407
ENVI;1;3;8.956;42;-62;61.504;12.0341;35.7096;0.0303;2.031;1.00E-12;2.1212;22.885
ENVI;1;3;8.956;42;-63;62.495;12.0009;35.7071;-0.0012;2.1121;1.00E-12;2.1137;24.28
ENVI;1;3;8.956;42;-64;63.487;12.0058;35.7046;-0.0235;1.7599;1.00E-12;2.0856;26.211
ENVI;1;3;8.956;42;-65;64.479;11.8119;35.6983;0.008;1.6484;1.00E-12;2.074;24.178
ENVI;1;3;8.956;42;-66;65.471;11.7383;35.6964;-0.0121;1.9522;1.00E-12;2.0665;23.942
ENVI;1;3;8.956;42;-67;66.463;11.7298;35.6941;-0.0373;1.8901;1.00E-12;2.056;24.375
ENVI;1;3;8.956;42;-68;67.455;11.7262;35.6925;-0.0377;1.7818;1.00E-12;2.045;25.987
ENVI;1;3;8.956;42;-69;68.446;11.7229;35.6917;-0.0403;1.8761;1.00E-12;2.0379;25.935
ENVI;1;3;8.956;42;-70;69.438;11.7248;35.6898;-0.0392;1.5437;1.00E-12;2.0282;25.935
ENVI;1;3;8.956;42;-71;70.43;11.7208;35.6888;-0.0343;1.4467;1.00E-12;2.0243;25.935
ENVI;1;3;8.956;42;-72;71.422;11.7171;35.6883;-0.0362;1.7021;1.00E-12;2.0225;25.935
ENVI;1;3;8.956;42;-73;72.414;11.7158;35.688;-0.0373;1.8641;1.00E-12;2.0218;25.856
ENVI;1;3;8.956;42;-74;73.406;11.7138;35.6877;-0.045;1.8463;1.00E-12;2.0207;24.219
ENVI;1;3;8.956;42;-75;74.397;11.7118;35.6874;-0.0503;1.8276;1.00E-12;2.0199;23.944
ENVI;1;3;8.956;42;-76;75.389;11.7106;35.6871;-0.0396;1.9333;1.00E-12;2.0192;25.499
ENVI;1;3;8.956;42;-77;76.381;11.7082;35.6866;-0.0338;2.0748;1.00E-12;2.0178;25.941
ENVI;1;3;8.956;42;-78;77.373;11.7074;35.6863;-0.0346;2.1048;1.00E-12;2.0172;26.157
ENVI;1;3;8.956;42;-79;78.364;11.7081;35.6855;-0.0404;1.6849;1.00E-12;2.0155;25.597
ENVI;1;3;8.956;42;-80;79.356;11.7036;35.6852;-0.0445;1.7039;1.00E-12;2.0154;23.915
ENVI;1;3;8.956;42;-81;80.348;11.7003;35.6848;-0.0357;2.0207;1.00E-12;2.015;23.94
ENVI;1;3;8.956;42;-82;81.34;11.6974;35.6843;-0.0262;2.2203;1.00E-12;2.0144;25.211
ENVI;1;3;8.956;42;-83;82.331;11.6982;35.6838;-0.0365;1.8544;1.00E-12;2.0134;27.323
ENVI;1;3;8.956;42;-84;83.323;11.6904;35.683;-0.0257;1.7681;1.00E-12;2.0133;23.736
ENVI;1;3;8.956;42;-85;84.315;11.6871;35.6827;-0.0385;2.1201;1.00E-12;2.0132;23.94
ENVI;1;3;8.956;42;-86;85.307;11.6861;35.6824;-0.039;2.2362;1.00E-12;2.0125;25.523
ENVI;1;3;8.956;42;-87;86.298;11.6824;35.6818;-0.0264;2.5361;1.00E-12;2.0124;26.027
ENVI;1;3;8.956;42;-88;87.29;11.6819;35.6814;-0.0215;3.073;1.00E-12;2.0117;26.748
ENVI;1;3;8.956;42;-89;88.282;11.6794;35.6812;-0.0198;3.3349;1.00E-12;2.0123;25.378
ENVI;1;4;9.207;42;-6;5.953;13.4305;31.4194;1.0089;0.5414;82.996;2.3296;1920.3
ENVI;1;4;9.207;42;-7;6.945;13.6597;35.5659;1.0016;0.5953;67.372;2.4467;1838.3
ENVI;1;4;9.207;42;-8;7.937;13.655;35.5051;1.1499;0.6345;56.673;2.4432;1824.5
ENVI;1;4;9.207;42;-9;8.929;13.6517;35.5084;1.2619;0.6276;50.028;2.4422;1817.5
ENVI;1;4;9.207;42;-10;9.921;13.6493;35.5116;1.3648;0.5896;44.901;2.4421;1829
ENVI;1;4;9.207;42;-11;10.913;13.6488;35.5124;1.4678;0.633;42.127;2.442;1845.6
ENVI;1;4;9.207;42;-12;11.905;13.6428;35.5187;1.6208;0.6328;40.594;2.4413;1855.6
ENVI;1;4;9.207;42;-13;12.897;13.6436;35.5203;1.659;0.6319;35.853;2.4407;1852.4
ENVI;1;4;9.207;42;-14;13.889;13.6449;35.5215;1.6343;0.6545;33.122;2.4388;1849
ENVI;1;4;9.207;42;-15;14.882;13.6479;35.5241;1.6297;0.6122;30.413;2.4381;1857.7
ENVI;1;4;9.207;42;-16;15.874;13.6506;35.5262;1.6324;0.6293;30.461;2.4376;1857.9
ENVI;1;4;9.207;42;-17;16.866;13.6513;35.5267;1.6574;0.5966;28.418;2.4371;1827.6
ENVI;1;4;9.207;42;-18;17.858;13.6542;35.5289;1.6586;0.6508;28.385;2.4364;1820.3
ENVI;1;4;9.207;42;-19;18.85;13.6566;35.5304;1.652;0.7015;25.523;2.4358;1838.2
ENVI;1;4;9.207;42;-20;19.842;13.6571;35.5306;1.6704;0.6106;23.977;2.4349;1860
ENVI;1;4;9.207;42;-21;20.834;13.6564;35.53;1.7222;0.5122;27.509;2.4342;1836.8
ENVI;1;4;9.207;42;-22;21.826;13.6593;35.5319;1.7461;0.5199;24.387;2.4346;1819.2
ENVI;1;4;9.207;42;-23;22.818;13.6589;35.532;1.6719;0.5917;22.19;2.4339;1824.6
ENVI;1;4;9.207;42;-24;23.81;13.6583;35.5313;1.6765;0.5589;20.645;2.4323;1843.8
ENVI;1;4;9.207;42;-25;24.802;13.6594;35.5326;1.7169;0.5115;20.357;2.4315;1816.8
ENVI;1;4;9.207;42;-26;25.794;13.664;35.5349;1.7252;0.5413;17.986;2.4314;1815.6
ENVI;1;4;9.207;42;-27;26.786;13.6665;35.5363;1.7247;0.5552;16.247;2.4319;1816.2
ENVI;1;4;9.207;42;-28;27.778;13.6725;35.5393;1.7039;0.5696;15.296;2.4315;1816
ENVI;1;4;9.207;42;-29;28.77;13.6743;35.54;1.7065;0.5827;15.026;2.4307;1817.5
ENVI;1;4;9.207;42;-30;29.762;13.675;35.5404;1.7082;0.5881;15.016;2.4294;1822.5
ENVI;1;4;9.207;42;-31;30.754;13.6769;35.5412;1.6893;0.5371;14.995;2.4279;1820.8
ENVI;1;4;9.207;42;-32;31.746;13.6828;35.5444;1.7376;0.6123;14.2;2.4283;1797
ENVI;1;4;9.207;42;-33;32.738;13.6924;35.549;1.6588;0.4631;12.146;2.4273;1816.3
ENVI;1;4;9.207;42;-34;33.73;13.6953;35.5508;1.6928;0.5404;10.719;2.4255;1777.4
ENVI;1;4;9.207;42;-35;34.722;13.6959;35.5509;1.6701;0.5455;9.3954;2.425;1759
ENVI;1;4;9.207;42;-36;35.714;13.6953;35.5505;1.6597;0.5684;8.4013;2.4248;1754.2
ENVI;1;4;9.207;42;-37;36.706;13.6938;35.5499;1.6552;0.5765;7.7441;2.424;1764.4
ENVI;1;4;9.207;42;-38;37.698;13.6979;35.552;1.6705;0.5648;7.3681;2.4236;1783.6
ENVI;1;4;9.207;42;-39;38.69;13.7056;35.5555;1.6628;0.5517;7.3365;2.4232;1799.2
ENVI;1;4;9.207;42;-40;39.682;13.7079;35.5568;1.6557;0.5034;7.1593;2.4231;1801.8
ENVI;1;4;9.207;42;-41;40.674;13.712;35.5591;1.6647;0.4928;6.3594;2.4227;1783.2
ENVI;1;4;9.207;42;-42;41.666;13.7158;35.5612;1.6259;0.5283;5.6858;2.4229;1791.4
ENVI;1;4;9.207;42;-43;42.658;13.7192;35.5629;1.5769;0.5144;5.075;2.4228;1819.4
ENVI;1;4;9.207;42;-44;43.65;13.7219;35.5647;1.6404;0.4728;4.244;2.4223;1787.9
ENVI;1;4;9.207;42;-45;44.642;13.7285;35.5685;1.5742;0.5079;3.7297;2.4214;1781.4
ENVI;1;4;9.207;42;-46;45.634;13.7323;35.571;1.5649;0.546;3.3781;2.4206;1785.8
ENVI;1;4;9.207;42;-47;46.625;13.7405;35.5759;1.5234;0.5289;3.1105;2.4203;1795
ENVI;1;4;9.207;42;-48;47.617;13.7611;35.5888;1.4899;0.5186;2.9188;2.42;1804.8
ENVI;1;4;9.207;42;-49;48.609;13.7706;35.5949;1.3961;0.5082;2.7876;2.4195;1813.5
ENVI;1;4;9.207;42;-50;49.601;13.762;35.5892;1.3532;0.4504;2.7959;2.417;1823.7
ENVI;1;4;9.207;42;-51;50.593;13.7754;35.5981;1.4833;0.4222;2.4171;2.4155;1828.9
ENVI;1;4;9.207;42;-52;51.585;13.7937;35.6101;1.3683;0.4298;2.0637;2.4178;1806.3
ENVI;1;4;9.207;42;-53;52.577;13.795;35.6117;1.1884;0.5033;1.861;2.4163;1780
ENVI;1;4;9.207;42;-54;53.569;13.7971;35.614;1.1101;0.4762;1.7482;2.4141;1783.7
ENVI;1;4;9.207;42;-55;54.561;13.7992;35.6169;1.0761;0.45;1.6705;2.413;1800.5
ENVI;1;4;9.207;42;-56;55.553;13.8001;35.6183;1.0338;0.4294;1.6013;2.4118;1816.4
ENVI;1;4;9.207;42;-57;56.544;13.798;35.6161;1.0826;0.4031;1.5596;2.4087;1825.2
ENVI;1;4;9.207;42;-58;57.536;13.8022;35.6227;1.1192;0.4043;1.3679;2.4083;1801.6
ENVI;1;4;9.207;42;-59;58.528;13.8001;35.6273;1.0059;0.4043;1.2118;2.4078;1809.8
ENVI;1;4;9.207;42;-60;59.52;13.7955;35.6319;0.8479;0.4347;1.0997;2.4065;1826.7
ENVI;1;4;9.207;42;-61;60.512;13.7937;35.6327;0.849;0.4252;1.0376;2.405;1820.4
ENVI;1;4;9.207;42;-62;61.504;13.7823;35.6367;0.8194;0.4111;0.98417;2.4039;1799.7
ENVI;1;4;9.207;42;-63;62.495;13.7763;35.6382;0.7743;0.4168;0.93004;2.4025;1790.1
ENVI;1;4;9.207;42;-64;63.487;13.7728;35.6377;0.7182;0.4233;0.87315;2.4002;1806.3
ENVI;1;4;9.207;42;-65;64.479;13.7629;35.6392;0.7444;0.3648;0.83412;2.3977;1839.1
ENVI;1;4;9.207;42;-66;65.471;13.7575;35.6395;0.7228;0.3635;0.77671;2.3973;1822.1
ENVI;1;4;9.207;42;-67;66.463;13.7538;35.6391;0.7025;0.3703;0.61313;2.3961;1843.5
ENVI;1;4;9.207;42;-68;67.455;13.7441;35.6391;0.712;0.3992;0.55568;2.3959;1795.8
ENVI;1;4;9.207;42;-69;68.446;13.7233;35.6405;0.6516;0.4168;0.5189;2.3954;1782.7
ENVI;1;4;9.207;42;-70;69.438;13.7131;35.6412;0.6482;0.4121;0.48649;2.3949;1783.3
ENVI;1;4;9.207;42;-71;70.43;13.7023;35.6453;0.6298;0.3873;0.45883;2.3936;1796.7
ENVI;1;4;9.207;42;-72;71.422;13.6984;35.6496;0.6179;0.3821;0.43368;2.3925;1817.8
ENVI;1;4;9.207;42;-73;72.414;13.696;35.6539;0.5695;0.3684;0.42029;2.3917;1837.7
ENVI;1;4;9.207;42;-74;73.405;13.6933;35.6564;0.5365;0.3534;0.42163;2.3904;1850.8
ENVI;1;4;9.207;42;-75;74.397;13.7071;35.6474;0.5627;0.3194;0.38224;2.3919;1849.1
ENVI;1;4;9.207;42;-76;75.389;13.7079;35.6508;0.752;0.344;0.31164;2.3927;1824.5
ENVI;1;4;9.207;42;-77;76.381;13.7104;35.657;0.6284;0.3419;0.27784;2.3914;1820.3
ENVI;1;4;9.207;42;-78;77.372;13.6958;35.6751;0.5143;0.329;0.26063;2.3907;1831.3
ENVI;1;4;9.207;42;-79;78.364;13.6981;35.6769;0.4679;0.3287;0.24577;2.3896;1841.9
ENVI;1;4;9.207;42;-80;79.356;13.6994;35.6782;0.4388;0.3363;0.23283;2.3891;1850
ENVI;1;4;9.207;42;-81;80.348;13.7003;35.6781;0.4438;0.3159;0.22966;2.3879;1850.4
ENVI;1;4;9.207;42;-82;81.34;13.7012;35.6786;0.4449;0.3023;0.2298;2.3861;1849.1
ENVI;1;4;9.207;42;-83;82.331;13.7013;35.6799;0.4562;0.3061;0.21923;2.3862;1858.5
ENVI;1;4;9.207;42;-84;83.323;13.7014;35.6809;0.46;0.3259;0.20448;2.386;1869
ENVI;1;4;9.207;42;-85;84.315;13.7012;35.6813;0.4287;0.2748;0.18831;2.3859;1856.9
ENVI;1;4;9.207;42;-86;85.306;13.6958;35.6864;0.4408;0.3142;0.1716;2.3861;1843.3
ENVI;1;4;9.207;42;-87;86.298;13.6785;35.6959;0.4338;0.3187;0.15739;2.386;1845.9
ENVI;1;4;9.207;42;-88;87.29;13.6884;35.6876;0.369;0.2537;0.12561;2.3842;1878.2
ENVI;1;4;9.207;42;-89;88.282;13.6743;35.6932;0.3891;0.2861;0.10681;2.3841;1843.5
ENVI;1;4;9.207;42;-90;89.273;13.6521;35.6955;0.3903;0.2919;0.10174;2.3833;1832.2
ENVI;1;4;9.207;42;-91;90.265;13.6507;35.6953;0.3956;0.294;0.099168;2.3831;1831.4
ENVI;1;4;9.207;42;-92;91.257;13.6467;35.6947;0.3503;0.2757;0.094306;2.3821;1835.2
ENVI;1;4;9.207;42;-93;92.249;13.6308;35.6927;0.3458;0.2685;0.089389;2.3813;1842.3
ENVI;1;4;9.207;42;-94;93.24;13.6216;35.692;0.3305;0.2468;0.086671;2.3803;1851.2
ENVI;1;4;9.207;42;-95;94.232;13.6107;35.6912;0.3253;0.2793;0.083741;2.3796;1859.5
ENVI;1;4;9.207;42;-96;95.224;13.6038;35.691;0.3199;0.3714;0.077583;2.3788;1868
ENVI;1;4;9.207;42;-97;96.215;13.6189;35.6905;0.3318;0.2287;0.067468;2.3791;1855.4
ENVI;1;4;9.207;42;-98;97.207;13.6116;35.6914;0.3359;0.268;0.041325;2.3799;1824
ENVI;1;4;9.207;42;-99;98.199;13.6164;35.6911;0.3186;0.2878;0.039195;2.3795;1823.3
ENVI;1;4;9.207;42;-100;99.191;13.5676;35.6952;0.3059;0.2734;0.036674;2.3789;1827.5
ENVI;1;4;9.207;42;-101;100.182;13.5225;35.7028;0.2942;0.257;0.034777;2.3779;1838.2
ENVI;1;4;9.207;42;-102;101.174;13.5151;35.7042;0.2697;0.2548;0.029729;2.3755;1852.1
ENVI;1;4;9.207;42;-103;102.165;13.5054;35.7061;0.2374;0.2519;0.032927;2.3726;1867.8
ENVI;1;4;9.207;42;-104;103.157;13.4811;35.7079;0.1824;0.2517;0.039115;2.3651;1885.4
ENVI;1;4;9.207;42;-105;104.149;13.4916;35.7057;0.2065;0.2319;0.036358;2.336;1892.3
ENVI;1;4;9.207;42;-106;105.14;13.5101;35.7033;0.2581;0.2333;0.020708;2.3343;1884.1
ENVI;1;4;9.207;42;-107;106.132;13.4959;35.7045;0.2026;0.2432;0.012753;2.3391;1864.9
ENVI;1;4;9.207;42;-108;107.123;13.3753;35.7227;0.188;0.2433;0.0079576;2.3365;1865.5
ENVI;1;4;9.207;42;-109;108.115;13.365;35.7231;0.1768;0.2608;0.0063493;2.3308;1875.6
ENVI;1;4;9.207;42;-110;109.107;13.3489;35.7241;0.0903;0.2819;0.0058748;2.3195;1880.8
ENVI;1;4;9.207;42;-111;110.098;13.3092;35.7278;0.053;0.306;0.0059195;2.3057;1880.1
ENVI;1;4;9.207;42;-112;111.09;13.295;35.7283;0.0397;0.3239;0.0049912;2.2928;1876.1
ENVI;1;4;9.207;42;-113;112.082;13.2931;35.7283;0.0234;0.3292;0.0038736;2.283;1876
ENVI;1;4;9.207;42;-114;113.073;13.2928;35.7281;0.0275;0.3307;0.005399;2.2744;1881.2
ENVI;1;4;9.207;42;-115;114.065;13.3111;35.725;0.0634;0.2981;0.000059167;2.2555;1902.6
ENVI;1;4;9.207;42;-116;115.056;13.294;35.7264;0.0694;0.3029;0.000009661;2.2573;1841.2
ENVI;1;4;9.207;42;-117;116.048;13.2716;35.728;0.0544;0.3065;1.00E-12;2.2572;1833.1
ENVI;1;4;9.207;42;-118;117.04;13.2615;35.7274;0.0841;0.411;1.00E-12;2.2559;1842.6
ENVI;1;4;9.207;42;-119;118.031;13.193;35.73;0.0371;0.4133;1.00E-12;2.252;1869.6
ENVI;1;4;9.207;42;-120;119.022;13.1484;35.73;-0.0009;0.3817;1.00E-12;2.2448;1894.5
ENVI;1;4;9.207;42;-121;120.014;13.1254;35.7292;-0.0026;0.3779;1.00E-12;2.2363;1895.9
ENVI;1;4;9.207;42;-122;121.006;13.1258;35.7287;0.0038;0.3151;1.00E-12;2.2177;1885.4
ENVI;1;4;9.207;42;-123;121.997;13.0928;35.7272;0.0069;0.3607;1.00E-12;2.2174;1889.9
ENVI;1;4;9.207;42;-124;122.989;13.0592;35.7274;0.0114;0.381;1.00E-12;2.2165;1866
ENVI;1;4;9.207;42;-125;123.98;13.0336;35.7262;-0.0085;0.3983;1.00E-12;2.215;1839
ENVI;1;4;9.207;42;-126;124.972;13.0075;35.7261;-0.0128;0.4104;1.00E-12;2.2131;1823.2
ENVI;1;4;9.207;42;-127;125.964;12.9764;35.7248;0.0029;0.3923;1.00E-12;2.2109;1822.1
ENVI;1;4;9.207;42;-128;126.955;12.9412;35.7246;0.0017;0.3899;1.00E-12;2.2078;1839.2
ENVI;1;4;9.207;42;-129;127.947;13.0398;35.7238;-0.009;0.3354;1.00E-12;2.2003;1890.6
ENVI;1;4;9.207;42;-130;128.938;13.0061;35.723;0.0085;0.3418;1.00E-12;2.2028;1855.2
ENVI;1;4;9.207;42;-131;129.93;12.8983;35.7204;0.0137;0.3493;1.00E-12;2.2016;1856.4
ENVI;1;4;9.207;42;-132;130.921;12.8667;35.7219;0.0033;0.5261;1.00E-12;2.1998;1862.5
ENVI;1;4;9.207;42;-133;131.913;12.8479;35.7223;0.0008;0.5437;1.00E-12;2.1967;1870.9
ENVI;1;4;9.207;42;-134;132.904;12.8395;35.7216;-0.0081;0.5289;1.00E-12;2.1924;1877.6
ENVI;1;4;9.207;42;-135;133.895;12.8225;35.7216;-0.0146;0.6175;1.00E-12;2.1846;1869.6
ENVI;1;4;9.207;42;-136;134.887;12.8088;35.7193;-0.0194;0.7137;1.00E-12;2.1763;1854.1
ENVI;1;4;9.207;42;-137;135.878;12.7979;35.7182;-0.0199;0.6921;1.00E-12;2.1684;1863.9
ENVI;1;4;9.207;42;-138;136.87;12.7851;35.7171;-0.0337;0.7087;1.00E-12;2.1644;1864.2
ENVI;1;4;9.207;42;-139;137.862;12.7655;35.7166;-0.0362;0.6587;1.00E-12;2.1614;1860.4
ENVI;1;4;9.207;42;-140;138.853;12.724;35.7157;-0.0298;0.6159;1.00E-12;2.1601;1854.5
ENVI;1;4;9.207;42;-141;139.844;12.7099;35.7147;-0.0327;0.5756;1.00E-12;2.1573;1861.2
ENVI;1;4;9.207;42;-142;140.836;12.6843;35.7132;-0.0412;0.5808;1.00E-12;2.1549;1861
ENVI;1;4;9.207;42;-143;141.827;12.6471;35.7123;-0.0236;0.5325;1.00E-12;2.1531;1844.2
ENVI;1;4;9.207;42;-144;142.819;12.6443;35.7113;-0.0494;0.4435;1.00E-12;2.1485;1853.2
ENVI;1;4;9.207;42;-145;143.81;12.628;35.7088;-0.0512;0.4468;1.00E-12;2.1456;1830.9
ENVI;1;4;9.207;42;-146;144.802;12.5548;35.7065;-0.0333;0.447;1.00E-12;2.1447;1863.4
ENVI;1;4;9.207;42;-147;145.793;12.4973;35.7034;-0.0549;0.4644;1.00E-12;2.1388;1858.2
ENVI;1;4;9.207;42;-148;146.785;12.3605;35.6954;-0.0479;0.4856;1.00E-12;2.1336;1854.9
ENVI;1;4;9.207;42;-149;147.776;12.1602;35.6854;-0.0547;0.5966;1.00E-12;2.1257;1867.2
ENVI;1;4;9.207;42;-150;148.768;12.0621;35.6797;-0.0673;0.4779;1.00E-12;2.1047;1870
ENVI;1;4;9.207;42;-151;149.759;11.8986;35.6647;-0.0689;0.4606;1.00E-12;2.0946;1866.3
ENVI;1;4;9.207;42;-152;150.75;11.7917;35.6637;-0.0683;0.4715;1.00E-12;2.0882;1851.4
ENVI;1;4;9.207;42;-153;151.742;11.7571;35.6606;-0.0797;0.5009;1.00E-12;2.0811;1846
ENVI;1;4;9.207;42;-154;152.733;11.7503;35.6589;-0.069;0.566;1.00E-12;2.0741;1855.8
ENVI;1;4;9.207;42;-155;153.725;11.7441;35.6579;-0.07;0.492;1.00E-12;2.0691;1865.8
ENVI;1;4;9.207;42;-156;154.716;11.7414;35.6568;-0.0753;0.498;1.00E-12;2.0644;1869.4
ENVI;1;4;9.207;42;-157;155.707;11.7408;35.6558;-0.0807;0.476;1.00E-12;2.0596;1867.4
ENVI;1;4;9.207;42;-158;156.699;11.74;35.6546;-0.07;0.4773;1.00E-12;2.056;1848.6
ENVI;1;4;9.207;42;-159;157.69;11.7355;35.6542;-0.0782;0.534;1.00E-12;2.0559;1858.9
ENVI;1;4;9.207;42;-160;158.68;11.7639;35.6492;-0.0854;0.8031;1.00E-12;2.0535;1891.3
ENVI;1;5;9.408;42;-4;3.969;13.8353;33.4013;1.4054;0.2927;89.719;2.3546;1490.8
ENVI;1;5;9.408;42;-5;4.961;13.8361;35.5342;1.6776;0.3738;70.73;2.4402;1316.3
ENVI;1;5;9.408;42;-6;5.953;13.8421;35.6685;1.6621;0.3585;59.256;2.4468;1316.4
ENVI;1;5;9.408;42;-7;6.945;13.7714;35.709;1.4857;0.3377;49.45;2.4466;1313.8
ENVI;1;5;9.408;42;-8;7.937;13.7339;35.7283;1.501;0.3319;41.308;2.4443;1312.9
ENVI;1;5;9.408;42;-9;8.929;13.7305;35.7278;1.1409;0.263;38.236;2.4314;1345.3
ENVI;1;5;9.408;42;-10;9.921;13.7043;35.7384;1.2581;0.288;33.909;2.4255;1378.8
ENVI;1;5;9.408;42;-11;10.913;13.7014;35.7383;1.1649;0.2693;32.922;2.4218;1410.9
ENVI;1;5;9.408;42;-12;11.905;13.7014;35.737;1.0577;0.2563;30.638;2.4182;1443.8
ENVI;1;5;9.408;42;-13;12.898;13.6973;35.7383;1.0402;0.2519;28.674;2.4179;1452.4
ENVI;1;5;9.408;42;-14;13.89;13.6983;35.7374;1.1361;0.2415;28.884;2.4165;1443.5
ENVI;1;5;9.408;42;-15;14.882;13.6963;35.738;1.0188;0.2522;27.934;2.4167;1427.5
ENVI;1;5;9.408;42;-16;15.874;13.6956;35.7381;1.0294;0.2642;26.859;2.4161;1428.4
ENVI;1;5;9.408;42;-17;16.866;13.6983;35.7368;1.0523;0.2525;27.491;2.4146;1440.2
ENVI;1;5;9.408;42;-18;17.858;13.6986;35.7353;1.0924;0.2465;31.584;2.4149;1473.3
ENVI;1;5;9.408;42;-19;18.85;13.7007;35.7356;1.0225;0.2565;31.307;2.4159;1535
ENVI;1;5;9.408;42;-20;19.842;13.6953;35.7375;1.1066;0.2653;33.892;2.4149;1558.6
ENVI;1;5;9.408;42;-21;20.834;13.6952;35.7375;1.096;0.2505;37.841;2.4132;1576.9
ENVI;1;5;9.408;42;-22;21.826;13.6938;35.7381;1.1545;0.2643;40.808;2.4123;1573.1
ENVI;1;5;9.408;42;-23;22.818;13.6936;35.7381;1.0469;0.2718;39.567;2.4113;1573.8
ENVI;1;5;9.408;42;-24;23.81;13.693;35.738;1.0303;0.2727;37.971;2.411;1576
ENVI;1;5;9.408;42;-25;24.802;13.6957;35.7371;1.0685;0.2556;33.267;2.4099;1584.7
ENVI;1;5;9.408;42;-26;25.794;13.6971;35.7368;1.0514;0.2458;33.191;2.4112;1583.2
ENVI;1;5;9.408;42;-27;26.786;13.6939;35.7378;1.0612;0.248;31.351;2.4106;1583.2
ENVI;1;5;9.408;42;-28;27.778;13.6934;35.738;1.0754;0.2445;29.733;2.4094;1594.4
ENVI;1;5;9.408;42;-29;28.77;13.6938;35.7378;1.1506;0.2627;28.075;2.4083;1604.8
ENVI;1;5;9.408;42;-30;29.762;13.6942;35.7379;1.1472;0.2323;26.998;2.408;1579.5
ENVI;1;5;9.408;42;-31;30.754;13.693;35.7385;1.056;0.2446;25.814;2.408;1573.1
ENVI;1;5;9.408;42;-32;31.746;13.693;35.7385;1.0091;0.2586;23.886;2.4071;1570.2
ENVI;1;5;9.408;42;-33;32.738;13.6942;35.7378;1.0135;0.2387;21.352;2.4052;1568.9
ENVI;1;5;9.408;42;-34;33.73;13.6939;35.7383;1.0835;0.2301;20.806;2.4055;1550.1
ENVI;1;5;9.408;42;-35;34.722;13.6937;35.7387;1.099;0.2394;20.023;2.4054;1549.3
ENVI;1;5;9.408;42;-36;35.714;13.6935;35.7388;1.0043;0.2598;18.874;2.4044;1550.2
ENVI;1;5;9.408;42;-37;36.706;13.6945;35.738;0.954;0.239;16.422;2.4029;1548.8
ENVI;1;5;9.408;42;-38;37.698;13.6944;35.7385;0.9935;0.2292;14.828;2.4035;1525.9
ENVI;1;5;9.408;42;-39;38.69;13.6945;35.7389;0.9754;0.2462;14.329;2.4032;1529.2
ENVI;1;5;9.408;42;-40;39.682;13.6943;35.739;0.9862;0.2522;13.847;2.403;1534.6
ENVI;1;5;9.408;42;-41;40.674;13.6944;35.7388;0.9887;0.2578;13.48;2.4024;1541.5
ENVI;1;5;9.408;42;-42;41.666;13.6943;35.7389;0.9079;0.2578;13.275;2.4007;1545.2
ENVI;1;5;9.408;42;-43;42.657;13.6949;35.7386;0.9852;0.242;11.488;2.3999;1558.5
ENVI;1;5;9.408;42;-44;43.65;13.6948;35.7391;1.004;0.2463;10.907;2.4003;1565.3
ENVI;1;5;9.408;42;-45;44.642;13.6947;35.7391;0.9336;0.2464;10.677;2.3996;1575.2
ENVI;1;5;9.408;42;-46;45.634;13.6945;35.7391;1.0679;0.2537;9.8691;2.3993;1589.8
ENVI;1;5;9.408;42;-47;46.625;13.6941;35.7392;0.9204;0.2495;9.3932;2.3987;1615.8
ENVI;1;5;9.408;42;-48;47.617;13.6942;35.7392;0.8916;0.2518;8.9552;2.398;1675.2
ENVI;1;5;9.408;42;-49;48.609;13.6946;35.7394;0.9122;0.2585;9.1691;2.3976;1708.5
ENVI;1;5;9.408;42;-50;49.601;13.6949;35.7394;0.9079;0.2517;8.9199;2.3968;1730.8
ENVI;1;5;9.408;42;-51;50.593;13.6951;35.7392;0.9239;0.2392;8.0749;2.3956;1822.2
ENVI;1;5;9.408;42;-52;51.585;13.6952;35.7396;0.9369;0.2331;7.4566;2.3964;1846.4
ENVI;1;5;9.408;42;-53;52.577;13.6963;35.7398;0.9091;0.2456;6.9971;2.3962;1861.5
ENVI;1;5;9.408;42;-54;53.569;13.6937;35.7394;0.8722;0.2637;6.626;2.3961;1872.9
ENVI;1;5;9.408;42;-55;54.561;13.6935;35.7393;0.8328;0.2479;6.5238;2.3955;1896.7
ENVI;1;5;9.408;42;-56;55.553;13.6927;35.7393;0.8857;0.2267;6.3087;2.3947;1929
ENVI;1;5;9.408;42;-57;56.544;13.6911;35.7393;0.8706;0.2452;5.847;2.3944;1934.3
ENVI;1;5;9.408;42;-58;57.536;13.6913;35.7391;0.8472;0.2479;5.5485;2.3935;1958.9
ENVI;1;5;9.408;42;-59;58.528;13.692;35.7391;0.8699;0.2404;5.341;2.3931;1980.4
ENVI;1;5;9.408;42;-60;59.52;13.6903;35.7391;0.8815;0.2456;4.9904;2.393;1974.7
ENVI;1;5;9.408;42;-61;60.512;13.691;35.7391;0.878;0.2527;4.718;2.3915;1984.2
ENVI;1;5;9.408;42;-62;61.504;13.6911;35.7388;0.7983;0.2314;4.2187;2.3913;1998.6
ENVI;1;5;9.408;42;-63;62.496;13.6925;35.7393;0.8516;0.2528;3.9686;2.3913;1991.6
ENVI;1;5;9.408;42;-64;63.487;13.6925;35.7393;0.9107;0.2614;3.7301;2.3917;1991.3
ENVI;1;5;9.408;42;-65;64.479;13.6921;35.7393;0.8582;0.2519;3.5032;2.3916;1992.8
ENVI;1;5;9.408;42;-66;65.471;13.6918;35.7391;0.8375;0.2664;3.3952;2.3912;1997.8
ENVI;1;5;9.408;42;-67;66.463;13.6926;35.7391;0.834;0.2317;3.3695;2.3901;2025
ENVI;1;5;9.408;42;-68;67.455;13.6923;35.7393;0.8744;0.2461;3.1068;2.3906;2026.7
ENVI;1;5;9.408;42;-69;68.446;13.6916;35.7391;0.8349;0.2512;2.9112;2.3902;2043.3
ENVI;1;5;9.408;42;-70;69.438;13.692;35.7389;0.7968;0.2306;2.6965;2.3893;2059.9
ENVI;1;5;9.408;42;-71;70.43;13.6916;35.739;0.818;0.2419;2.5648;2.39;2054
ENVI;1;5;9.408;42;-72;71.422;13.6914;35.7391;0.859;0.252;2.391;2.3895;2061.7
ENVI;1;5;9.408;42;-73;72.414;13.6913;35.739;0.8341;0.2458;2.2522;2.3889;2069.2
ENVI;1;5;9.408;42;-74;73.405;13.6917;35.7388;0.8251;0.2436;2.193;2.3881;2088.4
ENVI;1;5;9.408;42;-75;74.397;13.6918;35.739;0.7418;0.2216;2.1112;2.3884;2094.3
ENVI;1;5;9.408;42;-76;75.389;13.6914;35.739;0.8439;0.2545;1.9904;2.388;2096.4
ENVI;1;5;9.408;42;-77;76.381;13.692;35.7389;0.81;0.2563;1.8921;2.3873;2091.5
ENVI;1;5;9.408;42;-78;77.373;13.6915;35.7387;0.8121;0.2517;1.7758;2.3865;2087.3
ENVI;1;5;9.408;42;-79;78.364;13.6914;35.7388;0.8056;0.2227;1.5317;2.3858;2098.4
ENVI;1;5;9.408;42;-80;79.356;13.689;35.7385;0.8539;0.24;1.4292;2.3856;2089.8
ENVI;1;5;9.408;42;-81;80.348;13.6881;35.7384;0.8203;0.2457;1.3488;2.3856;2091.1
ENVI;1;5;9.408;42;-82;81.339;13.6895;35.7388;0.749;0.2518;1.2802;2.3851;2090.7
ENVI;1;5;9.408;42;-83;82.331;13.6887;35.7385;0.7505;0.2545;1.2438;2.3846;2089.3
ENVI;1;5;9.408;42;-84;83.323;13.6884;35.7382;0.7487;0.2536;1.2526;2.3844;2090.2
ENVI;1;5;9.408;42;-85;84.315;13.6896;35.7383;0.7718;0.2205;1.147;2.3837;2094.7
ENVI;1;5;9.408;42;-86;85.307;13.6896;35.7384;0.7932;0.2253;0.97481;2.3834;2092.8
ENVI;1;5;9.408;42;-87;86.298;13.6889;35.7383;0.7489;0.2477;0.93415;2.3845;2091
ENVI;1;5;9.408;42;-88;87.29;13.687;35.7381;0.7583;0.2543;0.90831;2.3842;2082.6
ENVI;1;5;9.408;42;-89;88.282;13.6886;35.7382;0.7696;0.2577;0.87721;2.3837;2077.1
ENVI;1;5;9.408;42;-90;89.273;13.6885;35.7382;0.7606;0.2578;0.84023;2.3831;2080.6
ENVI;1;5;9.408;42;-91;90.265;13.6872;35.7381;0.7326;0.2529;0.81011;2.3826;2088.1
ENVI;1;5;9.408;42;-92;91.257;13.6886;35.7378;0.7628;0.2405;0.75453;2.3827;2101.6
ENVI;1;5;9.408;42;-93;92.249;13.6868;35.7377;0.7925;0.2358;0.65032;2.383;2098.1
ENVI;1;5;9.408;42;-94;93.24;13.6866;35.7377;0.7648;0.2368;0.61542;2.3825;2105.1
ENVI;1;5;9.408;42;-95;94.232;13.6868;35.7377;0.7455;0.2539;0.60325;2.3817;2101.6
ENVI;1;5;9.408;42;-96;95.224;13.6863;35.7377;0.7752;0.2456;0.57883;2.3809;2095.4
ENVI;1;5;9.408;42;-97;96.215;13.6868;35.7377;0.7714;0.246;0.5472;2.3809;2096.9
ENVI;1;5;9.408;42;-98;97.207;13.6869;35.7377;0.7482;0.2518;0.51311;2.3804;2104
ENVI;1;5;9.408;42;-99;98.199;13.6873;35.7375;0.7678;0.2417;0.48368;2.38;2121
ENVI;1;5;9.408;42;-100;99.19;13.6841;35.7372;0.7453;0.2459;0.42675;2.3802;2112.3
ENVI;1;5;9.408;42;-101;100.182;13.684;35.7373;0.7251;0.2545;0.40585;2.3799;2108.1
ENVI;1;5;9.408;42;-102;101.174;13.6837;35.737;0.7698;0.2576;0.38204;2.3792;2106.7
ENVI;1;5;9.408;42;-103;102.165;13.6823;35.7369;0.7446;0.2411;0.36575;2.3787;2106.7
ENVI;1;5;9.408;42;-104;103.157;13.6822;35.7369;0.8023;0.2271;0.34259;2.3786;2113
ENVI;1;5;9.408;42;-105;104.149;13.6815;35.7369;0.7776;0.2354;0.3179;2.3787;2111.1
ENVI;1;5;9.408;42;-106;105.14;13.6821;35.7369;0.7363;0.2468;0.29509;2.3784;2108.6
ENVI;1;5;9.408;42;-107;106.132;13.6826;35.7369;0.7371;0.2518;0.27725;2.3783;2109
ENVI;1;5;9.408;42;-108;107.124;13.6832;35.7371;0.7538;0.2517;0.25967;2.3784;2112
ENVI;1;5;9.408;42;-109;108.115;13.6836;35.7371;0.7499;0.2559;0.24871;2.3781;2116.1
ENVI;1;5;9.408;42;-110;109.107;13.6832;35.7371;0.7271;0.2633;0.23159;2.3779;2117.9
ENVI;1;5;9.408;42;-111;110.098;13.6828;35.737;0.7493;0.2575;0.2187;2.3776;2114.6
ENVI;1;5;9.408;42;-112;111.09;13.6826;35.7369;0.736;0.2515;0.20653;2.377;2114.1
ENVI;1;5;9.408;42;-113;112.082;13.6823;35.7369;0.7768;0.2517;0.19497;2.3759;2114.5
ENVI;1;5;9.408;42;-114;113.073;13.6829;35.7369;0.7801;0.261;0.17897;2.3753;2110.8
ENVI;1;5;9.408;42;-115;114.065;13.6829;35.7369;0.7746;0.2641;0.16618;2.3754;2108.1
ENVI;1;5;9.408;42;-116;115.056;13.683;35.7367;0.7405;0.25;0.15065;2.3754;2110.4
ENVI;1;5;9.408;42;-117;116.048;13.6831;35.7368;0.7248;0.2324;0.13226;2.375;2119.6
ENVI;1;5;9.408;42;-118;117.039;13.6831;35.7368;0.7904;0.2491;0.12049;2.3748;2118.5
ENVI;1;5;9.408;42;-119;118.031;13.6834;35.7368;0.7755;0.2519;0.11097;2.3751;2108.2
ENVI;1;5;9.408;42;-120;119.023;13.6836;35.7368;0.7491;0.2552;0.1019;2.3751;2099.4
ENVI;1;5;9.408;42;-121;120.014;13.6837;35.7368;0.7264;0.2577;0.093364;2.3745;2096.9
ENVI;1;5;9.408;42;-122;121.006;13.6837;35.7367;0.7449;0.27;0.08405;2.3735;2098.3
ENVI;1;5;9.408;42;-123;121.997;13.6836;35.7368;0.7486;0.2722;0.073206;2.3733;2102.2
ENVI;1;5;9.408;42;-124;122.989;13.6833;35.7367;0.7742;0.2541;0.065952;2.3725;2109.7
ENVI;1;5;9.408;42;-125;123.981;13.6834;35.7367;0.7739;0.2517;0.060585;2.3718;2114.1
ENVI;1;5;9.408;42;-126;124.972;13.6838;35.7367;0.7128;0.2507;0.067499;2.3712;2118.9
ENVI;1;5;9.408;42;-127;125.963;13.6839;35.7365;0.7164;0.233;0.059214;2.3719;2115.8
ENVI;1;5;9.408;42;-128;126.955;13.6836;35.7367;0.7119;0.2271;0.051357;2.3727;2113.6
ENVI;1;5;9.408;42;-129;127.947;13.677;35.7358;0.7573;0.2492;0.038873;2.3724;2112.2
ENVI;1;5;9.408;42;-130;128.938;13.6746;35.7359;0.7445;0.2544;0.034476;2.3712;2110.9
ENVI;1;5;9.408;42;-131;129.929;13.6746;35.7358;0.7243;0.2562;0.029949;2.3711;2110.3
ENVI;1;5;9.408;42;-132;130.921;13.6747;35.7358;0.7013;0.2458;0.029746;2.3711;2111.3
ENVI;1;5;9.408;42;-133;131.913;13.6752;35.7358;0.7329;0.2511;0.024095;2.3705;2114.3
ENVI;1;5;9.408;42;-134;132.904;13.6752;35.7358;0.7514;0.248;0.018568;2.3699;2116.2
ENVI;1;5;9.408;42;-135;133.896;13.6752;35.7359;0.758;0.2473;0.015976;2.369;2113.6
ENVI;1;5;9.408;42;-136;134.887;13.6756;35.7358;0.7443;0.2694;0.012485;2.3688;2110.2
ENVI;1;5;9.408;42;-137;135.879;13.6757;35.7359;0.7247;0.3072;0.010139;2.3685;2105
ENVI;1;5;9.408;42;-138;136.87;13.676;35.7362;0.7268;0.2411;0.010632;2.3687;2105.7
ENVI;1;5;9.408;42;-139;137.861;13.6762;35.7362;0.732;0.2475;0.0078373;2.3689;2112.2
ENVI;1;5;9.408;42;-140;138.853;13.6762;35.736;0.7114;0.2485;0.0019238;2.3681;2117.4
ENVI;1;5;9.408;42;-141;139.845;13.6752;35.7381;0.6996;0.2458;0.00014582;2.3673;2114.7
ENVI;1;5;9.408;42;-142;140.836;13.6749;35.7391;0.6903;0.2518;0.000005354;2.3667;2112.9
ENVI;1;5;9.408;42;-143;141.827;13.6751;35.7394;0.6618;0.2696;1.00E-12;2.3657;2114.3
ENVI;1;5;9.408;42;-144;142.819;13.6754;35.7404;0.6488;0.258;1.00E-12;2.3632;2118.9
ENVI;1;5;9.408;42;-145;143.81;13.6754;35.7406;0.6287;0.2456;1.00E-12;2.3614;2114.1
ENVI;1;5;9.408;42;-146;144.802;13.6749;35.7407;0.6142;0.2452;1.00E-12;2.3596;2106.1
ENVI;1;5;9.408;42;-147;145.793;13.6717;35.7414;0.6048;0.2395;1.00E-12;2.3582;2097.5
ENVI;1;5;9.408;42;-148;146.785;13.6664;35.7423;0.5953;0.2405;1.00E-12;2.3572;2092.6
ENVI;1;5;9.408;42;-149;147.776;13.6646;35.7427;0.5423;0.2456;1.00E-12;2.3556;2091.9
ENVI;1;5;9.408;42;-150;148.768;13.6638;35.7427;0.534;0.2456;1.00E-12;2.3542;2097.3
ENVI;1;5;9.408;42;-151;149.759;13.6625;35.7429;0.5072;0.2456;1.00E-12;2.3524;2103.8
ENVI;1;5;9.408;42;-152;150.75;13.6639;35.7424;0.5104;0.213;1.00E-12;2.3457;2116.6
ENVI;1;5;9.408;42;-153;151.742;13.6537;35.7458;0.5437;0.2178;1.00E-12;2.3442;2112.2
ENVI;1;5;9.408;42;-154;152.733;13.6467;35.7502;0.4771;0.2187;1.00E-12;2.3435;2109.6
ENVI;1;5;9.408;42;-155;153.725;13.6446;35.7529;0.4461;0.2149;1.00E-12;2.3419;2104.9
ENVI;1;5;9.408;42;-156;154.716;13.6435;35.7591;0.3957;0.2319;1.00E-12;2.339;2102.4
ENVI;1;5;9.408;42;-157;155.707;13.6449;35.7619;0.3779;0.2394;1.00E-12;2.3355;2102.3
ENVI;1;5;9.408;42;-158;156.699;13.6451;35.7669;0.2787;0.2292;1.00E-12;2.331;2102.7
ENVI;1;5;9.408;42;-159;157.69;13.6423;35.7693;0.2605;0.2272;1.00E-12;2.326;2104.5
ENVI;1;5;9.408;42;-160;158.682;13.6407;35.7699;0.2355;0.2387;1.00E-12;2.3206;2105
ENVI;1;5;9.408;42;-161;159.673;13.6296;35.7723;0.2358;0.2395;1.00E-12;2.3147;2106.6
ENVI;1;5;9.408;42;-162;160.664;13.6196;35.7746;0.25;0.2269;1.00E-12;2.3086;2105.4
ENVI;1;5;9.408;42;-163;161.656;13.6118;35.7761;0.2461;0.2272;1.00E-12;2.3029;2108.4
ENVI;1;5;9.408;42;-164;162.647;13.6174;35.7738;0.2095;0.2226;1.00E-12;2.2895;2109.8
ENVI;1;5;9.408;42;-165;163.638;13.6204;35.7719;0.2595;0.2112;1.00E-12;2.2734;2103.9
ENVI;1;5;9.408;42;-166;164.63;13.6031;35.7767;0.2229;0.2168;1.00E-12;2.2735;2110.6
ENVI;1;5;9.408;42;-167;165.621;13.6027;35.7767;0.199;0.231;1.00E-12;2.2729;2116.7
ENVI;1;5;9.408;42;-168;166.613;13.5992;35.7772;0.1922;0.2503;1.00E-12;2.2696;2118.5
ENVI;1;5;9.408;42;-169;167.604;13.5907;35.7785;0.207;0.2617;1.00E-12;2.2659;2114.6
ENVI;1;5;9.408;42;-170;168.595;13.5789;35.78;0.1786;0.2533;1.00E-12;2.262;2107.7
ENVI;1;5;9.408;42;-171;169.586;13.5741;35.7806;0.1641;0.2558;1.00E-12;2.2585;2110.2
ENVI;1;5;9.408;42;-172;170.578;13.574;35.7808;0.1746;0.2457;1.00E-12;2.2554;2112.2
ENVI;1;5;9.408;42;-173;171.569;13.5695;35.7811;0.1459;0.2493;1.00E-12;2.2524;2114.7
ENVI;1;5;9.408;42;-174;172.561;13.5566;35.7833;0.1256;0.2517;1.00E-12;2.2497;2113.2
ENVI;1;5;9.408;42;-175;173.551;13.5041;35.7845;0.1012;0.2517;1.00E-12;2.2467;2108
ENVI;1;5;9.408;42;-176;174.543;13.469;35.7829;0.0692;0.2724;1.00E-12;2.2437;2100.5
ENVI;1;5;9.408;42;-177;175.534;13.4544;35.7829;0.0047;0.3121;1.00E-12;2.2405;2094.2
ENVI;1;5;9.408;42;-178;176.526;13.4532;35.7824;0.002;0.3436;1.00E-12;2.2357;2092.8
ENVI;1;5;9.408;42;-179;177.517;13.4525;35.7819;0.0038;0.3685;1.00E-12;2.2311;2094.8
ENVI;1;5;9.408;42;-180;178.508;13.4463;35.7811;-0.0025;0.3713;1.00E-12;2.2254;2101.2
ENVI;1;5;9.408;42;-181;179.499;13.461;35.7806;0.0032;0.3313;1.00E-12;2.209;2114.3
ENVI;1;5;9.408;42;-182;180.49;13.476;35.78;0.0492;0.2846;1.00E-12;2.2058;2109.1
ENVI;1;5;9.408;42;-183;181.482;13.4262;35.7781;0.0263;0.3258;1.00E-12;2.2057;2113.9
ENVI;1;5;9.408;42;-184;182.474;13.4235;35.7785;0.0022;0.402;1.00E-12;2.2041;2115.8
ENVI;1;5;9.408;42;-185;183.464;13.4175;35.7772;-0.0053;0.4364;1.00E-12;2.2031;2114.4
ENVI;1;5;9.408;42;-186;184.455;13.4113;35.7763;0.0048;0.4855;1.00E-12;2.2006;2107.3
ENVI;1;5;9.408;42;-187;185.447;13.3668;35.7711;-0.004;0.5203;1.00E-12;2.197;2100.5
ENVI;1;5;9.408;42;-188;186.438;13.2551;35.7686;-0.0246;0.5636;1.00E-12;2.1939;2090.4
ENVI;1;5;9.408;42;-189;187.429;13.2019;35.7674;-0.0548;0.6284;1.00E-12;2.19;2084.4
ENVI;1;5;9.408;42;-190;188.421;13.1945;35.7673;-0.0582;0.6564;1.00E-12;2.1864;2083.2
ENVI;1;5;9.408;42;-191;189.412;13.1939;35.7661;-0.053;0.6789;1.00E-12;2.1823;2086.1
ENVI;1;5;9.408;42;-192;190.404;13.1832;35.7655;-0.0552;0.6924;1.00E-12;2.1779;2092.2
ENVI;1;5;9.408;42;-193;191.394;13.1664;35.7649;-0.0553;0.7039;1.00E-12;2.1731;2102.1
ENVI;1;5;9.408;42;-194;192.385;13.1635;35.7638;-0.0473;0.6877;1.00E-12;2.1687;2112.1
ENVI;1;5;9.408;42;-195;193.377;13.1937;35.7638;-0.0516;0.5067;1.00E-12;2.1561;2121.8
ENVI;1;5;9.408;42;-196;194.368;13.2008;35.7631;-0.0432;0.5216;1.00E-12;2.1551;2101.6
ENVI;1;5;9.408;42;-197;195.359;13.1512;35.7607;-0.0435;0.5533;1.00E-12;2.1549;2097.7
ENVI;1;5;9.408;42;-198;196.35;13.1314;35.762;-0.0443;0.5666;1.00E-12;2.1542;2098.5
ENVI;1;5;9.408;42;-199;197.342;13.1199;35.7613;-0.0533;0.6652;1.00E-12;2.1525;2099.8
ENVI;1;5;9.408;42;-200;198.333;13.1217;35.7607;-0.0536;0.6469;1.00E-12;2.1505;2103.3
ENVI;1;5;9.408;42;-201;199.324;13.1241;35.7601;-0.0515;0.6408;1.00E-12;2.1476;2104.3
ENVI;1;5;9.408;42;-202;200.315;13.1359;35.7599;-0.0653;0.5502;1.00E-12;2.1443;2113.8
ENVI;1;5;9.408;42;-203;201.306;13.121;35.7581;-0.054;0.557;1.00E-12;2.1451;2113.2
ENVI;1;5;9.408;42;-204;202.297;13.0112;35.7565;-0.0509;0.5637;1.00E-12;2.1447;2113.2
ENVI;1;5;9.408;42;-205;203.289;12.9979;35.7552;-0.0685;0.5307;1.00E-12;2.1418;2108.6
ENVI;1;5;9.408;42;-206;204.28;12.9926;35.7541;-0.0731;0.5201;1.00E-12;2.1387;2105.6
ENVI;1;5;9.408;42;-207;205.271;12.9881;35.7537;-0.0777;0.5206;1.00E-12;2.1366;2105
ENVI;1;5;9.408;42;-208;206.262;12.9991;35.7541;-0.0771;0.5222;1.00E-12;2.1355;2102.7
ENVI;1;5;9.408;42;-209;207.253;13.0011;35.7537;-0.0704;0.5378;1.00E-12;2.134;2100.4
ENVI;1;5;9.408;42;-210;208.244;12.9888;35.7525;-0.0623;0.5291;1.00E-12;2.1328;2100.5
ENVI;1;5;9.408;42;-211;209.235;12.9599;35.7515;-0.0668;0.5085;1.00E-12;2.1315;2110.7
ENVI;1;5;9.408;42;-212;210.226;12.9334;35.7494;-0.0584;0.4881;1.00E-12;2.1298;2116.2
ENVI;1;5;9.408;42;-213;211.217;12.8991;35.7472;-0.067;0.4885;1.00E-12;2.1281;2114.3
ENVI;1;5;9.408;42;-214;212.209;12.7848;35.7393;-0.078;0.4664;1.00E-12;2.1269;2114.4
ENVI;1;5;9.408;42;-215;213.2;12.6751;35.7333;-0.078;0.4354;1.00E-12;2.1235;2114.7
ENVI;1;5;9.408;42;-216;214.191;12.658;35.7308;-0.0787;0.4218;1.00E-12;2.1197;2109.6
ENVI;1;5;9.408;42;-217;215.182;12.6528;35.7299;-0.0779;0.4354;1.00E-12;2.1167;2106.2
ENVI;1;5;9.408;42;-218;216.173;12.6439;35.7283;-0.0789;0.4206;1.00E-12;2.1142;2104.9
ENVI;1;5;9.408;42;-219;217.164;12.6326;35.7274;-0.0779;0.4256;1.00E-12;2.1125;2106.8
ENVI;1;5;9.408;42;-220;218.155;12.6318;35.727;-0.0788;0.4528;1.00E-12;2.1105;2110
ENVI;1;5;9.408;42;-221;219.147;12.6464;35.7266;-0.077;0.3933;1.00E-12;2.108;2111.7
ENVI;1;5;9.408;42;-222;220.138;12.6377;35.7247;-0.0798;0.3591;1.00E-12;2.1069;2103.2
ENVI;1;5;9.408;42;-223;221.129;12.614;35.7242;-0.0785;0.3798;1.00E-12;2.1065;2099.4
ENVI;1;5;9.408;42;-224;222.12;12.6111;35.7238;-0.0797;0.4043;1.00E-12;2.1056;2098.1
ENVI;1;5;9.408;42;-225;223.111;12.6074;35.7233;-0.0713;0.4166;1.00E-12;2.1049;2099.2
ENVI;1;5;9.408;42;-226;224.102;12.6031;35.7229;-0.0696;0.4281;1.00E-12;2.1042;2101.9
ENVI;1;5;9.408;42;-227;225.093;12.6006;35.7226;-0.0779;0.4114;1.00E-12;2.1032;2107.9
ENVI;1;5;9.408;42;-228;226.084;12.5902;35.7216;-0.0789;0.3982;1.00E-12;2.1027;2111
ENVI;1;5;9.408;42;-229;227.075;12.5717;35.7223;-0.077;0.3767;1.00E-12;2.102;2117.6
ENVI;1;5;9.408;42;-230;228.066;12.5643;35.7193;-0.0794;0.3499;1.00E-12;2.1;2123
ENVI;1;5;9.408;42;-231;229.057;12.5488;35.7183;-0.0939;0.3542;1.00E-12;2.0993;2119.4
ENVI;1;5;9.408;42;-232;230.048;12.494;35.7143;-0.0859;0.3613;1.00E-12;2.099;2113.7
ENVI;1;5;9.408;42;-233;231.039;12.4438;35.7093;-0.0839;0.3885;1.00E-12;2.0971;2108.4
ENVI;1;5;9.408;42;-234;232.03;12.3688;35.7044;-0.0851;0.4047;1.00E-12;2.0956;2101.9
ENVI;1;5;9.408;42;-235;233.021;12.3667;35.7033;-0.078;0.4189;1.00E-12;2.0933;2098.9
ENVI;1;5;9.408;42;-236;234.012;12.369;35.703;-0.0907;0.4041;1.00E-12;2.092;2102
ENVI;1;5;9.408;42;-237;235.003;12.3691;35.7024;-0.1113;0.3837;1.00E-12;2.0908;2105.9
ENVI;1;5;9.408;42;-238;235.994;12.3698;35.7024;-0.1023;0.3921;1.00E-12;2.0898;2106.9
ENVI;1;5;9.408;42;-239;236.985;12.3684;35.7017;-0.0835;0.3884;1.00E-12;2.0883;2109.4
ENVI;1;5;9.408;42;-240;237.976;12.3681;35.701;-0.0843;0.3555;1.00E-12;2.0863;2118.6
ENVI;1;5;9.408;42;-241;238.967;12.3677;35.701;-0.0834;0.362;1.00E-12;2.0855;2115.8
ENVI;1;5;9.408;42;-242;239.958;12.3665;35.701;-0.0918;0.3743;1.00E-12;2.085;2112
ENVI;1;5;9.408;42;-243;240.949;12.3658;35.7008;-0.0956;0.3858;1.00E-12;2.0843;2109.9
ENVI;1;5;9.408;42;-244;241.94;12.3659;35.7006;-0.0915;0.3912;1.00E-12;2.0843;2108.3
ENVI;1;5;9.408;42;-245;242.931;12.3446;35.6983;-0.0889;0.4043;1.00E-12;2.084;2104.9
ENVI;1;5;9.408;42;-246;243.922;12.2999;35.6953;-0.0915;0.3989;1.00E-12;2.0832;2103.7
ENVI;1;5;9.408;42;-247;244.913;12.2751;35.693;-0.0907;0.4149;1.00E-12;2.0814;2106.5
ENVI;1;5;9.408;42;-248;245.904;12.2652;35.692;-0.0827;0.4302;1.00E-12;2.0803;2106.5
ENVI;1;5;9.408;42;-249;246.895;12.2756;35.6918;-0.0835;0.3539;1.00E-12;2.0782;2099.4
ENVI;1;5;9.408;42;-250;247.886;12.2297;35.6878;-0.0781;0.3814;1.00E-12;2.0782;2092.7
ENVI;1;5;9.408;42;-251;248.877;12.1921;35.6861;-0.078;0.4193;1.00E-12;2.0772;2097.4
ENVI;1;5;9.408;42;-252;249.868;12.1812;35.6843;-0.0832;0.4346;1.00E-12;2.0718;2111.1
ENVI;1;6;9.608;42;-5;4.961;13.9761;30.1973;1.3246;0.3041;45.045;2.3225;1482.8
ENVI;1;6;9.608;42;-6;5.953;14.1715;36.7889;1.3553;0.3274;36.696;2.4635;1448.9
ENVI;1;6;9.608;42;-7;6.945;14.1391;35.7571;1.3772;0.3407;33.573;2.4342;1457.5
ENVI;1;6;9.608;42;-8;7.937;14.1446;35.7575;1.3676;0.338;29.927;2.4333;1467.5
ENVI;1;6;9.608;42;-9;8.929;14.1439;35.7573;1.4329;0.3332;27.817;2.4325;1477.3
ENVI;1;6;9.608;42;-10;9.921;14.1433;35.7572;1.5475;0.335;26.195;2.4325;1494.4
ENVI;1;6;9.608;42;-11;10.913;14.1443;35.7573;1.4177;0.3377;23.796;2.4334;1506.1
ENVI;1;6;9.608;42;-12;11.905;14.1414;35.7571;1.4294;0.3261;21.689;2.4339;1502.1
ENVI;1;6;9.608;42;-13;12.897;14.1421;35.7573;1.4013;0.3256;21.177;2.4344;1481.8
ENVI;1;6;9.608;42;-14;13.89;14.1388;35.7568;1.4042;0.3727;22.489;2.4342;1465.6
ENVI;1;6;9.608;42;-15;14.882;14.1359;35.7565;1.4443;0.3484;19.943;2.4336;1461.8
ENVI;1;6;9.608;42;-16;15.874;14.1356;35.7563;1.4448;0.3449;23.064;2.4323;1463.7
ENVI;1;6;9.608;42;-17;16.866;14.1359;35.7563;1.4557;0.3373;22.262;2.4315;1466.3
ENVI;1;6;9.608;42;-18;17.858;14.1354;35.7564;1.4839;0.3425;24.068;2.4317;1465.5
ENVI;1;6;9.608;42;-19;18.85;14.1257;35.7552;1.4692;0.38;26.533;2.4318;1467.5
ENVI;1;6;9.608;42;-20;19.842;14.1172;35.7549;1.4229;0.3478;22.245;2.4317;1478.4
ENVI;1;6;9.608;42;-21;20.834;14.1144;35.7546;1.4202;0.3348;20.453;2.4306;1498.8
ENVI;1;6;9.608;42;-22;21.826;14.1149;35.7544;1.4788;0.3181;19.17;2.4291;1508.7
ENVI;1;6;9.608;42;-23;22.818;14.1137;35.7546;1.5097;0.3296;17.743;2.4288;1469.8
ENVI;1;6;9.608;42;-24;23.81;14.1129;35.7546;1.4694;0.3392;15.944;2.4285;1457.3
ENVI;1;6;9.608;42;-25;24.802;14.1123;35.7547;1.4277;0.3458;14.82;2.4282;1447.8
ENVI;1;6;9.608;42;-26;25.794;14.1117;35.7547;1.4181;0.3436;13.721;2.4263;1446.8
ENVI;1;6;9.608;42;-27;26.786;14.1111;35.7546;1.4595;0.3311;12.324;2.4249;1459.5
ENVI;1;6;9.608;42;-28;27.778;14.1101;35.7544;1.4144;0.3266;12.716;2.4247;1484.3
ENVI;1;6;9.608;42;-29;28.77;14.1085;35.7542;1.3878;0.3372;12.228;2.4247;1510.2
ENVI;1;6;9.608;42;-30;29.762;14.1038;35.7538;1.6897;0.3415;11.295;2.4246;1523.2
ENVI;1;6;9.608;42;-31;30.754;14.1023;35.7538;1.3541;0.3506;10.462;2.4234;1506.2
ENVI;1;6;9.608;42;-32;31.746;14.1009;35.7536;1.2904;0.3467;9.4601;2.4223;1486
ENVI;1;6;9.608;42;-33;32.738;14.0997;35.7533;1.3346;0.3478;8.5328;2.4211;1476.3
ENVI;1;6;9.608;42;-34;33.73;14.0985;35.7532;1.2894;0.3369;7.5988;2.4198;1474.5
ENVI;1;6;9.608;42;-35;34.722;14.098;35.753;1.2493;0.3477;6.941;2.4193;1468.2
ENVI;1;6;9.608;42;-36;35.714;14.0977;35.7531;1.2401;0.3323;6.7867;2.418;1460.6
ENVI;1;6;9.608;42;-37;36.706;14.0963;35.7531;1.2495;0.3259;6.0968;2.4178;1451.8
ENVI;1;6;9.608;42;-38;37.698;14.0958;35.7531;1.2797;0.3653;5.2991;2.417;1449.3
ENVI;1;6;9.608;42;-39;38.69;14.0953;35.7531;1.2775;0.3664;4.7114;2.4163;1453.4
ENVI;1;6;9.608;42;-40;39.682;14.0952;35.7529;1.2866;0.3462;4.6986;2.4145;1477.5
ENVI;1;6;9.608;42;-41;40.674;14.0952;35.7527;1.3661;0.3161;4.6464;2.4149;1503.4
ENVI;1;6;9.608;42;-42;41.666;14.0928;35.7527;1.3344;0.3365;4.2314;2.415;1466.9
ENVI;1;6;9.608;42;-43;42.658;14.0905;35.7526;1.2924;0.3431;3.7607;2.4142;1456.1
ENVI;1;6;9.608;42;-44;43.65;14.0894;35.7525;1.3061;0.3472;3.3832;2.4138;1458
ENVI;1;6;9.608;42;-45;44.642;14.085;35.752;1.258;0.3795;3.1632;2.413;1463.1
ENVI;1;6;9.608;42;-46;45.633;14.0824;35.7515;1.2697;0.3879;2.9415;2.4119;1459.9
ENVI;1;6;9.608;42;-47;46.625;14.0816;35.7514;1.2131;0.3621;2.724;2.4113;1466.2
ENVI;1;6;9.608;42;-48;47.617;14.0808;35.7512;1.1632;0.3293;2.5004;2.4108;1484.2
ENVI;1;6;9.608;42;-49;48.609;14.0798;35.7511;1.1119;0.3311;2.2578;2.4104;1476.5
ENVI;1;6;9.608;42;-50;49.601;14.0776;35.7509;1.171;0.3647;2.0494;2.41;1480.1
ENVI;1;6;9.608;42;-51;50.593;14.0773;35.7508;1.2352;0.4178;1.9254;2.4093;1481.6
ENVI;1;6;9.608;42;-52;51.585;14.0772;35.7507;1.1198;0.3414;1.8659;2.4088;1474.8
ENVI;1;6;9.608;42;-53;52.577;14.0763;35.7506;1.1476;0.3519;1.7969;2.4083;1466.9
ENVI;1;6;9.608;42;-54;53.569;14.0754;35.7506;1.1766;0.3668;1.6859;2.4079;1469.2
ENVI;1;6;9.608;42;-55;54.561;14.0744;35.7505;1.1725;0.3542;1.5379;2.408;1475.9
ENVI;1;6;9.608;42;-56;55.552;14.0739;35.7503;1.1593;0.349;1.3909;2.4074;1482.5
ENVI;1;6;9.608;42;-57;56.544;14.0742;35.7501;1.1247;0.3544;1.2043;2.4065;1474.4
ENVI;1;6;9.608;42;-58;57.536;14.0743;35.7502;1.2654;0.3702;1.0312;2.4062;1457.7
ENVI;1;6;9.608;42;-59;58.528;14.0744;35.7502;1.203;0.365;0.96078;2.4055;1461
ENVI;1;6;9.608;42;-60;59.52;14.0742;35.7502;1.1549;0.3566;0.93811;2.4046;1466
ENVI;1;6;9.608;42;-61;60.512;14.0735;35.7499;1.1662;0.3451;0.93045;2.4042;1476.5
ENVI;1;6;9.608;42;-62;61.504;14.0735;35.75;1.1933;0.3587;0.90126;2.404;1486.9
ENVI;1;6;9.608;42;-63;62.496;14.0738;35.7501;1.1644;0.3496;0.83708;2.4041;1502.3
ENVI;1;6;9.608;42;-64;63.487;14.0738;35.75;1.2159;0.3789;0.76868;2.4041;1515.2
ENVI;1;6;9.608;42;-65;64.479;14.0737;35.7499;1.1001;0.3461;0.67337;2.4045;1492.1
ENVI;1;6;9.608;42;-66;65.471;14.0712;35.7496;1.1452;0.3566;0.59311;2.4039;1470.2
ENVI;1;6;9.608;42;-67;66.463;14.0706;35.7495;1.1266;0.3899;0.53577;2.4029;1462
ENVI;1;6;9.608;42;-68;67.455;14.0696;35.7494;1.1266;0.3267;0.49402;2.403;1452.5
ENVI;1;6;9.608;42;-69;68.446;14.0686;35.7494;1.1259;0.3513;0.45604;2.4029;1453.6
ENVI;1;6;9.608;42;-70;69.439;14.0683;35.7493;1.1153;0.3559;0.42459;2.4027;1459.8
ENVI;1;6;9.608;42;-71;70.43;14.0671;35.7492;1.1243;0.3706;0.40136;2.4019;1469.9
ENVI;1;6;9.608;42;-72;71.422;14.0681;35.749;1.1555;0.3224;0.38815;2.4021;1517.8
ENVI;1;6;9.608;42;-73;72.414;14.0669;35.7491;1.1439;0.3281;0.34355;2.4024;1487.6
ENVI;1;6;9.608;42;-74;73.405;14.0671;35.749;1.0863;0.3544;0.3096;2.4016;1468.5
ENVI;1;6;9.608;42;-75;74.397;14.0674;35.7491;1.0666;0.3748;0.2836;2.4009;1462.5
ENVI;1;6;9.608;42;-76;75.389;14.0665;35.7489;1.066;0.3801;0.26049;2.4004;1464.4
ENVI;1;6;9.608;42;-77;76.381;14.0658;35.7488;1.0682;0.3701;0.24603;2.3995;1468.6
ENVI;1;6;9.608;42;-78;77.373;14.0656;35.7486;1.0685;0.3629;0.22113;2.3989;1474
ENVI;1;6;9.608;42;-79;78.364;14.0657;35.7486;1.0148;0.3469;0.19296;2.3983;1481.7
ENVI;1;6;9.608;42;-80;79.356;14.0642;35.7487;1.0171;0.3518;0.17285;2.3985;1467.5
ENVI;1;6;9.608;42;-81;80.348;14.062;35.7485;1.0635;0.3539;0.16217;2.3984;1469.5
ENVI;1;6;9.608;42;-82;81.34;14.0616;35.7487;1.04;0.3732;0.14871;2.3986;1471.9
ENVI;1;6;9.608;42;-83;82.331;14.0629;35.7489;1.0504;0.3727;0.13546;2.3981;1474
ENVI;1;6;9.608;42;-84;83.323;14.0632;35.7489;1.0457;0.3714;0.12266;2.3978;1476
ENVI;1;6;9.608;42;-85;84.315;14.0633;35.749;0.9825;0.363;0.11266;2.3968;1480.5
ENVI;1;6;9.608;42;-86;85.307;14.0635;35.7488;0.983;0.3492;0.10543;2.3949;1495.4
ENVI;1;6;9.608;42;-87;86.298;14.0636;35.7488;0.9445;0.3112;0.084187;2.3945;1461
ENVI;1;6;9.608;42;-88;87.29;14.0639;35.7495;0.8902;0.3584;0.069672;2.3946;1445.4
ENVI;1;6;9.608;42;-89;88.282;14.0641;35.7497;1.0082;0.356;0.061492;2.3949;1443.4
ENVI;1;6;9.608;42;-90;89.274;14.0642;35.7498;0.9422;0.3677;0.0548;2.3944;1442.3
ENVI;1;6;9.608;42;-91;90.265;14.0632;35.75;0.9491;0.3722;0.052458;2.3932;1444
ENVI;1;6;9.608;42;-92;91.257;14.0598;35.7493;0.9915;0.3621;0.051256;2.3915;1455.3
ENVI;1;6;9.608;42;-93;92.249;14.0596;35.7493;0.9794;0.3463;0.048841;2.3909;1474.9
ENVI;1;6;9.608;42;-94;93.24;14.0595;35.7493;0.9697;0.3367;0.044027;2.3907;1490.3
ENVI;1;6;9.608;42;-95;94.232;14.0601;35.7495;0.8865;0.3229;0.035488;2.3902;1509.3
ENVI;1;6;9.608;42;-96;95.224;14.0583;35.7493;0.8488;0.3035;0.020493;2.3909;1455.2
ENVI;1;6;9.608;42;-97;96.215;14.0561;35.7497;0.8575;0.3502;0.011804;2.3901;1426
ENVI;1;6;9.608;42;-98;97.207;14.0537;35.7501;0.8585;0.3348;0.0082329;2.3897;1419
ENVI;1;6;9.608;42;-99;98.199;14.0495;35.7522;0.8499;0.3092;0.0049243;2.3893;1421.4
ENVI;1;6;9.608;42;-100;99.19;14.0481;35.7532;0.7668;0.3024;0.0032336;2.3876;1432.8
ENVI;1;6;9.608;42;-101;100.182;14.0466;35.7546;0.8158;0.2864;0.0034202;2.3867;1448.1
ENVI;1;6;9.608;42;-102;101.174;14.0463;35.7558;0.8107;0.2868;0.0018758;2.3861;1458.9
ENVI;1;6;9.608;42;-103;102.165;14.0456;35.7576;0.7622;0.2738;0.000065897;2.3856;1473.4
ENVI;1;6;9.608;42;-104;103.157;14.0462;35.7567;0.6845;0.2366;1.73E-06;2.3837;1502.1
ENVI;1;6;9.608;42;-105;104.149;14.0452;35.7581;0.6749;0.2464;9.65E-09;2.3836;1456.7
ENVI;1;6;9.608;42;-106;105.14;14.0452;35.7586;0.6383;0.2467;1.00E-12;2.3831;1449.4
ENVI;1;6;9.608;42;-107;106.132;14.0431;35.7596;0.6184;0.2522;1.00E-12;2.3822;1436.3
ENVI;1;6;9.608;42;-108;107.124;14.0402;35.7606;0.6189;0.2482;1.00E-12;2.3811;1425.6
ENVI;1;6;9.608;42;-109;108.115;14.0394;35.761;0.62;0.2629;1.00E-12;2.3806;1424
ENVI;1;6;9.608;42;-110;109.106;14.0378;35.7617;0.6187;0.2751;1.00E-12;2.3803;1427.4
ENVI;1;6;9.608;42;-111;110.098;14.0357;35.7621;0.6316;0.2675;1.00E-12;2.3798;1437.2
ENVI;1;6;9.608;42;-112;111.09;14.0389;35.7607;0.565;0.2269;1.00E-12;2.3753;1490.7
ENVI;1;6;9.608;42;-113;112.082;14.0361;35.7616;0.5452;0.2272;1.00E-12;2.3739;1459.3
ENVI;1;6;9.608;42;-114;113.073;14.0311;35.7625;0.5338;0.2426;1.00E-12;2.3727;1466.3
ENVI;1;6;9.608;42;-115;114.065;14.0309;35.7627;0.5048;0.2329;1.00E-12;2.3705;1445.3
ENVI;1;6;9.608;42;-116;115.056;14.0287;35.7635;0.514;0.2534;1.00E-12;2.3696;1433.4
ENVI;1;6;9.608;42;-117;116.048;14.0275;35.7638;0.5312;0.2597;1.00E-12;2.3694;1434.1
ENVI;1;6;9.608;42;-118;117.039;14.0251;35.7646;0.5402;0.2648;1.00E-12;2.3688;1440.7
ENVI;1;6;9.608;42;-119;118.031;14.0252;35.7646;0.5047;0.2541;1.00E-12;2.3675;1450.1
ENVI;1;6;9.608;42;-120;119.023;14.0233;35.7655;0.4984;0.2525;1.00E-12;2.3659;1466.7
ENVI;1;6;9.608;42;-121;120.014;14.0251;35.7646;0.4954;0.2339;1.00E-12;2.3626;1481.7
ENVI;1;6;9.608;42;-122;121.006;14.0227;35.7657;0.4618;0.2343;1.00E-12;2.3623;1448.1
ENVI;1;6;9.608;42;-123;121.997;14.0192;35.7674;0.4964;0.2389;1.00E-12;2.3624;1443.1
ENVI;1;6;9.608;42;-124;122.989;14.0189;35.7677;0.4852;0.2485;1.00E-12;2.3615;1443
ENVI;1;6;9.608;42;-125;123.981;14.0155;35.769;0.4679;0.2525;1.00E-12;2.3597;1447.3
ENVI;1;6;9.608;42;-126;124.972;14.0114;35.7706;0.4436;0.2523;1.00E-12;2.3579;1456.9
ENVI;1;6;9.608;42;-127;125.964;14.0117;35.7702;0.3993;0.2454;1.00E-12;2.3545;1479.8
ENVI;1;6;9.608;42;-128;126.955;14.012;35.77;0.4177;0.2241;1.00E-12;2.3488;1495.2
ENVI;1;6;9.608;42;-129;127.947;14.0041;35.7716;0.4167;0.2581;1.00E-12;2.3472;1485.3
ENVI;1;6;9.608;42;-130;128.938;13.9942;35.7731;0.3661;0.2976;1.00E-12;2.3467;1472.1
ENVI;1;6;9.608;42;-131;129.93;13.9752;35.7727;0.3305;0.3248;1.00E-12;2.3449;1459.3
ENVI;1;6;9.608;42;-132;130.921;13.8928;35.7778;0.2587;0.2334;1.00E-12;2.3432;1450.1
ENVI;1;6;9.608;42;-133;131.913;13.8858;35.7777;0.179;0.2445;1.00E-12;2.3381;1444.7
ENVI;1;6;9.608;42;-134;132.904;13.8758;35.7775;0.1511;0.2421;1.00E-12;2.3304;1445.3
ENVI;1;6;9.608;42;-135;133.896;13.846;35.7786;0.1515;0.2396;1.00E-12;2.3196;1455.7
ENVI;1;6;9.608;42;-136;134.887;13.8188;35.7792;0.1135;0.2257;1.00E-12;2.3091;1466.1
ENVI;1;6;9.608;42;-137;135.879;13.7954;35.7801;0.1087;0.227;1.00E-12;2.3026;1462.4
ENVI;1;6;9.608;42;-138;136.87;13.7723;35.7802;0.1082;0.2336;1.00E-12;2.2984;1462.7
ENVI;1;6;9.608;42;-139;137.862;13.7594;35.7802;0.0995;0.2582;1.00E-12;2.2948;1465.1
ENVI;1;6;9.608;42;-140;138.853;13.7375;35.7807;0.095;0.2622;1.00E-12;2.2911;1468.6
ENVI;1;6;9.608;42;-141;139.844;13.7153;35.7812;0.0894;0.266;1.00E-12;2.2866;1476.5
ENVI;1;6;9.608;42;-142;140.836;13.6893;35.7842;0.0779;0.295;1.00E-12;2.2807;1484.8
ENVI;1;6;9.608;42;-143;141.827;13.6705;35.7873;0.0766;0.2449;1.00E-12;2.2733;1489.9
ENVI;1;6;9.608;42;-144;142.819;13.6474;35.7864;0.0539;0.2224;1.00E-12;2.2653;1487.8
ENVI;1;6;9.608;42;-145;143.81;13.6209;35.7854;0.0452;0.2229;1.00E-12;2.2555;1465.5
ENVI;1;6;9.608;42;-146;144.802;13.5879;35.785;0.017;0.2287;1.00E-12;2.2483;1448.3
ENVI;1;6;9.608;42;-147;145.793;13.5711;35.7841;0.0036;0.234;1.00E-12;2.243;1446.4
ENVI;1;6;9.608;42;-148;146.784;13.5519;35.7838;0.0057;0.232;1.00E-12;2.2393;1446.4
ENVI;1;6;9.608;42;-149;147.776;13.5291;35.7838;0.0193;0.2225;1.00E-12;2.2353;1444.1
ENVI;1;6;9.608;42;-150;148.768;13.5026;35.7846;0.0087;0.2321;1.00E-12;2.2312;1441.6
ENVI;1;6;9.608;42;-151;149.759;13.473;35.7844;0.0038;0.2309;1.00E-12;2.2271;1441.3
ENVI;1;6;9.608;42;-152;150.75;13.4519;35.7846;0.0015;0.2293;1.00E-12;2.2231;1443.6
ENVI;1;6;9.608;42;-153;151.742;13.4422;35.7842;-0.0014;0.2347;1.00E-12;2.2182;1454.7
ENVI;1;6;9.608;42;-154;152.733;13.4312;35.7838;-0.0175;0.2428;1.00E-12;2.2131;1477.8
ENVI;1;6;9.608;42;-155;153.724;13.4146;35.7832;-0.0374;0.2334;1.00E-12;2.2078;1485.5
ENVI;1;6;9.608;42;-156;154.716;13.399;35.7834;-0.037;0.2363;1.00E-12;2.2044;1467.1
ENVI;1;6;9.608;42;-157;155.708;13.3806;35.7833;-0.0328;0.2407;1.00E-12;2.2018;1462.5
ENVI;1;6;9.608;42;-158;156.699;13.3705;35.7828;-0.027;0.2527;1.00E-12;2.2002;1464.3
ENVI;1;6;9.608;42;-159;157.69;13.3496;35.7822;-0.0367;0.2426;1.00E-12;2.1977;1473.6
ENVI;1;6;9.608;42;-160;158.682;13.3233;35.7835;-0.0479;0.2343;1.00E-12;2.1923;1470.2
ENVI;1;6;9.608;42;-161;159.673;13.3152;35.7817;-0.0433;0.2455;1.00E-12;2.1881;1439.9
ENVI;1;6;9.608;42;-162;160.664;13.2953;35.7826;-0.0531;0.2398;1.00E-12;2.1859;1432.6
ENVI;1;6;9.608;42;-163;161.656;13.2852;35.7853;-0.0621;0.2338;1.00E-12;2.1839;1432.4
ENVI;1;6;9.608;42;-164;162.647;13.2851;35.7864;-0.0597;0.228;1.00E-12;2.1823;1435.2
ENVI;1;6;9.608;42;-165;163.638;13.2856;35.7947;-0.0573;0.2259;1.00E-12;2.1808;1438.7
ENVI;1;6;9.608;42;-166;164.63;13.2592;35.8034;-0.0476;0.2217;1.00E-12;2.1793;1443.7
ENVI;1;6;9.608;42;-167;165.621;13.2649;35.8099;-0.0605;0.1847;1.00E-12;2.1769;1449.2
ENVI;1;6;9.608;42;-168;166.612;13.27;35.8125;-0.0683;0.1848;1.00E-12;2.1733;1455.3
ENVI;1;6;9.608;42;-169;167.604;13.2668;35.8142;-0.0717;0.1845;1.00E-12;2.1685;1463.7
ENVI;1;6;9.608;42;-170;168.595;13.2643;35.8142;-0.0723;0.184;1.00E-12;2.1622;1480.5
ENVI;1;6;9.608;42;-171;169.587;13.2324;35.8149;-0.0713;0.1703;1.00E-12;2.1568;1493.8
ENVI;1;6;9.608;42;-172;170.577;13.211;35.8161;-0.0672;0.1832;1.00E-12;2.1534;1470.9
ENVI;1;6;9.608;42;-173;171.569;13.2051;35.8157;-0.06;0.1787;1.00E-12;2.1511;1454.1
ENVI;1;6;9.608;42;-174;172.56;13.1999;35.8153;-0.072;0.1847;1.00E-12;2.1493;1445.3
ENVI;1;6;9.608;42;-175;173.551;13.1972;35.8149;-0.0703;0.1816;1.00E-12;2.1484;1440.7
ENVI;1;6;9.608;42;-176;174.543;13.1865;35.8143;-0.0704;0.1783;1.00E-12;2.1465;1439.5
ENVI;1;6;9.608;42;-177;175.534;13.1807;35.8131;-0.0724;0.1784;1.00E-12;2.1453;1438.7
ENVI;1;6;9.608;42;-178;176.526;13.1623;35.8113;-0.0695;0.1784;1.00E-12;2.144;1439.3
ENVI;1;6;9.608;42;-179;177.517;13.1503;35.8097;-0.0724;0.1685;1.00E-12;2.1432;1440.1
ENVI;1;6;9.608;42;-180;178.508;13.1419;35.8083;-0.0724;0.1711;1.00E-12;2.1421;1444.1
ENVI;1;6;9.608;42;-181;179.499;13.131;35.8062;-0.0886;0.1645;1.00E-12;2.1409;1452.3
ENVI;1;6;9.608;42;-182;180.491;13.0881;35.8004;-0.071;0.1639;1.00E-12;2.14;1456.8
ENVI;1;6;9.608;42;-183;181.482;13.0603;35.7967;-0.0765;0.1662;1.00E-12;2.1386;1460.1
ENVI;1;6;9.608;42;-184;182.473;13.0481;35.7948;-0.0826;0.1695;1.00E-12;2.1367;1468.5
ENVI;1;6;9.608;42;-185;183.465;13.0244;35.7908;-0.0903;0.1699;1.00E-12;2.1342;1486.1
ENVI;1;6;9.608;42;-186;184.455;13.0023;35.7868;-0.0727;0.1637;1.00E-12;2.132;1485.4
ENVI;1;6;9.608;42;-187;185.447;12.9728;35.782;-0.0719;0.1786;1.00E-12;2.131;1458.7
ENVI;1;6;9.608;42;-188;186.438;12.9498;35.7784;-0.0687;0.1725;1.00E-12;2.1299;1442.5
ENVI;1;6;9.608;42;-189;187.429;12.935;35.7758;-0.0861;0.176;1.00E-12;2.1289;1434.8
ENVI;1;6;9.608;42;-190;188.421;12.9221;35.7734;-0.0941;0.1784;1.00E-12;2.1274;1435
ENVI;1;6;9.608;42;-191;189.412;12.908;35.7711;-0.0969;0.1677;1.00E-12;2.1261;1439.9
ENVI;1;6;9.608;42;-192;190.403;12.9009;35.7698;-0.0934;0.1739;1.00E-12;2.1252;1446.3
ENVI;1;6;9.608;42;-193;191.394;12.8968;35.7687;-0.0854;0.1819;1.00E-12;2.1248;1451.3
ENVI;1;6;9.608;42;-194;192.386;12.8662;35.7644;-0.071;0.1816;1.00E-12;2.1253;1447.2
ENVI;1;6;9.608;42;-195;193.377;12.8512;35.7619;-0.0721;0.1826;1.00E-12;2.1254;1438.3
ENVI;1;6;9.608;42;-196;194.368;12.8466;35.7611;-0.071;0.1735;1.00E-12;2.1249;1433
ENVI;1;6;9.608;42;-197;195.359;12.8417;35.7601;-0.071;0.175;1.00E-12;2.1245;1434.9
ENVI;1;6;9.608;42;-198;196.35;12.8205;35.7565;-0.0786;0.1753;1.00E-12;2.1242;1444.4
ENVI;1;6;9.608;42;-199;197.342;12.7879;35.7529;-0.0902;0.1769;1.00E-12;2.1232;1461.3
ENVI;1;6;9.608;42;-200;198.333;12.789;35.7534;-0.0784;0.1636;1.00E-12;2.1215;1484.6
ENVI;1;6;9.608;42;-201;199.324;12.7695;35.7485;-0.077;0.1695;1.00E-12;2.121;1454.2
ENVI;1;6;9.608;42;-202;200.315;12.7523;35.7466;-0.0718;0.1883;1.00E-12;2.1203;1439.4
ENVI;1;6;9.608;42;-203;201.306;12.7366;35.7446;-0.0704;0.2387;1.00E-12;2.1199;1432.7
ENVI;1;6;9.608;42;-204;202.298;12.7281;35.7435;-0.0745;0.2181;1.00E-12;2.119;1428.6
ENVI;1;6;9.608;42;-205;203.289;12.7129;35.741;-0.085;0.1736;1.00E-12;2.1182;1430.1
ENVI;1;6;9.608;42;-206;204.28;12.6738;35.7365;-0.0924;0.1838;1.00E-12;2.1175;1434.3
ENVI;1;6;9.608;42;-207;205.271;12.6514;35.7345;-0.0913;0.1894;1.00E-12;2.1163;1441.2
ENVI;1;6;9.608;42;-208;206.262;12.6362;35.7323;-0.0799;0.1834;1.00E-12;2.1153;1445.6
ENVI;1;6;9.608;42;-209;207.253;12.6234;35.7308;-0.0718;0.1781;1.00E-12;2.1137;1444.6
ENVI;1;6;9.608;42;-210;208.245;12.6071;35.7285;-0.0815;0.1747;1.00E-12;2.112;1447
ENVI;1;6;9.608;42;-211;209.236;12.5951;35.7271;-0.0823;0.1847;1.00E-12;2.1111;1451.8
ENVI;1;6;9.608;42;-212;210.227;12.5859;35.7256;-0.0844;0.1799;1.00E-12;2.1103;1454.8
ENVI;1;6;9.608;42;-213;211.218;12.559;35.7227;-0.0906;0.1823;1.00E-12;2.1099;1460
ENVI;1;6;9.608;42;-214;212.209;12.547;35.7209;-0.088;0.1797;1.00E-12;2.1083;1471.2
ENVI;1;6;9.608;42;-215;213.2;12.5434;35.7198;-0.0844;0.1759;1.00E-12;2.1068;1464.8
ENVI;1;6;9.608;42;-216;214.191;12.5403;35.7194;-0.0919;0.1687;1.00E-12;2.1068;1442.8
ENVI;1;6;9.608;42;-217;215.182;12.5381;35.7189;-0.0793;0.1821;1.00E-12;2.1064;1438.8
ENVI;1;6;9.608;42;-218;216.174;12.5331;35.7182;-0.0783;0.1879;1.00E-12;2.1056;1439.5
ENVI;1;6;9.608;42;-219;217.164;12.5303;35.7179;-0.0947;0.1789;1.00E-12;2.1048;1440.4
ENVI;1;6;9.608;42;-220;218.155;12.5274;35.7172;-0.071;0.2029;1.00E-12;2.1038;1437.6
ENVI;1;6;9.608;42;-221;219.146;12.5224;35.7166;-0.0817;0.1784;1.00E-12;2.1034;1430.7
ENVI;1;6;9.608;42;-222;220.138;12.5132;35.7154;-0.0817;0.1738;1.00E-12;2.1029;1427
ENVI;1;6;9.608;42;-223;221.129;12.5059;35.7145;-0.0836;0.1743;1.00E-12;2.1025;1430.4
ENVI;1;6;9.608;42;-224;222.12;12.4996;35.7139;-0.0837;0.1756;1.00E-12;2.1019;1438.6
ENVI;1;6;9.608;42;-225;223.111;12.4942;35.7131;-0.0912;0.1747;1.00E-12;2.1018;1450
ENVI;1;6;9.608;42;-226;224.102;12.4903;35.7125;-0.0938;0.1743;1.00E-12;2.1012;1462.1
ENVI;1;6;9.608;42;-227;225.093;12.4833;35.7115;-0.0875;0.1769;1.00E-12;2.1013;1464.6
ENVI;1;6;9.608;42;-228;226.084;12.4806;35.7109;-0.0927;0.1768;1.00E-12;2.1008;1461.3
ENVI;1;6;9.608;42;-229;227.075;12.4768;35.7104;-0.083;0.1739;1.00E-12;2.1003;1462.2
ENVI;1;6;9.608;42;-230;228.066;12.4663;35.709;-0.0766;0.1635;1.00E-12;2.1;1453.8
ENVI;1;6;9.608;42;-231;229.057;12.4572;35.7079;-0.0912;0.1746;1.00E-12;2.1004;1438.6
ENVI;1;6;9.608;42;-232;230.048;12.4528;35.7075;-0.0829;0.1749;1.00E-12;2.1003;1435.1
ENVI;1;6;9.608;42;-233;231.039;12.4502;35.7071;-0.084;0.1796;1.00E-12;2.0999;1435.5
ENVI;1;6;9.608;42;-234;232.03;12.4502;35.7069;-0.0826;0.1854;1.00E-12;2.099;1434.1
ENVI;1;6;9.608;42;-235;233.021;12.4421;35.7059;-0.073;0.1802;1.00E-12;2.0986;1433.3
ENVI;1;6;9.608;42;-236;234.012;12.4116;35.7023;-0.0704;0.1797;1.00E-12;2.0981;1432.8
ENVI;1;6;9.608;42;-237;235.003;12.4026;35.7019;-0.1084;0.1757;1.00E-12;2.0969;1436.2
ENVI;1;6;9.608;42;-238;235.994;12.4024;35.7014;-0.0859;0.176;1.00E-12;2.0961;1447.2
ENVI;1;6;9.608;42;-239;236.985;12.4022;35.7009;-0.0873;0.1769;1.00E-12;2.0955;1464.7
ENVI;1;6;9.608;42;-240;237.976;12.4016;35.7006;-0.0826;0.1825;1.00E-12;2.0962;1461.5
ENVI;1;6;9.608;42;-241;238.967;12.4014;35.7003;-0.0829;0.1632;1.00E-12;2.0964;1447.6
ENVI;1;6;9.608;42;-242;239.958;12.399;35.7;-0.093;0.1652;1.00E-12;2.096;1444.4
ENVI;1;6;9.608;42;-243;240.949;12.396;35.6997;-0.0939;0.1734;1.00E-12;2.0956;1446.5
ENVI;1;6;9.608;42;-244;241.94;12.3908;35.699;-0.0901;0.1746;1.00E-12;2.0952;1446.4
ENVI;1;6;9.608;42;-245;242.931;12.3867;35.6984;-0.0826;0.1743;1.00E-12;2.0947;1446.9
ENVI;1;6;9.608;42;-246;243.922;12.3765;35.6964;-0.0922;0.178;1.00E-12;2.0946;1446.8
ENVI;1;6;9.608;42;-247;244.913;12.361;35.6946;-0.0927;0.1811;1.00E-12;2.0936;1444.5
ENVI;1;6;9.608;42;-248;245.904;12.351;35.6933;-0.0852;0.1809;1.00E-12;2.0931;1446.6
ENVI;1;6;9.608;42;-249;246.895;12.3428;35.6928;-0.0821;0.1706;1.00E-12;2.0944;1453.9
ENVI;1;6;9.608;42;-250;247.886;12.3325;35.6896;-0.0858;0.1601;1.00E-12;2.0968;1441.2
ENVI;1;6;9.608;42;-251;248.877;12.3189;35.6881;-0.0894;0.161;1.00E-12;2.0966;1431.8
ENVI;1;6;9.608;42;-252;249.868;12.3146;35.6874;-0.0852;0.1542;1.00E-12;2.0964;1452.3
ENVI;1;6;9.608;42;-253;250.859;12.3187;35.688;-0.0878;0.1647;1.00E-12;2.0947;1433.4
ENVI;1;31;9.0395;42;-5;4.961;13.0493;33.9696;1.7062;0.9199;47.361;2.3225;1726.4
ENVI;1;31;9.0395;42;-6;5.953;13.3512;35.2277;1.595;0.9867;37.71;2.4261;1762.2
ENVI;1;31;9.0395;42;-7;6.945;13.3745;35.3693;1.6153;0.8808;28.778;2.4334;1755.8
ENVI;1;31;9.0395;42;-8;7.937;13.4375;35.4426;1.6468;0.9723;25.153;2.4329;1649.9
ENVI;1;31;9.0395;42;-9;8.929;13.4417;35.4534;1.6714;1.031;22.162;2.4339;1658
ENVI;1;31;9.0395;42;-10;9.921;13.4466;35.4625;1.6902;1.0587;18.935;2.4339;1695
ENVI;1;31;9.0395;42;-11;10.913;13.4624;35.4775;1.6353;1.0689;16.519;2.4332;1687.3
ENVI;1;31;9.0395;42;-12;11.905;13.4776;35.4871;1.5681;1.005;15.174;2.4326;1737.5
ENVI;1;31;9.0395;42;-13;12.897;13.4781;35.4855;1.4967;0.8591;14.585;2.4308;1749.6
ENVI;1;31;9.0395;42;-14;13.89;13.4909;35.4975;1.4503;0.8075;13.865;2.4283;1740
ENVI;1;31;9.0395;42;-15;14.882;13.4993;35.5039;1.3819;0.849;12.57;2.4268;1744
ENVI;1;31;9.0395;42;-16;15.874;13.5224;35.5219;1.2818;0.8413;11.94;2.4253;1750.7
ENVI;1;31;9.0395;42;-17;16.866;13.5432;35.5401;1.1238;0.8252;11.584;2.424;1753.1
ENVI;1;31;9.0395;42;-18;17.858;13.5739;35.5673;0.9984;0.8204;10.836;2.421;1735.3
ENVI;1;31;9.0395;42;-19;18.85;13.6151;35.6095;0.8516;0.7989;10.372;2.4191;1730.3
ENVI;1;31;9.0395;42;-20;19.842;13.6296;35.6275;0.7479;0.8318;9.8531;2.417;1733
ENVI;1;31;9.0395;42;-21;20.834;13.6378;35.6347;0.6636;0.7055;9.6764;2.412;1738.9
ENVI;1;31;9.0395;42;-22;21.826;13.6451;35.6394;0.619;0.7085;9.9137;2.4059;1738.3
ENVI;1;31;9.0395;42;-23;22.818;13.655;35.6458;0.5681;0.6966;9.9277;2.4001;1737
ENVI;1;31;9.0395;42;-24;23.81;13.6621;35.6505;0.5121;0.6449;9.8063;2.3945;1736.2
ENVI;1;31;9.0395;42;-25;24.802;13.6633;35.6539;0.4803;0.5958;9.3231;2.3888;1771.4
ENVI;1;31;9.0395;42;-26;25.794;13.6666;35.6634;0.4663;0.6388;7.6854;2.3881;1691.3
ENVI;1;31;9.0395;42;-27;26.786;13.666;35.6638;0.469;0.7111;6.5224;2.3879;1676.2
ENVI;1;31;9.0395;42;-28;27.778;13.6649;35.6648;0.4473;0.6756;5.9159;2.3869;1723.8
ENVI;1;31;9.0395;42;-29;28.77;13.6624;35.6659;0.4445;0.6722;5.857;2.3859;1757.7
ENVI;1;31;9.0395;42;-30;29.762;13.6559;35.669;0.4574;0.6725;6.3544;2.3847;1770
ENVI;1;31;9.0395;42;-31;30.754;13.6543;35.6696;0.4395;0.6176;6.5601;2.3834;1736.1
ENVI;1;31;9.0395;42;-32;31.746;13.6494;35.6713;0.4328;0.646;5.8686;2.3831;1717.7
ENVI;1;31;9.0395;42;-33;32.738;13.6454;35.6723;0.4369;0.6628;5.172;2.3823;1721.7
ENVI;1;31;9.0395;42;-34;33.73;13.6464;35.6716;0.4117;0.6075;5.0029;2.3811;1758
ENVI;1;31;9.0395;42;-35;34.722;13.6392;35.6743;0.4217;0.6809;3.925;2.3819;1700.6
ENVI;1;31;9.0395;42;-36;35.714;13.6362;35.6756;0.4003;0.6563;3.491;2.3805;1742.9
ENVI;1;31;9.0395;42;-37;36.706;13.6344;35.6765;0.4088;0.6254;3.333;2.3798;1740.5
ENVI;1;31;9.0395;42;-38;37.698;13.6321;35.6769;0.4195;0.6727;3.1899;2.3795;1735.5
ENVI;1;31;9.0395;42;-39;38.69;13.6288;35.6774;0.4026;0.6855;3.0451;2.3791;1732.5
ENVI;1;31;9.0395;42;-40;39.682;13.6214;35.6794;0.3958;0.6925;2.9035;2.3783;1733.7
ENVI;1;31;9.0395;42;-41;40.674;13.6133;35.6811;0.3874;0.7689;2.7696;2.3776;1735.5
ENVI;1;31;9.0395;42;-42;41.666;13.5972;35.6832;0.366;0.7523;2.7076;2.3764;1740.3
ENVI;1;31;9.0395;42;-43;42.658;13.596;35.6836;0.3605;0.6308;2.6963;2.3726;1754.3
ENVI;1;31;9.0395;42;-44;43.65;13.568;35.687;0.3694;0.6901;1.7841;2.374;1713.4
ENVI;1;31;9.0395;42;-45;44.642;13.5606;35.6871;0.3602;0.685;1.5827;2.3732;1690.7
ENVI;1;31;9.0395;42;-46;45.634;13.5552;35.6877;0.3528;0.6574;1.448;2.3714;1729.1
ENVI;1;31;9.0395;42;-47;46.626;13.5527;35.6883;0.3475;0.6368;1.3781;2.3703;1741.6
ENVI;1;31;9.0395;42;-48;47.617;13.5523;35.6881;0.3407;0.6749;1.4356;2.3681;1750
ENVI;1;31;9.0395;42;-49;48.609;13.5521;35.6879;0.3442;0.6987;1.5467;2.3666;1755.4
ENVI;1;31;9.0395;42;-50;49.601;13.5524;35.6876;0.3798;0.665;1.5621;2.3659;1752.2
ENVI;1;31;9.0395;42;-51;50.593;13.5523;35.6877;0.3501;0.7159;1.5069;2.3657;1742
ENVI;1;31;9.0395;42;-52;51.585;13.5523;35.6873;0.321;0.568;1.2825;2.3651;1762.7
ENVI;1;31;9.0395;42;-53;52.577;13.5475;35.6876;0.3065;0.6573;1.0019;2.3644;1755
ENVI;1;31;9.0395;42;-54;53.569;13.5406;35.6882;0.3271;0.6926;0.90554;2.363;1757.6
ENVI;1;31;9.0395;42;-55;54.561;13.5386;35.6883;0.3442;0.6859;0.84232;2.3616;1756
ENVI;1;31;9.0395;42;-56;55.553;13.5365;35.6881;0.3456;0.6609;0.80036;2.3612;1748.3
ENVI;1;31;9.0395;42;-57;56.545;13.5041;35.6872;0.3384;0.673;0.76909;2.3606;1743.6
ENVI;1;31;9.0395;42;-58;57.536;13.3906;35.6901;0.3168;0.739;0.739;2.3593;1745.6
ENVI;1;31;9.0395;42;-59;58.528;13.2318;35.6958;0.2777;0.8481;0.70845;2.3552;1756
ENVI;1;31;9.0395;42;-60;59.52;13.2239;35.6933;0.2101;0.8139;0.68318;2.3258;1750.4
ENVI;1;31;9.0395;42;-61;60.512;13.0745;35.697;0.1827;0.8581;0.57777;2.3042;1742.3
ENVI;1;31;9.0395;42;-62;61.504;13.0025;35.6993;0.1388;0.906;0.50875;2.2956;1759.7
ENVI;1;31;9.0395;42;-63;62.495;12.9952;35.6984;0.1213;0.9148;0.46376;2.2749;1785.3
ENVI;1;31;9.0395;42;-64;63.487;12.9578;35.6973;0.1201;0.9152;0.41529;2.2581;1767
ENVI;1;31;9.0395;42;-65;64.479;12.8995;35.6981;0.1065;1.0447;0.35896;2.2533;1756.6
ENVI;1;31;9.0395;42;-66;65.471;12.874;35.6985;0.1026;1.1006;0.32064;2.2486;1754.6
ENVI;1;31;9.0395;42;-67;66.463;12.8334;35.6996;0.0953;1.1493;0.28905;2.243;1753.1
ENVI;1;31;9.0395;42;-68;67.455;12.7867;35.7001;0.0817;1.2067;0.26528;2.2372;1749.6
ENVI;1;31;9.0395;42;-69;68.447;12.6564;35.7022;0.0764;1.2281;0.2438;2.2308;1749.1
ENVI;1;31;9.0395;42;-70;69.438;12.5629;35.7015;0.0295;1.3376;0.22689;2.2199;1753.7
ENVI;1;31;9.0395;42;-71;70.43;12.5098;35.6986;-0.0199;1.1626;0.19519;2.188;1763
ENVI;1;31;9.0395;42;-72;71.422;12.3926;35.6994;-0.0295;1.3626;0.1433;2.1829;1745.1
ENVI;1;31;9.0395;42;-73;72.414;12.3809;35.6987;-0.0329;1.4226;0.12898;2.1755;1763.4
ENVI;1;31;9.0395;42;-74;73.405;12.3824;35.6949;-0.0326;1.2615;0.12619;2.1451;1771.8
ENVI;1;31;9.0395;42;-75;74.397;12.3612;35.6923;-0.0431;1.3056;0.094789;2.1336;1760.2
ENVI;1;31;9.0395;42;-76;75.389;12.3548;35.6918;-0.0423;1.4454;0.080031;2.1331;1763.9
ENVI;1;31;9.0395;42;-77;76.381;12.3509;35.6916;-0.0324;1.427;0.073886;2.132;1768.4
ENVI;1;31;9.0395;42;-78;77.373;12.3515;35.6913;-0.0238;1.3177;0.065024;2.1303;1780.2
ENVI;1;31;9.0395;42;-79;78.364;12.3442;35.6912;-0.0434;1.4947;0.044073;2.1295;1763.9
ENVI;1;31;9.0395;42;-80;79.356;12.3418;35.6913;-0.0326;1.6013;0.033769;2.1296;1785.8
ENVI;1;31;9.0395;42;-81;80.348;12.3414;35.6911;-0.0327;1.3771;0.027414;2.129;1775.6
ENVI;1;31;9.0395;42;-82;81.34;12.3356;35.6912;-0.0304;1.4747;0.016546;2.1279;1782.4
ENVI;1;31;9.0395;42;-83;82.331;12.3335;35.6912;-0.0263;1.4992;0.0081373;2.1269;1782.2
ENVI;1;31;9.0395;42;-84;83.323;12.3288;35.6911;-0.0346;1.6167;0.0017167;2.1265;1773.1
ENVI;1;31;9.0395;42;-85;84.315;12.3248;35.6912;-0.0436;1.7818;0.00010642;2.1262;1769
ENVI;1;31;9.0395;42;-86;85.307;12.328;35.6908;-0.0367;1.3967;-0.000001972;2.1244;1789.3
ENVI;1;31;9.0395;42;-87;86.298;12.2993;35.6901;-0.0446;1.4609;1.00E-12;2.1245;1770.4
ENVI;1;31;9.0395;42;-88;87.29;12.1554;35.6868;-0.0558;1.5697;1.00E-12;2.1239;1772.5
ENVI;1;31;9.0395;42;-89;88.282;11.9987;35.6852;-0.0534;1.5193;1.00E-12;2.1211;1772.5
ENVI;1;31;9.0395;42;-90;89.273;11.8606;35.6842;-0.0623;1.3756;1.00E-12;2.114;1778.5
ENVI;1;31;9.0395;42;-91;90.265;11.8307;35.6814;-0.0548;1.1148;1.00E-12;2.086;1789
ENVI;1;31;9.0395;42;-92;91.257;11.7739;35.6747;-0.0678;1.102;1.00E-12;2.063;1799
ENVI;1;31;9.0395;42;-93;92.249;11.7075;35.672;-0.0676;0.9449;1.00E-12;2.06;1771.8
ENVI;1;31;9.0395;42;-94;93.24;11.6938;35.6707;-0.0752;1.0818;1.00E-12;2.0568;1757.3
ENVI;1;31;9.0395;42;-95;94.232;11.6863;35.6697;-0.0771;1.0026;1.00E-12;2.0537;1754.2
ENVI;1;31;9.0395;42;-96;95.224;11.6822;35.6691;-0.0737;0.9834;1.00E-12;2.0508;1761.6
ENVI;1;31;9.0395;42;-97;96.215;11.6803;35.6686;-0.0677;1.0042;1.00E-12;2.0477;1785.4
ENVI;1;31;9.0395;42;-98;97.207;11.7449;35.6678;-0.0735;0.8081;1.00E-12;2.0429;1794.4
ENVI;1;31;9.0395;42;-99;98.199;11.6723;35.6662;-0.0751;0.9653;1.00E-12;2.0452;1784.5
ENVI;1;31;9.0395;42;-100;99.19;11.6539;35.6645;-0.0731;0.9958;1.00E-12;2.0443;1786.3
ENVI;1;31;9.0395;42;-101;100.182;11.6496;35.6633;-0.0733;0.9796;1.00E-12;2.0427;1787.5
ENVI;1;31;9.0395;42;-102;101.174;11.6481;35.6625;-0.0708;0.9776;1.00E-12;2.0406;1791.3
ENVI;1;31;9.0395;42;-103;102.166;11.6489;35.6624;-0.0694;0.81;1.00E-12;2.0391;1791.4
ENVI;1;31;9.0395;42;-104;103.157;11.6424;35.6614;-0.0691;0.8924;1.00E-12;2.0381;1769.8
ENVI;1;31;9.0395;42;-105;104.149;11.6379;35.6606;-0.069;0.8754;1.00E-12;2.037;1772.1
ENVI;1;31;9.0395;42;-106;105.14;11.6253;35.6597;-0.0703;1.0604;1.00E-12;2.0367;1787.6
ENVI;1;31;9.0395;42;-107;106.132;11.6196;35.6594;-0.0585;1.4575;1.00E-12;2.0361;1794.7
ENVI;1;31;9.0395;42;-108;107.123;11.6225;35.659;-0.0621;1.3765;1.00E-12;2.0357;1789.6
ENVI;1;31;9.0395;42;-109;108.115;11.6217;35.6588;-0.0688;1.3274;1.00E-12;2.0348;1784.9
ENVI;1;31;9.0395;42;-110;109.107;11.6213;35.6586;-0.0713;1.2388;1.00E-12;2.0343;1786.1
ENVI;1;31;9.0395;42;-111;110.098;11.6212;35.6585;-0.0678;1.3997;1.00E-12;2.0342;1795.2
ENVI;1;31;9.0395;42;-112;111.09;11.6222;35.6584;-0.0679;1.2026;1.00E-12;2.0341;1793
ENVI;1;31;9.0395;42;-113;112.082;11.6181;35.6584;-0.0685;1.3679;1.00E-12;2.034;1770.9
ENVI;1;31;9.0395;42;-114;113.073;11.6177;35.6586;-0.0695;1.3567;1.00E-12;2.033;1767
ENVI;1;31;9.0395;42;-115;114.065;11.6175;35.6586;-0.0686;1.5627;1.00E-12;2.0326;1767.3
ENVI;1;31;9.0395;42;-116;115.056;11.6166;35.6587;-0.0695;1.7136;1.00E-12;2.0322;1768.9
ENVI;1;31;9.0395;42;-117;116.048;11.6172;35.6586;-0.0599;1.9428;1.00E-12;2.0316;1775.9
ENVI;1;31;9.0395;42;-118;117.039;11.6167;35.6585;-0.0601;1.9453;1.00E-12;2.0313;1785
ENVI;1;31;9.0395;42;-119;118.031;11.6182;35.658;-0.0739;1.5101;1.00E-12;2.03;1803.5
ENVI;1;32;9.1246;42;-5;4.961;13.2761;31.8006;1.1201;0.7676;97.647;2.327;1796.6
ENVI;1;32;9.1246;42;-6;5.953;13.4933;35.6092;1.1426;0.757;71.016;2.4338;1644.5
ENVI;1;32;9.1246;42;-7;6.945;13.4882;35.5368;1.1926;0.7483;62.486;2.4313;1645.7
ENVI;1;32;9.1246;42;-8;7.937;13.489;35.5372;1.2528;0.7634;55.812;2.4313;1649.7
ENVI;1;32;9.1246;42;-9;8.929;13.4883;35.5389;1.2863;0.7773;47.859;2.4315;1649
ENVI;1;32;9.1246;42;-10;9.921;13.488;35.54;1.3239;0.8145;43.67;2.4307;1640.5
ENVI;1;32;9.1246;42;-11;10.913;13.4937;35.5421;1.3779;0.7828;39.086;2.4304;1621.8
ENVI;1;32;9.1246;42;-12;11.905;13.5043;35.5453;1.4402;0.7504;33.889;2.4295;1593.1
ENVI;1;32;9.1246;42;-13;12.898;13.4996;35.5438;1.4724;0.6733;32.274;2.4271;1559.9
ENVI;1;32;9.1246;42;-14;13.889;13.4989;35.5436;1.4967;0.6873;28.769;2.4262;1524.1
ENVI;1;32;9.1246;42;-15;14.882;13.5046;35.5455;1.481;0.7586;25.21;2.4258;1502.3
ENVI;1;32;9.1246;42;-16;15.874;13.5078;35.5463;1.4647;0.764;22.525;2.4264;1484.5
ENVI;1;32;9.1246;42;-17;16.866;13.5088;35.5469;1.4575;0.7648;21.376;2.4249;1473.5
ENVI;1;32;9.1246;42;-18;17.858;13.5121;35.548;1.4597;0.7934;20.279;2.4241;1477.2
ENVI;1;32;9.1246;42;-19;18.85;13.5145;35.5489;1.4697;0.8114;19.834;2.4222;1494.8
ENVI;1;32;9.1246;42;-20;19.842;13.5178;35.5504;1.4534;0.7829;20.762;2.4209;1493.8
ENVI;1;32;9.1246;42;-21;20.834;13.5239;35.5525;1.4562;0.6966;19.554;2.4205;1549.4
ENVI;1;32;9.1246;42;-22;21.826;13.5323;35.5561;1.4327;0.7033;16.943;2.4193;1627.5
ENVI;1;32;9.1246;42;-23;22.818;13.5399;35.5592;1.3767;0.6919;15.143;2.4189;1663.6
ENVI;1;32;9.1246;42;-24;23.81;13.5389;35.5588;1.3705;0.7426;13.641;2.4183;1704
ENVI;1;32;9.1246;42;-25;24.802;13.5404;35.5595;1.3713;0.7548;12.688;2.4177;1760.4
ENVI;1;32;9.1246;42;-26;25.794;13.5443;35.5609;1.3664;0.7464;12.603;2.4167;1833.5
ENVI;1;32;9.1246;42;-27;26.786;13.5522;35.5643;1.3584;0.753;12.939;2.416;1913
ENVI;1;32;9.1246;42;-28;27.778;13.5608;35.5685;1.3587;0.7474;12.89;2.4154;1962.8
ENVI;1;32;9.1246;42;-29;28.77;13.5675;35.5728;1.268;0.8205;12.211;2.4143;2000
ENVI;1;32;9.1246;42;-30;29.762;13.5708;35.5748;1.2211;0.6853;11.616;2.4133;2036.9
ENVI;1;32;9.1246;42;-31;30.754;13.5748;35.578;1.1896;0.689;11.365;2.4114;2059.1
ENVI;1;32;9.1246;42;-32;31.746;13.5754;35.5786;1.1394;0.6755;11.201;2.4098;2058.6
ENVI;1;32;9.1246;42;-33;32.738;13.5732;35.5775;1.1793;0.5667;9.5728;2.4081;2074.4
ENVI;1;32;9.1246;42;-34;33.73;13.5779;35.5819;1.2059;0.6572;8.3138;2.4086;2043.3
ENVI;1;32;9.1246;42;-35;34.722;13.5787;35.5834;1.1477;0.7115;7.4097;2.4082;2031.4
ENVI;1;32;9.1246;42;-36;35.714;13.579;35.584;1.1491;0.6766;6.8312;2.4079;2027.1
ENVI;1;32;9.1246;42;-37;36.706;13.5806;35.586;1.1388;0.685;6.5066;2.4066;2026.3
ENVI;1;32;9.1246;42;-38;37.698;13.5822;35.5877;1.1349;0.7042;6.2718;2.4057;2026.9
ENVI;1;32;9.1246;42;-39;38.69;13.5834;35.5888;1.125;0.7587;5.9953;2.405;2028.1
ENVI;1;32;9.1246;42;-40;39.682;13.5842;35.5898;1.1027;0.7312;5.6941;2.4045;2032.3
ENVI;1;32;9.1246;42;-41;40.674;13.5832;35.5882;1.0947;0.608;5.5626;2.4028;2057.2
ENVI;1;32;9.1246;42;-42;41.666;13.5866;35.5925;1.0406;0.6189;4.0263;2.4024;2019
ENVI;1;32;9.1246;42;-43;42.658;13.5909;35.5967;1.0464;0.6487;3.6246;2.4017;2003.9
ENVI;1;32;9.1246;42;-44;43.65;13.5933;35.5987;1.0394;0.6553;3.3074;2.4015;2004.3
ENVI;1;32;9.1246;42;-45;44.642;13.5966;35.6021;1.0147;0.6559;3.0283;2.4011;2010.7
ENVI;1;32;9.1246;42;-46;45.634;13.5983;35.6035;0.9968;0.6546;2.7844;2.4004;2017.4
ENVI;1;32;9.1246;42;-47;46.625;13.6006;35.6065;0.978;0.6546;2.6225;2.4003;2024.3
ENVI;1;32;9.1246;42;-48;47.617;13.5961;35.6015;0.9523;0.5903;2.8539;2.3977;2048.3
ENVI;1;32;9.1246;42;-49;48.609;13.5979;35.6048;0.9354;0.5669;2.343;2.3976;2021.7
ENVI;1;32;9.1246;42;-50;49.601;13.6073;35.6169;0.9134;0.6412;2.0657;2.3979;2014.5
ENVI;1;32;9.1246;42;-51;50.593;13.6094;35.6192;0.8947;0.6394;1.8473;2.3979;2013.7
ENVI;1;32;9.1246;42;-52;51.585;13.6131;35.6287;0.8822;0.6371;1.6889;2.3969;2017.5
ENVI;1;32;9.1246;42;-53;52.577;13.6155;35.6357;0.7837;0.6378;1.6107;2.3956;2024.7
ENVI;1;32;9.1246;42;-54;53.569;13.6157;35.637;0.723;0.6155;1.6525;2.3924;2039.1
ENVI;1;32;9.1246;42;-55;54.561;13.6146;35.6437;0.7148;0.5737;1.5825;2.3853;2049.6
ENVI;1;32;9.1246;42;-56;55.553;13.6126;35.6792;0.4543;0.6935;1.2868;2.3843;2032.3
ENVI;1;32;9.1246;42;-57;56.544;13.6005;35.6956;0.398;0.7384;1.1371;2.3769;2034.2
ENVI;1;32;9.1246;42;-58;57.536;13.5916;35.7029;0.3413;0.8121;1.0313;2.3706;2032
ENVI;1;32;9.1246;42;-59;58.528;13.5836;35.7061;0.2949;0.8799;0.95366;2.3629;2026.4
ENVI;1;32;9.1246;42;-60;59.52;13.5795;35.7071;0.2616;0.8926;0.90563;2.3537;2023.7
ENVI;1;32;9.1246;42;-61;60.512;13.5786;35.707;0.2668;0.8582;0.87849;2.3405;2033
ENVI;1;32;9.1246;42;-62;61.504;13.5777;35.7073;0.2754;0.7374;0.84171;2.3327;2043.6
ENVI;1;32;9.1246;42;-63;62.496;13.5761;35.7076;0.272;0.8473;0.76714;2.3308;2033.6
ENVI;1;32;9.1246;42;-64;63.487;13.5757;35.7076;0.2617;0.8669;0.69584;2.3288;2029.6
ENVI;1;32;9.1246;42;-65;64.479;13.575;35.7074;0.2702;0.7866;0.62636;2.3266;2041.1
ENVI;1;32;9.1246;42;-66;65.471;13.5741;35.7074;0.2527;0.7388;0.54293;2.325;2050.3
ENVI;1;32;9.1246;42;-67;66.463;13.5681;35.7079;0.2451;0.7532;0.46161;2.3244;2025
ENVI;1;32;9.1246;42;-68;67.455;13.5648;35.7081;0.2596;0.8536;0.4061;2.3247;2013.2
ENVI;1;32;9.1246;42;-69;68.446;13.5617;35.7079;0.258;0.8837;0.36353;2.3241;2011.3
ENVI;1;32;9.1246;42;-70;69.438;13.5518;35.7086;0.2552;0.8989;0.33651;2.323;2019.9
ENVI;1;32;9.1246;42;-71;70.43;13.5473;35.7087;0.2731;0.8871;0.32669;2.3214;2042.1
ENVI;1;32;9.1246;42;-72;71.422;13.5376;35.7096;0.261;0.891;0.31632;2.3193;2042
ENVI;1;32;9.1246;42;-73;72.414;13.5145;35.7113;0.2636;0.9324;0.29211;2.3175;2033.2
ENVI;1;32;9.1246;42;-74;73.406;13.4875;35.712;0.2512;0.9189;0.2632;2.3143;2041.1
ENVI;1;32;9.1246;42;-75;74.397;13.4542;35.7118;0.2334;0.949;0.23526;2.3102;2040.5
ENVI;1;32;9.1246;42;-76;75.389;13.4376;35.712;0.2268;1.0118;0.20709;2.3056;2034.5
ENVI;1;32;9.1246;42;-77;76.381;13.4474;35.7108;0.2132;0.7777;0.16583;2.2955;2054.9
ENVI;1;32;9.1246;42;-78;77.373;13.4026;35.7118;0.1968;0.8535;0.12306;2.296;2009.4
ENVI;1;32;9.1246;42;-79;78.364;13.3896;35.7127;0.2116;0.9874;0.10476;2.2943;1992.8
ENVI;1;32;9.1246;42;-80;79.356;13.3818;35.7124;0.2104;1.0174;0.091268;2.2926;1989.2
ENVI;1;32;9.1246;42;-81;80.348;13.3725;35.7119;0.2113;1.0511;0.079654;2.2909;1996.8
ENVI;1;32;9.1246;42;-82;81.34;13.3129;35.7139;0.1859;1.0927;0.071645;2.2886;2009.6
ENVI;1;32;9.1246;42;-83;82.331;13.2769;35.7149;0.1743;1.1118;0.067054;2.2857;2026.8
ENVI;1;32;9.1246;42;-84;83.323;13.2165;35.7169;0.1352;1.1421;0.070974;2.2801;2049.6
ENVI;1;32;9.1246;42;-85;84.315;13.349;35.7116;0.1603;0.7961;0.06193;2.2619;2047.3
ENVI;1;32;9.1246;42;-86;85.307;13.2254;35.7113;0.1999;0.893;0.038242;2.2693;2023.5
ENVI;1;32;9.1246;42;-87;86.298;12.963;35.7186;0.1264;1.1027;0.029797;2.269;2035.4
ENVI;1;32;9.1246;42;-88;87.29;12.8639;35.7171;0.0607;1.3126;0.024371;2.2608;2041.8
ENVI;1;32;9.1246;42;-89;88.282;12.8197;35.7125;0.0402;1.3308;0.018923;2.2355;2045
ENVI;1;32;9.1246;42;-90;89.274;12.7909;35.7109;0.039;1.2026;0.012598;2.2125;2035.6
ENVI;1;32;9.1246;42;-91;90.265;12.7857;35.7101;0.0312;1.3222;0.0066798;2.2023;2026.4
ENVI;1;32;9.1246;42;-92;91.257;12.782;35.7094;0.044;1.3664;0.00071261;2.1952;2027.7
ENVI;1;32;9.1246;42;-93;92.249;12.7771;35.7086;0.0441;1.211;-0.00001331;2.1895;2031.7
ENVI;1;32;9.1246;42;-94;93.24;12.7775;35.7082;0.0211;1.2151;1.00E-12;2.1867;2035.5
ENVI;1;32;9.1246;42;-95;94.232;12.7746;35.7078;0.0549;1.2561;1.00E-12;2.1844;2036.4
ENVI;1;32;9.1246;42;-96;95.224;12.7793;35.7068;0.034;1.0269;1.00E-12;2.1804;2049.2
ENVI;1;32;9.1246;42;-97;96.215;12.7697;35.7057;0.0305;0.9847;1.00E-12;2.1785;2034.1
ENVI;1;32;9.1246;42;-98;97.207;12.7528;35.7059;0.0427;1.1433;1.00E-12;2.178;2033.7
ENVI;1;32;9.1246;42;-99;98.199;12.7529;35.7056;0.0758;1.1966;1.00E-12;2.177;2031.7
ENVI;1;32;9.1246;42;-100;99.19;12.7397;35.7048;0.045;1.214;1.00E-12;2.1761;2029.3
ENVI;1;32;9.1246;42;-101;100.182;12.7339;35.7051;0.0163;1.228;1.00E-12;2.175;2024.6
ENVI;1;32;9.1246;42;-102;101.174;12.7334;35.7046;0.0248;1.2531;1.00E-12;2.1737;2023.6
ENVI;1;32;9.1246;42;-103;102.165;12.7245;35.7043;0.0341;1.235;1.00E-12;2.1727;2030.9
ENVI;1;32;9.1246;42;-104;103.157;12.6993;35.7047;0.0436;1.2124;1.00E-12;2.1708;2054.8
ENVI;1;32;9.1246;42;-105;104.149;12.6927;35.7033;0.0443;0.9042;1.00E-12;2.1679;2038.2
ENVI;1;32;9.1246;42;-106;105.14;12.676;35.7032;0.0456;1.0062;1.00E-12;2.1671;2033.6
ENVI;1;32;9.1246;42;-107;106.132;12.6668;35.7029;0.041;1.1216;1.00E-12;2.166;2025.9
ENVI;1;32;9.1246;42;-108;107.123;12.6318;35.7018;0.0388;1.2512;1.00E-12;2.165;2024.4
ENVI;1;32;9.1246;42;-109;108.115;12.5619;35.6982;0.0238;1.237;1.00E-12;2.1634;2028.9
ENVI;1;32;9.1246;42;-110;109.107;12.3453;35.6899;-0.0074;1.1754;1.00E-12;2.1607;2033.8
ENVI;1;32;9.1246;42;-111;110.098;12.1082;35.6841;-0.0089;1.034;1.00E-12;2.1543;2044.3
ENVI;1;32;9.1246;42;-112;111.09;12.4693;35.6936;-0.0193;0.7697;1.00E-12;2.1239;2060.4
ENVI;1;32;9.1246;42;-113;112.081;12.1007;35.6786;0.0258;0.9063;1.00E-12;2.1347;2005
ENVI;1;32;9.1246;42;-114;113.073;11.8504;35.6736;0.0068;0.9127;1.00E-12;2.131;1993.8
ENVI;1;32;9.1246;42;-115;114.065;11.7637;35.667;-0.0219;0.9208;1.00E-12;2.1242;2005.3
ENVI;1;32;9.1246;42;-116;115.056;11.7419;35.6646;-0.0695;0.9718;1.00E-12;2.1149;2034.6
ENVI;1;32;9.1246;42;-117;116.048;11.7724;35.6624;-0.0775;0.688;1.00E-12;2.0991;2059.4
ENVI;1;32;9.1246;42;-118;117.04;11.7554;35.659;-0.0571;0.5946;1.00E-12;2.0821;2038.9
ENVI;1;32;9.1246;42;-119;118.031;11.7345;35.6575;-0.0573;0.6653;1.00E-12;2.079;2038.1
ENVI;1;32;9.1246;42;-120;119.023;11.7341;35.6564;-0.078;0.7084;1.00E-12;2.0752;2036.7
ENVI;1;32;9.1246;42;-121;120.014;11.8196;35.6582;-0.0737;0.6262;1.00E-12;2.0714;2049.1
ENVI;1;32;9.1246;42;-122;121.006;11.7433;35.6563;-0.0739;0.699;1.00E-12;2.0774;2030.8
ENVI;1;32;9.1246;42;-123;121.997;11.7414;35.6536;-0.0739;0.6645;1.00E-12;2.072;2049.7
ENVI;1;32;9.1246;42;-124;122.989;11.7533;35.6554;-0.0615;0.7977;1.00E-12;2.0709;2021.3
ENVI;1;32;9.1246;42;-125;123.981;11.7333;35.6531;-0.0692;0.8315;1.00E-12;2.0704;2043.2
ENVI;1;32;9.1246;42;-126;124.972;11.7348;35.6524;-0.0726;0.8563;1.00E-12;2.0668;2028.2
ENVI;1;32;9.1246;42;-127;125.964;11.735;35.652;-0.0695;0.8702;1.00E-12;2.0665;2011.6
ENVI;1;32;9.1246;42;-128;126.955;11.7316;35.6518;-0.0689;0.8569;1.00E-12;2.0656;2019.4
ENVI;1;32;9.1246;42;-129;127.947;11.7384;35.6514;-0.0721;0.7644;1.00E-12;2.0641;2045
ENVI;1;32;9.1246;42;-130;128.938;11.7347;35.6515;-0.0744;0.7745;1.00E-12;2.0638;2043.2
ENVI;1;32;9.1246;42;-131;129.93;11.7328;35.6513;-0.0702;0.8754;1.00E-12;2.0628;2048.1
ENVI;1;32;9.1246;42;-132;130.921;11.7315;35.6511;-0.0748;0.8538;1.00E-12;2.0625;2033.4
ENVI;1;32;9.1246;42;-133;131.913;11.7318;35.6512;-0.0609;0.9665;1.00E-12;2.0624;2051.7
ENVI;1;32;9.1246;42;-134;132.904;11.7323;35.6508;-0.0714;0.8672;1.00E-12;2.0623;2052
ENVI;1;32;9.1246;42;-135;133.896;11.7323;35.6509;-0.0694;0.8625;1.00E-12;2.0622;2042.3
ENVI;1;32;9.1246;42;-136;134.887;11.7323;35.6508;-0.0683;1.1385;1.00E-12;2.0614;2052.9
ENVI;1;32;9.1246;42;-137;135.878;11.7339;35.6506;-0.0747;0.7837;1.00E-12;2.061;2037.9
ENVI;1;41;9.308;42;-6;5.953;13.8245;35.3674;1.4613;0.606;69.389;2.4589;2138.1
ENVI;1;41;9.308;42;-7;6.945;13.801;35.4162;1.5323;0.5853;61.452;2.4685;2155.5
ENVI;1;41;9.308;42;-8;7.937;13.8043;35.425;1.7298;0.5055;54.551;2.469;2157.1
ENVI;1;41;9.308;42;-9;8.929;13.7837;35.4243;1.7004;0.5269;46.799;2.469;2166.6
ENVI;1;41;9.308;42;-10;9.921;13.768;35.4236;2.1097;0.5934;38.59;2.4682;2166.4
ENVI;1;41;9.308;42;-11;10.913;13.7584;35.424;2.3659;0.6995;32.017;2.4681;2141.5
ENVI;1;41;9.308;42;-12;11.905;13.7568;35.4256;2.4435;0.5721;27.556;2.4681;2122
ENVI;1;41;9.308;42;-13;12.898;13.7572;35.4277;2.5271;0.5755;24.844;2.4672;2115.9
ENVI;1;41;9.308;42;-14;13.89;13.7558;35.4281;2.5963;0.5849;23.311;2.4651;2128.4
ENVI;1;41;9.308;42;-15;14.882;13.7543;35.4282;2.6624;0.6013;23.442;2.4626;2144.4
ENVI;1;41;9.308;42;-16;15.874;13.7531;35.4277;2.6944;0.5785;22.371;2.4611;2155.4
ENVI;1;41;9.308;42;-17;16.866;13.7537;35.4274;2.7051;0.5186;22.271;2.4593;2165.5
ENVI;1;41;9.308;42;-18;17.858;13.7531;35.4291;2.7259;0.5922;20.358;2.4596;2164.6
ENVI;1;41;9.308;42;-19;18.85;13.7569;35.4316;2.6201;0.5677;18.219;2.4593;2156.5
ENVI;1;41;9.308;42;-20;19.842;13.7642;35.4352;2.6291;0.5975;17.536;2.4581;2129.2
ENVI;1;41;9.308;42;-21;20.834;13.7721;35.4388;2.5782;0.588;16.559;2.4566;2120.8
ENVI;1;41;9.308;42;-22;21.826;13.7764;35.4409;2.683;0.5835;15.758;2.4557;2126.8
ENVI;1;41;9.308;42;-23;22.818;13.7829;35.4438;2.6522;0.5751;15.094;2.4543;2133
ENVI;1;41;9.308;42;-24;23.81;13.787;35.4458;2.4905;0.5585;15.213;2.4525;2142.8
ENVI;1;41;9.308;42;-25;24.802;13.7882;35.446;2.5062;0.5105;15.135;2.4487;2161.4
ENVI;1;41;9.308;42;-26;25.794;13.8046;35.4531;2.4901;0.4869;14.318;2.4474;2161.9
ENVI;1;41;9.308;42;-27;26.786;13.8308;35.4615;2.4143;0.5207;12.528;2.4476;2168
ENVI;1;41;9.308;42;-28;27.778;13.8507;35.4691;2.3827;0.5148;12.083;2.4463;2163
ENVI;1;41;9.308;42;-29;28.77;13.8813;35.481;2.1964;0.5416;11.053;2.4452;2136.9
ENVI;1;41;9.308;42;-30;29.762;13.9279;35.4956;2.1592;0.5269;10.022;2.4445;2126.5
ENVI;1;41;9.308;42;-31;30.754;14.0615;35.5477;2.0684;0.5244;9.1109;2.4445;2124.8
ENVI;1;41;9.308;42;-32;31.746;14.06;35.5431;1.9649;0.4872;8.6152;2.4447;2150.6
ENVI;1;41;9.308;42;-33;32.738;14.23;35.6263;2.0656;0.4421;8.8674;2.4358;2158.3
ENVI;1;41;9.308;42;-34;33.73;14.2564;35.6487;1.9096;0.4281;8.3876;2.4397;2145.2
ENVI;1;41;9.308;42;-35;34.722;14.2599;35.6529;1.4155;0.4182;7.7493;2.4378;2149.9
ENVI;1;41;9.308;42;-36;35.714;14.2398;35.6436;1.3279;0.3818;7.1527;2.4237;2177
ENVI;1;41;9.308;42;-37;36.706;14.2653;35.6635;1.3574;0.3939;5.9935;2.4179;2157.3
ENVI;1;41;9.308;42;-38;37.698;14.2742;35.6973;1.0126;0.4108;5.1938;2.4172;2135.1
ENVI;1;41;9.308;42;-39;38.69;14.2755;35.703;0.8484;0.4123;4.8716;2.4132;2125.2
ENVI;1;41;9.308;42;-40;39.682;14.2767;35.705;0.8148;0.4199;4.726;2.408;2129.3
ENVI;1;41;9.308;42;-41;40.674;14.2769;35.7066;0.7773;0.4461;4.5933;2.4036;2138.3
ENVI;1;41;9.308;42;-42;41.666;14.2775;35.7112;0.7639;0.424;4.4846;2.3995;2151.2
ENVI;1;41;9.308;42;-43;42.658;14.2742;35.7178;0.7019;0.4224;4.4323;2.393;2163.2
ENVI;1;41;9.308;42;-44;43.65;14.2737;35.7199;0.6872;0.4303;4.3144;2.3882;2162.9
ENVI;1;41;9.308;42;-45;44.642;14.2732;35.722;0.6829;0.4317;3.9663;2.3862;2159.8
ENVI;1;41;9.308;42;-46;45.634;14.2643;35.7208;0.6601;0.413;3.3749;2.3836;2170.6
ENVI;1;41;9.308;42;-47;46.625;14.2369;35.721;0.6238;0.3841;2.9625;2.3828;2139.3
ENVI;1;41;9.308;42;-48;47.617;14.2277;35.7198;0.5855;0.4522;2.7335;2.3821;2127.4
ENVI;1;41;9.308;42;-49;48.609;14.2193;35.719;0.5692;0.4769;2.5236;2.3815;2131.8
ENVI;1;41;9.308;42;-50;49.601;14.2064;35.7183;0.5573;0.4897;2.3915;2.3803;2141.1
ENVI;1;41;9.308;42;-51;50.593;14.1944;35.7181;0.5607;0.4959;2.3678;2.3794;2155
ENVI;1;41;9.308;42;-52;51.585;14.1902;35.718;0.5833;0.4861;2.3881;2.3804;2160
ENVI;1;41;9.308;42;-53;52.577;14.1811;35.7185;0.5924;0.5058;2.2794;2.3805;2160.8
ENVI;1;41;9.308;42;-54;53.569;14.1753;35.7187;0.5899;0.4902;2.1105;2.3802;2160.8
ENVI;1;41;9.308;42;-55;54.561;14.19;35.718;0.5354;0.4156;1.7831;2.3815;2176.8
ENVI;1;41;9.308;42;-56;55.553;14.1541;35.7195;0.6104;0.4752;1.5489;2.3814;2138.1
ENVI;1;41;9.308;42;-57;56.544;14.1104;35.7122;0.5888;0.4929;1.4075;2.3804;2130.5
ENVI;1;41;9.308;42;-58;57.536;14.0765;35.7125;0.5361;0.4806;1.3022;2.3794;2138.9
ENVI;1;41;9.308;42;-59;58.528;14.0621;35.7138;0.5455;0.4598;1.2276;2.3786;2148.6
ENVI;1;41;9.308;42;-60;59.52;14.058;35.7157;0.5172;0.4557;1.1995;2.3805;2148.6
ENVI;1;41;9.308;42;-61;60.512;14.0489;35.7166;0.5347;0.4744;1.2032;2.3844;2153.1
ENVI;1;41;9.308;42;-62;61.504;14.0443;35.7175;0.5429;0.4371;1.1611;2.3859;2162.8
ENVI;1;41;9.308;42;-63;62.496;14.0451;35.7183;0.5638;0.4441;1.079;2.3868;2164.7
ENVI;1;41;9.308;42;-64;63.487;14.046;35.7177;0.5986;0.4264;0.95816;2.3878;2163.9
ENVI;1;41;9.308;42;-65;64.479;14.0355;35.7193;0.5641;0.4632;0.86956;2.3879;2151.8
ENVI;1;41;9.308;42;-66;65.471;14.0309;35.7196;0.5176;0.4521;0.78442;2.387;2154.3
ENVI;1;41;9.308;42;-67;66.463;14.0275;35.7194;0.5821;0.4536;0.69488;2.3868;2158.3
ENVI;1;41;9.308;42;-68;67.455;14.022;35.7202;0.5729;0.4427;0.6364;2.3873;2143.5
ENVI;1;41;9.308;42;-69;68.446;14.019;35.7203;0.5805;0.4622;0.60202;2.3866;2144.1
ENVI;1;41;9.308;42;-70;69.438;14.0174;35.7216;0.5583;0.5074;0.57285;2.3866;2147.7
ENVI;1;41;9.308;42;-71;70.43;14.0133;35.7221;0.5185;0.4987;0.54502;2.3861;2146.4
ENVI;1;41;9.308;42;-72;71.422;14.0077;35.7214;0.5044;0.4892;0.52166;2.3861;2147.5
ENVI;1;41;9.308;42;-73;72.414;14.0026;35.7207;0.5115;0.4977;0.50765;2.3851;2157.4
ENVI;1;41;9.308;42;-74;73.405;14.001;35.7229;0.5154;0.4433;0.47967;2.3846;2166.5
ENVI;1;41;9.308;42;-75;74.397;14.0078;35.7226;0.6047;0.4886;0.38918;2.3843;2149.5
ENVI;1;41;9.308;42;-76;75.389;14.0041;35.7266;0.5849;0.4524;0.35093;2.3849;2120.7
ENVI;1;41;9.308;42;-77;76.381;14.0036;35.7265;0.5043;0.4751;0.33098;2.3841;2124.7
ENVI;1;41;9.308;42;-78;77.373;14.0035;35.7268;0.4742;0.4947;0.30868;2.383;2142
ENVI;1;41;9.308;42;-79;78.364;14.0037;35.7264;0.4616;0.4632;0.28726;2.3827;2161.5
ENVI;1;41;9.308;42;-80;79.356;14.0043;35.7262;0.4524;0.4058;0.25377;2.3827;2140.6
ENVI;1;41;9.308;42;-81;80.348;14.0017;35.7271;0.4643;0.4471;0.22822;2.3822;2133.1
ENVI;1;41;9.308;42;-82;81.34;14.0016;35.7273;0.4726;0.5058;0.20808;2.3816;2125.4
ENVI;1;41;9.308;42;-83;82.331;14.0026;35.7276;0.5027;0.4891;0.19847;2.3811;2126.2
ENVI;1;41;9.308;42;-84;83.323;14.0026;35.7276;0.4808;0.4907;0.19258;2.3813;2132.3
ENVI;1;41;9.308;42;-85;84.315;14.0022;35.7276;0.4229;0.4982;0.19003;2.3807;2142.8
ENVI;1;41;9.308;42;-86;85.307;14.0023;35.7278;0.42;0.4748;0.18256;2.3803;2153
ENVI;1;41;9.308;42;-87;86.298;14.0027;35.7277;0.456;0.4909;0.17089;2.3796;2148.3
ENVI;1;41;9.308;42;-88;87.29;14.0035;35.7272;0.4549;0.4164;0.11468;2.3806;2162.3
ENVI;1;41;9.308;42;-89;88.282;14.0033;35.7277;0.4476;0.4164;0.094951;2.3807;2137.7
ENVI;1;41;9.308;42;-90;89.273;14.0025;35.7281;0.4454;0.4293;0.090179;2.3804;2123.3
ENVI;1;41;9.308;42;-91;90.265;14.0007;35.729;0.4474;0.5016;0.084031;2.3803;2112.8
ENVI;1;41;9.308;42;-92;91.257;14;35.7302;0.4388;0.4838;0.082675;2.3797;2115.3
ENVI;1;41;9.308;42;-93;92.249;14.001;35.7308;0.4264;0.4596;0.080663;2.3784;2127.7
ENVI;1;41;9.308;42;-94;93.24;14.0022;35.7314;0.4085;0.4637;0.078196;2.3772;2131.9
ENVI;1;41;9.308;42;-95;94.232;14.0025;35.7316;0.3977;0.4642;0.077945;2.3763;2138.3
ENVI;1;41;9.308;42;-96;95.224;14.0002;35.7319;0.369;0.4599;0.074768;2.3743;2144.9
ENVI;1;41;9.308;42;-97;96.215;14.0004;35.7312;0.3882;0.4336;0.059969;2.3727;2160.2
ENVI;1;41;9.308;42;-98;97.207;13.9995;35.7317;0.4137;0.4644;0.030304;2.3742;2125.5
ENVI;1;41;9.308;42;-99;98.199;13.9966;35.7325;0.3973;0.4545;0.0273;2.374;2126.4
ENVI;1;41;9.308;42;-100;99.19;13.9857;35.7343;0.3754;0.4352;0.023103;2.3731;2134.2
ENVI;1;41;9.308;42;-101;100.182;13.9769;35.7359;0.3908;0.4829;0.018;2.3717;2144.8
ENVI;1;41;9.308;42;-102;101.174;13.9654;35.7378;0.3659;0.5067;0.017443;2.3692;2154.8
ENVI;1;41;9.308;42;-103;102.165;13.956;35.739;0.4124;0.5463;0.01812;2.3655;2162.3
ENVI;1;41;9.308;42;-104;103.157;13.9517;35.7396;0.3122;0.5229;0.017427;2.3609;2168.6
ENVI;1;41;9.308;42;-105;104.149;13.9494;35.7403;0.3215;0.5269;0.014552;2.3569;2156.8
ENVI;1;41;9.308;42;-106;105.14;13.949;35.7406;0.3677;0.5705;0.0093098;2.3546;2142.3
ENVI;1;41;9.308;42;-107;106.132;13.9491;35.7407;0.3597;0.599;0.0063464;2.3526;2137.4
ENVI;1;41;9.308;42;-108;107.123;13.9486;35.7406;0.3548;0.6183;0.002091;2.3514;2143
ENVI;1;41;9.308;42;-109;108.115;13.9456;35.7416;0.3358;0.5756;0.00043568;2.349;2166
ENVI;1;41;9.308;42;-110;109.107;13.9543;35.7389;0.3163;0.4571;-0.00009981;2.3438;2178.8
ENVI;1;41;9.308;42;-111;110.098;13.9576;35.7466;0.3678;0.4895;1.00E-12;2.3457;2130.3
ENVI;1;41;9.308;42;-112;111.09;13.9662;35.7571;0.3259;0.5639;1.00E-12;2.346;2136.6
ENVI;1;41;9.308;42;-113;112.082;13.9694;35.7594;0.2369;0.7141;1.00E-12;2.3456;2138.9
ENVI;1;41;9.308;42;-114;113.073;13.9697;35.7596;0.2292;0.7324;1.00E-12;2.344;2142.4
ENVI;1;41;9.308;42;-115;114.065;13.976;35.7659;0.2234;0.7534;1.00E-12;2.3399;2146.1
ENVI;1;41;9.308;42;-116;115.056;13.9849;35.7715;0.2151;0.7632;1.00E-12;2.334;2153.4
ENVI;1;41;9.308;42;-117;116.048;13.992;35.7749;0.2113;0.7707;1.00E-12;2.3278;2161.7
ENVI;1;41;9.308;42;-118;117.039;14.007;35.781;0.1724;0.7789;1.00E-12;2.3221;2173.2
ENVI;1;41;9.308;42;-119;118.031;14.0037;35.7789;0.143;0.6999;1.00E-12;2.3081;2187.5
ENVI;1;41;9.308;42;-120;119.023;14.0012;35.7779;0.1728;0.5844;1.00E-12;2.2879;2173.2
ENVI;1;41;9.308;42;-121;120.014;14.0077;35.7826;0.1629;0.5948;1.00E-12;2.2872;2161.4
ENVI;1;41;9.308;42;-122;121.006;14.0281;35.7909;0.148;0.74;1.00E-12;2.2868;2164.9
ENVI;1;41;9.308;42;-123;121.997;14.0428;35.7991;0.1189;0.763;1.00E-12;2.2846;2170.4
ENVI;1;41;9.308;42;-124;122.989;14.041;35.8031;0.0802;0.7678;1.00E-12;2.2809;2170.7
ENVI;1;41;9.308;42;-125;123.98;14.0224;35.8019;0.0999;0.7654;1.00E-12;2.2704;2168.4
ENVI;1;41;9.308;42;-126;124.972;13.9835;35.8019;0.0484;0.7866;1.00E-12;2.2613;2168.4
ENVI;1;41;9.308;42;-127;125.963;13.9679;35.8053;0.0403;0.8513;1.00E-12;2.2558;2168.7
ENVI;1;41;9.308;42;-128;126.955;13.9314;35.8047;0.0418;0.8155;1.00E-12;2.2516;2167.5
ENVI;1;41;9.308;42;-129;127.947;13.9035;35.8062;0.027;0.8083;1.00E-12;2.2458;2168.8
ENVI;1;41;9.308;42;-130;128.938;13.8883;35.8067;-0.006;0.7613;1.00E-12;2.2393;2172.2
ENVI;1;41;9.308;42;-131;129.93;13.8524;35.8065;-0.0084;0.7237;1.00E-12;2.2342;2174.6
ENVI;1;41;9.308;42;-132;130.921;13.8124;35.8054;-0.0321;0.7109;1.00E-12;2.2298;2172
ENVI;1;41;9.308;42;-133;131.913;13.7843;35.8047;-0.0407;0.6563;1.00E-12;2.2264;2165.9
ENVI;1;41;9.308;42;-134;132.904;13.7493;35.8021;-0.0428;0.6262;1.00E-12;2.223;2162.9
ENVI;1;41;9.308;42;-135;133.895;13.7223;35.8007;-0.0318;0.5967;1.00E-12;2.2198;2164.5
ENVI;1;41;9.308;42;-136;134.887;13.7263;35.8005;-0.0319;0.5726;1.00E-12;2.2136;2187.9
ENVI;1;41;9.308;42;-137;135.879;13.7689;35.7979;-0.025;0.4911;1.00E-12;2.2101;2158.6
ENVI;1;41;9.308;42;-138;136.87;13.6644;35.7954;-0.0302;0.5241;1.00E-12;2.2096;2135.3
ENVI;1;41;9.308;42;-139;137.862;13.6597;35.795;-0.0195;0.5604;1.00E-12;2.2081;2131.9
ENVI;1;41;9.308;42;-140;138.853;13.649;35.7939;-0.0287;0.6559;1.00E-12;2.2069;2133.1
ENVI;1;41;9.308;42;-141;139.844;13.63;35.7931;-0.0311;0.7114;1.00E-12;2.2052;2144.6
ENVI;1;41;9.308;42;-142;140.836;13.5979;35.7922;-0.0229;0.701;1.00E-12;2.2041;2156.1
ENVI;1;41;9.308;42;-143;141.827;13.5845;35.7915;-0.0208;0.6988;1.00E-12;2.2024;2169.2
ENVI;1;41;9.308;42;-144;142.819;13.5747;35.7908;-0.0199;0.6889;1.00E-12;2.2007;2176.1
ENVI;1;41;9.308;42;-145;143.81;13.5764;35.7895;-0.0282;0.6376;1.00E-12;2.1977;2184.9
ENVI;1;41;9.308;42;-146;144.802;13.5669;35.7892;-0.0333;0.5268;1.00E-12;2.1954;2193.5
ENVI;1;41;9.308;42;-147;145.793;13.5571;35.7895;-0.0329;0.551;1.00E-12;2.1947;2194
ENVI;1;41;9.308;42;-148;146.785;13.5501;35.7893;-0.0262;0.6275;1.00E-12;2.1928;2187.2
ENVI;1;41;9.308;42;-149;147.776;13.533;35.789;-0.0282;0.6756;1.00E-12;2.1917;2171.4
ENVI;1;41;9.308;42;-150;148.767;13.5134;35.7892;-0.0321;0.7047;1.00E-12;2.1914;2160.4
ENVI;1;41;9.308;42;-151;149.759;13.49;35.7899;-0.0207;0.621;1.00E-12;2.1902;2152.9
ENVI;1;41;9.308;42;-152;150.75;13.4805;35.7919;-0.0217;0.6126;1.00E-12;2.1894;2146.4
ENVI;1;41;9.308;42;-153;151.741;13.4787;35.7926;-0.0563;0.5486;1.00E-12;2.1884;2149.4
ENVI;1;41;9.308;42;-154;152.733;13.4727;35.7934;-0.0573;0.5239;1.00E-12;2.1877;2154
ENVI;1;41;9.308;42;-155;153.724;13.4687;35.7938;-0.0566;0.4898;1.00E-12;2.1867;2168.7
ENVI;1;41;9.308;42;-156;154.716;13.4455;35.7948;-0.0349;0.4686;1.00E-12;2.185;2187.5
ENVI;1;41;9.308;42;-157;155.707;13.4428;35.7955;-0.045;0.3567;1.00E-12;2.1816;2189.7
ENVI;1;41;9.308;42;-158;156.699;13.4012;35.7965;-0.0231;0.4206;1.00E-12;2.1788;2184.6
ENVI;1;41;9.308;42;-159;157.69;13.3912;35.796;-0.0336;0.3777;1.00E-12;2.1777;2189.4
ENVI;1;41;9.308;42;-160;158.682;13.3621;35.7952;-0.0456;0.3295;1.00E-12;2.1763;2193.2
ENVI;1;41;9.308;42;-161;159.673;13.3331;35.7944;-0.0668;0.2753;1.00E-12;2.1722;2190.6
ENVI;1;41;9.308;42;-162;160.664;13.2977;35.7918;-0.0705;0.2629;1.00E-12;2.1682;2178.5
ENVI;1;41;9.308;42;-163;161.656;13.2775;35.7901;-0.0793;0.3245;1.00E-12;2.1667;2173
ENVI;1;41;9.308;42;-164;162.647;13.2693;35.7893;-0.0713;0.2884;1.00E-12;2.1652;2173.5
ENVI;1;41;9.308;42;-165;163.638;13.2594;35.788;-0.0678;0.2761;1.00E-12;2.1642;2169.6
ENVI;1;41;9.308;42;-166;164.63;13.2539;35.7872;-0.0802;0.2872;1.00E-12;2.1622;2170.7
ENVI;1;41;9.308;42;-167;165.621;13.2382;35.7856;-0.0802;0.2746;1.00E-12;2.1601;2175.7
ENVI;1;41;9.308;42;-168;166.612;13.2349;35.7855;-0.0713;0.2581;1.00E-12;2.1577;2200.4
ENVI;1;41;9.308;42;-169;167.604;13.2415;35.7848;-0.0698;0.2335;1.00E-12;2.1556;2190.9
ENVI;1;41;9.308;42;-170;168.595;13.2292;35.7851;-0.0673;0.2695;1.00E-12;2.1552;2159.8
ENVI;1;41;9.308;42;-171;169.586;13.2188;35.7845;-0.0709;0.2722;1.00E-12;2.1552;2151
ENVI;1;41;9.308;42;-172;170.578;13.1794;35.7781;-0.0754;0.2711;1.00E-12;2.1546;2151.4
ENVI;1;41;9.308;42;-173;171.569;13.1422;35.7756;-0.0791;0.2792;1.00E-12;2.1533;2166.5
ENVI;1;41;9.308;42;-174;172.56;13.1336;35.7751;-0.0745;0.2885;1.00E-12;2.1518;2181.9
ENVI;1;41;9.308;42;-175;173.552;13.1333;35.7747;-0.0703;0.2748;1.00E-12;2.1513;2201.9
ENVI;1;41;9.308;42;-176;174.543;13.1298;35.7741;-0.0637;0.2594;1.00E-12;2.1505;2210
ENVI;1;41;9.308;42;-177;175.534;13.1385;35.7739;-0.0691;0.2391;1.00E-12;2.1496;2205.2
ENVI;1;41;9.308;42;-178;176.525;13.1021;35.771;-0.0805;0.2419;1.00E-12;2.1488;2193.2
ENVI;1;41;9.308;42;-179;177.517;13.0897;35.7696;-0.0708;0.258;1.00E-12;2.1476;2191.3
ENVI;1;41;9.308;42;-180;178.508;13.043;35.765;-0.0683;0.2624;1.00E-12;2.1463;2192.2
ENVI;1;41;9.308;42;-181;179.499;12.9974;35.7615;-0.0713;0.2791;1.00E-12;2.1447;2196.7
ENVI;1;41;9.308;42;-182;180.491;12.9168;35.7561;-0.0732;0.3138;1.00E-12;2.1427;2197.5
ENVI;1;41;9.308;42;-183;181.482;12.8795;35.7536;-0.081;0.3429;1.00E-12;2.1394;2196.5
ENVI;1;41;9.308;42;-184;182.473;12.8638;35.7518;-0.0698;0.3432;1.00E-12;2.1366;2192.7
ENVI;1;41;9.308;42;-185;183.464;12.8469;35.7499;-0.0695;0.3604;1.00E-12;2.1342;2185.7
ENVI;1;41;9.308;42;-186;184.456;12.8064;35.7458;-0.0701;0.3688;1.00E-12;2.1321;2182.4
ENVI;1;41;9.308;42;-187;185.447;12.74;35.7428;-0.0689;0.4002;1.00E-12;2.1304;2184.1
ENVI;1;41;9.308;42;-188;186.438;12.716;35.7408;-0.0695;0.5211;1.00E-12;2.1276;2188.6
ENVI;1;41;9.308;42;-189;187.429;12.6849;35.7386;-0.0724;0.6244;1.00E-12;2.1242;2195.5
ENVI;1;41;9.308;42;-190;188.421;12.6876;35.7375;-0.0692;0.5251;1.00E-12;2.1157;2191.7
ENVI;1;41;9.308;42;-191;189.412;12.6964;35.7358;-0.0694;0.355;1.00E-12;2.1099;2168
ENVI;1;41;9.308;42;-192;190.403;12.6843;35.7354;-0.072;0.4992;1.00E-12;2.1087;2168.2
ENVI;1;41;9.308;42;-193;191.394;12.6789;35.7344;-0.0631;0.4778;1.00E-12;2.1083;2103.3
ENVI;1;41;9.308;42;-194;192.385;12.6985;35.7354;-0.0624;0.5771;1.00E-12;2.1073;2151.8
ENVI;1;41;9.308;42;-195;193.377;12.6773;35.7339;-0.0642;0.5718;1.00E-12;2.1083;2119.2
ENVI;1;41;9.308;42;-196;194.368;12.6687;35.7334;-0.0696;0.6386;1.00E-12;2.1076;2141.6
ENVI;1;41;9.308;42;-197;195.359;12.6651;35.7328;-0.0706;0.7157;1.00E-12;2.1066;2148.6
ENVI;1;41;9.308;42;-198;196.351;12.6596;35.7323;-0.0689;0.7626;1.00E-12;2.1058;2146.5
ENVI;1;41;9.308;42;-199;197.341;12.6556;35.7318;-0.0666;0.7649;1.00E-12;2.105;2144
ENVI;1;41;9.308;42;-200;198.333;12.649;35.7311;-0.0695;0.7834;1.00E-12;2.1039;2141
ENVI;1;41;9.308;42;-201;199.324;12.6247;35.7282;-0.0689;0.794;1.00E-12;2.1024;2135.8
ENVI;1;41;9.308;42;-202;200.315;12.5617;35.7233;-0.0683;0.8376;1.00E-12;2.1005;2151.4
ENVI;1;41;9.308;42;-203;201.306;12.5198;35.7222;-0.0671;0.8447;1.00E-12;2.096;2183.9
ENVI;1;51;9.507;42;-5;4.961;13.3982;32.2061;1.5468;0.175;64.308;2.3587;1818.9
ENVI;1;51;9.507;42;-6;5.953;13.921;35.8566;1.5929;0.3248;54.979;2.4542;1835.9
ENVI;1;51;9.507;42;-7;6.945;13.8966;35.7128;1.6169;0.3555;49.319;2.4461;1825.8
ENVI;1;51;9.507;42;-8;7.937;13.9042;35.7144;1.5516;0.3409;41.739;2.4453;1828.5
ENVI;1;51;9.507;42;-9;8.929;13.9015;35.7133;1.5923;0.3223;40.066;2.4459;1850.3
ENVI;1;51;9.507;42;-10;9.921;13.9012;35.7141;1.6285;0.3379;37.016;2.4452;1837
ENVI;1;51;9.507;42;-11;10.913;13.9385;35.727;1.5586;0.327;32.255;2.4452;1834
ENVI;1;51;9.507;42;-12;11.905;13.932;35.7239;1.6182;0.3311;28.969;2.4437;1824.9
ENVI;1;51;9.507;42;-13;12.897;13.9359;35.7239;1.5747;0.3194;27.919;2.4411;1814.4
ENVI;1;51;9.507;42;-14;13.89;13.9169;35.7198;1.6853;0.3256;27.001;2.4394;1824.3
ENVI;1;51;9.507;42;-15;14.882;14.001;35.7446;1.6531;0.3071;26.469;2.4416;1846
ENVI;1;51;9.507;42;-16;15.874;14.0353;35.7547;1.6314;0.3002;26.521;2.4386;1833.5
ENVI;1;51;9.507;42;-17;16.866;14.0526;35.7595;1.5434;0.3143;27.24;2.4357;1831.8
ENVI;1;51;9.507;42;-18;17.858;14.0418;35.7582;1.5986;0.3092;26.903;2.4318;1839.1
ENVI;1;51;9.507;42;-19;18.85;14.0434;35.7588;1.57;0.301;31.543;2.4282;1827.2
ENVI;1;51;9.507;42;-20;19.842;14.0456;35.7595;1.5453;0.3077;29.952;2.4266;1817.1
ENVI;1;51;9.507;42;-21;20.834;14.0478;35.7605;1.5861;0.3081;29.74;2.4262;1832.4
ENVI;1;51;9.507;42;-22;21.826;14.0504;35.7616;1.5962;0.2792;29.89;2.4253;1847.8
ENVI;1;51;9.507;42;-23;22.818;14.05;35.7617;1.5294;0.3018;27.557;2.4248;1842.4
ENVI;1;51;9.507;42;-24;23.81;14.0466;35.7608;1.5598;0.3144;29.483;2.4251;1836.7
ENVI;1;51;9.507;42;-25;24.802;14.0502;35.7616;1.4996;0.3141;25.557;2.4243;1834.2
ENVI;1;51;9.507;42;-26;25.794;14.0548;35.7628;1.5524;0.3294;24.401;2.4239;1834
ENVI;1;51;9.507;42;-27;26.786;14.057;35.763;1.4956;0.3146;24.783;2.424;1828.9
ENVI;1;51;9.507;42;-28;27.778;14.0602;35.7646;1.6429;0.3192;22.532;2.4235;1835.3
ENVI;1;51;9.507;42;-29;28.77;14.0564;35.7635;1.6009;0.2766;19.337;2.4222;1848.4
ENVI;1;51;9.507;42;-30;29.762;14.0477;35.7641;1.711;0.2851;18.216;2.4224;1836
ENVI;1;51;9.507;42;-31;30.754;14.0493;35.7646;1.676;0.3;18.169;2.423;1830.5
ENVI;1;51;9.507;42;-32;31.746;14.0522;35.7651;1.5897;0.3138;16.479;2.4248;1832.3
ENVI;1;51;9.507;42;-33;32.738;14.0551;35.7658;1.5723;0.2945;15.374;2.4234;1839.5
ENVI;1;51;9.507;42;-34;33.73;14.0506;35.766;1.657;0.277;13.988;2.4208;1836.6
ENVI;1;51;9.507;42;-35;34.722;14.049;35.766;1.5565;0.3082;12.823;2.4196;1841.4
ENVI;1;51;9.507;42;-36;35.714;14.043;35.7657;1.6166;0.3164;11.91;2.4188;1837.6
ENVI;1;51;9.507;42;-37;36.706;14.046;35.7659;1.4726;0.2967;11.13;2.418;1840.3
ENVI;1;51;9.507;42;-38;37.698;14.0466;35.7659;1.4633;0.2962;10.545;2.4182;1827.4
ENVI;1;51;9.507;42;-39;38.69;14.0422;35.7659;1.55;0.3029;9.3775;2.4182;1831.1
ENVI;1;51;9.507;42;-40;39.682;14.0393;35.7654;1.5566;0.3085;8.6167;2.4179;1850
ENVI;1;51;9.507;42;-41;40.674;14.0297;35.765;1.7444;0.3909;8.3959;2.4164;1838.9
ENVI;1;51;9.507;42;-42;41.666;14.022;35.765;1.6123;0.3054;7.7546;2.416;1819.6
ENVI;1;51;9.507;42;-43;42.658;14.0176;35.7649;1.6771;0.3088;6.9794;2.4152;1825.3
ENVI;1;51;9.507;42;-44;43.65;14.0171;35.7645;1.6284;0.2752;6.3723;2.415;1842
ENVI;1;51;9.507;42;-45;44.642;14.014;35.7646;1.6874;0.2741;6.1426;2.4146;1825.4
ENVI;1;51;9.507;42;-46;45.633;14.013;35.7646;1.6888;0.2985;5.5715;2.4138;1835.6
ENVI;1;51;9.507;42;-47;46.625;14.0113;35.7644;1.7525;0.3084;4.9913;2.4125;1847.2
ENVI;1;51;9.507;42;-48;47.617;14.0108;35.7641;1.5512;0.2755;4.6949;2.4126;1836.3
ENVI;1;51;9.507;42;-49;48.609;14.0047;35.7639;1.6127;0.2784;4.3986;2.412;1826.5
ENVI;1;51;9.507;42;-50;49.601;14.0026;35.7637;1.6277;0.2761;4.0534;2.4113;1824.4
ENVI;1;51;9.507;42;-51;50.593;13.9997;35.7635;1.6766;0.2916;3.7296;2.4102;1829.1
ENVI;1;51;9.507;42;-52;51.585;14.0025;35.7631;1.6259;0.2852;3.4221;2.4074;1840.2
ENVI;1;51;9.507;42;-53;52.577;13.9948;35.763;1.5569;0.2786;3.1074;2.4079;1836.7
ENVI;1;51;9.507;42;-54;53.569;13.9934;35.7628;1.5115;0.3011;2.9225;2.4079;1843.4
ENVI;1;51;9.507;42;-55;54.561;13.9916;35.7628;1.6732;0.2878;2.738;2.4075;1840.5
ENVI;1;51;9.507;42;-56;55.552;13.9923;35.7628;1.7472;0.3564;2.5238;2.407;1842.3
ENVI;1;51;9.507;42;-57;56.545;13.9918;35.7628;1.6657;0.3154;2.3276;2.4067;1851.3
ENVI;1;51;9.507;42;-58;57.536;13.992;35.7625;1.5246;0.2881;2.1281;2.4055;1848.8
ENVI;1;51;9.507;42;-59;58.528;13.9917;35.7628;1.6065;0.2753;1.9619;2.4047;1809.9
ENVI;1;51;9.507;42;-60;59.52;13.9918;35.7627;1.5226;0.2891;1.785;2.4045;1812.5
ENVI;1;51;9.507;42;-61;60.512;13.9926;35.7626;1.612;0.2944;1.658;2.4047;1835.7
ENVI;1;51;9.507;42;-62;61.504;13.9915;35.7627;1.6168;0.2882;1.565;2.4045;1828.4
ENVI;1;51;9.507;42;-63;62.495;13.9898;35.7625;1.5499;0.2977;1.422;2.4038;1835.3
ENVI;1;51;9.507;42;-64;63.487;13.9869;35.7621;1.5317;0.3004;1.3011;2.4035;1844.6
ENVI;1;51;9.507;42;-65;64.479;13.9892;35.7621;1.5435;0.2795;1.197;2.4044;1842.4
ENVI;1;51;9.507;42;-66;65.471;13.9852;35.7619;1.7667;0.2668;1.0692;2.4045;1805.6
ENVI;1;51;9.507;42;-67;66.463;13.9788;35.7615;1.5413;0.2792;1.0305;2.4042;1805.5
ENVI;1;51;9.507;42;-68;67.455;13.9789;35.7616;1.5308;0.2882;0.98208;2.4041;1810.4
ENVI;1;51;9.507;42;-69;68.446;13.9767;35.7612;1.5785;0.3171;0.94096;2.4039;1821.3
ENVI;1;51;9.507;42;-70;69.438;13.9772;35.7612;1.5645;0.2912;0.86505;2.4047;1867.7
ENVI;1;51;9.507;42;-71;70.43;13.9697;35.758;1.5493;0.2814;0.73136;2.4052;1831.3
ENVI;1;51;9.507;42;-72;71.422;13.9123;35.7476;1.5378;0.277;0.67408;2.4042;1803.3
ENVI;1;51;9.507;42;-73;72.414;13.911;35.7475;1.5173;0.2955;0.62533;2.4031;1801.3
ENVI;1;51;9.507;42;-74;73.405;13.9168;35.7492;1.6;0.3021;0.57795;2.4037;1804.1
ENVI;1;51;9.507;42;-75;74.397;13.9221;35.7514;1.6458;0.3094;0.54102;2.4048;1812.9
ENVI;1;51;9.507;42;-76;75.389;13.9291;35.7512;1.6566;0.2739;0.53024;2.406;1862.1
ENVI;1;51;9.507;42;-77;76.381;13.9288;35.7542;1.7709;0.2793;0.48566;2.406;1858.8
ENVI;1;51;9.507;42;-78;77.373;13.9291;35.7539;1.5853;0.2881;0.42677;2.4043;1854.9
ENVI;1;51;9.507;42;-79;78.364;13.9286;35.7538;1.5312;0.2802;0.37259;2.4015;1807.1
ENVI;1;51;9.507;42;-80;79.356;13.9279;35.7541;1.5112;0.2871;0.34134;2.4012;1801.4
ENVI;1;51;9.507;42;-81;80.348;13.9275;35.7541;1.5361;0.2898;0.3138;2.4006;1803.6
ENVI;1;51;9.507;42;-82;81.34;13.9262;35.754;1.5902;0.2952;0.29055;2.3998;1812.5
ENVI;1;51;9.507;42;-83;82.331;13.9267;35.7538;1.5481;0.2945;0.28432;2.3987;1834.7
ENVI;1;51;9.507;42;-84;83.323;13.9276;35.7536;1.4817;0.2631;0.26284;2.3988;1867
ENVI;1;51;9.507;42;-85;84.315;13.9275;35.7535;1.4634;0.2633;0.2219;2.399;1843.6
ENVI;1;51;9.507;42;-86;85.307;13.921;35.7529;1.3956;0.2954;0.2046;2.3983;1833.8
ENVI;1;51;9.507;42;-87;86.298;13.9166;35.7522;1.5451;0.302;0.1887;2.3981;1824
ENVI;1;51;9.507;42;-88;87.29;13.9121;35.7515;1.6192;0.3071;0.17558;2.3975;1815
ENVI;1;51;9.507;42;-89;88.282;13.9091;35.7509;1.7081;0.3023;0.16483;2.3972;1817.2
ENVI;1;51;9.507;42;-90;89.273;13.9051;35.7497;1.4331;0.2899;0.14937;2.397;1829.4
ENVI;1;51;9.507;42;-91;90.265;13.9021;35.7491;1.4907;0.2591;0.12463;2.3949;1851
ENVI;1;51;9.507;42;-92;91.257;13.8941;35.7478;1.4072;0.2818;0.11399;2.3949;1822.3
ENVI;1;51;9.507;42;-93;92.248;13.8928;35.7477;1.3974;0.2866;0.10084;2.3947;1824.3
ENVI;1;51;9.507;42;-94;93.24;13.892;35.7475;1.4101;0.2951;0.090662;2.3943;1829.9
ENVI;1;51;9.507;42;-95;94.232;13.8914;35.7475;1.3546;0.3002;0.082579;2.3935;1842.6
ENVI;1;51;9.507;42;-96;95.224;13.8977;35.7478;1.4356;0.2739;0.075806;2.393;1847.1
ENVI;1;51;9.507;42;-97;96.215;13.8925;35.7473;1.3515;0.274;0.068054;2.3933;1838.8
ENVI;1;51;9.507;42;-98;97.207;13.8915;35.7472;1.3244;0.2916;0.060225;2.3928;1838.4
ENVI;1;51;9.507;42;-99;98.199;13.8928;35.7472;1.3641;0.3373;0.055744;2.393;1844.7
ENVI;1;51;9.507;42;-100;99.19;13.8934;35.7471;1.425;0.2924;0.047748;2.3918;1859.3
ENVI;1;51;9.507;42;-101;100.182;13.8938;35.7473;1.3313;0.2842;0.038145;2.3899;1856.3
ENVI;1;51;9.507;42;-102;101.174;13.8938;35.7473;1.4984;0.3;0.030487;2.3901;1848.8
ENVI;1;51;9.507;42;-103;102.165;13.8941;35.7472;1.4547;0.3228;0.025747;2.3909;1843.9
ENVI;1;51;9.507;42;-104;103.157;13.891;35.7466;1.3295;0.3127;0.01933;2.391;1833.5
ENVI;1;51;9.507;42;-105;104.149;13.8895;35.7466;1.3467;0.2952;0.015114;2.3909;1823.5
ENVI;1;51;9.507;42;-106;105.14;13.8868;35.7462;1.3766;0.3002;0.011888;2.3904;1819.4
ENVI;1;51;9.507;42;-107;106.132;13.8881;35.7464;1.4327;0.3078;0.0051515;2.3894;1817.4
ENVI;1;51;9.507;42;-108;107.124;13.8873;35.7461;1.4098;0.2953;0.0015559;2.3888;1817.6
ENVI;1;51;9.507;42;-109;108.115;13.8822;35.7451;1.3918;0.2892;0.000088393;2.388;1822.6
ENVI;1;51;9.507;42;-110;109.107;13.8606;35.7432;1.3723;0.3124;8.35E-07;2.3875;1831.4
ENVI;1;51;9.507;42;-111;110.098;13.8557;35.7432;1.3773;0.313;1.00E-12;2.3864;1846.5
ENVI;1;51;9.507;42;-112;111.09;13.8521;35.7428;1.3586;0.3073;1.00E-12;2.3858;1860.9
ENVI;1;51;9.507;42;-113;112.082;13.8551;35.7429;1.3262;0.2633;1.00E-12;2.3865;1867.8
ENVI;1;51;9.507;42;-114;113.073;13.8437;35.7419;1.3341;0.2674;1.00E-12;2.386;1821.3
ENVI;1;51;9.507;42;-115;114.065;13.8385;35.7417;1.3347;0.2731;1.00E-12;2.3855;1811.5
ENVI;1;51;9.507;42;-116;115.056;13.8335;35.7416;1.2207;0.2984;1.00E-12;2.3848;1805.9
ENVI;1;51;9.507;42;-117;116.048;13.8267;35.7426;1.2113;0.3001;1.00E-12;2.384;1808
ENVI;1;51;9.507;42;-118;117.039;13.8149;35.7434;1.1643;0.2825;1.00E-12;2.3834;1812.8
ENVI;1;51;9.507;42;-119;118.031;13.8129;35.7433;1.1572;0.2817;1.00E-12;2.3822;1824.1
ENVI;1;51;9.507;42;-120;119.023;13.8118;35.7433;1.099;0.276;1.00E-12;2.3815;1836.2
ENVI;1;51;9.507;42;-121;120.014;13.8139;35.743;1.0367;0.2696;1.00E-12;2.38;1850.6
ENVI;1;51;9.507;42;-122;121.006;13.8138;35.7426;1.0144;0.2713;1.00E-12;2.3787;1859.6
ENVI;1;51;9.507;42;-123;121.997;13.812;35.7429;0.9984;0.2616;1.00E-12;2.3781;1864.2
ENVI;1;51;9.507;42;-124;122.989;13.8111;35.7435;1.02;0.2728;1.00E-12;2.3778;1870.3
ENVI;1;51;9.507;42;-125;123.981;13.8075;35.7434;1.0848;0.2996;1.00E-12;2.3774;1877.8
ENVI;1;51;9.507;42;-126;124.972;13.8032;35.743;1.0491;0.2907;1.00E-12;2.3768;1883.5
ENVI;1;51;9.507;42;-127;125.963;13.798;35.7426;0.9905;0.2768;1.00E-12;2.3762;1862.8
ENVI;1;51;9.507;42;-128;126.955;13.7945;35.7428;0.9612;0.2755;1.00E-12;2.3758;1832.9
ENVI;1;51;9.507;42;-129;127.947;13.7929;35.7426;0.9647;0.2586;1.00E-12;2.3753;1820
ENVI;1;51;9.507;42;-130;128.938;13.7886;35.7422;0.9632;0.2622;1.00E-12;2.3746;1816.8
ENVI;1;51;9.507;42;-131;129.929;13.7865;35.7419;0.9629;0.2718;1.00E-12;2.3738;1823.8
ENVI;1;51;9.507;42;-132;130.921;13.7863;35.7417;0.9376;0.2739;1.00E-12;2.3736;1833.2
ENVI;1;51;9.507;42;-133;131.913;13.7863;35.7417;0.9381;0.264;1.00E-12;2.374;1828.5
ENVI;1;51;9.507;42;-134;132.904;13.7863;35.7418;0.8871;0.2719;1.00E-12;2.3745;1826
ENVI;1;51;9.507;42;-135;133.896;13.7864;35.7421;0.8928;0.2742;1.00E-12;2.3742;1828.4
ENVI;1;51;9.507;42;-136;134.887;13.7866;35.7419;0.905;0.2762;1.00E-12;2.3739;1835.9
ENVI;1;51;9.507;42;-137;135.879;13.7867;35.742;0.8921;0.2765;1.00E-12;2.3733;1844.7
ENVI;1;51;9.507;42;-138;136.87;13.7866;35.742;0.8898;0.2761;1.00E-12;2.3723;1856.5
ENVI;1;51;9.507;42;-139;137.861;13.7865;35.7418;0.8822;0.2745;1.00E-12;2.3721;1869.8
ENVI;1;51;9.507;42;-140;138.853;13.7867;35.7418;0.9049;0.3047;1.00E-12;2.372;1879.6
ENVI;1;51;9.507;42;-141;139.844;13.7869;35.7418;0.9;0.2767;1.00E-12;2.3716;1882.3
ENVI;1;51;9.507;42;-142;140.836;13.787;35.7417;0.903;0.2761;1.00E-12;2.3716;1877
ENVI;1;51;9.507;42;-143;141.827;13.787;35.7417;0.9068;0.272;1.00E-12;2.3718;1848.4
ENVI;1;51;9.507;42;-144;142.819;13.787;35.7419;0.8888;0.2712;1.00E-12;2.372;1830.3
ENVI;1;51;9.507;42;-145;143.81;13.7871;35.742;0.8788;0.2643;1.00E-12;2.3714;1827.3
ENVI;1;51;9.507;42;-146;144.802;13.7872;35.7421;0.8666;0.2647;1.00E-12;2.3712;1822.2
ENVI;1;51;9.507;42;-147;145.793;13.7874;35.742;0.8589;0.2642;1.00E-12;2.3707;1817.2
ENVI;1;51;9.507;42;-148;146.785;13.7869;35.7423;0.8794;0.2639;1.00E-12;2.3702;1816.1
ENVI;1;51;9.507;42;-149;147.776;13.784;35.7427;0.875;0.2707;1.00E-12;2.37;1822.8
ENVI;1;51;9.507;42;-150;148.768;13.7811;35.743;0.8675;0.276;1.00E-12;2.3698;1836.2
ENVI;1;51;9.507;42;-151;149.759;13.7799;35.7434;0.8299;0.2558;1.00E-12;2.3689;1853.2
ENVI;1;51;9.507;42;-152;150.75;13.7792;35.7437;0.8138;0.2598;1.00E-12;2.3684;1870.7
ENVI;1;51;9.507;42;-153;151.742;13.779;35.744;0.801;0.2725;1.00E-12;2.3676;1882.6
ENVI;1;51;9.507;42;-154;152.733;13.7781;35.7443;0.7938;0.2733;1.00E-12;2.3658;1890.4
ENVI;1;51;9.507;42;-155;153.725;13.7765;35.7444;0.7688;0.2692;1.00E-12;2.3641;1889.9
ENVI;1;51;9.507;42;-156;154.716;13.7753;35.7445;0.781;0.2529;1.00E-12;2.3635;1880.7
ENVI;1;51;9.507;42;-157;155.707;13.777;35.7454;0.745;0.2576;1.00E-12;2.3622;1853.5
ENVI;1;51;9.507;42;-158;156.699;13.7788;35.746;0.6725;0.2519;1.00E-12;2.3608;1827.9
ENVI;1;51;9.507;42;-159;157.69;13.7798;35.7463;0.6811;0.2546;1.00E-12;2.3598;1819.4
ENVI;1;51;9.507;42;-160;158.681;13.7812;35.7467;0.7026;0.258;1.00E-12;2.3589;1814.8
ENVI;1;51;9.507;42;-161;159.673;13.7832;35.7473;0.7128;0.2578;1.00E-12;2.3572;1807.8
ENVI;1;51;9.507;42;-162;160.664;13.7868;35.7483;0.7033;0.2581;1.00E-12;2.3567;1806.1
ENVI;1;51;9.507;42;-163;161.656;13.7877;35.7486;0.7098;0.2618;1.00E-12;2.3562;1812.6
ENVI;1;51;9.507;42;-164;162.647;13.7882;35.7488;0.7136;0.2638;1.00E-12;2.3561;1826.2
ENVI;1;51;9.507;42;-165;163.638;13.7891;35.7491;0.7013;0.2582;1.00E-12;2.3545;1845.8
ENVI;1;51;9.507;42;-166;164.63;13.7887;35.7491;0.6928;0.2563;1.00E-12;2.3538;1867.1
ENVI;1;51;9.507;42;-167;165.621;13.786;35.7488;0.6837;0.252;1.00E-12;2.3526;1887.4
ENVI;1;51;9.507;42;-168;166.612;13.7845;35.7485;0.7242;0.2494;1.00E-12;2.3515;1895.5
ENVI;1;51;9.507;42;-169;167.604;13.7842;35.7487;0.6676;0.2273;1.00E-12;2.3508;1873.9
ENVI;1;51;9.507;42;-170;168.595;13.7842;35.7492;0.7624;0.2523;1.00E-12;2.3503;1855
ENVI;1;51;9.507;42;-171;169.586;13.7887;35.7523;0.7021;0.2467;1.00E-12;2.3496;1835.3
ENVI;1;51;9.507;42;-172;170.578;13.78;35.7576;0.6;0.246;1.00E-12;2.3484;1819
ENVI;1;51;9.507;42;-173;171.569;13.76;35.7618;0.5118;0.2461;1.00E-12;2.3447;1811
ENVI;1;51;9.507;42;-174;172.56;13.7359;35.7677;0.5006;0.2391;1.00E-12;2.3395;1808.1
ENVI;1;51;9.507;42;-175;173.552;13.6997;35.7802;0.4163;0.234;1.00E-12;2.3327;1814.5
ENVI;1;51;9.507;42;-176;174.543;13.6723;35.7866;0.2545;0.2225;1.00E-12;2.324;1825.5
ENVI;1;51;9.507;42;-177;175.534;13.6502;35.789;0.2363;0.2217;1.00E-12;2.3124;1837.8
ENVI;1;51;9.507;42;-178;176.526;13.6208;35.791;0.2214;0.2181;1.00E-12;2.301;1847.6
ENVI;1;51;9.507;42;-179;177.517;13.5597;35.7898;0.211;0.2149;1.00E-12;2.2911;1853.6
ENVI;1;51;9.507;42;-180;178.508;13.53;35.794;0.1062;0.215;1.00E-12;2.2836;1861.1
ENVI;1;51;9.507;42;-181;179.499;13.5276;35.7962;0.0968;0.2141;1.00E-12;2.2762;1867.1
ENVI;1;51;9.507;42;-182;180.49;13.5375;35.8012;0.0643;0.2088;1.00E-12;2.2692;1879
ENVI;1;51;9.507;42;-183;181.482;13.5545;35.809;0.0648;0.2065;1.00E-12;2.2615;1889.9
ENVI;1;51;9.507;42;-184;182.473;13.5652;35.7986;0.0962;0.1964;1.00E-12;2.2336;1853.9
ENVI;1;51;9.507;42;-185;183.464;13.5515;35.8131;0.1404;0.2071;1.00E-12;2.2299;1791.4
ENVI;1;51;9.507;42;-186;184.456;13.5176;35.8166;0.066;0.2033;1.00E-12;2.2308;1787.7
ENVI;1;51;9.507;42;-187;185.447;13.4495;35.8239;0.0415;0.1963;1.00E-12;2.2307;1789.8
ENVI;1;51;9.507;42;-188;186.438;13.3637;35.8229;0.0041;0.1846;1.00E-12;2.2276;1793.8
ENVI;1;51;9.507;42;-189;187.429;13.3241;35.8226;-0.0325;0.1938;1.00E-12;2.2217;1802.1
ENVI;1;51;9.507;42;-190;188.421;13.2766;35.8177;-0.063;0.2034;1.00E-12;2.2123;1815.4
ENVI;1;51;9.507;42;-191;189.412;13.2242;35.8108;-0.0763;0.1809;1.00E-12;2.1989;1838.2
ENVI;1;51;9.507;42;-192;190.403;13.1895;35.8058;-0.077;0.1734;1.00E-12;2.1823;1875.6
ENVI;1;51;9.507;42;-193;191.394;13.1636;35.8026;-0.0735;0.1725;1.00E-12;2.1704;1905
ENVI;1;51;9.507;42;-194;192.385;13.157;35.801;-0.055;0.1576;1.00E-12;2.1622;1910.4
ENVI;1;51;9.507;42;-195;193.377;13.151;35.7995;-0.0697;0.173;1.00E-12;2.1556;1902.9
ENVI;1;51;9.507;42;-196;194.368;13.1389;35.7971;-0.0745;0.1722;1.00E-12;2.1496;1877.7
ENVI;1;51;9.507;42;-197;195.359;13.1201;35.7949;-0.0691;0.167;1.00E-12;2.1461;1842.3
ENVI;1;51;9.507;42;-198;196.35;13.0777;35.7901;-0.075;0.1723;1.00E-12;2.1441;1818.2
ENVI;1;51;9.507;42;-199;197.341;13.0655;35.7878;-0.0758;0.1783;1.00E-12;2.1419;1807.2
ENVI;1;51;9.507;42;-200;198.333;13.0558;35.7864;-0.0743;0.1784;1.00E-12;2.1398;1807.5
ENVI;1;51;9.507;42;-201;199.324;13.0492;35.7846;-0.0758;0.1812;1.00E-12;2.1377;1825.2
ENVI;1;51;9.507;42;-202;200.315;13.0626;35.7849;-0.078;0.1616;1.00E-12;2.135;1872.4
ENVI;1;51;9.507;42;-203;201.306;13.0266;35.7797;-0.0791;0.1619;1.00E-12;2.1327;1869.7
ENVI;1;51;9.507;42;-204;202.297;13.0139;35.7787;-0.0751;0.1725;1.00E-12;2.1308;1844
ENVI;1;51;9.507;42;-205;203.288;12.9997;35.7778;-0.0831;0.1776;1.00E-12;2.1296;1834.9
ENVI;1;51;9.507;42;-206;204.28;12.9846;35.7779;-0.089;0.1775;1.00E-12;2.1291;1832.9
ENVI;1;51;9.507;42;-207;205.271;12.9717;35.7767;-0.0861;0.1724;1.00E-12;2.1278;1837.6
ENVI;1;51;9.507;42;-208;206.262;12.9704;35.7762;-0.0818;0.1723;1.00E-12;2.1268;1849.2
ENVI;1;51;9.507;42;-209;207.253;12.9545;35.7737;-0.0822;0.1749;1.00E-12;2.1258;1866
ENVI;1;51;9.507;42;-210;208.244;12.9571;35.7734;-0.0837;0.1598;1.00E-12;2.1252;1876.3
ENVI;1;51;9.507;42;-211;209.235;12.9384;35.7707;-0.0765;0.1578;1.00E-12;2.1245;1866.9
ENVI;1;51;9.507;42;-212;210.226;12.9095;35.767;-0.0765;0.1609;1.00E-12;2.1241;1861.8
ENVI;1;51;9.507;42;-213;211.218;12.8891;35.766;-0.0859;0.1721;1.00E-12;2.123;1861.4
ENVI;1;51;9.507;42;-214;212.209;12.883;35.7656;-0.0873;0.1709;1.00E-12;2.1215;1864.9
ENVI;1;51;9.507;42;-215;213.2;12.8787;35.7652;-0.0938;0.1663;1.00E-12;2.1207;1871.2
ENVI;1;51;9.507;42;-216;214.191;12.874;35.7646;-0.0829;0.1631;1.00E-12;2.1199;1879.6
ENVI;1;51;9.507;42;-217;215.182;12.8791;35.7646;-0.088;0.1616;1.00E-12;2.1182;1889.1
ENVI;1;51;9.507;42;-218;216.173;12.868;35.7647;-0.0775;0.1569;1.00E-12;2.1172;1892.6
ENVI;1;51;9.507;42;-219;217.164;12.8486;35.7628;-0.0812;0.1568;1.00E-12;2.1167;1888.8
ENVI;1;51;9.507;42;-220;218.156;12.8099;35.7578;-0.0873;0.1663;1.00E-12;2.1156;1878.6
ENVI;1;51;9.507;42;-221;219.147;12.7964;35.756;-0.0919;0.153;1.00E-12;2.1143;1871
ENVI;1;51;9.507;42;-222;220.138;12.7801;35.7537;-0.0953;0.1608;1.00E-12;2.1134;1864.6
ENVI;1;51;9.507;42;-223;221.128;12.7659;35.7516;-0.093;0.1722;1.00E-12;2.1125;1856.6
ENVI;1;51;9.507;42;-224;222.12;12.7505;35.7499;-0.0859;0.1563;1.00E-12;2.1118;1848.7
ENVI;1;51;9.507;42;-225;223.111;12.7393;35.7481;-0.0912;0.1553;1.00E-12;2.1108;1839.6
ENVI;1;51;9.507;42;-226;224.102;12.7261;35.7464;-0.0938;0.166;1.00E-12;2.1096;1832.6
ENVI;1;51;9.507;42;-227;225.093;12.7162;35.7451;-0.0884;0.1584;1.00E-12;2.1072;1798.5
ENVI;1;51;9.507;42;-228;226.084;12.7041;35.7422;-0.0827;0.1476;1.00E-12;2.1047;1589.7
ENVI;1;51;9.507;42;-229;227.075;12.6879;35.7403;-0.0838;0.1513;1.00E-12;2.1034;1358.3
ENVI;1;51;9.507;42;-230;228.066;12.6807;35.7392;-0.0759;0.1555;1.00E-12;2.1025;1256.8
ENVI;1;51;9.507;42;-231;229.057;12.6629;35.7365;-0.0883;0.16;1.00E-12;2.1018;1218.9
ENVI;1;51;9.507;42;-232;230.048;12.6427;35.7345;-0.0921;0.1601;1.00E-12;2.1009;1217.4
ENVI;1;51;9.507;42;-233;231.039;12.6354;35.7335;-0.0954;0.1601;1.00E-12;2.0999;1237.7
ENVI;1;51;9.507;42;-234;232.03;12.6228;35.7313;-0.0841;0.1661;1.00E-12;2.099;1278.7
ENVI;1;51;9.507;42;-235;233.021;12.5987;35.7284;-0.0861;0.1624;1.00E-12;2.098;1310
ENVI;1;51;9.507;42;-236;234.012;12.5751;35.7255;-0.0878;0.1567;1.00E-12;2.0965;1308.9
ENVI;1;51;9.507;42;-237;235.003;12.5614;35.7235;-0.0816;0.1564;1.00E-12;2.0951;1336
ENVI;1;51;9.507;42;-238;235.994;12.5504;35.7216;-0.0732;0.1601;1.00E-12;2.094;1384.9
ENVI;1;51;9.507;42;-239;236.985;12.5453;35.7203;-0.0819;0.1593;1.00E-12;2.0925;1377.6
ENVI;1;51;9.507;42;-240;237.976;12.5352;35.7185;-0.0772;0.1537;1.00E-12;2.0918;1259.6
ENVI;1;51;9.507;42;-241;238.967;12.514;35.7159;-0.0883;0.154;1.00E-12;2.092;1157.3
ENVI;1;51;9.507;42;-242;239.958;12.5019;35.7144;-0.0864;0.1554;1.00E-12;2.092;1112
ENVI;1;51;9.507;42;-243;240.949;12.4863;35.7125;-0.0853;0.16;1.00E-12;2.0919;1100.3
ENVI;1;51;9.507;42;-244;241.94;12.4779;35.7116;-0.0915;0.1601;1.00E-12;2.0918;1117.1
ENVI;1;51;9.507;42;-245;242.931;12.4701;35.7105;-0.089;0.1617;1.00E-12;2.0914;1179.7
ENVI;1;51;9.507;42;-246;243.922;12.4671;35.7099;-0.0749;0.1637;1.00E-12;2.091;1317.1
ENVI;1;51;9.507;42;-247;244.913;12.4607;35.7087;-0.0835;0.1601;1.00E-12;2.0908;1498.5
ENVI;1;51;9.507;42;-248;245.904;12.4584;35.7083;-0.0853;0.1563;1.00E-12;2.0902;1597.7
ENVI;1;51;9.507;42;-249;246.895;12.4573;35.7079;-0.0834;0.1664;1.00E-12;2.0893;1604.2
ENVI;1;51;9.507;42;-250;247.886;12.455;35.7075;-0.0994;0.1637;1.00E-12;2.0892;1628
ENVI;1;51;9.507;42;-251;248.877;12.4542;35.7073;-0.0853;0.1545;1.00E-12;2.0889;1651.5
ENVI;1;51;9.507;42;-252;249.868;12.4539;35.7069;-0.0875;0.1533;1.00E-12;2.088;1746
ENVI;1;51;9.507;42;-253;250.859;12.4528;35.7069;-0.0983;0.1544;1.00E-12;2.0877;1747.9
ENVI;1;61;9.708;42;-1;0.992;14.1025;34.0142;1.496;2.987;51.42;2.1814;359.43
ENVI;1;61;9.708;42;-2;1.984;14.1155;34.7901;1.0415;0.2746;32.662;2.1963;387.94
ENVI;1;61;9.708;42;-3;2.976;14.1146;34.9166;1.0754;0.2908;28.782;2.1999;351.74
ENVI;1;61;9.708;42;-4;3.969;14.1139;34.999;1.093;0.2839;25.557;2.221;342.19
ENVI;1;61;9.708;42;-5;4.961;13.7055;32.09;1.104;1.831;26.1;2.212;623.92
ENVI;1;61;9.708;42;-6;5.953;14.0189;33.846;1.0744;-0.0921;22.482;2.3074;249.66
ENVI;1;61;9.708;42;-7;6.945;14.1152;35.7473;1.114;0.2759;18.905;2.4161;182.43
ENVI;1;61;9.708;42;-8;7.937;14.1171;35.771;1.09;0.2786;17.946;2.4161;182.56
ENVI;1;61;9.708;42;-9;8.929;14.1171;35.7712;1.0799;0.2629;16.819;2.4153;181.47
ENVI;1;61;9.708;42;-10;9.921;14.1173;35.7713;1.0943;0.2831;15.108;2.4152;179.87
ENVI;1;61;9.708;42;-11;10.913;14.1175;35.7712;1.0374;0.2867;13.474;2.4151;179.54
ENVI;1;61;9.708;42;-12;11.905;14.1198;35.7711;1.0702;0.2734;12.408;2.4154;182.93
ENVI;1;61;9.708;42;-13;12.897;14.1191;35.7711;1.0543;0.2632;11.649;2.4152;188.76
ENVI;1;61;9.708;42;-14;13.89;14.1201;35.7713;1.064;0.2798;10.399;2.4151;187.52
ENVI;1;61;9.708;42;-15;14.882;14.1194;35.7714;1.066;0.2886;9.0598;2.415;187.53
ENVI;1;61;9.708;42;-16;15.874;14.1182;35.7716;1.1139;0.2834;8.3296;2.4145;187.91
ENVI;1;61;9.708;42;-17;16.866;14.1194;35.7714;1.1018;0.2983;8.1743;2.4142;190.17
ENVI;1;61;9.708;42;-18;17.858;14.1213;35.7711;1.0709;0.2791;7.9457;2.4133;196.74
ENVI;1;61;9.708;42;-19;18.85;14.1218;35.7712;1.064;0.2792;7.6063;2.4134;204.56
ENVI;1;61;9.708;42;-20;19.842;14.1219;35.771;1.0754;0.2609;7.3398;2.4142;217.3
ENVI;1;61;9.708;42;-21;20.834;14.1189;35.7715;1.0964;0.2711;6.8875;2.4145;224.98
ENVI;1;61;9.708;42;-22;21.826;14.1191;35.7715;1.0724;0.2745;6.3707;2.4137;224.09
ENVI;1;61;9.708;42;-23;22.818;14.1165;35.7716;1.0676;0.28;5.9221;2.4132;222.46
ENVI;1;61;9.708;42;-24;23.81;14.1163;35.7714;1.0704;0.285;5.5748;2.4117;228.91
ENVI;1;61;9.708;42;-25;24.802;14.1156;35.7713;1.0933;0.2554;5.4175;2.409;256.95
ENVI;1;61;9.708;42;-26;25.794;14.1156;35.7714;0.9782;0.2751;5.4362;2.4072;272.22
ENVI;1;61;9.708;42;-27;26.786;14.1178;35.7715;1.0718;0.2661;5.045;2.4058;280.57
ENVI;1;61;9.708;42;-28;27.778;14.1176;35.7715;1.1287;0.2901;4.6458;2.4055;287.56
ENVI;1;61;9.708;42;-29;28.77;14.1156;35.7715;1.0688;0.3002;4.3964;2.4053;291
ENVI;1;61;9.708;42;-30;29.762;14.1145;35.7713;0.8684;0.2499;4.2314;2.4046;271.58
ENVI;1;61;9.708;42;-31;30.754;14.1128;35.7715;0.9759;0.2486;3.9314;2.403;253.55
ENVI;1;61;9.708;42;-32;31.746;14.1127;35.7715;0.938;0.2749;3.6145;2.4024;251.72
ENVI;1;61;9.708;42;-33;32.738;14.1126;35.7715;0.9135;0.2751;3.35;2.401;249.82
ENVI;1;61;9.708;42;-34;33.73;14.1126;35.7714;0.8643;0.274;3.0988;2.399;254.4
ENVI;1;61;9.708;42;-35;34.722;14.1123;35.7714;0.8251;0.2649;2.9063;2.3975;265.81
ENVI;1;61;9.708;42;-36;35.714;14.1122;35.7715;0.8172;0.2528;2.776;2.3965;255.17
ENVI;1;61;9.708;42;-37;36.706;14.1117;35.7717;0.8553;0.268;2.6203;2.3971;242.99
ENVI;1;61;9.708;42;-38;37.698;14.1115;35.7717;0.901;0.2751;2.4319;2.3971;240.8
ENVI;1;61;9.708;42;-39;38.69;14.1107;35.7718;0.8009;0.275;2.2739;2.3967;239.16
ENVI;1;61;9.708;42;-40;39.682;14.1107;35.7717;0.8094;0.2752;2.1634;2.3961;235.98
ENVI;1;61;9.708;42;-41;40.674;14.1105;35.7716;0.8009;0.2745;2.0528;2.3953;226.68
ENVI;1;61;9.708;42;-42;41.666;14.1107;35.7718;0.8032;0.2753;1.9261;2.395;208.8
ENVI;1;61;9.708;42;-43;42.658;14.1107;35.7717;0.7978;0.2665;1.7642;2.3947;194.01
ENVI;1;61;9.708;42;-44;43.65;14.1107;35.7716;0.806;0.254;1.5679;2.3934;184.74
ENVI;1;61;9.708;42;-45;44.642;14.1107;35.7718;0.8162;0.2482;1.4223;2.3932;181.46
ENVI;1;61;9.708;42;-46;45.634;14.1107;35.7719;0.8219;0.264;1.3389;2.3932;180.67
ENVI;1;61;9.708;42;-47;46.625;14.1106;35.7718;0.8455;0.2761;1.2659;2.3934;179.52
ENVI;1;61;9.708;42;-48;47.617;14.1099;35.7719;0.8242;0.2741;1.2051;2.393;177.81
ENVI;1;61;9.708;42;-49;48.609;14.1092;35.7721;0.8023;0.2728;1.1642;2.3927;176.69
ENVI;1;61;9.708;42;-50;49.601;14.1092;35.7721;0.8336;0.2583;1.1138;2.3919;176.69
ENVI;1;61;9.708;42;-51;50.593;14.1091;35.772;0.8313;0.273;1.0383;2.3915;178.5
ENVI;1;61;9.708;42;-52;51.585;14.1091;35.7719;0.7908;0.2559;0.92305;2.3908;166.1
ENVI;1;61;9.708;42;-53;52.577;14.1084;35.7723;0.8167;0.257;0.82369;2.3918;143.94
ENVI;1;61;9.708;42;-54;53.569;14.1079;35.7725;0.7957;0.2522;0.76305;2.3919;146.2
ENVI;1;61;9.708;42;-55;54.56;14.1078;35.7727;0.8267;0.2725;0.70005;2.3914;150.43
ENVI;1;61;9.708;42;-56;55.553;14.1073;35.773;0.8096;0.2761;0.6665;2.3906;162.18
ENVI;1;61;9.708;42;-57;56.544;14.1092;35.7721;0.7507;0.241;0.67848;2.3891;166.35
ENVI;1;61;9.708;42;-58;57.536;14.1081;35.7729;0.7974;0.2717;0.62946;2.3903;164.69
ENVI;1;61;9.708;42;-59;58.528;14.1072;35.7738;0.8316;0.2638;0.59211;2.3901;168.98
ENVI;1;61;9.708;42;-60;59.52;14.1072;35.7739;0.8024;0.2674;0.54678;2.3898;169.5
ENVI;1;61;9.708;42;-61;60.512;14.1071;35.7739;0.7949;0.2757;0.50887;2.3892;162.73
ENVI;1;61;9.708;42;-62;61.504;14.1069;35.7741;0.7766;0.2761;0.47555;2.3882;148.41
ENVI;1;61;9.708;42;-63;62.496;14.1068;35.7741;0.8231;0.2638;0.44194;2.3877;142.15
ENVI;1;61;9.708;42;-64;63.487;14.1069;35.7741;0.7938;0.2828;0.41325;2.3882;146.47
ENVI;1;61;9.708;42;-65;64.479;14.1073;35.7738;0.814;0.2546;0.37266;2.3881;160.53
ENVI;1;61;9.708;42;-66;65.471;14.1074;35.7739;0.7967;0.2643;0.34724;2.3881;157.73
ENVI;1;61;9.708;42;-67;66.463;14.1077;35.7741;0.8109;0.2646;0.32924;2.388;157.6
ENVI;1;61;9.708;42;-68;67.455;14.1079;35.7742;0.8179;0.2696;0.30408;2.388;157.61
ENVI;1;61;9.708;42;-69;68.446;14.1078;35.7742;0.8216;0.2737;0.28395;2.3878;158.55
ENVI;1;61;9.708;42;-70;69.438;14.1079;35.7743;0.8319;0.272;0.26055;2.3872;159.59
ENVI;1;61;9.708;42;-71;70.43;14.1079;35.7742;0.8361;0.2738;0.23706;2.3868;159.76
ENVI;1;61;9.708;42;-72;71.422;14.1078;35.7743;0.7921;0.2644;0.2161;2.3864;161
ENVI;1;61;9.708;42;-73;72.414;14.108;35.774;0.757;0.2417;0.21935;2.3853;157.39
ENVI;1;61;9.708;42;-74;73.405;14.1077;35.774;0.7456;0.233;0.19493;2.3861;155.45
ENVI;1;61;9.708;42;-75;74.397;14.1062;35.7742;0.7351;0.245;0.17045;2.3865;155.08
ENVI;1;61;9.708;42;-76;75.389;14.105;35.7743;0.8703;0.2751;0.15833;2.3859;154.48
ENVI;1;61;9.708;42;-77;76.381;14.1045;35.7743;0.8349;0.264;0.14518;2.3852;151.16
ENVI;1;61;9.708;42;-78;77.373;14.1036;35.7744;0.8588;0.2642;0.13841;2.3848;149.56
ENVI;1;61;9.708;42;-79;78.364;14.1012;35.7749;0.8786;0.301;0.12909;2.3847;150.27
ENVI;1;61;9.708;42;-80;79.356;14.1013;35.7749;0.8738;0.3028;0.12386;2.3839;153.49
ENVI;1;61;9.708;42;-81;80.348;14.1016;35.775;0.8889;0.2841;0.1165;2.3839;155.59
ENVI;1;61;9.708;42;-82;81.34;14.1016;35.7757;0.9071;0.2827;0.10957;2.384;154.71
ENVI;1;61;9.708;42;-83;82.331;14.1011;35.7771;0.9201;0.288;0.09736;2.384;151.58
ENVI;1;61;9.708;42;-84;83.323;14.1017;35.7766;0.8698;0.2468;0.081684;2.3837;150.35
ENVI;1;61;9.708;42;-85;84.315;14.0989;35.7791;0.8547;0.2597;0.067161;2.3848;137.61
ENVI;1;61;9.708;42;-86;85.307;14.098;35.7804;0.8391;0.2517;0.057956;2.3826;140.45
ENVI;1;61;9.708;42;-87;86.298;14.0983;35.7822;0.7624;0.252;0.050826;2.3804;149.45
ENVI;1;61;9.708;42;-88;87.29;14.0959;35.7833;0.8414;0.2589;0.047836;2.3794;149.16
ENVI;1;61;9.708;42;-89;88.282;14.096;35.7849;0.8132;0.2585;0.044566;2.3789;146.98
ENVI;1;61;9.708;42;-90;89.273;14.0872;35.7909;0.7534;0.2545;0.042477;2.3774;145.71
ENVI;1;61;9.708;42;-91;90.265;14.0793;35.7936;0.6387;0.248;0.039082;2.3734;146.47
ENVI;1;61;9.708;42;-92;91.257;14.0661;35.7969;0.5603;0.222;0.035636;2.3657;148.47
ENVI;1;61;9.708;42;-93;92.249;14.0493;35.7998;0.5523;0.2265;0.029665;2.3623;147.02
ENVI;1;61;9.708;42;-94;93.24;14.0338;35.8015;0.5242;0.2319;0.023948;2.3566;142.75
ENVI;1;61;9.708;42;-95;94.232;14.0291;35.8018;0.4612;0.2311;0.021193;2.3477;137.26
ENVI;1;61;9.708;42;-96;95.224;14.0268;35.802;0.4927;0.2143;0.012344;2.3445;137.66
ENVI;1;61;9.708;42;-97;96.215;14.0134;35.8034;0.4344;0.2074;0.010447;2.337;142.36
ENVI;1;61;9.708;42;-98;97.207;13.9899;35.8061;0.4945;0.2026;0.0080664;2.3311;144.96
ENVI;1;61;9.708;42;-99;98.199;13.9;35.8227;0.3913;0.2028;0.0054284;2.3328;143.63
ENVI;1;61;9.708;42;-100;99.19;13.8923;35.8239;0.3184;0.2038;0.00074227;2.3317;143.64
ENVI;1;61;9.708;42;-101;100.182;13.8874;35.8243;0.2794;0.2105;0.00008505;2.3226;144.03
ENVI;1;61;9.708;42;-102;101.174;13.8534;35.8292;0.2516;0.2078;-0.0000029;2.302;144.83
ENVI;1;61;9.708;42;-103;102.165;13.8043;35.8368;0.2295;0.2075;1.00E-12;2.2907;142.3
ENVI;1;61;9.708;42;-104;103.157;13.7975;35.8371;0.2001;0.2012;1.00E-12;2.2812;139.7
ENVI;1;61;9.708;42;-105;104.149;13.7901;35.8378;0.1621;0.2061;1.00E-12;2.2684;139.77
ENVI;1;61;9.708;42;-106;105.14;13.7906;35.8368;0.1563;0.1973;1.00E-12;2.2493;140.75
ENVI;1;61;9.708;42;-107;106.132;13.7872;35.8368;0.2263;0.1866;1.00E-12;2.241;137.9
ENVI;1;61;9.708;42;-108;107.123;13.781;35.8379;0.2155;0.1959;1.00E-12;2.2404;140.29
ENVI;1;61;9.708;42;-109;108.115;13.7798;35.8378;0.1888;0.2027;1.00E-12;2.2399;141.63
ENVI;1;61;9.708;42;-110;109.107;13.7785;35.838;0.1508;0.223;1.00E-12;2.2388;141.65
ENVI;1;61;9.708;42;-111;110.098;13.7726;35.8386;0.1503;0.2078;1.00E-12;2.2369;140.28
ENVI;1;61;9.708;42;-112;111.09;13.7512;35.8418;0.1231;0.208;1.00E-12;2.2351;139.66
ENVI;1;61;9.708;42;-113;112.082;13.7356;35.8435;0.1007;0.1941;1.00E-12;2.2322;140.44
ENVI;1;61;9.708;42;-114;113.073;13.7285;35.8437;0.0992;0.1817;1.00E-12;2.2238;141.19
ENVI;1;61;9.708;42;-115;114.065;13.7176;35.8438;0.1214;0.1835;1.00E-12;2.2185;135.77
ENVI;1;61;9.708;42;-116;115.056;13.71;35.8444;0.0682;0.1931;1.00E-12;2.2159;133.52
ENVI;1;61;9.708;42;-117;116.048;13.6677;35.8475;0.0576;0.1884;1.00E-12;2.2142;135.35
ENVI;1;61;9.708;42;-118;117.04;13.5675;35.8429;0.0381;0.1946;1.00E-12;2.2127;135.78
ENVI;1;61;9.708;42;-119;118.031;13.4987;35.8351;0.0019;0.2033;1.00E-12;2.2098;137.43
ENVI;1;61;9.708;42;-120;119.023;13.4654;35.8355;-0.0155;0.1842;1.00E-12;2.2041;137.66
ENVI;1;61;9.708;42;-121;120.014;13.4655;35.8349;-0.0219;0.174;1.00E-12;2.1895;138.49
ENVI;1;61;9.708;42;-122;121.006;13.3902;35.8324;0.0139;0.1608;1.00E-12;2.1824;137.64
ENVI;1;61;9.708;42;-123;121.997;13.3598;35.8352;-0.0497;0.1552;1.00E-12;2.1807;137.66
ENVI;1;61;9.708;42;-124;122.989;13.3443;35.8339;-0.0537;0.1929;1.00E-12;2.1764;136.52
ENVI;1;61;9.708;42;-125;123.981;13.326;35.8314;-0.0755;0.1725;1.00E-12;2.1716;133.85
ENVI;1;61;9.708;42;-126;124.972;13.3142;35.8304;-0.0526;0.1911;1.00E-12;2.1683;131.6
ENVI;1;61;9.708;42;-127;125.964;13.2983;35.8281;-0.0666;0.1824;1.00E-12;2.1656;133.6
ENVI;1;61;9.708;42;-128;126.955;13.2543;35.8191;-0.0762;0.1732;1.00E-12;2.1604;137.24
ENVI;1;61;9.708;42;-129;127.946;13.1834;35.8137;-0.0815;0.16;1.00E-12;2.1561;137.68
ENVI;1;61;9.708;42;-130;128.938;13.1724;35.8132;-0.0773;0.1736;1.00E-12;2.1548;137.66
ENVI;1;61;9.708;42;-131;129.93;13.1463;35.8085;-0.0758;0.1681;1.00E-12;2.1535;136.44
ENVI;1;61;9.708;42;-132;130.921;13.1082;35.8029;-0.0811;0.1816;1.00E-12;2.1515;134.68
ENVI;1;61;9.708;42;-133;131.913;13.0841;35.7989;-0.0832;0.17;1.00E-12;2.1497;134.39
ENVI;1;61;9.708;42;-134;132.904;13.0662;35.7965;-0.084;0.1661;1.00E-12;2.1489;136.66
ENVI;1;61;9.708;42;-135;133.896;13.0431;35.7924;-0.0802;0.1708;1.00E-12;2.1488;137.25
ENVI;1;61;9.708;42;-136;134.887;13.0032;35.7854;-0.0771;0.163;1.00E-12;2.1481;134.5
ENVI;1;61;9.708;42;-137;135.879;12.9694;35.7798;-0.0753;0.1696;1.00E-12;2.1466;134.35
ENVI;1;61;9.708;42;-138;136.87;12.9312;35.7737;-0.0907;0.1678;1.00E-12;2.1444;137.39
ENVI;1;61;9.708;42;-139;137.862;12.92;35.7717;-0.0877;0.1727;1.00E-12;2.143;136.39
ENVI;1;61;9.708;42;-140;138.853;12.9172;35.7708;-0.0892;0.1726;1.00E-12;2.1423;133.67
ENVI;1;61;9.708;42;-141;139.844;12.898;35.7678;-0.0884;0.1727;1.00E-12;2.141;132.14
ENVI;1;61;9.708;42;-142;140.836;12.8818;35.765;-0.0816;0.1586;1.00E-12;2.1387;134.89
ENVI;1;61;9.708;42;-143;141.827;12.8743;35.7639;-0.0808;0.1622;1.00E-12;2.1378;134.55
ENVI;1;61;9.708;42;-144;142.819;12.8677;35.7629;-0.0753;0.1683;1.00E-12;2.1377;131.84
ENVI;1;61;9.708;42;-145;143.81;12.8645;35.7623;-0.0753;0.1733;1.00E-12;2.1371;131.67
ENVI;1;61;9.708;42;-146;144.802;12.8626;35.7618;-0.0769;0.1699;1.00E-12;2.1363;133.47
ENVI;1;61;9.708;42;-147;145.793;12.8593;35.7612;-0.083;0.1689;1.00E-12;2.1355;135.55
ENVI;1;61;9.708;42;-148;146.785;12.8571;35.7611;-0.09;0.174;1.00E-12;2.1353;134.06
ENVI;1;61;9.708;42;-149;147.776;12.8531;35.7606;-0.0873;0.1855;1.00E-12;2.1348;133.64
ENVI;1;61;9.708;42;-150;148.768;12.8517;35.7604;-0.0917;0.1759;1.00E-12;2.1342;132.13
ENVI;1;61;9.708;42;-151;149.759;12.8505;35.76;-0.0867;0.1668;1.00E-12;2.1332;131.68
ENVI;1;61;9.708;42;-152;150.75;12.8495;35.7596;-0.0845;0.1701;1.00E-12;2.1325;133
ENVI;1;61;9.708;42;-153;151.742;12.8479;35.7594;-0.0756;0.1595;1.00E-12;2.1321;133.71
ENVI;1;61;9.708;42;-154;152.733;12.8456;35.759;-0.0762;0.1604;1.00E-12;2.1323;132.02
ENVI;1;61;9.708;42;-155;153.724;12.8388;35.758;-0.0878;0.1659;1.00E-12;2.1321;131.67
ENVI;1;61;9.708;42;-156;154.716;12.8345;35.7571;-0.0814;0.1707;1.00E-12;2.1317;131.67
ENVI;1;61;9.708;42;-157;155.707;12.8293;35.7561;-0.1012;0.1661;1.00E-12;2.1301;133.15
ENVI;1;61;9.708;42;-158;156.699;12.8233;35.7552;-0.0864;0.1662;1.00E-12;2.1296;132.26
ENVI;1;61;9.708;42;-159;157.69;12.8102;35.7533;-0.0901;0.1719;1.00E-12;2.1294;130.09
ENVI;1;61;9.708;42;-160;158.682;12.7926;35.7511;-0.0939;0.1678;1.00E-12;2.1293;129.94
ENVI;1;61;9.708;42;-161;159.673;12.7853;35.75;-0.0924;0.171;1.00E-12;2.1285;131.65
ENVI;1;61;9.708;42;-162;160.664;12.7774;35.7488;-0.093;0.1764;1.00E-12;2.1272;131.67
ENVI;1;61;9.708;42;-163;161.656;12.7224;35.7403;-0.0797;0.1692;1.00E-12;2.1255;131.67
ENVI;1;61;9.708;42;-164;162.647;12.706;35.7383;-0.0855;0.1753;1.00E-12;2.1238;131.67
ENVI;1;61;9.708;42;-165;163.639;12.709;35.7375;-0.0824;0.1716;1.00E-12;2.1234;130.33
ENVI;1;61;9.708;42;-166;164.629;12.6584;35.7302;-0.075;0.166;1.00E-12;2.1241;128.02
ENVI;1;61;9.708;42;-167;165.621;12.628;35.7279;-0.0945;0.1738;1.00E-12;2.1238;125.91
ENVI;1;61;9.708;42;-168;166.612;12.621;35.7267;-0.0958;0.1737;1.00E-12;2.1233;125.68
ENVI;1;61;9.708;42;-169;167.604;12.618;35.7261;-0.0908;0.1727;1.00E-12;2.123;126.99
ENVI;1;61;9.708;42;-170;168.595;12.6165;35.7253;-0.0877;0.1727;1.00E-12;2.1225;129.05
ENVI;1;61;9.708;42;-171;169.586;12.6096;35.7248;-0.0935;0.1727;1.00E-12;2.1225;130.84
ENVI;1;61;9.708;42;-172;170.578;12.6177;35.7247;-0.0874;0.1666;1.00E-12;2.1238;132.01
ENVI;1;61;9.708;42;-173;171.569;12.642;35.7267;-0.0917;0.1494;1.00E-12;2.1263;129.94
ENVI;1;61;9.708;42;-174;172.56;12.6098;35.7232;-0.0762;0.1538;1.00E-12;2.126;129.67
ENVI;1;61;9.708;42;-175;173.552;12.6073;35.723;-0.0878;0.1667;1.00E-12;2.1251;128.77
ENVI;1;61;9.708;42;-176;174.543;12.5975;35.7217;-0.0888;0.1662;1.00E-12;2.1251;126.99
ENVI;1;61;9.708;42;-177;175.534;12.5934;35.7214;-0.0789;0.172;1.00E-12;2.1248;125.67
ENVI;1;61;9.708;42;-178;176.526;12.5914;35.7211;-0.0789;0.1723;1.00E-12;2.1252;124.17
ENVI;1;61;9.708;42;-179;177.516;12.5925;35.7211;-0.0949;0.1727;1.00E-12;2.1247;124.55
ENVI;1;61;9.708;42;-180;178.508;12.5925;35.7208;-0.0958;0.1728;1.00E-12;2.1242;125.71
ENVI;1;61;9.708;42;-181;179.499;12.5832;35.72;-0.0948;0.1733;1.00E-12;2.1231;127.45
ENVI;1;61;9.708;42;-182;180.491;12.582;35.7201;-0.0957;0.1727;1.00E-12;2.1219;127.69
ENVI;1;61;9.708;42;-183;181.482;12.5817;35.7199;-0.091;0.1723;1.00E-12;2.1212;127.68
ENVI;1;61;9.708;42;-184;182.473;12.5816;35.7199;-0.0844;0.1689;1.00E-12;2.1212;127.68
ENVI;1;61;9.708;42;-185;183.464;12.5762;35.7193;-0.0774;0.1604;1.00E-12;2.1205;126.96
ENVI;1;61;9.708;42;-186;184.456;12.5699;35.7184;-0.0908;0.1648;1.00E-12;2.1198;126.44
ENVI;1;61;9.708;42;-187;185.447;12.5554;35.7165;-0.0876;0.1561;1.00E-12;2.1194;130.2
ENVI;1;61;9.708;42;-188;186.438;12.5556;35.7161;-0.0858;0.154;1.00E-12;2.1187;125.25
ENVI;1;61;9.708;42;-189;187.429;12.5493;35.7145;-0.0904;0.1573;1.00E-12;2.1185;121.65
ENVI;1;61;9.708;42;-190;188.421;12.5241;35.7125;-0.1014;0.1679;1.00E-12;2.1184;123.77
ENVI;1;61;9.708;42;-191;189.412;12.5124;35.7111;-0.1103;0.1728;1.00E-12;2.1179;125.32
ENVI;1;61;9.708;42;-192;190.403;12.5036;35.7102;-0.0872;0.1732;1.00E-12;2.1181;125.7
ENVI;1;61;9.708;42;-193;191.394;12.4966;35.7091;-0.0896;0.1709;1.00E-12;2.1173;124.66
ENVI;1;61;9.708;42;-194;192.385;12.4958;35.7089;-0.0869;0.1661;1.00E-12;2.1168;123.68
ENVI;1;61;9.708;42;-195;193.377;12.48;35.7066;-0.0852;0.1705;1.00E-12;2.1163;122.56
ENVI;1;61;9.708;42;-196;194.368;12.4489;35.7027;-0.0747;0.178;1.00E-12;2.1159;121.74
ENVI;1;61;9.708;42;-197;195.36;12.4059;35.6977;-0.0827;0.1727;1.00E-12;2.1155;122.63
ENVI;1;61;9.708;42;-198;196.351;12.3782;35.6958;-0.0896;0.1658;1.00E-12;2.1149;123.76
ENVI;1;61;9.708;42;-199;197.341;12.373;35.6944;-0.0902;0.1628;1.00E-12;2.115;123.69
ENVI;1;61;9.708;42;-200;198.333;12.3716;35.6939;-0.0941;0.1613;1.00E-12;2.1146;125.45
ENVI;1;61;9.708;42;-201;199.324;12.398;35.6945;-0.0905;0.1594;1.00E-12;2.1177;126.12
ENVI;1;61;9.708;42;-202;200.315;12.3911;35.6928;-0.0896;0.1692;1.00E-12;2.1202;120.36
ENVI;1;61;9.708;42;-203;201.306;12.3672;35.6918;-0.0954;0.1609;1.00E-12;2.1189;119.3
ENVI;1;61;9.708;42;-204;202.297;12.3664;35.6915;-0.0945;0.1664;1.00E-12;2.1185;117.77
ENVI;1;61;9.708;42;-205;203.289;12.3627;35.691;-0.0902;0.1662;1.00E-12;2.1179;119.63
ENVI;1;61;9.708;42;-206;204.28;12.3587;35.6906;-0.0858;0.1662;1.00E-12;2.1174;120.63
ENVI;1;61;9.708;42;-207;205.271;12.356;35.6903;-0.0747;0.1662;1.00E-12;2.1172;122.41
ENVI;1;61;9.708;42;-208;206.262;12.353;35.6901;-0.0826;0.164;1.00E-12;2.1169;123.69
ENVI;1;61;9.708;42;-209;207.253;12.3517;35.6898;-0.0849;0.1602;1.00E-12;2.1169;123.56
ENVI;1;61;9.708;42;-210;208.244;12.3502;35.6896;-0.0817;0.1557;1.00E-12;2.1163;121.71
ENVI;1;61;9.708;42;-211;209.235;12.3441;35.6888;-0.0754;0.1579;1.00E-12;2.1163;119.91
ENVI;1;61;9.708;42;-212;210.226;12.3389;35.6884;-0.0776;0.1637;1.00E-12;2.1163;119.7
ENVI;1;61;9.708;42;-213;211.217;12.3378;35.6882;-0.0914;0.1601;1.00E-12;2.116;122.36
ENVI;1;61;9.708;42;-214;212.209;12.3363;35.6879;-0.0907;0.1601;1.00E-12;2.1155;125.47
ENVI;1;61;9.708;42;-215;213.2;12.3338;35.6878;-0.0863;0.1624;1.00E-12;2.1154;123.87
ENVI;1;61;9.708;42;-216;214.191;12.3332;35.6876;-0.0868;0.1661;1.00E-12;2.1149;118.87
ENVI;1;61;9.708;42;-217;215.182;12.3323;35.6872;-0.0796;0.1613;1.00E-12;2.1141;115.57
ENVI;1;61;9.708;42;-218;216.173;12.3294;35.6869;-0.0934;0.1549;1.00E-12;2.1139;118.18
ENVI;1;61;9.708;42;-219;217.164;12.3202;35.6859;-0.0893;0.1588;1.00E-12;2.1135;120.68
ENVI;1;61;9.708;42;-220;218.155;12.3178;35.6857;-0.0781;0.1576;1.00E-12;2.1134;123.67
ENVI;1;61;9.708;42;-221;219.147;12.3183;35.6855;-0.0892;0.1788;1.00E-12;2.1127;123.08
ENVI;1;61;9.708;42;-222;220.137;12.3096;35.6845;-0.0903;0.1616;1.00E-12;2.1127;120.36
ENVI;1;61;9.708;42;-223;221.129;12.3063;35.684;-0.0867;0.1648;1.00E-12;2.1121;117.67
ENVI;1;61;9.708;42;-224;222.12;12.3027;35.6836;-0.0931;0.1668;1.00E-12;2.1117;117.71
ENVI;1;61;9.708;42;-225;223.111;12.2973;35.6827;-0.0935;0.1637;1.00E-12;2.1113;119.55
ENVI;1;61;9.708;42;-226;224.102;12.2975;35.6827;-0.0821;0.1695;1.00E-12;2.1114;121.74
ENVI;1;61;9.708;42;-227;225.093;12.2885;35.6814;-0.0888;0.1661;1.00E-12;2.1112;121.7
ENVI;1;61;9.708;42;-228;226.084;12.2808;35.6807;-0.0874;0.1609;1.00E-12;2.1109;121.57
ENVI;1;61;9.708;42;-229;227.075;12.2714;35.6795;-0.0864;0.1615;1.00E-12;2.1105;119.76
ENVI;1;61;9.708;42;-230;228.066;12.263;35.6787;-0.0886;0.1717;1.00E-12;2.1101;119.7
ENVI;1;61;9.708;42;-231;229.057;12.2627;35.6784;-0.0831;0.157;1.00E-12;2.1094;118.47
ENVI;1;61;9.708;42;-232;230.048;12.2571;35.6774;-0.0904;0.1577;1.00E-12;2.1101;121.04
ENVI;1;61;9.708;42;-233;231.039;12.2395;35.6754;-0.0882;0.1538;1.00E-12;2.1098;121.41
ENVI;1;61;9.708;42;-234;232.03;12.2248;35.6745;-0.0889;0.1691;1.00E-12;2.11;119.66
ENVI;1;61;9.708;42;-235;233.021;12.2254;35.6744;-0.0886;0.1708;1.00E-12;2.1095;119.7
ENVI;1;61;9.708;42;-236;234.012;12.2265;35.6743;-0.0958;0.1606;1.00E-12;2.1096;119.55
ENVI;1;61;9.708;42;-237;235.003;12.225;35.6741;-0.0939;0.1565;1.00E-12;2.1089;118.25
ENVI;1;61;9.708;42;-238;235.994;12.2245;35.6741;-0.0867;0.1476;1.00E-12;2.1082;117.69
ENVI;1;61;9.708;42;-239;236.985;12.2253;35.6739;-0.0798;0.1569;1.00E-12;2.1077;117.71
ENVI;1;61;9.708;42;-240;237.976;12.2259;35.6737;-0.0945;0.1512;1.00E-12;2.1073;120.77
ENVI;1;61;9.708;42;-241;238.967;12.2258;35.6737;-0.0859;0.1359;1.00E-12;2.1068;121.1
ENVI;1;61;9.708;42;-242;239.958;12.2264;35.6739;-0.1003;0.1508;1.00E-12;2.1065;118.79
ENVI;1;61;9.708;42;-243;240.949;12.227;35.6738;-0.1115;0.1612;1.00E-12;2.1066;117.4
ENVI;1;61;9.708;42;-244;241.94;12.2275;35.6738;-0.0902;0.1601;1.00E-12;2.1066;115.7
ENVI;1;61;9.708;42;-245;242.931;12.2277;35.6738;-0.0883;0.1593;1.00E-12;2.1062;115.71
ENVI;1;61;9.708;42;-246;243.922;12.2275;35.6738;-0.0894;0.1545;1.00E-12;2.106;116.95
ENVI;1;61;9.708;42;-247;244.913;12.2283;35.6734;-0.0926;0.1527;1.00E-12;2.1057;122.41
ENVI;1;61;9.708;42;-248;245.904;12.2276;35.6736;-0.0883;0.154;1.00E-12;2.1058;118.58
ENVI;1;61;9.708;42;-249;246.895;12.2276;35.6736;-0.0796;0.1589;1.00E-12;2.1054;117.7
ENVI;1;61;9.708;42;-250;247.886;12.2277;35.6736;-0.0839;0.1654;1.00E-12;2.1049;117.71
ENVI;1;61;9.708;42;-251;248.877;12.2269;35.6736;-0.0939;0.1711;1.00E-12;2.1049;118.94
ENVI;1;61;9.708;42;-252;249.868;12.2239;35.6732;-0.0884;0.155;1.00E-12;2.1046;119.66
ENVI;1;61;9.708;42;-253;250.858;12.2227;35.6728;-0.093;0.1596;1.00E-12;2.1041;122.38
