cruise;day;st;Longitude;Latitude;presion;depth;temp;sal;fluo;turb;par;oxig;PARsurf
ENVI;3;3;8.956;42;-4;3.969;12.9751;33.9624;2.1335;1.3488;1.3956;2.3097;8.1753
ENVI;3;3;8.956;42;-5;4.961;13.0739;34.1016;2.1062;1.5162;1.3008;2.5013;10.268
ENVI;3;3;8.956;42;-6;5.953;13.0749;34.0873;2.0806;1.685;0.94063;2.4738;9.9751
ENVI;3;3;8.956;42;-7;6.945;13.6195;34.415;2.2321;1.7205;0.71747;2.4802;9.9751
ENVI;3;3;8.956;42;-8;7.937;13.8941;34.6599;2.0617;1.5083;0.59645;2.4968;9.9751
ENVI;3;3;8.956;42;-9;8.929;13.9249;34.7576;1.9218;1.6097;0.47044;2.4895;9.9751
ENVI;3;3;8.956;42;-10;9.921;13.9125;34.8961;1.8187;1.5604;0.36183;2.4801;9.9751
ENVI;3;3;8.956;42;-11;10.913;13.9123;34.9788;1.8098;1.4819;0.28719;2.4611;9.9751
ENVI;3;3;8.956;42;-12;11.905;14.0182;35.1061;1.7419;1.533;0.23597;2.4477;9.9751
ENVI;3;3;8.956;42;-13;12.898;14.0226;35.15;1.6042;1.532;0.20711;2.4356;9.9751
ENVI;3;3;8.956;42;-14;13.889;14.0018;35.1931;1.409;1.2952;0.14689;2.419;9.9751
ENVI;3;3;8.956;42;-15;14.882;14.0926;35.2867;1.3594;1.5012;0.09409;2.4169;9.9751
ENVI;3;3;8.956;42;-16;15.874;13.98;35.3224;1.2409;1.501;0.075871;2.4153;9.9751
ENVI;3;3;8.956;42;-17;16.866;13.8921;35.356;1.1622;1.3453;0.067022;2.4029;9.9751
ENVI;3;3;8.956;42;-18;17.858;13.9128;35.3805;0.9284;1.1651;0.062389;2.4005;9.9751
ENVI;3;3;8.956;42;-19;18.85;13.9258;35.3897;0.8444;1.0763;0.048739;2.3996;9.9751
ENVI;3;3;8.956;42;-20;19.842;14.0242;35.4506;0.8385;1.1;0.029047;2.3998;9.9751
ENVI;3;3;8.956;42;-21;20.834;14.0886;35.4982;0.7897;1.0898;0.012503;2.4022;9.9751
ENVI;3;3;8.956;42;-22;21.826;14.0738;35.5152;0.7785;1.0385;0.0054127;2.3954;9.9751
ENVI;3;3;8.956;42;-23;22.818;14.0486;35.5351;0.6386;0.9802;0.0014216;2.3863;9.9751
ENVI;3;3;8.956;42;-24;23.81;14.0227;35.5386;0.6194;1.0229;0.00026915;2.3808;9.9751
ENVI;3;3;8.956;42;-25;24.802;13.9709;35.549;0.6107;1.1286;0.000019536;2.3763;9.9751
ENVI;3;3;8.956;42;-26;25.794;13.9331;35.5567;0.5054;0.9881;1.00E-12;2.3715;9.9751
ENVI;3;3;8.956;42;-27;26.786;13.9367;35.5769;0.4848;1.1164;1.00E-12;2.3689;9.9751
ENVI;3;3;8.956;42;-28;27.778;13.9837;35.5997;0.4761;1.1705;1.00E-12;2.366;9.9751
ENVI;3;3;8.956;42;-29;28.77;14.0014;35.6133;0.4424;1.1603;1.00E-12;2.3604;9.9751
ENVI;3;3;8.956;42;-30;29.762;14.025;35.6506;0.3942;1.2499;1.00E-12;2.3551;9.9751
ENVI;3;3;8.956;42;-31;30.754;13.9463;35.6427;0.3475;1.2769;1.00E-12;2.3437;9.9751
ENVI;3;3;8.956;42;-32;31.746;13.8593;35.6269;0.3551;1.2813;1.00E-12;2.336;9.9751
ENVI;3;3;8.956;42;-33;32.738;13.8053;35.6252;0.3449;1.3005;1.00E-12;2.3348;9.9751
ENVI;3;3;8.956;42;-34;33.73;13.7436;35.6244;0.3235;1.4153;1.00E-12;2.3336;9.9751
ENVI;3;3;8.956;42;-35;34.722;13.723;35.6345;0.3269;1.3967;1.00E-12;2.333;9.9751
ENVI;3;3;8.956;42;-36;35.714;13.7062;35.6468;0.2722;1.2457;1.00E-12;2.3288;9.9751
ENVI;3;3;8.956;42;-37;36.706;13.6981;35.655;0.2674;1.4066;1.00E-12;2.3245;9.9751
ENVI;3;3;8.956;42;-38;37.698;13.696;35.6609;0.2509;1.5851;1.00E-12;2.3217;9.9751
ENVI;3;3;8.956;42;-39;38.69;13.6569;35.6658;0.2712;1.6335;1.00E-12;2.3185;9.9751
ENVI;3;3;8.956;42;-40;39.682;13.6077;35.6796;0.2297;1.5345;1.00E-12;2.3127;9.9751
ENVI;3;3;8.956;42;-41;40.674;13.5946;35.6824;0.2203;1.4338;1.00E-12;2.3054;10.01
ENVI;3;3;8.956;42;-42;41.666;13.5723;35.6903;0.1749;1.4455;1.00E-12;2.2989;10.005
ENVI;3;3;8.956;42;-43;42.658;13.5712;35.7016;0.1612;1.4894;1.00E-12;2.2934;9.9732
ENVI;3;3;8.956;42;-44;43.65;13.5565;35.7158;0.1772;2.0035;1.00E-12;2.2908;9.9751
ENVI;3;3;8.956;42;-45;44.642;13.5298;35.7217;0.1715;2.3539;1.00E-12;2.2783;10.004
ENVI;3;3;8.956;42;-46;45.634;13.5184;35.7224;0.1628;1.9952;1.00E-12;2.2552;10.106
ENVI;3;3;8.956;42;-47;46.625;13.5044;35.7218;0.1534;2.4017;1.00E-12;2.2497;9.9757
ENVI;3;3;8.956;42;-48;47.618;13.4505;35.7208;0.1688;2.5448;1.00E-12;2.2453;10.038
ENVI;3;3;8.956;42;-49;48.609;13.3509;35.7192;0.1462;2.5356;1.00E-12;2.2405;9.9782
ENVI;3;3;8.956;42;-50;49.601;13.2937;35.7179;0.1058;1.7275;1.00E-12;2.2366;9.9751
ENVI;3;3;8.956;42;-51;50.593;13.1858;35.72;0.1121;1.9925;1.00E-12;2.2341;9.9751
ENVI;3;3;8.956;42;-52;51.585;13.1421;35.7191;0.1059;2.2103;1.00E-12;2.2259;10.047
ENVI;3;3;8.956;42;-53;52.577;13.0832;35.7193;0.1035;2.2137;1.00E-12;2.217;10.508
ENVI;3;3;8.956;42;-54;53.569;13.0027;35.7181;0.1031;2.5278;1.00E-12;2.2098;11.379
ENVI;3;3;8.956;42;-55;54.561;12.9108;35.7166;0.101;2.539;1.00E-12;2.2016;11.437
ENVI;3;3;8.956;42;-56;55.552;12.8045;35.7147;0.0917;2.2131;1.00E-12;2.188;11.552
ENVI;3;3;8.956;42;-57;56.544;12.673;35.7103;0.0972;1.9148;1.00E-12;2.1644;11.631
ENVI;3;3;8.956;42;-58;57.536;12.6067;35.7105;0.0785;2.4029;1.00E-12;2.155;11.441
ENVI;3;3;8.956;42;-59;58.528;12.5482;35.7093;0.0798;2.3776;1.00E-12;2.1426;11.766
ENVI;3;3;8.956;42;-60;59.52;12.5053;35.7088;0.0794;2.4579;1.00E-12;2.1329;11.974
ENVI;3;3;8.956;42;-61;60.512;12.3963;35.7089;0.0857;2.6821;1.00E-12;2.1264;11.97
ENVI;3;3;8.956;42;-62;61.504;12.2837;35.7075;0.0557;2.4849;1.00E-12;2.1204;11.97
ENVI;3;3;8.956;42;-63;62.496;12.2192;35.707;0.0671;2.4976;1.00E-12;2.1135;11.97
ENVI;3;3;8.956;42;-64;63.487;12.2821;35.7046;0.0427;1.8385;1.00E-12;2.0926;11.97
ENVI;3;3;8.956;42;-65;64.479;12.1547;35.7034;0.0385;2.1631;1.00E-12;2.089;11.97
ENVI;3;3;8.956;42;-66;65.471;12.0806;35.7022;0.0563;2.2825;1.00E-12;2.0835;11.97
ENVI;3;3;8.956;42;-67;66.463;12.0484;35.7009;0.0492;2.2951;1.00E-12;2.0769;11.97
ENVI;3;3;8.956;42;-68;67.455;11.9894;35.7006;0.0393;2.3249;1.00E-12;2.0698;11.97
ENVI;3;3;8.956;42;-69;68.447;11.9532;35.6995;0.0505;2.2301;1.00E-12;2.0611;11.97
ENVI;3;3;8.956;42;-70;69.438;12.0049;35.6968;0.022;1.576;1.00E-12;2.044;11.97
ENVI;3;3;8.956;42;-71;70.43;11.9321;35.6967;0.0353;2.0958;1.00E-12;2.0437;11.97
ENVI;3;3;8.956;42;-72;71.422;11.9065;35.6952;0.0348;1.7827;1.00E-12;2.0323;11.97
ENVI;3;3;8.956;42;-73;72.414;11.8773;35.694;0.0282;1.8957;1.00E-12;2.0265;11.97
ENVI;3;3;8.956;42;-74;73.406;11.8508;35.6942;0.0157;2.5447;1.00E-12;2.0277;11.97
ENVI;3;3;8.956;42;-75;74.397;11.8597;35.6933;0.0525;2.2992;1.00E-12;2.0209;11.97
ENVI;3;3;8.956;42;-76;75.389;11.8398;35.6927;0.0577;2.4833;1.00E-12;2.0192;11.97
ENVI;3;3;8.956;42;-77;76.381;11.7989;35.6916;0.0585;3.1017;1.00E-12;2.0187;11.97
ENVI;3;3;8.956;42;-78;77.373;11.7886;35.691;0.0628;3.8195;1.00E-12;2.0169;11.97
ENVI;3;3;8.956;42;-79;78.364;11.7801;35.6896;0.0783;4.4054;1.00E-12;2.0139;11.97
ENVI;3;3;8.956;42;-80;79.356;11.7707;35.6879;0.1021;5.5665;1.00E-12;2.009;11.97
ENVI;3;3;8.956;42;-81;80.348;11.8163;35.6897;0.1444;5.4902;1.00E-12;2.0032;11.97
ENVI;3;3;8.956;42;-82;81.34;11.76;35.6861;0.1361;7.1469;1.00E-12;2.0051;11.97
ENVI;3;3;8.956;42;-83;82.332;11.772;35.6862;0.1534;6.0856;1.00E-12;2.0005;11.978
ENVI;3;2;8.9145;42;-4;3.969;13.0276;32.339;1.919;1.8101;54.51;2.3714;360.5
ENVI;3;2;8.9145;42;-5;4.961;13.2092;34.131;1.9321;2.1582;45.031;2.4785;388.31
ENVI;3;2;8.9145;42;-6;5.953;13.555;34.72;1.2446;2.7509;33.31;2.4893;340.22
ENVI;3;2;8.9145;42;-7;6.945;13.9135;35.0874;1.1514;2.8598;25.282;2.4944;348.78
ENVI;3;2;8.9145;42;-8;7.937;13.9746;35.1818;1.0578;2.4378;18.929;2.4815;353.76
ENVI;3;2;8.9145;42;-9;8.929;13.9915;35.2258;0.9271;2.1292;16.072;2.4321;403.33
ENVI;3;2;8.9145;42;-10;9.921;13.9858;35.2362;0.868;2.1247;12.016;2.4063;397.84
ENVI;3;2;8.9145;42;-11;10.913;14.0111;35.2715;0.833;2.3353;8.8094;2.3968;378.35
ENVI;3;2;8.9145;42;-12;11.905;13.9739;35.3214;0.7357;2.2326;7.0646;2.3915;373
ENVI;3;2;8.9145;42;-13;12.897;13.9524;35.3567;0.6323;2.5507;6.1858;2.3813;367.51
ENVI;3;2;8.9145;42;-14;13.89;13.9481;35.3868;0.544;2.308;5.2274;2.3508;320.96
ENVI;3;2;8.9145;42;-15;14.882;13.9116;35.4113;0.5412;3.1165;3.6167;2.3432;323.54
ENVI;3;2;8.9145;42;-16;15.874;13.8987;35.4136;0.5687;3.5413;2.8643;2.3339;351.18
ENVI;3;2;8.9145;42;-17;16.866;13.8871;35.4167;0.5681;3.2815;2.4243;2.3212;379.35
ENVI;3;2;8.9145;42;-18;17.858;13.8666;35.4373;0.5354;3.0091;1.7621;2.3159;362.17
ENVI;3;2;8.9145;42;-19;18.85;13.8368;35.4549;0.5085;3.4773;1.3265;2.3138;368.29
ENVI;3;2;8.9145;42;-20;19.842;13.7817;35.4855;0.4618;3.4682;1.0817;2.3113;331.01
ENVI;3;2;8.9145;42;-21;20.834;13.7024;35.5739;0.3838;3.7167;0.74076;2.3114;311.67
ENVI;3;2;8.9145;42;-22;21.826;13.6997;35.599;0.3319;4.2369;0.55808;2.3076;319.51
ENVI;3;2;8.9145;42;-23;22.818;13.7089;35.6432;0.3317;4.2997;0.44821;2.2988;311.89
ENVI;3;2;8.9145;42;-24;23.81;13.6689;35.6816;0.2995;3.9517;0.33411;2.2843;335.21
ENVI;3;2;8.9145;42;-25;24.802;13.6336;35.6944;0.2761;3.5951;0.20452;2.2629;315.35
ENVI;3;2;8.9145;42;-26;25.794;13.6035;35.7064;0.2601;3.464;0.12888;2.2507;290.89
ENVI;3;2;8.9145;42;-27;26.786;13.587;35.7149;0.2561;3.6634;0.10124;2.2448;289.27
ENVI;3;2;8.9145;42;-28;27.778;13.5385;35.7289;0.2286;3.102;0.076358;2.2338;292.18
ENVI;3;2;8.9145;42;-29;28.77;13.4667;35.7337;0.2168;3.1004;0.041328;2.2239;287.81
ENVI;3;2;8.9145;42;-30;29.762;13.3232;35.7358;0.2036;3.2986;0.020758;2.2191;296.54
ENVI;3;2;8.9145;42;-31;30.754;13.2896;35.7402;0.1692;3.1808;0.0048005;2.2125;300.79
ENVI;3;2;8.9145;42;-32;31.746;13.2615;35.7401;0.162;2.431;-0.0003424;2.2029;303.47
ENVI;3;2;8.9145;42;-33;32.738;13.219;35.7376;0.1274;2.883;-7.47E-07;2.1972;305.77
ENVI;3;2;8.9145;42;-34;33.73;13.2065;35.7376;0.1375;3.1222;1.00E-12;2.194;292.87
ENVI;3;2;8.9145;42;-35;34.722;13.1891;35.7373;0.128;3.1465;1.00E-12;2.1902;281.82
ENVI;3;2;8.9145;42;-36;35.714;13.1666;35.7392;0.1529;2.8614;1.00E-12;2.186;296.84
ENVI;3;2;8.9145;42;-37;36.706;13.0593;35.739;0.1453;3.0071;1.00E-12;2.1808;303.48
ENVI;3;2;8.9145;42;-38;37.698;12.9301;35.7349;0.1286;3.5653;1.00E-12;2.1725;298.44
ENVI;3;2;8.9145;42;-39;38.69;12.9081;35.7327;0.1167;3.4467;1.00E-12;2.1605;305.94
ENVI;3;2;8.9145;42;-40;39.682;12.8933;35.7327;0.1303;3.5807;1.00E-12;2.1527;293.32
ENVI;3;2;8.9145;42;-41;40.674;12.8452;35.7335;0.1345;3.9865;1.00E-12;2.148;282.48
ENVI;3;2;8.9145;42;-42;41.666;12.8104;35.7324;0.1271;4.1192;1.00E-12;2.1422;283.24
ENVI;3;2;8.9145;42;-43;42.658;12.7104;35.7267;0.1387;3.1865;1.00E-12;2.1323;283.86
ENVI;3;2;8.9145;42;-44;43.65;12.637;35.7154;0.1153;2.5806;1.00E-12;2.1275;299.86
ENVI;3;2;8.9145;42;-45;44.642;12.5832;35.7125;0.1046;3.3002;1.00E-12;2.1279;294.58
ENVI;3;2;8.9145;42;-46;45.633;12.4998;35.7078;0.1065;2.6816;1.00E-12;2.1226;278.17
ENVI;3;2;8.9145;42;-47;46.625;12.3744;35.7012;0.1214;3.5272;1.00E-12;2.1181;286.92
ENVI;3;2;8.9145;42;-48;47.617;12.3547;35.6982;0.1712;4.0171;1.00E-12;2.0944;276.92
ENVI;3;2;8.9145;42;-49;48.609;12.2324;35.6926;0.1072;3.6437;1.00E-12;2.0944;299.9
ENVI;3;31;9.0395;42;-5;4.961;13.1156;34.3035;3.9991;1.1666;54.609;2.5006;559.71
ENVI;3;31;9.0395;42;-6;5.953;13.1367;34.2846;3.9323;1.295;41.597;2.4954;555.68
ENVI;3;31;9.0395;42;-7;6.945;13.1737;34.3267;4.1982;1.2842;30.036;2.4964;552
ENVI;3;31;9.0395;42;-8;7.937;13.1659;34.3227;4.2498;1.2574;22.004;2.4976;548.14
ENVI;3;31;9.0395;42;-9;8.929;13.1472;34.3078;4.2603;1.2378;18.176;2.4964;546.45
ENVI;3;31;9.0395;42;-10;9.921;13.1562;34.3218;4.3532;1.1679;14.221;2.496;556.89
ENVI;3;31;9.0395;42;-11;10.913;13.1695;34.3406;4.3955;1.1803;10.819;2.4961;560.74
ENVI;3;31;9.0395;42;-12;11.905;13.1912;34.3727;4.4764;1.215;9.2627;2.4962;558.44
ENVI;3;31;9.0395;42;-13;12.897;13.1944;34.3727;4.527;1.2702;7.3077;2.4969;556.94
ENVI;3;31;9.0395;42;-14;13.89;13.18;34.3419;4.4604;1.3162;5.6501;2.4964;552.57
ENVI;3;31;9.0395;42;-15;14.882;13.217;34.414;4.3699;1.2624;4.9036;2.4968;540.46
ENVI;3;31;9.0395;42;-16;15.874;13.2566;34.4599;4.3992;1.2449;4.0104;2.4977;544.95
ENVI;3;31;9.0395;42;-17;16.866;13.2969;34.5045;4.2816;1.065;3.0665;2.4993;560.51
ENVI;3;31;9.0395;42;-18;17.858;13.286;34.5047;4.3997;1.1947;2.7058;2.4981;562.03
ENVI;3;31;9.0395;42;-19;18.85;13.3176;34.5717;4.3766;1.2139;2.2742;2.4976;557.17
ENVI;3;31;9.0395;42;-20;19.842;13.321;34.5815;4.4532;1.2808;1.9455;2.4977;553.16
ENVI;3;31;9.0395;42;-21;20.834;13.4586;34.8752;4.1324;1.2611;1.6607;2.498;550.06
ENVI;3;31;9.0395;42;-22;21.826;13.4003;35.0956;3.7313;1.2622;1.409;2.4983;546.95
ENVI;3;31;9.0395;42;-23;22.818;13.3664;35.1561;3.609;1.2338;1.1644;2.4879;544.67
ENVI;3;31;9.0395;42;-24;23.81;13.3336;35.2738;2.9426;0.9474;0.97867;2.4709;553.45
ENVI;3;31;9.0395;42;-25;24.802;13.3485;35.39;2.6708;0.977;0.82426;2.4596;563.77
ENVI;3;31;9.0395;42;-26;25.794;13.3784;35.4339;1.8967;0.9603;0.80315;2.4502;558.05
ENVI;3;31;9.0395;42;-27;26.786;13.4533;35.507;1.7723;0.9725;0.71349;2.4448;554.58
ENVI;3;31;9.0395;42;-28;27.778;13.523;35.5644;1.3735;0.855;0.6225;2.4413;553.95
ENVI;3;31;9.0395;42;-29;28.77;13.5345;35.5934;0.955;0.6464;0.55457;2.429;543.7
ENVI;3;31;9.0395;42;-30;29.762;13.538;35.6113;0.8419;0.6052;0.51694;2.4128;544.23
ENVI;3;31;9.0395;42;-31;30.754;13.5362;35.6235;0.7354;0.5175;0.46659;2.402;558.26
ENVI;3;31;9.0395;42;-32;31.746;13.5256;35.6461;0.6623;0.4886;0.45578;2.3986;560.49
ENVI;3;31;9.0395;42;-33;32.738;13.5213;35.6512;0.6098;0.4778;0.41998;2.3968;560.4
ENVI;3;31;9.0395;42;-34;33.73;13.5173;35.6535;0.5834;0.4872;0.38733;2.3946;556.89
ENVI;3;31;9.0395;42;-35;34.722;13.5145;35.6548;0.5642;0.4822;0.35607;2.3933;546.03
ENVI;3;31;9.0395;42;-36;35.714;13.5091;35.6577;0.5172;0.4701;0.33581;2.3922;548.95
ENVI;3;31;9.0395;42;-37;36.706;13.4986;35.6623;0.4698;0.4372;0.32686;2.3911;553.99
ENVI;3;31;9.0395;42;-38;37.698;13.4964;35.6632;0.4281;0.3801;0.30938;2.3892;558.8
ENVI;3;31;9.0395;42;-39;38.69;13.4958;35.6639;0.4051;0.3646;0.28956;2.388;560.66
ENVI;3;31;9.0395;42;-40;39.682;13.4957;35.665;0.4079;0.3941;0.27255;2.3872;558.65
ENVI;3;31;9.0395;42;-41;40.674;13.496;35.6661;0.4052;0.3806;0.25134;2.3859;556.86
ENVI;3;31;9.0395;42;-42;41.666;13.4957;35.6675;0.3963;0.377;0.23954;2.3841;558.56
ENVI;3;31;9.0395;42;-43;42.658;13.4926;35.6709;0.3834;0.3541;0.23059;2.384;558.45
ENVI;3;31;9.0395;42;-44;43.65;13.487;35.6731;0.3833;0.415;0.22154;2.3835;556.65
ENVI;3;31;9.0395;42;-45;44.642;13.4837;35.6733;0.3716;0.3924;0.2152;2.3816;557.7
ENVI;3;31;9.0395;42;-46;45.634;13.4765;35.674;0.3417;0.3503;0.19618;2.3781;560.48
ENVI;3;31;9.0395;42;-47;46.626;13.468;35.6754;0.3082;0.3673;0.1725;2.376;565.32
ENVI;3;31;9.0395;42;-48;47.617;13.4659;35.6759;0.3076;0.3496;0.17008;2.3733;564.02
ENVI;3;31;9.0395;42;-49;48.609;13.4639;35.6762;0.2893;0.4216;0.15945;2.3724;562.55
ENVI;3;31;9.0395;42;-50;49.601;13.4613;35.6766;0.2984;0.3949;0.15355;2.3703;564.08
ENVI;3;31;9.0395;42;-51;50.593;13.4587;35.6768;0.3037;0.384;0.14817;2.3682;561.93
ENVI;3;31;9.0395;42;-52;51.585;13.4546;35.6775;0.2819;0.4121;0.13367;2.3665;558.76
ENVI;3;31;9.0395;42;-53;52.577;13.452;35.6779;0.2613;0.3779;0.12068;2.3633;563.58
ENVI;3;31;9.0395;42;-54;53.569;13.448;35.6786;0.2591;0.3938;0.11169;2.3621;569.23
ENVI;3;31;9.0395;42;-55;54.561;13.4449;35.6791;0.2519;0.396;0.10338;2.3609;569.89
ENVI;3;31;9.0395;42;-56;55.553;13.4344;35.6809;0.236;0.3975;0.098957;2.3594;568.52
ENVI;3;31;9.0395;42;-57;56.544;13.4225;35.6827;0.2202;0.4043;0.096134;2.3572;565.72
ENVI;3;31;9.0395;42;-58;57.536;13.4156;35.6832;0.1886;0.4459;0.092262;2.3545;561.41
ENVI;3;31;9.0395;42;-59;58.528;13.4081;35.6837;0.2168;0.4272;0.086385;2.3508;560.18
ENVI;3;31;9.0395;42;-60;59.52;13.397;35.6843;0.1822;0.3978;0.078927;2.3459;566.9
ENVI;3;31;9.0395;42;-61;60.512;13.3718;35.6861;0.165;0.4089;0.064771;2.3401;574.38
ENVI;3;31;9.0395;42;-62;61.504;13.3449;35.6878;0.1543;0.4289;0.064327;2.3342;578.54
ENVI;3;31;9.0395;42;-63;62.495;13.297;35.6911;0.1416;0.4953;0.061555;2.3309;575.9
ENVI;3;31;9.0395;42;-64;63.487;13.2582;35.6933;0.1442;0.5491;0.058459;2.3267;572.67
ENVI;3;31;9.0395;42;-65;64.479;13.2436;35.6935;0.1294;0.5917;0.051615;2.3206;568.65
ENVI;3;31;9.0395;42;-66;65.471;13.2146;35.6941;0.1295;0.6246;0.044171;2.308;566.21
ENVI;3;31;9.0395;42;-67;66.463;13.1964;35.6937;0.1154;0.543;0.035385;2.2876;577.49
ENVI;3;31;9.0395;42;-68;67.455;13.1804;35.6938;0.1084;0.6942;0.030685;2.2857;578.29
ENVI;3;31;9.0395;42;-69;68.447;13.1713;35.6937;0.1029;0.6602;0.027508;2.2799;578.21
ENVI;3;31;9.0395;42;-70;69.438;13.1634;35.6941;0.1118;0.7403;0.023981;2.2774;580.6
ENVI;3;31;9.0395;42;-71;70.43;13.1363;35.6938;0.105;0.8014;0.01769;2.2759;578.22
ENVI;3;31;9.0395;42;-72;71.422;13.0423;35.6968;0.1094;0.9082;0.012493;2.271;572.49
ENVI;3;31;9.0395;42;-73;72.414;12.9575;35.6938;0.0991;0.9137;0.0044668;2.2556;569.7
ENVI;3;31;9.0395;42;-74;73.406;12.8095;35.6921;0.0768;0.9497;0.0015562;2.2361;583.64
ENVI;3;31;9.0395;42;-75;74.397;12.6582;35.6926;0.0754;1.1028;0.000079982;2.2213;584.68
ENVI;3;31;9.0395;42;-76;75.389;12.6068;35.6921;0.0707;1.2735;7.99E-07;2.211;582.88
ENVI;3;31;9.0395;42;-77;76.381;12.5348;35.6924;0.0467;1.2184;1.00E-12;2.1918;580.52
ENVI;3;31;9.0395;42;-78;77.373;12.3887;35.6882;0.0519;0.9087;1.00E-12;2.1667;581.51
ENVI;3;31;9.0395;42;-79;78.364;12.2559;35.6902;0.0232;1.13;1.00E-12;2.1601;584.71
ENVI;3;31;9.0395;42;-80;79.356;12.2061;35.6888;-0.0071;1.189;1.00E-12;2.1511;585.82
ENVI;3;31;9.0395;42;-81;80.348;12.1608;35.6838;-0.04;0.9392;1.00E-12;2.132;584.61
ENVI;3;31;9.0395;42;-82;81.34;12.1303;35.6825;-0.033;1.1421;1.00E-12;2.1265;586.53
ENVI;3;31;9.0395;42;-83;82.331;12.0979;35.6789;-0.0654;1.1867;1.00E-12;2.1175;589.09
ENVI;3;31;9.0395;42;-84;83.323;12.0858;35.6771;-0.0622;1.5194;1.00E-12;2.1135;586.95
ENVI;3;31;9.0395;42;-85;84.315;12.0855;35.6765;-0.0709;1.4275;1.00E-12;2.1112;588.56
ENVI;3;31;9.0395;42;-86;85.307;12.0776;35.6752;-0.0553;1.5009;1.00E-12;2.1095;587.92
ENVI;3;31;9.0395;42;-87;86.298;12.0777;35.6742;-0.0562;1.3855;1.00E-12;2.1078;588.9
ENVI;3;31;9.0395;42;-88;87.29;12.0693;35.6732;-0.0714;1.1182;1.00E-12;2.107;595.48
ENVI;3;31;9.0395;42;-89;88.282;12.0566;35.6721;-0.0474;1.2402;1.00E-12;2.1066;598.57
ENVI;3;31;9.0395;42;-90;89.274;12.0523;35.6714;-0.0811;1.6072;1.00E-12;2.1059;598.25
ENVI;3;31;9.0395;42;-91;90.265;12.0511;35.671;-0.0702;1.7709;1.00E-12;2.1047;595.87
ENVI;3;31;9.0395;42;-92;91.257;12.0508;35.6707;-0.0746;1.7754;1.00E-12;2.1041;592.15
ENVI;3;31;9.0395;42;-93;92.249;12.0591;35.6706;-0.065;1.6823;1.00E-12;2.1034;591.78
ENVI;3;31;9.0395;42;-94;93.24;12.0622;35.6705;-0.0605;1.3434;1.00E-12;2.1037;608.22
ENVI;3;31;9.0395;42;-95;94.232;12.0505;35.6704;-0.0693;1.5878;1.00E-12;2.1033;605.74
ENVI;3;31;9.0395;42;-96;95.223;12.0513;35.6702;-0.0771;1.7414;1.00E-12;2.1028;604.52
ENVI;3;31;9.0395;42;-97;96.215;12.054;35.6698;-0.0703;1.6412;1.00E-12;2.1023;598.88
ENVI;3;31;9.0395;42;-98;97.207;12.0505;35.6697;-0.0748;1.4244;1.00E-12;2.1019;603.33
ENVI;3;31;9.0395;42;-99;98.199;12.0479;35.6694;-0.0762;1.8069;1.00E-12;2.1015;604.52
ENVI;3;31;9.0395;42;-100;99.19;12.0467;35.6692;-0.0683;1.9535;1.00E-12;2.101;604.49
ENVI;3;31;9.0395;42;-101;100.182;12.0419;35.6688;-0.0483;1.892;1.00E-12;2.1004;603.15
ENVI;3;31;9.0395;42;-102;101.174;12.0447;35.6685;-0.0656;1.8332;1.00E-12;2.1002;608.21
ENVI;3;31;9.0395;42;-103;102.165;12.0422;35.6683;-0.0544;1.818;1.00E-12;2.0998;622.29
ENVI;3;31;9.0395;42;-104;103.157;12.0377;35.6679;-0.0581;1.93;1.00E-12;2.0989;620.57
ENVI;3;31;9.0395;42;-105;104.149;12.0366;35.6677;-0.0727;2.1048;1.00E-12;2.0986;616.13
ENVI;3;31;9.0395;42;-106;105.14;12.0361;35.6675;-0.0587;2.1293;1.00E-12;2.098;607.46
ENVI;3;31;9.0395;42;-107;106.132;12.0364;35.6672;-0.0612;2.0769;1.00E-12;2.0983;601.94
ENVI;3;31;9.0395;42;-108;107.124;12.0366;35.6673;-0.0627;1.9959;1.00E-12;2.0979;623.85
ENVI;3;31;9.0395;42;-109;108.115;12.0369;35.6672;-0.064;2.1856;1.00E-12;2.0979;625.36
ENVI;3;31;9.0395;42;-110;109.107;12.036;35.6672;-0.0633;2.0423;1.00E-12;2.0978;625.99
ENVI;3;31;9.0395;42;-111;110.098;12.0363;35.6671;-0.0635;2.0744;1.00E-12;2.0976;625.3
ENVI;3;31;9.0395;42;-112;111.09;12.0364;35.6671;-0.0647;2.1144;1.00E-12;2.0975;619.42
ENVI;3;31;9.0395;42;-113;112.082;12.0361;35.6672;-0.0509;2.1812;1.00E-12;2.0968;618.85
ENVI;3;31;9.0395;42;-114;113.073;12.0355;35.6673;-0.0448;2.205;1.00E-12;2.0964;621.62
ENVI;3;31;9.0395;42;-115;114.065;12.0364;35.667;-0.0546;1.9194;1.00E-12;2.0956;626.66
ENVI;3;31;9.0395;42;-116;115.057;12.0358;35.6671;-0.0513;1.8421;1.00E-12;2.0952;648.96
ENVI;3;31;9.0395;42;-117;116.048;12.0364;35.6671;-0.0593;2.25;1.00E-12;2.095;637.09
ENVI;3;31;9.0395;42;-118;117.04;12.0364;35.6672;-0.0681;2.2595;1.00E-12;2.0945;631.24
ENVI;3;31;9.0395;42;-119;118.031;12.0365;35.6667;-0.0558;2.01;1.00E-12;2.0937;645.48
ENVI;3;32;9.1246;42;-4;3.969;13.2584;35.5179;2.051;0.6448;272.88;2.5113;1615.7
ENVI;3;32;9.1246;42;-5;4.961;13.1363;35.3561;2.1984;0.7752;224.19;2.4748;1632.2
ENVI;3;32;9.1246;42;-6;5.953;13.188;35.3942;2.3095;0.8139;187.26;2.4746;1634.1
ENVI;3;32;9.1246;42;-7;6.945;13.1436;35.3643;2.5823;0.7711;147.51;2.474;1625.5
ENVI;3;32;9.1246;42;-8;7.937;13.2744;35.4631;2.6778;0.7121;108.3;2.4743;1621.8
ENVI;3;32;9.1246;42;-9;8.929;13.4045;35.5476;2.3009;0.6518;96.558;2.48;1620.5
ENVI;3;32;9.1246;42;-10;9.921;13.4189;35.56;2.3093;0.5793;83.863;2.4667;1624.3
ENVI;3;32;9.1246;42;-11;10.913;13.4297;35.5718;2.201;0.5993;73.17;2.4601;1629.8
ENVI;3;32;9.1246;42;-12;11.905;13.4268;35.5744;2.2249;0.6233;63.478;2.4533;1627.8
ENVI;3;32;9.1246;42;-13;12.898;13.4269;35.5763;2.2236;0.6063;52.997;2.4492;1617
ENVI;3;32;9.1246;42;-14;13.89;13.4376;35.5808;2.0877;0.5947;46.333;2.4463;1621.1
ENVI;3;32;9.1246;42;-15;14.882;13.438;35.583;2.0422;0.5846;44.81;2.442;1620.7
ENVI;3;32;9.1246;42;-16;15.874;13.4913;35.6053;1.8445;0.6099;36.908;2.4418;1611.7
ENVI;3;32;9.1246;42;-17;16.866;13.4932;35.609;1.7827;0.6557;31.817;2.4401;1616.1
ENVI;3;32;9.1246;42;-18;17.858;13.4894;35.6093;1.8488;0.5445;31.77;2.4334;1622.6
ENVI;3;32;9.1246;42;-19;18.85;13.4845;35.6096;1.8672;0.5348;28.155;2.4289;1620.4
ENVI;3;32;9.1246;42;-20;19.842;13.4836;35.6115;1.8076;0.5975;21.781;2.4284;1614
ENVI;3;32;9.1246;42;-21;20.834;13.4971;35.6177;1.8501;0.5742;19.665;2.427;1614.1
ENVI;3;32;9.1246;42;-22;21.826;13.5162;35.6246;1.7261;0.5805;17.586;2.4267;1616.9
ENVI;3;32;9.1246;42;-23;22.818;13.4938;35.6143;1.6697;0.4869;18.673;2.4216;1615.6
ENVI;3;32;9.1246;42;-24;23.81;13.5155;35.6234;1.5853;0.527;16.48;2.4221;1616.4
ENVI;3;32;9.1246;42;-25;24.802;13.5213;35.6274;1.6342;0.5574;14.08;2.4231;1618.1
ENVI;3;32;9.1246;42;-26;25.794;13.5231;35.628;1.5884;0.5419;12.211;2.421;1618.7
ENVI;3;32;9.1246;42;-27;26.786;13.5336;35.6299;1.5839;0.5558;10.872;2.4189;1622.8
ENVI;3;32;9.1246;42;-28;27.778;13.5267;35.6286;1.6597;0.5698;10.302;2.4158;1618.4
ENVI;3;32;9.1246;42;-29;28.77;13.5278;35.629;1.6135;0.5322;9.685;2.4139;1614.9
ENVI;3;32;9.1246;42;-30;29.762;13.5351;35.6307;1.553;0.5418;8.7103;2.4144;1615.7
ENVI;3;32;9.1246;42;-31;30.754;13.541;35.6335;1.5062;0.5342;7.7417;2.4137;1609.8
ENVI;3;32;9.1246;42;-32;31.746;13.5433;35.635;1.4389;0.5166;6.823;2.4127;1615.7
ENVI;3;32;9.1246;42;-33;32.738;13.5433;35.6382;1.3217;0.4908;6.3022;2.409;1626.1
ENVI;3;32;9.1246;42;-34;33.73;13.5424;35.6396;1.3205;0.4992;5.7119;2.4037;1613.2
ENVI;3;32;9.1246;42;-35;34.722;13.541;35.6396;1.3361;0.5421;5.0147;2.4008;1610.4
ENVI;3;32;9.1246;42;-36;35.714;13.5389;35.6393;1.3961;0.5367;4.5449;2.3994;1613.8
ENVI;3;32;9.1246;42;-37;36.706;13.538;35.6392;1.3548;0.5299;4.2348;2.3991;1617.2
ENVI;3;32;9.1246;42;-38;37.698;13.5379;35.639;1.3484;0.5008;3.9885;2.3989;1618.6
ENVI;3;32;9.1246;42;-39;38.69;13.5339;35.6396;1.3907;0.4401;3.5352;2.3978;1616.5
ENVI;3;32;9.1246;42;-40;39.682;13.5245;35.6405;1.3066;0.5117;3.1145;2.397;1614.6
ENVI;3;32;9.1246;42;-41;40.674;13.5106;35.6411;1.3449;0.5402;2.7915;2.3959;1614
ENVI;3;32;9.1246;42;-42;41.666;13.5107;35.6424;1.3052;0.5303;2.6273;2.3943;1617.7
ENVI;3;32;9.1246;42;-43;42.658;13.5178;35.6457;1.3174;0.4621;2.5323;2.3943;1614.3
ENVI;3;32;9.1246;42;-44;43.65;13.5276;35.6546;1.2969;0.5072;2.1914;2.3947;1609.8
ENVI;3;32;9.1246;42;-45;44.642;13.5278;35.6551;1.1594;0.5411;1.9316;2.3938;1611.8
ENVI;3;32;9.1246;42;-46;45.633;13.5267;35.6535;1.042;0.5228;1.7674;2.3883;1614.8
ENVI;3;32;9.1246;42;-47;46.626;13.5263;35.6535;1.0385;0.4703;1.7251;2.3849;1610.2
ENVI;3;32;9.1246;42;-48;47.617;13.5255;35.656;1.0343;0.5196;1.5633;2.3848;1614.3
ENVI;3;32;9.1246;42;-49;48.609;13.5259;35.6559;1.0506;0.5626;1.3927;2.3835;1618.4
ENVI;3;32;9.1246;42;-50;49.601;13.5268;35.6564;1.0171;0.5514;1.2824;2.3829;1612.5
ENVI;3;32;9.1246;42;-51;50.593;13.5266;35.6557;1.0086;0.5243;1.1182;2.3813;1609.9
ENVI;3;32;9.1246;42;-52;51.585;13.5255;35.6599;1.0302;0.5581;1.0152;2.3822;1608.1
ENVI;3;32;9.1246;42;-53;52.577;13.5235;35.6604;0.9247;0.5732;0.93588;2.3815;1608.3
ENVI;3;32;9.1246;42;-54;53.569;13.5217;35.6608;0.9823;0.5486;0.88723;2.3788;1613.4
ENVI;3;32;9.1246;42;-55;54.561;13.5189;35.6652;0.8973;0.5805;0.84603;2.3771;1610.2
ENVI;3;32;9.1246;42;-56;55.552;13.5221;35.6673;0.8258;0.5982;0.76286;2.3757;1608.2
ENVI;3;32;9.1246;42;-57;56.544;13.523;35.6657;0.7689;0.5182;0.6616;2.3695;1619.2
ENVI;3;32;9.1246;42;-58;57.536;13.5009;35.6807;0.7705;0.5494;0.58586;2.37;1608.8
ENVI;3;32;9.1246;42;-59;58.528;13.4889;35.6844;0.7123;0.6825;0.52541;2.3696;1607.1
ENVI;3;32;9.1246;42;-60;59.52;13.4853;35.6853;0.5697;0.6671;0.47474;2.3672;1607.4
ENVI;3;32;9.1246;42;-61;60.512;13.4871;35.6846;0.5518;0.6655;0.42819;2.3628;1608.8
ENVI;3;32;9.1246;42;-62;61.504;13.4877;35.6834;0.5512;0.5568;0.44528;2.3478;1616
ENVI;3;32;9.1246;42;-63;62.496;13.4896;35.6831;0.6196;0.513;0.37061;2.3428;1616.1
ENVI;3;32;9.1246;42;-64;63.487;13.479;35.6845;0.5211;0.5654;0.32236;2.3431;1616
ENVI;3;32;9.1246;42;-65;64.479;13.4519;35.6874;0.5166;0.664;0.28584;2.3424;1616
ENVI;3;32;9.1246;42;-66;65.471;13.4383;35.688;0.5438;0.6612;0.26008;2.3403;1617.4
ENVI;3;32;9.1246;42;-67;66.463;13.4372;35.688;0.5464;0.7022;0.24862;2.3368;1614.7
ENVI;3;32;9.1246;42;-68;67.455;13.4439;35.6872;0.5572;0.6575;0.24853;2.3327;1613.7
ENVI;3;32;9.1246;42;-69;68.446;13.4607;35.6856;0.4908;0.538;0.20896;2.3324;1612.4
ENVI;3;32;9.1246;42;-70;69.438;13.4235;35.6931;0.515;0.594;0.17872;2.3333;1612
ENVI;3;32;9.1246;42;-71;70.43;13.4087;35.6977;0.4443;0.7082;0.15689;2.3318;1612.2
ENVI;3;32;9.1246;42;-72;71.422;13.4063;35.6985;0.4054;0.7129;0.13781;2.33;1614
ENVI;3;32;9.1246;42;-73;72.414;13.3996;35.7003;0.3692;0.7414;0.12485;2.3262;1615
ENVI;3;32;9.1246;42;-74;73.406;13.4105;35.6971;0.3951;0.6022;0.12989;2.3139;1606.6
ENVI;3;32;9.1246;42;-75;74.397;13.3525;35.7081;0.388;0.6208;0.11514;2.3146;1606.8
ENVI;3;32;9.1246;42;-76;75.389;13.296;35.7163;0.2933;0.7214;0.10032;2.3123;1612.5
ENVI;3;32;9.1246;42;-77;76.381;13.3332;35.7085;0.1319;0.7772;0.085842;2.2923;1620.4
ENVI;3;32;9.1246;42;-78;77.373;13.2611;35.7177;0.2002;0.7193;0.073783;2.2817;1620.1
ENVI;3;32;9.1246;42;-79;78.364;13.2509;35.7179;0.153;0.895;0.063459;2.2685;1619.4
ENVI;3;32;9.1246;42;-80;79.356;13.2382;35.7185;0.1215;0.9071;0.054452;2.2594;1618
ENVI;3;32;9.1246;42;-81;80.348;13.2089;35.7199;0.108;0.9104;0.045804;2.2541;1617.6
ENVI;3;32;9.1246;42;-82;81.34;13.1985;35.7193;0.0966;0.9135;0.042175;2.2467;1614.7
ENVI;3;32;9.1246;42;-83;82.331;13.1899;35.7187;0.1007;0.9316;0.035708;2.2407;1620.1
ENVI;3;32;9.1246;42;-84;83.323;13.1865;35.7192;0.0914;0.7983;0.025751;2.2368;1625.5
ENVI;3;32;9.1246;42;-85;84.315;13.1479;35.7196;0.0836;0.9006;0.018654;2.2364;1620
ENVI;3;32;9.1246;42;-86;85.306;13.1084;35.721;0.0606;0.8972;0.0107;2.2339;1617.5
ENVI;3;32;9.1246;42;-87;86.298;13.0911;35.7211;0.0527;0.881;0.0050251;2.2287;1623.3
ENVI;3;32;9.1246;42;-88;87.29;13.0668;35.7214;0.0624;1.0437;0.0020702;2.2203;1621.8
ENVI;3;32;9.1246;42;-89;88.282;13.0451;35.7217;0.0447;1.0228;0.00041103;2.2154;1617.8
ENVI;3;32;9.1246;42;-90;89.273;13.035;35.7212;0.0165;0.8057;0.000066289;2.2081;1627.8
ENVI;3;32;9.1246;42;-91;90.265;13.0033;35.7215;0.0182;0.7112;1.00E-12;2.2038;1621.3
ENVI;3;32;9.1246;42;-92;91.257;12.9603;35.7225;0.016;0.7767;1.00E-12;2.2034;1616.7
ENVI;3;32;9.1246;42;-93;92.249;12.9465;35.7232;-0.0046;0.8314;1.00E-12;2.2019;1619.5
ENVI;3;32;9.1246;42;-94;93.24;12.9405;35.7235;-0.0085;0.84;1.00E-12;2.1994;1625.3
ENVI;3;32;9.1246;42;-95;94.232;12.9348;35.723;-0.0084;0.7916;1.00E-12;2.1961;1631.6
ENVI;3;32;9.1246;42;-96;95.224;12.946;35.722;-0.0257;0.6608;1.00E-12;2.1874;1631.4
ENVI;3;32;9.1246;42;-97;96.215;12.9448;35.7213;-0.021;0.6188;1.00E-12;2.1865;1629.9
ENVI;3;32;9.1246;42;-98;97.207;12.8998;35.7228;-0.0199;0.6908;1.00E-12;2.186;1631
ENVI;3;32;9.1246;42;-99;98.199;12.8809;35.723;-0.0086;0.6898;1.00E-12;2.184;1631.8
ENVI;3;32;9.1246;42;-100;99.19;12.8506;35.7265;-0.0364;0.6651;1.00E-12;2.1785;1630.2
ENVI;3;32;9.1246;42;-101;100.182;12.7918;35.7249;-0.0344;0.5168;1.00E-12;2.1744;1634.4
ENVI;3;32;9.1246;42;-102;101.174;12.7226;35.7261;-0.054;0.4434;1.00E-12;2.1676;1633.3
ENVI;3;32;9.1246;42;-103;102.165;12.674;35.7215;-0.0694;0.3981;1.00E-12;2.1587;1627.2
ENVI;3;32;9.1246;42;-104;103.157;12.6473;35.7196;-0.0706;0.3637;1.00E-12;2.1541;1631.7
ENVI;3;32;9.1246;42;-105;104.149;12.6269;35.7176;-0.0763;0.3643;1.00E-12;2.15;1639.8
ENVI;3;32;9.1246;42;-106;105.14;12.6103;35.7161;-0.0761;0.36;1.00E-12;2.1473;1630.2
ENVI;3;32;9.1246;42;-107;106.132;12.5831;35.7142;-0.0707;0.3362;1.00E-12;2.1455;1623.5
ENVI;3;32;9.1246;42;-108;107.124;12.5618;35.7136;-0.076;0.3543;1.00E-12;2.1444;1626.6
ENVI;3;32;9.1246;42;-109;108.115;12.5781;35.713;-0.0734;0.3647;1.00E-12;2.1418;1633.9
ENVI;3;32;9.1246;42;-110;109.107;12.5831;35.713;-0.0826;0.3417;1.00E-12;2.1416;1630.1
ENVI;3;32;9.1246;42;-111;110.098;12.5164;35.7079;-0.0821;0.3847;1.00E-12;2.1412;1634.5
ENVI;3;32;9.1246;42;-112;111.09;12.4614;35.7057;-0.0722;0.3843;1.00E-12;2.139;1636.1
ENVI;3;32;9.1246;42;-113;112.082;12.48;35.7034;-0.0817;0.3479;1.00E-12;2.1347;1637.4
ENVI;3;32;9.1246;42;-114;113.073;12.4446;35.7035;-0.0827;0.3553;1.00E-12;2.1336;1623.5
ENVI;3;32;9.1246;42;-115;114.065;12.437;35.7022;-0.0796;0.3549;1.00E-12;2.1323;1623.6
ENVI;3;32;9.1246;42;-116;115.056;12.4171;35.7009;-0.0849;0.3711;1.00E-12;2.1306;1634.8
ENVI;3;32;9.1246;42;-117;116.048;12.4477;35.7016;-0.0677;0.3467;1.00E-12;2.1283;1638.6
ENVI;3;32;9.1246;42;-118;117.039;12.4106;35.7003;-0.0778;0.3459;1.00E-12;2.1295;1629.4
ENVI;3;32;9.1246;42;-119;118.031;12.4102;35.7;-0.0769;0.3325;1.00E-12;2.1283;1629.1
ENVI;3;32;9.1246;42;-120;119.023;12.402;35.6992;-0.0753;0.3254;1.00E-12;2.1272;1631
ENVI;3;32;9.1246;42;-121;120.014;12.3924;35.6979;-0.0747;0.3211;1.00E-12;2.1259;1636.9
ENVI;3;32;9.1246;42;-122;121.006;12.3718;35.6966;-0.0813;0.3298;1.00E-12;2.1253;1636
ENVI;3;32;9.1246;42;-123;121.997;12.3552;35.6946;-0.077;0.3354;1.00E-12;2.1247;1633.8
ENVI;3;32;9.1246;42;-124;122.989;12.3232;35.692;-0.0721;0.5107;1.00E-12;2.1241;1632.7
ENVI;3;32;9.1246;42;-125;123.98;12.2885;35.689;-0.072;0.6604;1.00E-12;2.1226;1638.3
ENVI;3;32;9.1246;42;-126;124.972;12.2435;35.6859;-0.0767;0.4234;1.00E-12;2.1195;1639.8
ENVI;3;32;9.1246;42;-127;125.963;12.2103;35.682;-0.0713;0.4818;1.00E-12;2.1172;1629.5
ENVI;3;32;9.1246;42;-128;126.955;12.2081;35.6814;-0.077;0.4932;1.00E-12;2.116;1636.7
ENVI;3;32;9.1246;42;-129;127.947;12.2089;35.6808;-0.0747;0.4161;1.00E-12;2.116;1634
ENVI;3;32;9.1246;42;-130;128.938;12.1896;35.6787;-0.0815;0.4943;1.00E-12;2.1152;1631.1
ENVI;3;32;9.1246;42;-131;129.93;12.1562;35.6763;-0.0684;0.4944;1.00E-12;2.114;1632.1
ENVI;3;32;9.1246;42;-132;130.921;12.1443;35.6752;-0.0756;0.5796;1.00E-12;2.1119;1633.5
ENVI;3;32;9.1246;42;-133;131.913;12.1289;35.6739;-0.0806;0.6094;1.00E-12;2.1108;1639
ENVI;3;32;9.1246;42;-134;132.904;12.1016;35.671;-0.0716;0.6206;1.00E-12;2.1086;1637.8
ENVI;3;32;9.1246;42;-135;133.896;12.0526;35.6661;-0.0695;0.7788;1.00E-12;2.1036;1638.8
ENVI;3;32;9.1246;42;-136;134.887;12.0344;35.6645;-0.0693;0.9554;1.00E-12;2.1005;1637.3
ENVI;3;32;9.1246;42;-137;135.879;12.0222;35.6639;-0.0731;1.1268;1.00E-12;2.0982;1637.5
ENVI;3;32;9.1246;42;-138;136.87;12.0214;35.6637;-0.0716;1.1235;1.00E-12;2.0969;1631.3
ENVI;3;32;9.1246;42;-139;137.861;12.0241;35.6633;-0.0735;1.1637;1.00E-12;2.0957;1641
ENVI;3;4;9.207;42;-5;4.961;13.7056;35.6378;1.0853;0.4;269.77;2.4419;1743.1
ENVI;3;4;9.207;42;-6;5.953;13.7098;35.6332;1.0061;0.4109;305.04;2.4424;1748.9
ENVI;3;4;9.207;42;-7;6.945;13.7007;35.6334;1.0697;0.4012;207.2;2.4421;1730.4
ENVI;3;4;9.207;42;-8;7.937;13.6973;35.6331;1.1494;0.4151;166.41;2.4416;1727.2
ENVI;3;4;9.207;42;-9;8.929;13.6905;35.6333;1.2724;0.4416;163.11;2.4404;1737.9
ENVI;3;4;9.207;42;-10;9.921;13.6939;35.6329;1.2798;0.4214;171.25;2.4385;1759.6
ENVI;3;4;9.207;42;-11;10.913;13.6783;35.6326;1.4323;0.3978;111.54;2.4375;1743.4
ENVI;3;4;9.207;42;-12;11.905;13.669;35.6327;1.4887;0.4266;107.37;2.4368;1720.2
ENVI;3;4;9.207;42;-13;12.898;13.6704;35.6328;1.5509;0.4626;107.62;2.4354;1725.6
ENVI;3;4;9.207;42;-14;13.89;13.6698;35.6327;1.6417;0.4274;90.746;2.4344;1736.1
ENVI;3;4;9.207;42;-15;14.882;13.6687;35.6325;1.5866;0.4231;92.962;2.4334;1750.4
ENVI;3;4;9.207;42;-16;15.874;13.6665;35.6325;1.5755;0.3827;83.515;2.4322;1742.3
ENVI;3;4;9.207;42;-17;16.866;13.6655;35.6323;1.644;0.4107;70.299;2.4317;1743.2
ENVI;3;4;9.207;42;-18;17.858;13.6624;35.632;1.6673;0.405;65.365;2.4311;1739
ENVI;3;4;9.207;42;-19;18.85;13.6622;35.632;1.6286;0.4164;58.492;2.431;1732
ENVI;3;4;9.207;42;-20;19.842;13.6598;35.6317;1.606;0.4282;52.498;2.4302;1736.4
ENVI;3;4;9.207;42;-21;20.834;13.6626;35.6316;1.6254;0.4171;49.106;2.4279;1746.5
ENVI;3;4;9.207;42;-22;21.826;13.6639;35.6322;1.6757;0.4254;47.818;2.428;1745.7
ENVI;3;4;9.207;42;-23;22.818;13.6634;35.6321;1.6505;0.429;41.018;2.4278;1744.2
ENVI;3;4;9.207;42;-24;23.81;13.6637;35.6321;1.658;0.4186;35.924;2.4271;1739.1
ENVI;3;4;9.207;42;-25;24.802;13.6623;35.632;1.597;0.426;32.401;2.4275;1739.5
ENVI;3;4;9.207;42;-26;25.794;13.6605;35.6316;1.6311;0.4312;29.267;2.4263;1742.1
ENVI;3;4;9.207;42;-27;26.786;13.66;35.6317;1.6327;0.3958;28.122;2.4253;1737.8
ENVI;3;4;9.207;42;-28;27.778;13.6614;35.6317;1.6193;0.4382;25.056;2.4244;1733.1
ENVI;3;4;9.207;42;-29;28.77;13.6602;35.6317;1.479;0.4359;22.589;2.423;1731
ENVI;3;4;9.207;42;-30;29.762;13.6565;35.6309;1.4069;0.4061;21.505;2.4215;1747.3
ENVI;3;4;9.207;42;-31;30.754;13.6496;35.6301;1.3774;0.4141;17.623;2.4215;1721.7
ENVI;3;4;9.207;42;-32;31.746;13.6466;35.6295;1.3046;0.4339;15.549;2.4213;1719.8
ENVI;3;4;9.207;42;-33;32.738;13.6426;35.6286;1.2463;0.4293;14.201;2.4191;1725.8
ENVI;3;4;9.207;42;-34;33.73;13.6406;35.6282;1.2325;0.4586;13.949;2.4157;1738.3
ENVI;3;4;9.207;42;-35;34.722;13.6383;35.6276;1.2623;0.428;14.51;2.4128;1745.1
ENVI;3;4;9.207;42;-36;35.714;13.6359;35.6273;1.2186;0.4252;12.496;2.4108;1741.7
ENVI;3;4;9.207;42;-37;36.706;13.6347;35.6272;1.1771;0.4084;10.31;2.4098;1738.9
ENVI;3;4;9.207;42;-38;37.698;13.634;35.627;1.1756;0.4545;9.6891;2.4103;1723
ENVI;3;4;9.207;42;-39;38.69;13.6322;35.6267;1.2386;0.4774;9.1708;2.41;1722.2
ENVI;3;4;9.207;42;-40;39.682;13.6301;35.6263;1.2122;0.4481;8.6263;2.4091;1734.7
ENVI;3;4;9.207;42;-41;40.674;13.6303;35.6259;1.1914;0.4052;8.315;2.4092;1743.8
ENVI;3;4;9.207;42;-42;41.666;13.6327;35.6264;1.1589;0.4095;7.2863;2.4093;1735.2
ENVI;3;4;9.207;42;-43;42.658;13.6287;35.6257;1.181;0.4403;6.5861;2.409;1733.9
ENVI;3;4;9.207;42;-44;43.65;13.6271;35.6255;1.2008;0.4498;5.9857;2.4087;1732.3
ENVI;3;4;9.207;42;-45;44.642;13.6264;35.6253;1.212;0.4594;5.5816;2.4081;1740.3
ENVI;3;4;9.207;42;-46;45.634;13.6267;35.6251;1.2029;0.4131;5.3221;2.4079;1743.9
ENVI;3;4;9.207;42;-47;46.626;13.6212;35.6245;1.2031;0.429;4.898;2.4091;1732.2
ENVI;3;4;9.207;42;-48;47.617;13.6145;35.6229;1.2187;0.4611;4.4209;2.408;1731.7
ENVI;3;4;9.207;42;-49;48.609;13.6044;35.6219;1.2607;0.4505;4.0179;2.4072;1734.9
ENVI;3;4;9.207;42;-50;49.601;13.6095;35.6223;1.3046;0.4355;3.7401;2.4067;1748
ENVI;3;4;9.207;42;-51;50.593;13.6029;35.6217;1.2939;0.4449;3.3423;2.4067;1730.7
ENVI;3;4;9.207;42;-52;51.585;13.6057;35.6226;1.2511;0.4567;3.0228;2.4063;1730.3
ENVI;3;4;9.207;42;-53;52.577;13.6089;35.623;1.2568;0.4557;2.7636;2.4053;1735.3
ENVI;3;4;9.207;42;-54;53.569;13.6094;35.6229;1.2705;0.4689;2.5689;2.4044;1744.5
ENVI;3;4;9.207;42;-55;54.561;13.6081;35.6224;1.2397;0.4443;2.4493;2.4032;1746.2
ENVI;3;4;9.207;42;-56;55.553;13.6112;35.6229;1.2236;0.4355;2.2188;2.4046;1745.8
ENVI;3;4;9.207;42;-57;56.544;13.6128;35.6242;1.1798;0.4316;1.9806;2.4048;1735.9
ENVI;3;4;9.207;42;-58;57.536;13.6118;35.6281;1.1589;0.4736;1.839;2.4039;1737.9
ENVI;3;4;9.207;42;-59;58.528;13.6077;35.6344;1.0289;0.4628;1.6968;2.4024;1745.6
ENVI;3;4;9.207;42;-60;59.52;13.6048;35.6396;0.881;0.4463;1.5905;2.3989;1740.5
ENVI;3;4;9.207;42;-61;60.512;13.6145;35.6444;0.8186;0.4749;1.4796;2.3959;1735.6
ENVI;3;4;9.207;42;-62;61.504;13.6116;35.6421;0.8059;0.4029;1.3374;2.3894;1746.2
ENVI;3;4;9.207;42;-63;62.495;13.5979;35.6442;0.7759;0.4161;1.1912;2.3882;1734.4
ENVI;3;4;9.207;42;-64;63.487;13.5679;35.6401;0.7957;0.4577;1.1051;2.3868;1734.1
ENVI;3;4;9.207;42;-65;64.479;13.5584;35.6391;0.7974;0.475;1.032;2.3849;1736.8
ENVI;3;4;9.207;42;-66;65.471;13.5575;35.6396;0.7877;0.4806;0.96472;2.3835;1740.9
ENVI;3;4;9.207;42;-67;66.463;13.5688;35.6401;0.7528;0.442;0.91358;2.3819;1746.1
ENVI;3;4;9.207;42;-68;67.455;13.5641;35.6429;0.7279;0.4964;0.7927;2.382;1737.6
ENVI;3;4;9.207;42;-69;68.446;13.5634;35.6436;0.722;0.4787;0.72358;2.381;1736.3
ENVI;3;4;9.207;42;-70;69.438;13.5636;35.6441;0.7243;0.4707;0.67993;2.3794;1733.7
ENVI;3;4;9.207;42;-71;70.43;13.5614;35.6441;0.7007;0.4649;0.64743;2.378;1737.2
ENVI;3;4;9.207;42;-72;71.422;13.5618;35.6438;0.7234;0.4652;0.62061;2.3767;1745.3
ENVI;3;4;9.207;42;-73;72.414;13.5596;35.6465;0.7068;0.5524;0.53682;2.3759;1732.2
ENVI;3;4;9.207;42;-74;73.406;13.5627;35.6496;0.6746;0.504;0.48765;2.3753;1734.7
ENVI;3;4;9.207;42;-75;74.397;13.5641;35.6519;0.6403;0.4939;0.44625;2.3737;1739.1
ENVI;3;4;9.207;42;-76;75.389;13.5635;35.6515;0.6077;0.4683;0.43246;2.37;1745.7
ENVI;3;4;9.207;42;-77;76.381;13.5625;35.654;0.5558;0.4405;0.40878;2.3687;1741
ENVI;3;4;9.207;42;-78;77.373;13.5646;35.6583;0.5807;0.5044;0.36964;2.3671;1740.6
ENVI;3;4;9.207;42;-79;78.364;13.5636;35.6634;0.5328;0.4917;0.33826;2.3652;1741.4
ENVI;3;4;9.207;42;-80;79.356;13.5637;35.6666;0.4714;0.4917;0.31157;2.3627;1741.8
ENVI;3;4;9.207;42;-81;80.348;13.5686;35.669;0.449;0.486;0.29132;2.3593;1742.4
ENVI;3;4;9.207;42;-82;81.34;13.5692;35.6696;0.4351;0.4457;0.26734;2.3556;1747.4
ENVI;3;4;9.207;42;-83;82.332;13.5709;35.6729;0.4077;0.4358;0.2375;2.354;1738.2
ENVI;3;4;9.207;42;-84;83.323;13.5738;35.6744;0.4073;0.558;0.21556;2.3542;1735.7
ENVI;3;4;9.207;42;-85;84.315;13.574;35.6751;0.3943;0.509;0.19597;2.3534;1738.5
ENVI;3;4;9.207;42;-86;85.307;13.5794;35.6793;0.3883;0.511;0.18314;2.3526;1742.2
ENVI;3;4;9.207;42;-87;86.298;13.5762;35.6855;0.3401;0.4872;0.17657;2.3511;1747.9
ENVI;3;4;9.207;42;-88;87.29;13.5725;35.6906;0.2846;0.4299;0.16612;2.3467;1746.4
ENVI;3;4;9.207;42;-89;88.282;13.5683;35.6926;0.2677;0.5166;0.1341;2.3423;1743.4
ENVI;3;4;9.207;42;-90;89.273;13.566;35.6938;0.2738;0.4912;0.11397;2.3406;1723.4
ENVI;3;4;9.207;42;-91;90.265;13.5612;35.6961;0.2453;0.4987;0.099703;2.3396;1725.4
ENVI;3;4;9.207;42;-92;91.257;13.5573;35.6972;0.2277;0.5098;0.084674;2.3378;1732.4
ENVI;3;4;9.207;42;-93;92.249;13.5503;35.6988;0.2187;0.5457;0.074472;2.3362;1743.6
ENVI;3;4;9.207;42;-94;93.24;13.5372;35.7004;0.2032;0.5518;0.088472;2.3286;1753.5
ENVI;3;4;9.207;42;-95;94.232;13.4988;35.7073;0.1928;0.5939;0.069965;2.3215;1738.5
ENVI;3;4;9.207;42;-96;95.224;13.4883;35.7088;0.1816;0.6973;0.062442;2.3187;1732.5
ENVI;3;4;9.207;42;-97;96.215;13.487;35.7101;0.1724;0.8048;0.050973;2.3151;1732.6
ENVI;3;4;9.207;42;-98;97.207;13.4881;35.7109;0.1478;0.8565;0.045208;2.3113;1735.8
ENVI;3;4;9.207;42;-99;98.199;13.4782;35.7122;0.1411;0.8854;0.03714;2.308;1743.6
ENVI;3;4;9.207;42;-100;99.19;13.4792;35.7098;0.1538;0.6618;0.044922;2.2927;1755.9
ENVI;3;4;9.207;42;-101;100.182;13.4444;35.7092;0.1546;0.7913;0.031508;2.292;1747.6
ENVI;3;4;9.207;42;-102;101.174;13.4315;35.7083;0.1671;0.8329;0.023732;2.2892;1752.2
ENVI;3;4;9.207;42;-103;102.165;13.3912;35.7084;0.1845;0.857;0.01475;2.2873;1753.1
ENVI;3;4;9.207;42;-104;103.157;13.3407;35.7111;0.1685;0.8592;0.0087754;2.2854;1748.6
ENVI;3;4;9.207;42;-105;104.149;13.2917;35.7125;0.1381;0.9007;0.0015912;2.2828;1741
ENVI;3;4;9.207;42;-106;105.14;13.2319;35.7157;0.0993;0.9011;0.000014969;2.2789;1736.3
ENVI;3;4;9.207;42;-107;106.132;13.1971;35.7169;0.0845;0.9103;1.00E-12;2.2732;1735.7
ENVI;3;4;9.207;42;-108;107.123;13.1422;35.7189;0.0768;0.9235;1.00E-12;2.2669;1739.3
ENVI;3;4;9.207;42;-109;108.115;13.1158;35.7204;0.0748;0.946;1.00E-12;2.2603;1747.1
ENVI;3;4;9.207;42;-110;109.107;13.1061;35.7203;0.069;0.9404;1.00E-12;2.2525;1755
ENVI;3;4;9.207;42;-111;110.099;13.1114;35.7193;0.056;0.913;1.00E-12;2.2433;1759.3
ENVI;3;4;9.207;42;-112;111.09;13.0745;35.7205;0.0455;0.8873;1.00E-12;2.231;1755.3
ENVI;3;4;9.207;42;-113;112.082;13.045;35.7209;0.0295;0.8111;1.00E-12;2.2212;1746.9
ENVI;3;4;9.207;42;-114;113.073;13.011;35.7202;0.0152;0.8068;1.00E-12;2.2143;1749.3
ENVI;3;4;9.207;42;-115;114.065;12.9766;35.7221;0.015;0.807;1.00E-12;2.2086;1753.4
ENVI;3;4;9.207;42;-116;115.056;12.9633;35.7229;0.0009;0.7868;1.00E-12;2.2039;1757.3
ENVI;3;4;9.207;42;-117;116.048;12.9463;35.7229;-0.0025;0.7401;1.00E-12;2.1974;1755
ENVI;3;4;9.207;42;-118;117.04;12.943;35.7227;0.0043;0.7375;1.00E-12;2.1911;1746.1
ENVI;3;4;9.207;42;-119;118.031;12.9451;35.7224;-0.005;0.7848;1.00E-12;2.1877;1743.5
ENVI;3;4;9.207;42;-120;119.023;12.9466;35.7222;-0.0039;0.7911;1.00E-12;2.1854;1746.6
ENVI;3;4;9.207;42;-121;120.014;12.9474;35.7223;0.0044;0.7649;1.00E-12;2.1835;1749.6
ENVI;3;4;9.207;42;-122;121.006;12.9429;35.7221;-0.0194;0.8384;1.00E-12;2.182;1749.1
ENVI;3;4;9.207;42;-123;121.997;12.92;35.7231;-0.0214;0.8124;1.00E-12;2.1805;1743.3
ENVI;3;4;9.207;42;-124;122.989;12.9077;35.7242;-0.0214;0.7467;1.00E-12;2.1794;1737.2
ENVI;3;4;9.207;42;-125;123.98;12.9113;35.7245;-0.0113;0.6825;1.00E-12;2.1776;1734.8
ENVI;3;4;9.207;42;-126;124.972;12.9114;35.7242;-0.0136;0.6837;1.00E-12;2.176;1740.6
ENVI;3;4;9.207;42;-127;125.964;12.9104;35.7246;-0.0207;0.7096;1.00E-12;2.1739;1753.3
ENVI;3;4;9.207;42;-128;126.955;12.8957;35.727;-0.0163;0.516;1.00E-12;2.1681;1766
ENVI;3;4;9.207;42;-129;127.947;12.8816;35.7288;-0.024;0.6216;1.00E-12;2.1661;1740.1
ENVI;3;4;9.207;42;-130;128.938;12.8773;35.7288;-0.0332;0.6807;1.00E-12;2.1652;1736
ENVI;3;4;9.207;42;-131;129.93;12.8613;35.7292;-0.0433;0.7288;1.00E-12;2.1636;1733.7
ENVI;3;4;9.207;42;-132;130.921;12.8302;35.7308;-0.0475;0.7326;1.00E-12;2.1616;1736.6
ENVI;3;4;9.207;42;-133;131.913;12.809;35.7308;-0.0567;0.7155;1.00E-12;2.1589;1742
ENVI;3;4;9.207;42;-134;132.904;12.7924;35.7302;-0.0347;0.688;1.00E-12;2.156;1752.2
ENVI;3;4;9.207;42;-135;133.896;12.7746;35.7298;-0.0445;0.6765;1.00E-12;2.1524;1760
ENVI;3;4;9.207;42;-136;134.887;12.7652;35.7294;-0.0574;0.6643;1.00E-12;2.1492;1760
ENVI;3;4;9.207;42;-137;135.879;12.7593;35.729;-0.0468;0.58;1.00E-12;2.145;1758.4
ENVI;3;4;9.207;42;-138;136.87;12.74;35.7285;-0.0397;0.5766;1.00E-12;2.1391;1756.4
ENVI;3;4;9.207;42;-139;137.862;12.7288;35.7277;-0.0423;0.6785;1.00E-12;2.1352;1755
ENVI;3;4;9.207;42;-140;138.853;12.7191;35.7273;-0.0487;0.6516;1.00E-12;2.1317;1752.5
ENVI;3;4;9.207;42;-141;139.845;12.7125;35.7268;-0.0387;0.6675;1.00E-12;2.1296;1750.2
ENVI;3;4;9.207;42;-142;140.836;12.6876;35.7268;-0.0266;0.7354;1.00E-12;2.1281;1747
ENVI;3;4;9.207;42;-143;141.827;12.6759;35.7268;-0.0236;0.778;1.00E-12;2.1265;1745.6
ENVI;3;4;9.207;42;-144;142.819;12.6675;35.7265;-0.0236;0.8192;1.00E-12;2.1254;1746.3
ENVI;3;4;9.207;42;-145;143.81;12.6555;35.7258;-0.0389;0.8367;1.00E-12;2.1236;1751
ENVI;3;4;9.207;42;-146;144.802;12.634;35.7243;-0.0523;0.8004;1.00E-12;2.119;1758.2
ENVI;3;4;9.207;42;-147;145.793;12.6175;35.7223;-0.0605;0.6246;1.00E-12;2.1118;1745.3
ENVI;3;4;9.207;42;-148;146.785;12.5911;35.7216;-0.0294;0.8306;1.00E-12;2.1111;1738.7
ENVI;3;4;9.207;42;-149;147.776;12.5261;35.7133;-0.0299;0.8745;1.00E-12;2.1093;1739.5
ENVI;3;4;9.207;42;-150;148.768;12.3958;35.7025;-0.045;0.756;1.00E-12;2.103;1757.6
ENVI;3;4;9.207;42;-151;149.759;12.34;35.6979;-0.0457;0.691;1.00E-12;2.0983;1748.8
ENVI;3;4;9.207;42;-152;150.75;12.3039;35.6964;-0.0511;0.707;1.00E-12;2.092;1759.3
ENVI;3;4;9.207;42;-153;151.742;12.2837;35.6956;-0.0523;0.727;1.00E-12;2.0844;1745
ENVI;3;4;9.207;42;-154;152.733;12.2777;35.6957;-0.0495;0.8421;1.00E-12;2.0831;1742.2
ENVI;3;4;9.207;42;-155;153.725;12.2746;35.6954;-0.046;0.9183;1.00E-12;2.081;1749.9
ENVI;3;4;9.207;42;-156;154.716;12.2559;35.6951;-0.051;0.8501;1.00E-12;2.078;1759.8
ENVI;3;4;9.207;42;-157;155.707;12.2178;35.6932;-0.0462;0.7982;1.00E-12;2.0748;1757.3
ENVI;3;4;9.207;42;-158;156.699;12.1452;35.6873;-0.0465;0.8575;1.00E-12;2.066;1753.9
ENVI;3;41;9.308;42;-4;3.968;13.6978;35.348;2.0414;0.4405;98.479;2.2804;1836.2
ENVI;3;41;9.308;42;-5;4.961;13.8623;35.5221;2.1524;0.4918;57.67;2.492;1842.6
ENVI;3;41;9.308;42;-6;5.953;13.8726;35.528;2.1553;0.4892;48.91;2.4975;1847.7
ENVI;3;41;9.308;42;-7;6.945;13.873;35.5287;2.1842;0.4827;39.789;2.4976;1844.6
ENVI;3;41;9.308;42;-8;7.937;13.8712;35.5287;2.2985;0.4941;33.997;2.4966;1834.5
ENVI;3;41;9.308;42;-9;8.929;13.8629;35.5306;2.5853;0.4932;30.096;2.4964;1827.2
ENVI;3;41;9.308;42;-10;9.921;13.8613;35.5315;2.6979;0.5444;28.317;2.4964;1849.2
ENVI;3;41;9.308;42;-11;10.913;13.8613;35.5319;2.8472;0.5305;24.476;2.4942;1843.7
ENVI;3;41;9.308;42;-12;11.905;13.8611;35.5319;2.8654;0.5268;21.045;2.4934;1833.5
ENVI;3;41;9.308;42;-13;12.897;13.8617;35.5342;2.9381;0.5121;19.631;2.4921;1842
ENVI;3;41;9.308;42;-14;13.89;13.8628;35.536;2.9255;0.4812;18.183;2.4906;1855.4
ENVI;3;41;9.308;42;-15;14.882;13.8638;35.5364;2.9494;0.5078;17.081;2.4872;1836.2
ENVI;3;41;9.308;42;-16;15.874;13.863;35.5374;2.9194;0.5026;14.97;2.4856;1826.6
ENVI;3;41;9.308;42;-17;16.866;13.8633;35.5388;2.8677;0.4998;14.261;2.4837;1837.3
ENVI;3;41;9.308;42;-18;17.858;13.8666;35.5414;2.8469;0.4961;14.331;2.4824;1850.6
ENVI;3;41;9.308;42;-19;18.85;13.8686;35.5431;2.9795;0.4794;13.557;2.4812;1851.8
ENVI;3;41;9.308;42;-20;19.842;13.8698;35.5437;2.9089;0.4582;12.493;2.4774;1845.5
ENVI;3;41;9.308;42;-21;20.834;13.8725;35.5467;3.0876;0.4906;11.601;2.4774;1840.3
ENVI;3;41;9.308;42;-22;21.826;13.8804;35.5512;2.8978;0.4734;10.963;2.477;1842.3
ENVI;3;41;9.308;42;-23;22.818;13.8882;35.5543;2.7927;0.4845;10.596;2.476;1841.2
ENVI;3;41;9.308;42;-24;23.81;13.9046;35.5608;2.6116;0.4787;10.384;2.4738;1838.1
ENVI;3;41;9.308;42;-25;24.802;13.9259;35.5696;2.3832;0.4671;10.47;2.4707;1844.9
ENVI;3;41;9.308;42;-26;25.794;13.9361;35.572;2.3081;0.4543;9.541;2.4621;1850.2
ENVI;3;41;9.308;42;-27;26.786;13.9782;35.5922;2.3236;0.4608;8.7048;2.4654;1833.2
ENVI;3;41;9.308;42;-28;27.778;14.0125;35.6059;2.1447;0.4708;8.2306;2.4621;1839.1
ENVI;3;41;9.308;42;-29;28.77;14.0443;35.6204;1.9924;0.5;7.9784;2.458;1845
ENVI;3;41;9.308;42;-30;29.762;14.0972;35.644;1.9367;0.5075;7.9032;2.4536;1849
ENVI;3;41;9.308;42;-31;30.754;14.1269;35.671;1.5781;0.3985;7.731;2.441;1848.6
ENVI;3;41;9.308;42;-32;31.746;14.1259;35.6813;1.4624;0.3848;7.0507;2.4269;1835.3
ENVI;3;41;9.308;42;-33;32.738;14.1175;35.6933;1.2974;0.4195;6.5412;2.4233;1837.2
ENVI;3;41;9.308;42;-34;33.73;14.1142;35.7016;1.1331;0.4357;6.2763;2.4179;1849
ENVI;3;41;9.308;42;-35;34.722;14.1109;35.7061;1.0335;0.4281;6.2364;2.412;1844.4
ENVI;3;41;9.308;42;-36;35.714;14.1088;35.7086;1.0228;0.4343;6.0131;2.4085;1836.2
ENVI;3;41;9.308;42;-37;36.706;14.1067;35.7107;1.0052;0.4624;5.4614;2.406;1843.5
ENVI;3;41;9.308;42;-38;37.698;14.0997;35.7124;0.953;0.457;5.0051;2.4019;1842.9
ENVI;3;41;9.308;42;-39;38.69;14.0916;35.7143;0.7904;0.4687;4.7204;2.3985;1840.6
ENVI;3;41;9.308;42;-40;39.682;14.0874;35.7154;0.8066;0.4787;4.3483;2.3944;1845.7
ENVI;3;41;9.308;42;-41;40.674;14.0848;35.7165;0.7184;0.4899;4.2396;2.3927;1834.1
ENVI;3;41;9.308;42;-42;41.666;14.0806;35.7175;0.7245;0.5169;3.993;2.3911;1833
ENVI;3;41;9.308;42;-43;42.658;14.0737;35.7193;0.6825;0.5253;3.6444;2.3876;1848.5
ENVI;3;41;9.308;42;-44;43.65;14.064;35.7207;0.62;0.5199;3.3711;2.3839;1826
ENVI;3;41;9.308;42;-45;44.642;14.061;35.7206;0.593;0.5382;3.0175;2.383;1829.9
ENVI;3;41;9.308;42;-46;45.634;14.0566;35.7207;0.5653;0.5345;2.7644;2.3818;1850.8
ENVI;3;41;9.308;42;-47;46.626;14.0584;35.7232;0.5603;0.5017;2.641;2.3811;1827.8
ENVI;3;41;9.308;42;-48;47.617;14.0601;35.7248;0.543;0.5754;2.4186;2.3809;1827.8
ENVI;3;41;9.308;42;-49;48.609;14.0604;35.7261;0.5302;0.5316;2.2336;2.3807;1837.6
ENVI;3;41;9.308;42;-50;49.601;14.0599;35.7269;0.6053;0.5048;2.1115;2.379;1846.8
ENVI;3;41;9.308;42;-51;50.593;14.0485;35.7288;0.4912;0.5118;1.8807;2.3771;1833.3
ENVI;3;41;9.308;42;-52;51.585;14.033;35.7311;0.5213;0.5811;1.7071;2.376;1835.3
ENVI;3;41;9.308;42;-53;52.577;14.0253;35.7319;0.4817;0.5864;1.5934;2.3734;1838
ENVI;3;41;9.308;42;-54;53.569;14.0184;35.7332;0.4149;0.5975;1.5126;2.3704;1833.9
ENVI;3;41;9.308;42;-55;54.561;14.0147;35.7338;0.4604;0.5984;1.4421;2.3673;1832.7
ENVI;3;41;9.308;42;-56;55.553;14.0071;35.7367;0.4011;0.5966;1.3521;2.3658;1837.9
ENVI;3;41;9.308;42;-57;56.544;14.0009;35.7394;0.4481;0.5413;1.2274;2.3599;1846.3
ENVI;3;41;9.308;42;-58;57.536;13.9963;35.7439;0.3724;0.5444;1.0548;2.3569;1836.9
ENVI;3;41;9.308;42;-59;58.528;14.0076;35.7506;0.3955;0.551;0.95905;2.3563;1833.2
ENVI;3;41;9.308;42;-60;59.52;14.0178;35.756;0.411;0.5064;0.90227;2.3565;1828.2
ENVI;3;41;9.308;42;-61;60.512;14.0185;35.7566;0.4849;0.4529;0.86494;2.3574;1829.4
ENVI;3;41;9.308;42;-62;61.504;14.0167;35.7604;0.627;0.4625;0.83858;2.3604;1834.8
ENVI;3;41;9.308;42;-63;62.495;14.0176;35.7604;0.6361;0.3593;0.77944;2.3675;1846
ENVI;3;41;9.308;42;-64;63.487;14.0195;35.7618;0.6134;0.3595;0.6338;2.3689;1833.4
ENVI;3;41;9.308;42;-65;64.479;14.017;35.7617;0.6404;0.3804;0.59585;2.3697;1822.7
ENVI;3;41;9.308;42;-66;65.471;13.9996;35.7622;0.6575;0.3831;0.56917;2.3699;1821.5
ENVI;3;41;9.308;42;-67;66.463;13.9822;35.7609;0.7962;0.4284;0.54736;2.3694;1823.4
ENVI;3;41;9.308;42;-68;67.455;13.9581;35.7596;0.7536;0.3414;0.5335;2.3697;1828.3
ENVI;3;41;9.308;42;-69;68.447;13.9434;35.7585;0.7518;0.3243;0.52069;2.3717;1837.5
ENVI;3;41;9.308;42;-70;69.438;13.9429;35.7564;0.9077;0.2745;0.4507;2.3806;1838.9
ENVI;3;41;9.308;42;-71;70.43;13.9129;35.755;0.8173;0.2879;0.38461;2.3811;1824.6
ENVI;3;41;9.308;42;-72;71.422;13.904;35.7543;0.8035;0.2919;0.36343;2.3806;1831.3
ENVI;3;41;9.308;42;-73;72.414;13.9013;35.7536;0.8746;0.3055;0.35534;2.381;1845.3
ENVI;3;41;9.308;42;-74;73.406;13.8809;35.7511;0.8637;0.2924;0.35065;2.3825;1841.9
ENVI;3;41;9.308;42;-75;74.397;13.8526;35.7477;0.824;0.2789;0.33172;2.3836;1836
ENVI;3;41;9.308;42;-76;75.389;13.8286;35.7445;0.8444;0.274;0.2949;2.3863;1841.7
ENVI;3;41;9.308;42;-77;76.381;13.8092;35.742;0.8867;0.2745;0.26018;2.3883;1838
ENVI;3;41;9.308;42;-78;77.373;13.8;35.7415;0.8562;0.2895;0.24054;2.3873;1838.2
ENVI;3;41;9.308;42;-79;78.364;13.7926;35.7412;0.872;0.2912;0.22356;2.3873;1830.4
ENVI;3;41;9.308;42;-80;79.356;13.7897;35.7412;0.8552;0.3;0.21257;2.3869;1825.6
ENVI;3;41;9.308;42;-81;80.348;13.7886;35.7409;0.8597;0.2994;0.20068;2.3866;1833.1
ENVI;3;41;9.308;42;-82;81.34;13.7853;35.7406;0.9236;0.2652;0.19139;2.387;1841.4
ENVI;3;41;9.308;42;-83;82.332;13.7842;35.7404;0.9055;0.2672;0.16546;2.3882;1843.3
ENVI;3;41;9.308;42;-84;83.323;13.7775;35.7406;0.8784;0.2888;0.14237;2.388;1822
ENVI;3;41;9.308;42;-85;84.315;13.7721;35.7409;0.8083;0.2835;0.13077;2.3872;1823.2
ENVI;3;41;9.308;42;-86;85.307;13.7685;35.7406;0.7927;0.2787;0.12262;2.3863;1828.4
ENVI;3;41;9.308;42;-87;86.298;13.7653;35.7404;0.772;0.2688;0.11619;2.3857;1831.9
ENVI;3;41;9.308;42;-88;87.29;13.7562;35.7403;0.6587;0.2737;0.10955;2.385;1835.5
ENVI;3;41;9.308;42;-89;88.282;13.7505;35.74;0.5817;0.2595;0.10219;2.3813;1842
ENVI;3;41;9.308;42;-90;89.273;13.7455;35.7395;0.5595;0.2664;0.081031;2.3784;1827.2
ENVI;3;41;9.308;42;-91;90.265;13.7423;35.7392;0.5526;0.2572;0.076911;2.3775;1827.8
ENVI;3;41;9.308;42;-92;91.257;13.7351;35.7379;0.5454;0.2584;0.07295;2.3764;1831.8
ENVI;3;41;9.308;42;-93;92.249;13.7319;35.7372;0.5618;0.2742;0.071518;2.3761;1842.1
ENVI;3;41;9.308;42;-94;93.24;13.731;35.7369;0.6242;0.2455;0.069019;2.3768;1842.3
ENVI;3;41;9.308;42;-95;94.232;13.7266;35.7362;0.6088;0.24;0.05555;2.3786;1841.2
ENVI;3;41;9.308;42;-96;95.224;13.7211;35.7353;0.6298;0.2444;0.045171;2.379;1829.2
ENVI;3;41;9.308;42;-97;96.215;13.7146;35.7347;0.5586;0.2558;0.040851;2.3788;1828
ENVI;3;41;9.308;42;-98;97.207;13.7136;35.7348;0.5472;0.2605;0.03748;2.3785;1830.5
ENVI;3;41;9.308;42;-99;98.199;13.7177;35.7357;0.5262;0.2607;0.034716;2.3773;1831.9
ENVI;3;41;9.308;42;-100;99.19;13.7263;35.737;0.4986;0.2597;0.035479;2.3766;1836.7
ENVI;3;41;9.308;42;-101;100.182;13.7281;35.7373;0.5683;0.2468;0.032874;2.3745;1843.6
ENVI;3;41;9.308;42;-102;101.174;13.7353;35.7386;0.5541;0.2829;0.024871;2.3726;1836.7
ENVI;3;41;9.308;42;-103;102.165;13.7462;35.7407;0.5251;0.2543;0.018371;2.3728;1838.7
ENVI;3;41;9.308;42;-104;103.157;13.7472;35.741;0.5796;0.2615;0.013188;2.3719;1837
ENVI;3;41;9.308;42;-105;104.149;13.7432;35.7404;0.5957;0.2487;0.0083295;2.3711;1833.9
ENVI;3;41;9.308;42;-106;105.14;13.7418;35.7401;0.5532;0.2452;0.0064024;2.3701;1831.4
ENVI;3;41;9.308;42;-107;106.132;13.7436;35.7406;0.5419;0.2516;0.0059243;2.3692;1828.6
ENVI;3;41;9.308;42;-108;107.124;13.7447;35.7407;0.5298;0.2593;0.0043347;2.3685;1827.4
ENVI;3;41;9.308;42;-109;108.115;13.7485;35.7411;0.5173;0.2697;0.00057145;2.3681;1829.7
ENVI;3;41;9.308;42;-110;109.107;13.7482;35.7414;0.5042;0.2489;0.000021322;2.3676;1836.7
ENVI;3;41;9.308;42;-111;110.098;13.7643;35.7478;0.4676;0.2487;1.00E-12;2.3665;1846.8
ENVI;3;41;9.308;42;-112;111.09;13.7776;35.7537;0.4358;0.2417;1.00E-12;2.3659;1848.9
ENVI;3;41;9.308;42;-113;112.082;13.7847;35.7585;0.395;0.2473;1.00E-12;2.363;1838.1
ENVI;3;41;9.308;42;-114;113.073;13.7634;35.7606;0.3296;0.2629;1.00E-12;2.3588;1835.4
ENVI;3;41;9.308;42;-115;114.065;13.746;35.7598;0.2791;0.2702;1.00E-12;2.3535;1836.9
ENVI;3;41;9.308;42;-116;115.056;13.7423;35.7584;0.2615;0.2573;1.00E-12;2.3469;1840.1
ENVI;3;41;9.308;42;-117;116.048;13.728;35.7611;0.2585;0.2687;1.00E-12;2.34;1839.6
ENVI;3;41;9.308;42;-118;117.04;13.7242;35.766;0.2314;0.2948;1.00E-12;2.334;1838.1
ENVI;3;41;9.308;42;-119;118.031;13.6594;35.7748;0.1352;0.4023;1.00E-12;2.3283;1836.5
ENVI;3;41;9.308;42;-120;119.023;13.6143;35.7758;0.0494;0.4815;1.00E-12;2.3181;1837.4
ENVI;3;41;9.308;42;-121;120.014;13.5721;35.7765;0.0203;0.4946;1.00E-12;2.3012;1838.8
ENVI;3;41;9.308;42;-122;121.006;13.5523;35.7764;0.009;0.4822;1.00E-12;2.2835;1841.1
ENVI;3;41;9.308;42;-123;121.997;13.5303;35.7765;0.005;0.4981;1.00E-12;2.2686;1841.4
ENVI;3;41;9.308;42;-124;122.989;13.5194;35.7764;0.0044;0.5481;1.00E-12;2.2572;1841.4
ENVI;3;41;9.308;42;-125;123.981;13.4848;35.7753;0.0107;0.5776;1.00E-12;2.2467;1841.3
ENVI;3;41;9.308;42;-126;124.972;13.3652;35.7749;-0.0119;0.6296;1.00E-12;2.2346;1848.3
ENVI;3;41;9.308;42;-127;125.963;13.3103;35.7732;-0.017;0.6165;1.00E-12;2.2201;1854.9
ENVI;3;41;9.308;42;-128;126.955;13.2813;35.7723;-0.0196;0.5685;1.00E-12;2.2083;1847.6
ENVI;3;41;9.308;42;-129;127.946;13.2544;35.771;-0.0201;0.572;1.00E-12;2.2001;1837.9
ENVI;3;41;9.308;42;-130;128.938;13.224;35.7698;-0.0299;0.5521;1.00E-12;2.194;1830.4
ENVI;3;41;9.308;42;-131;129.93;13.2028;35.7686;-0.033;0.5286;1.00E-12;2.1901;1829.6
ENVI;3;41;9.308;42;-132;130.921;13.1666;35.7661;-0.037;0.5083;1.00E-12;2.1868;1832.4
ENVI;3;41;9.308;42;-133;131.913;13.1199;35.7654;-0.0682;0.5041;1.00E-12;2.1837;1837.6
ENVI;3;41;9.308;42;-134;132.904;13.0987;35.7641;-0.076;0.5102;1.00E-12;2.1802;1843.3
ENVI;3;41;9.308;42;-135;133.896;13.0766;35.7629;-0.0601;0.5224;1.00E-12;2.1757;1847.7
ENVI;3;41;9.308;42;-136;134.887;13.0604;35.7615;-0.0566;0.5073;1.00E-12;2.1695;1847.3
ENVI;3;41;9.308;42;-137;135.879;13.055;35.7604;-0.0711;0.4843;1.00E-12;2.163;1841.7
ENVI;3;41;9.308;42;-138;136.87;13.0359;35.7587;-0.0654;0.4711;1.00E-12;2.1586;1844.4
ENVI;3;41;9.308;42;-139;137.862;12.9699;35.7552;-0.0702;0.4811;1.00E-12;2.1551;1852.5
ENVI;3;41;9.308;42;-140;138.853;12.9279;35.7524;-0.0646;0.4531;1.00E-12;2.1524;1851
ENVI;3;41;9.308;42;-141;139.844;12.9051;35.7512;-0.0831;0.4903;1.00E-12;2.1503;1845.4
ENVI;3;41;9.308;42;-142;140.836;12.9026;35.7502;-0.0803;0.5016;1.00E-12;2.1477;1837.4
ENVI;3;41;9.308;42;-143;141.827;12.8994;35.7495;-0.0695;0.5084;1.00E-12;2.1448;1830.6
ENVI;3;41;9.308;42;-144;142.819;12.8964;35.7488;-0.0601;0.5084;1.00E-12;2.1426;1827.8
ENVI;3;41;9.308;42;-145;143.81;12.8838;35.7474;-0.0707;0.5087;1.00E-12;2.1409;1831.9
ENVI;3;41;9.308;42;-146;144.802;12.8616;35.7458;-0.0559;0.5052;1.00E-12;2.139;1840.5
ENVI;3;41;9.308;42;-147;145.793;12.8505;35.7445;-0.0666;0.4773;1.00E-12;2.136;1851
ENVI;3;41;9.308;42;-148;146.785;12.8429;35.7431;-0.0827;0.3862;1.00E-12;2.1327;1847
ENVI;3;41;9.308;42;-149;147.776;12.8349;35.7426;-0.0836;0.4231;1.00E-12;2.1317;1839
ENVI;3;41;9.308;42;-150;148.767;12.8117;35.741;-0.0758;0.4652;1.00E-12;2.1309;1834.5
ENVI;3;41;9.308;42;-151;149.759;12.806;35.7403;-0.0776;0.4772;1.00E-12;2.1298;1833.4
ENVI;3;41;9.308;42;-152;150.75;12.7872;35.7391;-0.0832;0.4902;1.00E-12;2.1287;1833.8
ENVI;3;41;9.308;42;-153;151.742;12.771;35.7375;-0.0736;0.4938;1.00E-12;2.1271;1837.5
ENVI;3;41;9.308;42;-154;152.733;12.7532;35.7359;-0.0709;0.4974;1.00E-12;2.1262;1842.1
ENVI;3;41;9.308;42;-155;153.725;12.7327;35.7347;-0.0688;0.5336;1.00E-12;2.1249;1848.7
ENVI;3;41;9.308;42;-156;154.716;12.7249;35.7337;-0.0802;0.4979;1.00E-12;2.1226;1850.9
ENVI;3;41;9.308;42;-157;155.707;12.7163;35.7324;-0.082;0.4717;1.00E-12;2.1202;1848.1
ENVI;3;41;9.308;42;-158;156.699;12.7082;35.7315;-0.075;0.4557;1.00E-12;2.1189;1854.9
ENVI;3;41;9.308;42;-159;157.69;12.7053;35.7312;-0.0906;0.4976;1.00E-12;2.1184;1850.6
ENVI;3;41;9.308;42;-160;158.682;12.7035;35.731;-0.0808;0.4946;1.00E-12;2.118;1836.2
ENVI;3;41;9.308;42;-161;159.673;12.7001;35.7308;-0.0696;0.4831;1.00E-12;2.117;1827.6
ENVI;3;41;9.308;42;-162;160.664;12.6969;35.7306;-0.0719;0.4788;1.00E-12;2.1162;1825.6
ENVI;3;41;9.308;42;-163;161.656;12.6915;35.7302;-0.0695;0.4937;1.00E-12;2.1154;1830.3
ENVI;3;41;9.308;42;-164;162.647;12.6858;35.7301;-0.0695;0.5081;1.00E-12;2.1148;1840.4
ENVI;3;41;9.308;42;-165;163.638;12.6835;35.7299;-0.0904;0.5137;1.00E-12;2.1137;1849.8
ENVI;3;41;9.308;42;-166;164.63;12.6852;35.73;-0.0841;0.505;1.00E-12;2.1129;1854.8
ENVI;3;41;9.308;42;-167;165.621;12.681;35.7294;-0.073;0.472;1.00E-12;2.1122;1850.1
ENVI;3;41;9.308;42;-168;166.612;12.6654;35.7282;-0.0772;0.4644;1.00E-12;2.1113;1845.9
ENVI;3;41;9.308;42;-169;167.604;12.6499;35.727;-0.0887;0.4453;1.00E-12;2.1106;1857.6
ENVI;3;41;9.308;42;-170;168.595;12.6429;35.7266;-0.0918;0.4365;1.00E-12;2.11;1852.9
ENVI;3;41;9.308;42;-171;169.586;12.6376;35.726;-0.0847;0.4493;1.00E-12;2.1093;1842
ENVI;3;41;9.308;42;-172;170.578;12.6277;35.7253;-0.0727;0.4359;1.00E-12;2.1085;1835.9
ENVI;3;41;9.308;42;-173;171.569;12.623;35.7249;-0.0696;0.4474;1.00E-12;2.1076;1834.5
ENVI;3;41;9.308;42;-174;172.56;12.619;35.7245;-0.0719;0.4608;1.00E-12;2.1069;1835.4
ENVI;3;41;9.308;42;-175;173.552;12.6173;35.7244;-0.0811;0.4905;1.00E-12;2.1061;1838.6
ENVI;3;41;9.308;42;-176;174.543;12.6148;35.7241;-0.0841;0.4686;1.00E-12;2.1056;1842.3
ENVI;3;41;9.308;42;-177;175.534;12.6136;35.7239;-0.0817;0.4591;1.00E-12;2.1054;1847.6
ENVI;3;41;9.308;42;-178;176.526;12.6132;35.7237;-0.0817;0.4906;1.00E-12;2.1049;1852.2
ENVI;3;41;9.308;42;-179;177.517;12.6119;35.7234;-0.0817;0.4743;1.00E-12;2.1051;1856.4
ENVI;3;41;9.308;42;-180;178.508;12.6116;35.7233;-0.0813;0.4387;1.00E-12;2.1051;1854.7
ENVI;3;41;9.308;42;-181;179.5;12.6077;35.723;-0.0817;0.4259;1.00E-12;2.1048;1845.4
ENVI;3;41;9.308;42;-182;180.49;12.6037;35.7226;-0.0879;0.4057;1.00E-12;2.1051;1848
ENVI;3;41;9.308;42;-183;181.482;12.6018;35.7224;-0.0776;0.4186;1.00E-12;2.1053;1858.3
ENVI;3;41;9.308;42;-184;182.473;12.5911;35.7216;-0.0736;0.4194;1.00E-12;2.1054;1853.9
ENVI;3;41;9.308;42;-185;183.464;12.571;35.7206;-0.0671;0.4122;1.00E-12;2.1047;1839.9
ENVI;3;41;9.308;42;-186;184.456;12.563;35.72;-0.0781;0.4224;1.00E-12;2.1039;1830.6
ENVI;3;41;9.308;42;-187;185.447;12.5551;35.7193;-0.0761;0.4695;1.00E-12;2.1036;1826.7
ENVI;3;41;9.308;42;-188;186.438;12.5304;35.7172;-0.0764;0.4741;1.00E-12;2.1028;1830.2
ENVI;3;41;9.308;42;-189;187.429;12.4782;35.7134;-0.0731;0.4469;1.00E-12;2.1027;1839.7
ENVI;3;41;9.308;42;-190;188.42;12.4163;35.7098;-0.0736;0.4319;1.00E-12;2.1018;1849.6
ENVI;3;41;9.308;42;-191;189.412;12.3845;35.7075;-0.0719;0.4292;1.00E-12;2.1005;1858.3
ENVI;3;41;9.308;42;-192;190.403;12.3736;35.7051;-0.0704;0.3822;1.00E-12;2.0951;1852
ENVI;3;41;9.308;42;-193;191.394;12.3399;35.701;-0.071;0.375;1.00E-12;2.0912;1846
ENVI;3;41;9.308;42;-194;192.386;12.3271;35.6994;-0.0773;0.4333;1.00E-12;2.0873;1844.9
ENVI;3;41;9.308;42;-195;193.377;12.3142;35.6973;-0.0678;0.4404;1.00E-12;2.0835;1848.4
ENVI;3;41;9.308;42;-196;194.368;12.3018;35.6961;-0.0736;0.4581;1.00E-12;2.0813;1852.7
ENVI;3;41;9.308;42;-197;195.359;12.2883;35.6949;-0.0742;0.4752;1.00E-12;2.0819;1843.8
ENVI;3;41;9.308;42;-198;196.351;12.2561;35.6931;-0.0676;0.489;1.00E-12;2.0807;1845.5
ENVI;3;41;9.308;42;-199;197.341;12.2416;35.6916;-0.0747;0.4929;1.00E-12;2.0774;1858.7
ENVI;3;41;9.308;42;-200;198.333;12.219;35.6891;-0.0766;0.5063;1.00E-12;2.0757;1836.7
ENVI;3;41;9.308;42;-201;199.324;12.1454;35.6822;-0.0824;0.5683;1.00E-12;2.0747;1831.7
ENVI;3;41;9.308;42;-202;200.315;12.1032;35.6814;-0.083;0.6189;1.00E-12;2.0733;1836.8
ENVI;3;41;9.308;42;-203;201.306;12.1247;35.6817;-0.0784;0.6207;1.00E-12;2.0694;1860.7
ENVI;3;5;9.408;42;-3;2.976;13.9547;35.5505;1.6195;0.4208;487.54;2.5114;1858.1
ENVI;3;5;9.408;42;-4;3.968;13.9221;35.5533;1.7204;0.4419;489.89;2.5162;1868
ENVI;3;5;9.408;42;-5;4.961;13.9089;35.567;1.8185;0.4977;366.63;2.5111;1865.1
ENVI;3;5;9.408;42;-6;5.953;13.9136;35.5771;2.0007;0.4544;261.58;2.5054;1857.1
ENVI;3;5;9.408;42;-7;6.945;13.9178;35.588;2.6025;0.7799;113.56;2.497;1845.9
ENVI;3;5;9.408;42;-8;7.937;13.9403;35.6093;2.757;0.8238;106.88;2.4917;1844.8
ENVI;3;5;9.408;42;-9;8.929;13.9442;35.6131;2.4808;0.436;110.94;2.4831;1858.2
ENVI;3;5;9.408;42;-10;9.921;13.9504;35.6151;2.5394;0.4049;109.53;2.4688;1871.6
ENVI;3;5;9.408;42;-11;10.913;13.9544;35.617;2.533;0.4315;80.938;2.4629;1854.7
ENVI;3;5;9.408;42;-12;11.906;13.9639;35.6209;2.7447;0.5483;69.446;2.4615;1842.4
ENVI;3;5;9.408;42;-13;12.897;13.978;35.6301;2.3966;0.4356;56.89;2.4602;1839.6
ENVI;3;5;9.408;42;-14;13.89;13.9656;35.6367;2.3572;0.4383;53.363;2.4585;1847.1
ENVI;3;5;9.408;42;-15;14.882;13.9597;35.6415;2.583;0.4181;53.946;2.455;1862.2
ENVI;3;5;9.408;42;-16;15.874;13.9492;35.6411;2.709;0.4146;50.099;2.4528;1861
ENVI;3;5;9.408;42;-17;16.866;13.9361;35.6426;2.6467;0.3853;48.034;2.4531;1849.8
ENVI;3;5;9.408;42;-18;17.858;13.9404;35.6467;2.7326;0.4136;42.321;2.4538;1849
ENVI;3;5;9.408;42;-19;18.85;13.9421;35.6503;2.6401;0.4244;37.627;2.4533;1850.4
ENVI;3;5;9.408;42;-20;19.842;13.9421;35.6523;2.7475;0.416;35.583;2.452;1853.9
ENVI;3;5;9.408;42;-21;20.834;13.941;35.6584;2.7546;0.4028;34.848;2.45;1863.3
ENVI;3;5;9.408;42;-22;21.826;13.8978;35.6535;2.7039;0.4381;28.714;2.4462;1848.7
ENVI;3;5;9.408;42;-23;22.818;13.8826;35.6519;2.6868;0.5102;26.726;2.4442;1842.1
ENVI;3;5;9.408;42;-24;23.81;13.857;35.6462;2.7353;0.4258;24.054;2.4424;1853.7
ENVI;3;5;9.408;42;-25;24.802;13.8145;35.6456;2.225;0.4109;24.944;2.439;1858.5
ENVI;3;5;9.408;42;-26;25.794;13.8337;35.6576;2.0228;0.3887;22.604;2.4362;1851.6
ENVI;3;5;9.408;42;-27;26.786;13.8743;35.6754;1.8717;0.3665;20.564;2.4329;1856.5
ENVI;3;5;9.408;42;-28;27.778;13.9094;35.6867;2.0625;0.3804;18.331;2.4252;1855.5
ENVI;3;5;9.408;42;-29;28.77;13.9195;35.6907;1.9726;0.3955;15.508;2.4226;1847.4
ENVI;3;5;9.408;42;-30;29.762;13.9352;35.6956;1.974;0.367;14.576;2.4216;1847.3
ENVI;3;5;9.408;42;-31;30.754;13.962;35.703;2.3504;0.3732;14.551;2.4215;1850.1
ENVI;3;5;9.408;42;-32;31.746;13.9885;35.7117;2.0818;0.3772;14.326;2.4212;1859.2
ENVI;3;5;9.408;42;-33;32.738;13.9978;35.7152;1.7569;0.3758;12.369;2.4185;1856.5
ENVI;3;5;9.408;42;-34;33.73;13.9941;35.7164;1.9706;0.3704;11.005;2.4174;1852.3
ENVI;3;5;9.408;42;-35;34.722;13.9913;35.7175;1.9996;0.3662;10.022;2.4162;1852.5
ENVI;3;5;9.408;42;-36;35.714;13.9879;35.7208;2.0258;0.3726;9.411;2.4151;1850.3
ENVI;3;5;9.408;42;-37;36.706;14.0009;35.727;1.8191;0.3309;8.9332;2.4134;1842
ENVI;3;5;9.408;42;-38;37.698;14.0172;35.7331;1.6241;0.3364;8.2405;2.4114;1852.1
ENVI;3;5;9.408;42;-39;38.69;14.0238;35.7355;1.518;0.3007;7.7694;2.406;1858.2
ENVI;3;5;9.408;42;-40;39.682;14.0434;35.7434;1.6037;0.3233;6.9235;2.4053;1846.3
ENVI;3;5;9.408;42;-41;40.674;14.0271;35.7452;1.5447;0.3422;6.2929;2.4045;1853.5
ENVI;3;5;9.408;42;-42;41.666;13.9978;35.743;1.3504;0.3843;5.8021;2.4;1855.3
ENVI;3;5;9.408;42;-43;42.658;13.9901;35.7463;1.4789;0.3053;5.5243;2.3948;1841.9
ENVI;3;5;9.408;42;-44;43.65;14.0102;35.7577;0.9497;0.3295;5.1495;2.3943;1846.3
ENVI;3;5;9.408;42;-45;44.642;14.0151;35.7591;0.9861;0.281;4.9766;2.3877;1862.8
ENVI;3;5;9.408;42;-46;45.633;14.0333;35.7684;0.9227;0.2799;4.5058;2.3858;1846.3
ENVI;3;5;9.408;42;-47;46.625;14.034;35.7688;0.8593;0.2968;4.1406;2.3847;1847.5
ENVI;3;5;9.408;42;-48;47.617;14.0313;35.7689;0.7991;0.2932;3.8475;2.383;1855.8
ENVI;3;5;9.408;42;-49;48.609;14.0283;35.769;0.934;0.3036;3.7318;2.3805;1863
ENVI;3;5;9.408;42;-50;49.601;14.0335;35.7745;0.9594;0.2907;3.4497;2.3797;1847
ENVI;3;5;9.408;42;-51;50.593;14.0385;35.7766;0.8401;0.3138;3.224;2.379;1843.7
ENVI;3;5;9.408;42;-52;51.585;14.0397;35.7767;0.805;0.2802;3.1133;2.3771;1863.1
ENVI;3;5;9.408;42;-53;52.577;14.055;35.7841;0.8047;0.266;2.8368;2.3767;1849.3
ENVI;3;5;9.408;42;-54;53.569;14.0459;35.7839;0.7635;0.2874;2.5601;2.3762;1843.8
ENVI;3;5;9.408;42;-55;54.561;14.0388;35.7829;0.6521;0.2773;2.3769;2.3741;1847.1
ENVI;3;5;9.408;42;-56;55.553;14.0235;35.7814;0.6718;0.2974;2.2796;2.3724;1854.1
ENVI;3;5;9.408;42;-57;56.544;14.0009;35.7771;0.7116;0.2738;2.2498;2.3712;1857.9
ENVI;3;5;9.408;42;-58;57.536;14.0261;35.7786;0.7648;0.3117;2.1507;2.3731;1858.9
ENVI;3;5;9.408;42;-59;58.528;13.9803;35.7722;0.6804;0.2744;1.8474;2.3732;1848.9
ENVI;3;5;9.408;42;-60;59.52;13.9734;35.7708;0.6847;0.2918;1.7548;2.3721;1850.7
ENVI;3;5;9.408;42;-61;60.512;13.9702;35.7697;0.675;0.3008;1.6792;2.371;1850.1
ENVI;3;5;9.408;42;-62;61.504;13.9634;35.7677;0.6656;0.3257;1.633;2.3709;1848.9
ENVI;3;5;9.408;42;-63;62.496;13.967;35.768;0.6491;0.2692;1.5993;2.373;1856.2
ENVI;3;5;9.408;42;-64;63.487;13.9623;35.7669;0.7338;0.2482;1.391;2.3744;1852.5
ENVI;3;5;9.408;42;-65;64.479;13.9508;35.7643;0.6552;0.3485;1.2789;2.3743;1846.8
ENVI;3;5;9.408;42;-66;65.471;13.9242;35.7589;0.6271;0.2899;1.2067;2.3735;1842.7
ENVI;3;5;9.408;42;-67;66.463;13.903;35.7559;0.5929;0.2711;1.162;2.3724;1843.8
ENVI;3;5;9.408;42;-68;67.455;13.8965;35.7554;0.5854;0.2619;1.1405;2.3722;1850.4
ENVI;3;5;9.408;42;-69;68.446;13.9007;35.7555;0.6129;0.2518;1.1079;2.3747;1856.4
ENVI;3;5;9.408;42;-70;69.438;13.8922;35.7549;0.6348;0.2683;0.95019;2.375;1855
ENVI;3;5;9.408;42;-71;70.43;13.8904;35.7553;0.7087;0.2628;0.87697;2.3752;1845.4
ENVI;3;5;9.408;42;-72;71.422;13.8909;35.7559;0.6165;0.2536;0.83836;2.3739;1837.9
ENVI;3;5;9.408;42;-73;72.414;13.892;35.7561;0.5435;0.2586;0.81264;2.373;1838
ENVI;3;5;9.408;42;-74;73.405;13.8933;35.7566;0.54;0.2636;0.7911;2.3725;1841.9
ENVI;3;5;9.408;42;-75;74.397;13.8959;35.7567;0.5459;0.2482;0.7655;2.372;1851.3
ENVI;3;5;9.408;42;-76;75.389;13.8981;35.7581;0.5674;0.2447;0.66812;2.3731;1841.7
ENVI;3;5;9.408;42;-77;76.381;13.9014;35.76;0.5769;0.2507;0.62302;2.3726;1840.8
ENVI;3;5;9.408;42;-78;77.373;13.8926;35.7596;0.5239;0.262;0.58512;2.3716;1842.9
ENVI;3;5;9.408;42;-79;78.364;13.8813;35.7574;0.5401;0.2497;0.56584;2.3685;1849.1
ENVI;3;5;9.408;42;-80;79.356;13.8239;35.7484;0.5278;0.2306;0.55007;2.3668;1840.9
ENVI;3;5;9.408;42;-81;80.348;13.7921;35.7423;0.4642;0.2329;0.52207;2.3629;1847.8
ENVI;3;5;9.408;42;-82;81.34;13.767;35.7362;0.4991;0.2326;0.49592;2.3619;1843.1
ENVI;3;5;9.408;42;-83;82.331;13.7598;35.7348;0.4066;0.2462;0.46307;2.3632;1844
ENVI;3;5;9.408;42;-84;83.323;13.7446;35.7308;0.3756;0.2182;0.42024;2.3645;1844.4
ENVI;3;5;9.408;42;-85;84.315;13.7447;35.7312;0.4285;0.2273;0.38646;2.3661;1839.5
ENVI;3;5;9.408;42;-86;85.307;13.7205;35.7265;0.3975;0.2429;0.36524;2.3652;1838.2
ENVI;3;5;9.408;42;-87;86.298;13.7054;35.7229;0.3451;0.2299;0.35942;2.3637;1836
ENVI;3;5;9.408;42;-88;87.29;13.6907;35.7197;0.3234;0.2428;0.35082;2.3628;1838
ENVI;3;5;9.408;42;-89;88.282;13.6978;35.7204;0.3266;0.2225;0.33159;2.3643;1846.1
ENVI;3;5;9.408;42;-90;89.273;13.6769;35.7159;0.3562;0.2082;0.29134;2.3655;1828.2
ENVI;3;5;9.408;42;-91;90.265;13.6342;35.7125;0.3079;0.2332;0.27308;2.364;1819.1
ENVI;3;5;9.408;42;-92;91.257;13.6183;35.7125;0.2833;0.2282;0.25702;2.3619;1817.9
ENVI;3;5;9.408;42;-93;92.248;13.6034;35.711;0.2581;0.2306;0.24875;2.3615;1821.1
ENVI;3;5;9.408;42;-94;93.24;13.6285;35.7114;0.2376;0.2337;0.24395;2.3601;1848.1
ENVI;3;5;9.408;42;-95;94.232;13.5971;35.7076;0.2881;0.2015;0.22833;2.3607;1839.7
ENVI;3;5;9.408;42;-96;95.224;13.5643;35.7065;0.2762;0.2453;0.21233;2.3596;1843.1
ENVI;3;5;9.408;42;-97;96.215;13.5825;35.7128;0.2228;0.2377;0.19989;2.3575;1848.7
ENVI;3;5;9.408;42;-98;97.207;13.5852;35.7155;0.2476;0.2339;0.18657;2.3548;1844.8
ENVI;3;5;9.408;42;-99;98.199;13.582;35.715;0.2335;0.2294;0.17785;2.3475;1841.3
ENVI;3;5;9.408;42;-100;99.19;13.5692;35.7138;0.2637;0.2192;0.16589;2.3427;1849.6
ENVI;3;5;9.408;42;-101;100.182;13.5413;35.7098;0.2479;0.2378;0.15689;2.3408;1849.4
ENVI;3;5;9.408;42;-102;101.174;13.5245;35.707;0.2268;0.2264;0.14581;2.3396;1847.4
ENVI;3;5;9.408;42;-103;102.165;13.5115;35.7056;0.195;0.2155;0.13596;2.3385;1849.7
ENVI;3;5;9.408;42;-104;103.157;13.5041;35.704;0.1927;0.2524;0.12773;2.3392;1855.4
ENVI;3;5;9.408;42;-105;104.149;13.506;35.7041;0.2015;0.2643;0.1206;2.3393;1852.2
ENVI;3;5;9.408;42;-106;105.14;13.4999;35.7026;0.1979;0.2395;0.11484;2.3394;1846.7
ENVI;3;5;9.408;42;-107;106.132;13.4946;35.7016;0.1934;0.2239;0.10702;2.3398;1845.4
ENVI;3;5;9.408;42;-108;107.123;13.4876;35.7022;0.1925;0.2194;0.10044;2.3396;1849.3
ENVI;3;5;9.408;42;-109;108.115;13.4833;35.7026;0.2013;0.2186;0.093093;2.3396;1857.6
ENVI;3;5;9.408;42;-110;109.107;13.4798;35.7041;0.2125;0.2253;0.085847;2.3389;1860.9
ENVI;3;5;9.408;42;-111;110.098;13.4778;35.707;0.2557;0.2305;0.07801;2.3382;1858.5
ENVI;3;5;9.408;42;-112;111.09;13.4777;35.7079;0.1696;0.2194;0.072466;2.3365;1856.7
ENVI;3;5;9.408;42;-113;112.082;13.466;35.7088;0.172;0.2309;0.068262;2.3344;1855.4
ENVI;3;5;9.408;42;-114;113.073;13.4524;35.7109;0.1632;0.2234;0.061208;2.3319;1853.4
ENVI;3;5;9.408;42;-115;114.065;13.4509;35.7123;0.1496;0.213;0.05662;2.3292;1853.1
ENVI;3;5;9.408;42;-116;115.056;13.4493;35.7143;0.1287;0.2081;0.05397;2.3267;1852.1
ENVI;3;5;9.408;42;-117;116.048;13.4494;35.7168;0.1407;0.2184;0.051434;2.3236;1853
ENVI;3;5;9.408;42;-118;117.039;13.4518;35.7192;0.1497;0.218;0.045367;2.3193;1860.1
ENVI;3;5;9.408;42;-119;118.031;13.4546;35.7218;0.1309;0.2132;0.042777;2.3152;1865.2
ENVI;3;5;9.408;42;-120;119.023;13.4592;35.7246;0.1254;0.2089;0.038227;2.3116;1862.6
ENVI;3;5;9.408;42;-121;120.014;13.4615;35.734;0.1312;0.2108;0.03449;2.3077;1855.5
ENVI;3;5;9.408;42;-122;121.006;13.4584;35.7368;0.1245;0.2164;0.029167;2.3041;1851.6
ENVI;3;5;9.408;42;-123;121.997;13.4596;35.7367;0.1244;0.2218;0.024876;2.2986;1853.6
ENVI;3;5;9.408;42;-124;122.989;13.4568;35.7374;0.1137;0.2168;0.020601;2.2925;1858.1
ENVI;3;5;9.408;42;-125;123.981;13.4544;35.7377;0.0952;0.2035;0.019416;2.2877;1862
ENVI;3;5;9.408;42;-126;124.972;13.4441;35.7382;0.1068;0.2028;0.015981;2.2842;1863.9
ENVI;3;5;9.408;42;-127;125.964;13.4385;35.7379;0.1129;0.2073;0.012733;2.281;1866.2
ENVI;3;5;9.408;42;-128;126.955;13.4304;35.7395;0.1058;0.2115;0.010369;2.2779;1866.3
ENVI;3;5;9.408;42;-129;127.946;13.4242;35.7433;0.1178;0.2161;0.010353;2.2756;1861.9
ENVI;3;5;9.408;42;-130;128.938;13.4238;35.7444;0.0972;0.2111;0.0069064;2.2741;1857.6
ENVI;3;5;9.408;42;-131;129.93;13.4201;35.7445;0.0758;0.2088;0.0028444;2.2721;1854.9
ENVI;3;5;9.408;42;-132;130.921;13.4177;35.7455;0.0763;0.2192;0.0016752;2.2688;1852.4
ENVI;3;5;9.408;42;-133;131.913;13.406;35.7458;0.0755;0.216;-0.0000712;2.2662;1851.1
ENVI;3;5;9.408;42;-134;132.904;13.3777;35.7451;0.0717;0.214;1.00E-12;2.2641;1849.8
ENVI;3;5;9.408;42;-135;133.896;13.3455;35.7428;0.0636;0.215;1.00E-12;2.2606;1851.4
ENVI;3;5;9.408;42;-136;134.887;13.3274;35.7408;0.0431;0.2176;1.00E-12;2.2572;1855.1
ENVI;3;5;9.408;42;-137;135.879;13.3148;35.7395;0.0598;0.2254;1.00E-12;2.2523;1861.7
ENVI;3;5;9.408;42;-138;136.87;13.307;35.7386;0.0699;0.2216;1.00E-12;2.2467;1864.5
ENVI;3;5;9.408;42;-139;137.862;13.2763;35.7372;0.0634;0.2315;1.00E-12;2.2438;1858.4
ENVI;3;5;9.408;42;-140;138.853;13.2467;35.7382;0.0648;0.2261;1.00E-12;2.2417;1855.8
ENVI;3;5;9.408;42;-141;139.845;13.2233;35.7385;0.0417;0.2306;1.00E-12;2.239;1856.6
ENVI;3;5;9.408;42;-142;140.836;13.1965;35.7399;0.0303;0.2376;1.00E-12;2.2346;1858.3
ENVI;3;5;9.408;42;-143;141.827;13.1799;35.7402;0.0019;0.234;1.00E-12;2.2289;1858.1
ENVI;3;5;9.408;42;-144;142.819;13.172;35.7401;-0.0142;0.2367;1.00E-12;2.2236;1854.8
ENVI;3;5;9.408;42;-145;143.81;13.166;35.7399;-0.0208;0.2454;1.00E-12;2.2191;1853.4
ENVI;3;5;9.408;42;-146;144.802;13.1587;35.7401;-0.0214;0.2449;1.00E-12;2.2146;1853.4
ENVI;3;5;9.408;42;-147;145.793;13.1584;35.7397;-0.0207;0.2366;1.00E-12;2.211;1855.7
ENVI;3;5;9.408;42;-148;146.785;13.1557;35.7395;-0.0269;0.2324;1.00E-12;2.2079;1861.7
ENVI;3;5;9.408;42;-149;147.776;13.1538;35.7394;-0.0296;0.2336;1.00E-12;2.2053;1867.6
ENVI;3;5;9.408;42;-150;148.767;13.1536;35.7392;-0.0199;0.2391;1.00E-12;2.2035;1868.9
ENVI;3;5;9.408;42;-151;149.759;13.1503;35.739;-0.0183;0.2423;1.00E-12;2.2018;1863
ENVI;3;5;9.408;42;-152;150.75;13.1236;35.7398;-0.0306;0.2393;1.00E-12;2.2005;1863
ENVI;3;5;9.408;42;-153;151.742;13.0849;35.7399;-0.0338;0.2431;1.00E-12;2.1982;1867.1
ENVI;3;5;9.408;42;-154;152.733;13.0724;35.7397;-0.0323;0.2379;1.00E-12;2.1958;1863.1
ENVI;3;5;9.408;42;-155;153.724;13.0551;35.7394;-0.0445;0.2388;1.00E-12;2.1928;1858.8
ENVI;3;5;9.408;42;-156;154.716;13.0353;35.74;-0.0458;0.2385;1.00E-12;2.1901;1854.9
ENVI;3;5;9.408;42;-157;155.707;13.015;35.7398;-0.0451;0.2392;1.00E-12;2.1874;1854.9
ENVI;3;5;9.408;42;-158;156.699;13.0019;35.7399;-0.0406;0.2428;1.00E-12;2.1842;1861.6
ENVI;3;5;9.408;42;-159;157.69;12.9651;35.7403;-0.0268;0.2355;1.00E-12;2.1794;1867.1
ENVI;3;5;9.408;42;-160;158.682;12.9537;35.7396;-0.0632;0.2288;1.00E-12;2.1742;1864.8
ENVI;3;5;9.408;42;-161;159.673;12.9509;35.7393;-0.0643;0.2317;1.00E-12;2.1704;1858.7
ENVI;3;5;9.408;42;-162;160.664;12.9482;35.7392;-0.0592;0.2386;1.00E-12;2.1679;1856.3
ENVI;3;5;9.408;42;-163;161.656;12.9255;35.7392;-0.0693;0.2391;1.00E-12;2.1657;1857.5
ENVI;3;5;9.408;42;-164;162.647;12.9054;35.7395;-0.0611;0.4055;1.00E-12;2.1634;1861.1
ENVI;3;5;9.408;42;-165;163.638;12.8985;35.7395;-0.0595;0.4193;1.00E-12;2.1616;1863.3
ENVI;3;5;9.408;42;-166;164.63;12.8882;35.7396;-0.0691;0.2578;1.00E-12;2.1598;1864.8
ENVI;3;5;9.408;42;-167;165.621;12.8835;35.7391;-0.0794;0.2657;1.00E-12;2.1576;1863.4
ENVI;3;5;9.408;42;-168;166.612;12.8795;35.7386;-0.0692;0.2748;1.00E-12;2.1533;1864.1
ENVI;3;5;9.408;42;-169;167.604;12.8803;35.7381;-0.063;0.2606;1.00E-12;2.1494;1869.2
ENVI;3;5;9.408;42;-170;168.595;12.8727;35.7378;-0.0674;0.2803;1.00E-12;2.1482;1865.8
ENVI;3;5;9.408;42;-171;169.586;12.8612;35.7372;-0.0809;0.276;1.00E-12;2.1477;1859.8
ENVI;3;5;9.408;42;-172;170.577;12.8471;35.737;-0.0817;0.2757;1.00E-12;2.147;1857.4
ENVI;3;5;9.408;42;-173;171.569;12.827;35.7354;-0.0817;0.2912;1.00E-12;2.1464;1861.4
ENVI;3;5;9.408;42;-174;172.56;12.8072;35.7348;-0.0817;0.2913;1.00E-12;2.145;1865.6
ENVI;3;5;9.408;42;-175;173.552;12.8078;35.7346;-0.081;0.2884;1.00E-12;2.1432;1869.4
ENVI;3;5;9.408;42;-176;174.543;12.8071;35.7342;-0.0843;0.2928;1.00E-12;2.1416;1871.2
ENVI;3;5;9.408;42;-177;175.534;12.7965;35.7334;-0.0682;0.2863;1.00E-12;2.14;1867.9
ENVI;3;5;9.408;42;-178;176.525;12.7956;35.7334;-0.0695;0.2868;1.00E-12;2.1381;1861.1
ENVI;3;5;9.408;42;-179;177.517;12.7953;35.7331;-0.0793;0.2923;1.00E-12;2.1369;1856.2
ENVI;3;5;9.408;42;-180;178.508;12.7939;35.733;-0.0701;0.2883;1.00E-12;2.1364;1858.8
ENVI;3;5;9.408;42;-181;179.499;12.7383;35.7318;-0.0817;0.2948;1.00E-12;2.136;1866.5
ENVI;3;5;9.408;42;-182;180.491;12.6344;35.7252;-0.0811;0.2791;1.00E-12;2.1331;1872.7
ENVI;3;5;9.408;42;-183;181.482;12.6301;35.7234;-0.0814;0.3171;1.00E-12;2.1287;1870.2
ENVI;3;5;9.408;42;-184;182.473;12.63;35.7233;-0.0827;0.3049;1.00E-12;2.1255;1868.4
ENVI;3;5;9.408;42;-185;183.464;12.6298;35.7228;-0.0799;0.3536;1.00E-12;2.1229;1868.8
ENVI;3;5;9.408;42;-186;184.456;12.63;35.7226;-0.0842;0.3943;1.00E-12;2.1208;1867.1
ENVI;3;5;9.408;42;-187;185.447;12.6272;35.7226;-0.0942;0.3223;1.00E-12;2.1194;1862.4
ENVI;3;5;9.408;42;-188;186.438;12.6269;35.7225;-0.0843;0.3143;1.00E-12;2.1188;1856.9
ENVI;3;5;9.408;42;-189;187.43;12.6286;35.7226;-0.0816;0.3142;1.00E-12;2.1176;1851.8
ENVI;3;5;9.408;42;-190;188.42;12.6316;35.7223;-0.081;0.3246;1.00E-12;2.117;1849.1
ENVI;3;5;9.408;42;-191;189.411;12.6197;35.7224;-0.0853;0.3246;1.00E-12;2.1159;1852.1
ENVI;3;5;9.408;42;-192;190.403;12.6151;35.7223;-0.0817;0.3415;1.00E-12;2.1149;1859.2
ENVI;3;5;9.408;42;-193;191.394;12.5973;35.7211;-0.0817;0.3682;1.00E-12;2.1142;1866.9
ENVI;3;5;9.408;42;-194;192.386;12.5905;35.7203;-0.0787;0.3031;1.00E-12;2.111;1878.1
ENVI;3;5;9.408;42;-195;193.377;12.5404;35.716;-0.0836;0.268;1.00E-12;2.1099;1867
ENVI;3;5;9.408;42;-196;194.368;12.5129;35.7136;-0.0882;0.3048;1.00E-12;2.1093;1866.7
ENVI;3;5;9.408;42;-197;195.359;12.4912;35.7122;-0.0932;0.3535;1.00E-12;2.1079;1866.9
ENVI;3;5;9.408;42;-198;196.35;12.4763;35.7121;-0.0816;0.3244;1.00E-12;2.1068;1865.5
ENVI;3;5;9.408;42;-199;197.342;12.456;35.7114;-0.0817;0.3588;1.00E-12;2.1051;1863.3
ENVI;3;5;9.408;42;-200;198.333;12.4293;35.7095;-0.0803;0.3895;1.00E-12;2.1036;1861.4
ENVI;3;5;9.408;42;-201;199.324;12.4082;35.7082;-0.0817;0.4343;1.00E-12;2.1012;1860.8
ENVI;3;5;9.408;42;-202;200.315;12.3991;35.7076;-0.0804;0.4586;1.00E-12;2.0982;1861.4
ENVI;3;5;9.408;42;-203;201.306;12.3876;35.7065;-0.0811;0.4489;1.00E-12;2.095;1863
ENVI;3;5;9.408;42;-204;202.297;12.3694;35.7051;-0.081;0.4276;1.00E-12;2.0919;1867.2
ENVI;3;5;9.408;42;-205;203.288;12.3586;35.7043;-0.0938;0.4021;1.00E-12;2.0895;1870.7
ENVI;3;5;9.408;42;-206;204.279;12.3451;35.7031;-0.0882;0.3893;1.00E-12;2.0878;1874.4
ENVI;3;5;9.408;42;-207;205.271;12.3188;35.7005;-0.0816;0.3546;1.00E-12;2.0836;1871.8
ENVI;3;5;9.408;42;-208;206.262;12.1926;35.6933;-0.0904;0.3717;1.00E-12;2.081;1867.8
ENVI;3;5;9.408;42;-209;207.253;12.1861;35.69;-0.081;0.412;1.00E-12;2.0788;1869
ENVI;3;5;9.408;42;-210;208.244;12.0757;35.6835;-0.0817;0.4161;1.00E-12;2.0768;1868.9
ENVI;3;5;9.408;42;-211;209.235;12.0105;35.6807;-0.0809;0.4255;1.00E-12;2.074;1866.4
ENVI;3;5;9.408;42;-212;210.226;11.9926;35.6801;-0.0884;0.427;1.00E-12;2.0704;1863.9
ENVI;3;5;9.408;42;-213;211.218;11.9903;35.6784;-0.1052;0.4224;1.00E-12;2.0676;1861.9
ENVI;3;5;9.408;42;-214;212.209;11.9903;35.678;-0.0882;0.4095;1.00E-12;2.0652;1861.5
ENVI;3;5;9.408;42;-215;213.2;11.9934;35.6776;-0.083;0.4038;1.00E-12;2.0629;1863.3
ENVI;3;5;9.408;42;-216;214.191;11.9939;35.6773;-0.0935;0.4102;1.00E-12;2.0611;1863.3
ENVI;3;5;9.408;42;-217;215.182;11.9993;35.6767;-0.0833;0.4053;1.00E-12;2.0592;1865.1
ENVI;3;5;9.408;42;-218;216.173;11.996;35.6759;-0.0809;0.362;1.00E-12;2.0572;1870.5
ENVI;3;5;9.408;42;-219;217.164;11.9933;35.6754;-0.0987;0.3636;1.00E-12;2.0559;1870.1
ENVI;3;5;9.408;42;-220;218.155;11.9918;35.6749;-0.0965;0.381;1.00E-12;2.0547;1863.5
ENVI;3;5;9.408;42;-221;219.146;11.9921;35.6748;-0.0938;0.3688;1.00E-12;2.0543;1857.1
ENVI;3;5;9.408;42;-222;220.138;11.9916;35.6745;-0.0856;0.3635;1.00E-12;2.0534;1852
ENVI;3;5;9.408;42;-223;221.129;11.9881;35.6743;-0.0868;0.387;1.00E-12;2.0527;1852.2
ENVI;3;5;9.408;42;-224;222.12;11.986;35.6741;-0.0938;0.4108;1.00E-12;2.0526;1853.4
ENVI;3;5;9.408;42;-225;223.111;11.9849;35.6741;-0.0922;0.3966;1.00E-12;2.0517;1852.7
ENVI;3;5;9.408;42;-226;224.102;11.9849;35.6737;-0.083;0.3852;1.00E-12;2.0513;1847.6
ENVI;3;5;9.408;42;-227;225.093;11.9853;35.6737;-0.1051;0.3692;1.00E-12;2.0511;1839
ENVI;3;5;9.408;42;-228;226.084;11.9862;35.6736;-0.09;0.4012;1.00E-12;2.0504;1834.8
ENVI;3;5;9.408;42;-229;227.075;11.9858;35.6735;-0.0855;0.3846;1.00E-12;2.0502;1837.4
ENVI;3;5;9.408;42;-230;228.066;11.9856;35.6735;-0.1038;0.3818;1.00E-12;2.0499;1836.4
ENVI;3;5;9.408;42;-231;229.057;11.9821;35.6732;-0.0938;0.3984;1.00E-12;2.0497;1832.8
ENVI;3;5;9.408;42;-232;230.048;11.975;35.6732;-0.0952;0.3881;1.00E-12;2.0495;1828.7
ENVI;3;5;9.408;42;-233;231.039;11.971;35.673;-0.0895;0.3909;1.00E-12;2.0486;1827.7
ENVI;3;5;9.408;42;-234;232.03;11.9666;35.6729;-0.0819;0.4033;1.00E-12;2.0475;1831.4
ENVI;3;5;9.408;42;-235;233.021;11.9641;35.6727;-0.0812;0.3807;1.00E-12;2.0463;1842.1
ENVI;3;5;9.408;42;-236;234.012;11.9698;35.6721;-0.0879;0.3224;1.00E-12;2.0458;1831.5
ENVI;3;5;9.408;42;-237;235.003;11.9632;35.6725;-0.0825;0.3827;1.00E-12;2.046;1815.4
ENVI;3;5;9.408;42;-238;235.994;11.9636;35.6723;-0.0941;0.3861;1.00E-12;2.0459;1818
ENVI;3;5;9.408;42;-239;236.985;11.9643;35.6721;-0.0837;0.3983;1.00E-12;2.0457;1827.6
ENVI;3;5;9.408;42;-240;237.976;11.9649;35.6718;-0.1026;0.3789;1.00E-12;2.045;1828.2
ENVI;3;5;9.408;42;-241;238.967;11.9553;35.6715;-0.0921;0.3697;1.00E-12;2.0438;1842
ENVI;3;5;9.408;42;-242;239.958;11.9193;35.6699;-0.0943;0.3872;1.00E-12;2.0437;1854.9
ENVI;3;5;9.408;42;-243;240.949;11.9109;35.67;-0.0922;0.3674;1.00E-12;2.0413;1859.4
ENVI;3;5;9.408;42;-244;241.94;11.9168;35.6694;-0.0826;0.3675;1.00E-12;2.0387;1858.6
ENVI;3;5;9.408;42;-245;242.931;11.9159;35.6691;-0.0934;0.3875;1.00E-12;2.0376;1861
ENVI;3;5;9.408;42;-246;243.922;11.8241;35.6661;-0.097;0.3857;1.00E-12;2.0368;1853.6
ENVI;3;5;9.408;42;-247;244.913;11.8108;35.6654;-0.0926;0.3986;1.00E-12;2.0353;1845.1
ENVI;3;5;9.408;42;-248;245.904;11.8;35.6652;-0.0813;0.3805;1.00E-12;2.0331;1844.3
ENVI;3;5;9.408;42;-249;246.895;11.7978;35.6647;-0.0908;0.3932;1.00E-12;2.0313;1847.6
ENVI;3;5;9.408;42;-250;247.886;11.7971;35.6643;-0.0954;0.3956;1.00E-12;2.0292;1848.8
ENVI;3;5;9.408;42;-251;248.877;11.796;35.664;-0.0971;0.3469;1.00E-12;2.0269;1848.6
ENVI;3;5;9.408;42;-252;249.868;11.7957;35.664;-0.0942;0.3354;1.00E-12;2.0255;1848.6
ENVI;3;5;9.408;42;-253;250.859;11.7915;35.6639;-0.0939;0.3718;1.00E-12;2.025;1845.2
ENVI;3;5;9.408;42;-254;251.85;11.7901;35.6639;-0.0862;0.3669;1.00E-12;2.0246;1841.1
ENVI;3;5;9.408;42;-255;252.841;11.7872;35.6635;-0.0848;0.4071;1.00E-12;2.0238;1836.5
ENVI;3;5;9.408;42;-256;253.831;11.7707;35.6625;-0.0969;0.321;1.00E-12;2.0225;1860.1
ENVI;3;51;9.507;42;-3;2.976;13.9815;34.172;1.3344;0.2842;484.8;2.2431;1869.9
ENVI;3;51;9.507;42;-4;3.969;14.0373;35.7343;1.2866;0.3094;427.93;2.4582;1876.4
ENVI;3;51;9.507;42;-5;4.961;14.0351;35.7557;1.237;0.31;159.86;2.4593;1878.5
ENVI;3;51;9.507;42;-6;5.953;14.0298;35.7557;1.4914;0.3016;78.199;2.4584;1868.6
ENVI;3;51;9.507;42;-7;6.945;14.0239;35.7552;1.6282;0.3343;52.499;2.4579;1863.1
ENVI;3;51;9.507;42;-8;7.937;14.0393;35.7557;1.7446;0.3265;48.545;2.4577;1872.3
ENVI;3;51;9.507;42;-9;8.929;14.045;35.7559;1.4197;0.3135;45.469;2.4579;1877.9
ENVI;3;51;9.507;42;-10;9.921;14.0446;35.7559;1.3915;0.3044;43.82;2.4578;1881.3
ENVI;3;51;9.507;42;-11;10.913;14.0438;35.7561;1.4014;0.3064;42.234;2.4571;1877.6
ENVI;3;51;9.507;42;-12;11.905;14.0432;35.756;1.4662;0.3189;39.175;2.4572;1871.2
ENVI;3;51;9.507;42;-13;12.897;14.042;35.7561;1.3081;0.3155;36.859;2.4573;1869.6
ENVI;3;51;9.507;42;-14;13.89;14.0093;35.7555;1.5173;0.3136;35.008;2.4574;1869.5
ENVI;3;51;9.507;42;-15;14.882;13.9934;35.7537;1.9366;0.3558;33.557;2.4551;1874.4
ENVI;3;51;9.507;42;-16;15.874;13.981;35.7519;1.9576;0.33;32.976;2.4525;1879.5
ENVI;3;51;9.507;42;-17;16.866;13.9645;35.7497;1.9141;0.3251;32.327;2.4509;1875.6
ENVI;3;51;9.507;42;-18;17.858;13.9483;35.7466;2.1657;0.335;30.345;2.4495;1874.9
ENVI;3;51;9.507;42;-19;18.85;13.9363;35.7451;2.2815;0.3057;27.345;2.448;1878.8
ENVI;3;51;9.507;42;-20;19.842;13.933;35.7441;2.1277;0.3184;27.625;2.4463;1873.4
ENVI;3;51;9.507;42;-21;20.834;13.9096;35.7404;2.0574;0.3135;26.361;2.4448;1873.6
ENVI;3;51;9.507;42;-22;21.826;13.9058;35.7395;2.0549;0.316;25.072;2.4443;1869.7
ENVI;3;51;9.507;42;-23;22.818;13.8789;35.7349;2.2397;0.3259;24.572;2.4435;1868.8
ENVI;3;51;9.507;42;-24;23.81;13.8512;35.7305;2.3056;0.3323;24.611;2.4421;1874.9
ENVI;3;51;9.507;42;-25;24.802;13.8429;35.7277;2.3042;0.3124;25.932;2.4417;1886.8
ENVI;3;51;9.507;42;-26;25.794;13.8379;35.7274;2.0663;0.3219;23.652;2.4415;1861.3
ENVI;3;51;9.507;42;-27;26.786;13.8286;35.7258;2.2002;0.3331;20.659;2.4414;1863.7
ENVI;3;51;9.507;42;-28;27.778;13.8315;35.7263;2.2264;0.3479;18.569;2.4407;1872.4
ENVI;3;51;9.507;42;-29;28.77;13.8314;35.7262;2.3647;0.3415;19.489;2.441;1875.2
ENVI;3;51;9.507;42;-30;29.762;13.8005;35.721;2.093;0.3329;20.556;2.4395;1882.5
ENVI;3;51;9.507;42;-31;30.754;13.7911;35.7194;2.322;0.327;20.784;2.4386;1877.8
ENVI;3;51;9.507;42;-32;31.746;13.7878;35.7191;2.0541;0.3277;17.999;2.4377;1869.9
ENVI;3;51;9.507;42;-33;32.738;13.797;35.7222;1.9616;0.3346;16.784;2.4367;1864.7
ENVI;3;51;9.507;42;-34;33.73;13.8056;35.7271;2.1336;0.3469;16.39;2.4361;1863.7
ENVI;3;51;9.507;42;-35;34.722;13.8108;35.7284;1.9252;0.3003;15.48;2.432;1881.6
ENVI;3;51;9.507;42;-36;35.714;13.8103;35.7314;2.0284;0.2944;15.1;2.4297;1871.1
ENVI;3;51;9.507;42;-37;36.706;13.8053;35.7319;2.2378;0.3121;13.476;2.4288;1870.6
ENVI;3;51;9.507;42;-38;37.698;13.78;35.7281;2.7988;0.3199;11.706;2.4272;1872.9
ENVI;3;51;9.507;42;-39;38.69;13.7371;35.7189;1.7826;0.3009;11.876;2.4237;1875.8
ENVI;3;51;9.507;42;-40;39.682;13.6939;35.7096;1.7645;0.3347;11.141;2.4218;1877.4
ENVI;3;51;9.507;42;-41;40.674;13.6151;35.6934;1.6784;0.281;10.735;2.4227;1872.6
ENVI;3;51;9.507;42;-42;41.666;13.5863;35.6893;1.7656;0.3175;9.7308;2.4224;1874.8
ENVI;3;51;9.507;42;-43;42.658;13.5674;35.6859;1.6605;0.3248;9.28;2.4221;1881.6
ENVI;3;51;9.507;42;-44;43.65;13.5681;35.6879;1.6064;0.3256;8.6811;2.4238;1874.8
ENVI;3;51;9.507;42;-45;44.642;13.5626;35.6887;1.5901;0.2968;7.7846;2.4236;1876.7
ENVI;3;51;9.507;42;-46;45.634;13.5718;35.6955;1.5753;0.3175;7.3769;2.4221;1868.2
ENVI;3;51;9.507;42;-47;46.626;13.5745;35.7004;1.3178;0.3112;6.9525;2.4218;1863.8
ENVI;3;51;9.507;42;-48;47.617;13.5797;35.7024;1.2493;0.292;6.389;2.4202;1866.5
ENVI;3;51;9.507;42;-49;48.609;13.5805;35.7021;1.2148;0.2713;6.0079;2.4114;1881.5
ENVI;3;51;9.507;42;-50;49.601;13.5847;35.7044;1.2086;0.276;5.3062;2.4081;1861.5
ENVI;3;51;9.507;42;-51;50.593;13.591;35.706;1.0886;0.2686;5.0369;2.4079;1853.7
ENVI;3;51;9.507;42;-52;51.585;13.5897;35.7059;1.1422;0.2892;4.8385;2.4067;1853.1
ENVI;3;51;9.507;42;-53;52.577;13.5888;35.7066;1.1338;0.3061;4.6663;2.4056;1858.7
ENVI;3;51;9.507;42;-54;53.569;13.5922;35.7082;1.0976;0.3081;4.4136;2.4041;1868
ENVI;3;51;9.507;42;-55;54.561;13.5984;35.7094;1.0272;0.272;4.038;2.4028;1879.5
ENVI;3;51;9.507;42;-56;55.553;13.6263;35.7189;0.9889;0.2699;3.4745;2.4028;1863.1
ENVI;3;51;9.507;42;-57;56.544;13.6461;35.7242;0.8749;0.2691;3.2392;2.4026;1867.3
ENVI;3;51;9.507;42;-58;57.536;13.6559;35.7268;0.8097;0.2551;3.1143;2.4006;1875.5
ENVI;3;51;9.507;42;-59;58.528;13.6613;35.7286;0.7528;0.2517;3.0401;2.3964;1876.1
ENVI;3;51;9.507;42;-60;59.52;13.6614;35.7288;0.7097;0.2257;2.9217;2.3886;1879.3
ENVI;3;51;9.507;42;-61;60.512;13.6664;35.7308;0.6732;0.2342;2.6503;2.388;1879.9
ENVI;3;51;9.507;42;-62;61.504;13.6648;35.7311;0.6717;0.231;2.4689;2.3843;1871.4
ENVI;3;51;9.507;42;-63;62.495;13.6625;35.7309;0.6482;0.243;2.3582;2.3831;1868.6
ENVI;3;51;9.507;42;-64;63.487;13.6609;35.731;0.6271;0.2443;2.2443;2.3822;1868.2
ENVI;3;51;9.507;42;-65;64.479;13.6601;35.7313;0.5746;0.2242;2.1494;2.3805;1883.5
ENVI;3;51;9.507;42;-66;65.471;13.6597;35.7319;0.5476;0.2241;1.9973;2.3792;1882.6
ENVI;3;51;9.507;42;-67;66.463;13.6575;35.7318;0.5193;0.2245;1.7997;2.3768;1879.6
ENVI;3;51;9.507;42;-68;67.455;13.6548;35.7312;0.5417;0.2297;1.7099;2.3756;1869.6
ENVI;3;51;9.507;42;-69;68.447;13.6541;35.731;0.5201;0.2522;1.6412;2.3742;1867.7
ENVI;3;51;9.507;42;-70;69.438;13.6536;35.7309;0.5145;0.2474;1.589;2.3736;1874.1
ENVI;3;51;9.507;42;-71;70.43;13.6532;35.7307;0.5342;0.2273;1.5184;2.3742;1885.9
ENVI;3;51;9.507;42;-72;71.422;13.654;35.7314;0.5147;0.221;1.4198;2.3744;1880.6
ENVI;3;51;9.507;42;-73;72.414;13.654;35.7312;0.5103;0.2306;1.2946;2.3735;1882.7
ENVI;3;51;9.507;42;-74;73.405;13.6528;35.7306;0.5264;0.225;1.2069;2.3724;1889.9
ENVI;3;51;9.507;42;-75;74.397;13.6527;35.7305;0.5378;0.2279;1.1643;2.3729;1878.1
ENVI;3;51;9.507;42;-76;75.389;13.6532;35.7306;0.5194;0.2323;1.1149;2.3737;1869
ENVI;3;51;9.507;42;-77;76.381;13.653;35.7305;0.4906;0.2319;1.0602;2.3737;1868
ENVI;3;51;9.507;42;-78;77.372;13.6512;35.7299;0.531;0.22;1.0091;2.3736;1883.6
ENVI;3;51;9.507;42;-79;78.364;13.6496;35.7295;0.4906;0.2223;0.94696;2.3737;1889.6
ENVI;3;51;9.507;42;-80;79.356;13.6502;35.7299;0.4735;0.2252;0.85076;2.3734;1889.8
ENVI;3;51;9.507;42;-81;80.348;13.6509;35.7302;0.4393;0.2275;0.78877;2.3733;1884
ENVI;3;51;9.507;42;-82;81.34;13.6523;35.7314;0.419;0.2239;0.75142;2.3724;1874.8
ENVI;3;51;9.507;42;-83;82.331;13.6533;35.7336;0.4272;0.2312;0.72625;2.3715;1874.7
ENVI;3;51;9.507;42;-84;83.323;13.6509;35.7348;0.3896;0.2276;0.7104;2.3698;1877.9
ENVI;3;51;9.507;42;-85;84.315;13.6502;35.7361;0.3597;0.2406;0.69227;2.366;1884
ENVI;3;51;9.507;42;-86;85.307;13.6507;35.7362;0.361;0.2134;0.63113;2.358;1895.9
ENVI;3;51;9.507;42;-87;86.298;13.6529;35.7384;0.3586;0.2269;0.55803;2.3556;1879.5
ENVI;3;51;9.507;42;-88;87.29;13.6542;35.7397;0.3497;0.2388;0.52635;2.3546;1876.6
ENVI;3;51;9.507;42;-89;88.282;13.653;35.7406;0.3402;0.2418;0.4968;2.3531;1875.3
ENVI;3;51;9.507;42;-90;89.273;13.6489;35.7401;0.3091;0.2311;0.48303;2.3517;1876.4
ENVI;3;51;9.507;42;-91;90.265;13.644;35.7393;0.3106;0.217;0.48221;2.3483;1885.9
ENVI;3;51;9.507;42;-92;91.257;13.6402;35.7394;0.2982;0.2201;0.47725;2.3468;1897.9
ENVI;3;51;9.507;42;-93;92.249;13.6267;35.7404;0.2457;0.2065;0.41953;2.3453;1898
ENVI;3;51;9.507;42;-94;93.24;13.6156;35.7397;0.2732;0.214;0.39348;2.3436;1891.2
ENVI;3;51;9.507;42;-95;94.232;13.6056;35.7396;0.2813;0.2136;0.36804;2.3426;1888.8
ENVI;3;51;9.507;42;-96;95.224;13.6006;35.7391;0.2799;0.213;0.33989;2.3414;1890.7
ENVI;3;51;9.507;42;-97;96.215;13.5996;35.7388;0.2631;0.2113;0.32789;2.3397;1895.2
ENVI;3;51;9.507;42;-98;97.207;13.5985;35.7385;0.2995;0.2139;0.32186;2.3391;1898.9
ENVI;3;51;9.507;42;-99;98.199;13.5971;35.7384;0.2431;0.2156;0.30452;2.339;1889.5
ENVI;3;51;9.507;42;-100;99.19;13.5952;35.7382;0.2492;0.2015;0.28943;2.3395;1879.6
ENVI;3;51;9.507;42;-101;100.182;13.5935;35.7384;0.2506;0.2255;0.2754;2.339;1883.9
ENVI;3;51;9.507;42;-102;101.174;13.5924;35.7412;0.2593;0.2156;0.25752;2.3386;1897.5
ENVI;3;51;9.507;42;-103;102.165;13.5958;35.7537;0.2294;0.2161;0.2469;2.3379;1908.6
ENVI;3;51;9.507;42;-104;103.157;13.6008;35.7602;0.1673;0.2102;0.23253;2.3314;1903.3
ENVI;3;51;9.507;42;-105;104.149;13.616;35.7743;0.1522;0.2205;0.22186;2.3252;1895.3
ENVI;3;51;9.507;42;-106;105.14;13.6249;35.7805;0.1264;0.2247;0.20758;2.3196;1890.3
ENVI;3;51;9.507;42;-107;106.132;13.6283;35.7849;0.0771;0.2204;0.19347;2.3118;1891.6
ENVI;3;51;9.507;42;-108;107.123;13.6233;35.7882;0.0657;0.2227;0.17778;2.2979;1899.1
ENVI;3;51;9.507;42;-109;108.115;13.6202;35.7915;0.058;0.2268;0.16626;2.2796;1902.2
ENVI;3;51;9.507;42;-110;109.107;13.6207;35.8009;0.0367;0.2202;0.15483;2.2679;1895.1
ENVI;3;51;9.507;42;-111;110.098;13.6018;35.8087;-0.0068;0.2168;0.14467;2.2611;1891
ENVI;3;51;9.507;42;-112;111.09;13.5591;35.8113;-0.0327;0.2133;0.13846;2.2529;1891.8
ENVI;3;51;9.507;42;-113;112.082;13.5395;35.8112;-0.0358;0.2155;0.13222;2.2442;1895.2
ENVI;3;51;9.507;42;-114;113.073;13.5054;35.8117;-0.0444;0.2188;0.12579;2.234;1897.3
ENVI;3;51;9.507;42;-115;114.065;13.4815;35.8153;-0.0451;0.2139;0.12128;2.2257;1896.8
ENVI;3;51;9.507;42;-116;115.056;13.45;35.8169;-0.0368;0.2554;0.11586;2.2192;1895.5
ENVI;3;51;9.507;42;-117;116.048;13.442;35.8176;-0.0433;0.2484;0.11071;2.2136;1896.5
ENVI;3;51;9.507;42;-118;117.039;13.4238;35.8171;-0.0709;0.1945;0.10699;2.2086;1898.6
ENVI;3;51;9.507;42;-119;118.031;13.4026;35.8174;-0.069;0.2011;0.10183;2.2022;1901.9
ENVI;3;51;9.507;42;-120;119.023;13.382;35.8159;-0.0767;0.2035;0.093911;2.1941;1906.6
ENVI;3;51;9.507;42;-121;120.014;13.3642;35.8134;-0.0788;0.2037;0.083087;2.1873;1899.3
ENVI;3;51;9.507;42;-122;121.006;13.3055;35.8102;-0.0608;0.2016;0.075496;2.1839;1895.4
ENVI;3;51;9.507;42;-123;121.998;13.2793;35.8089;-0.0814;0.1991;0.0673;2.1805;1901.3
ENVI;3;51;9.507;42;-124;122.989;13.2729;35.8082;-0.0741;0.1872;0.062715;2.1776;1904.8
ENVI;3;51;9.507;42;-125;123.98;13.2688;35.8078;-0.059;0.1823;0.061033;2.1752;1900.2
ENVI;3;51;9.507;42;-126;124.972;13.2682;35.8079;-0.0706;0.1887;0.058989;2.1735;1893.8
ENVI;3;51;9.507;42;-127;125.964;13.2531;35.8068;-0.0791;0.2032;0.057523;2.1724;1890.4
ENVI;3;51;9.507;42;-128;126.955;13.2288;35.8051;-0.0779;0.2069;0.050085;2.1714;1889.9
ENVI;3;51;9.507;42;-129;127.947;13.2219;35.8042;-0.0695;0.2089;0.047317;2.1694;1894.2
ENVI;3;51;9.507;42;-130;128.938;13.2069;35.8017;-0.0695;0.1948;0.042101;2.1676;1903.4
ENVI;3;51;9.507;42;-131;129.93;13.1504;35.7971;-0.0765;0.1887;0.041335;2.1663;1909.5
ENVI;3;51;9.507;42;-132;130.921;13.1415;35.7957;-0.0883;0.1862;0.037871;2.1638;1908.5
ENVI;3;51;9.507;42;-133;131.913;13.1398;35.7948;-0.0753;0.1786;0.036426;2.1616;1903.7
ENVI;3;51;9.507;42;-134;132.904;13.1367;35.7938;-0.0695;0.1803;0.032878;2.16;1907
ENVI;3;51;9.507;42;-135;133.896;13.1274;35.7925;-0.0794;0.1871;0.028726;2.1591;1908.8
ENVI;3;51;9.507;42;-136;134.887;13.1173;35.7905;-0.0827;0.1937;0.024833;2.1584;1902.8
ENVI;3;51;9.507;42;-137;135.879;13.0755;35.7816;-0.0817;0.1883;0.021426;2.1576;1897.2
ENVI;3;51;9.507;42;-138;136.87;13.0465;35.7745;-0.0788;0.1848;0.020112;2.1561;1894.8
ENVI;3;51;9.507;42;-139;137.862;13.0187;35.7696;-0.0685;0.1904;0.015308;2.1549;1895.9
ENVI;3;51;9.507;42;-140;138.853;12.986;35.7651;-0.0812;0.1833;0.01495;2.1538;1899.8
ENVI;3;51;9.507;42;-141;139.845;12.979;35.7645;-0.081;0.1899;0.012246;2.153;1903.7
ENVI;3;51;9.507;42;-142;140.836;12.9896;35.7704;-0.0817;0.2025;0.012055;2.1524;1905.9
ENVI;3;51;9.507;42;-143;141.827;12.9833;35.7754;-0.0724;0.187;0.0087035;2.1525;1907.1
ENVI;3;51;9.507;42;-144;142.819;12.9855;35.7772;-0.0789;0.1695;0.0058251;2.1509;1909.2
ENVI;3;51;9.507;42;-145;143.81;12.9811;35.777;-0.0831;0.1572;-0.0001501;2.1469;1914.3
ENVI;3;51;9.507;42;-146;144.802;12.9715;35.776;-0.0943;0.1709;0.00067459;2.1464;1904.3
ENVI;3;51;9.507;42;-147;145.793;12.9617;35.7756;-0.0939;0.1775;0.00027518;2.1451;1896.4
ENVI;3;51;9.507;42;-148;146.785;12.9582;35.7753;-0.0889;0.1824;-8.52E-07;2.144;1892.8
ENVI;3;51;9.507;42;-149;147.776;12.943;35.7733;-0.0816;0.1907;1.00E-12;2.1432;1893.1
ENVI;3;51;9.507;42;-150;148.768;12.9104;35.7687;-0.0919;0.1796;1.00E-12;2.1424;1896.1
ENVI;3;51;9.507;42;-151;149.759;12.8688;35.7624;-0.0925;0.1784;1.00E-12;2.1413;1900.8
ENVI;3;51;9.507;42;-152;150.75;12.838;35.7575;-0.0818;0.1784;1.00E-12;2.1394;1904.1
ENVI;3;51;9.507;42;-153;151.742;12.8181;35.7543;-0.0915;0.1816;1.00E-12;2.1372;1909
ENVI;3;51;9.507;42;-154;152.733;12.7896;35.7508;-0.0906;0.1796;1.00E-12;2.136;1914
ENVI;3;51;9.507;42;-155;153.725;12.7837;35.7495;-0.0826;0.1561;1.00E-12;2.131;1916.7
ENVI;3;51;9.507;42;-156;154.716;12.7711;35.7474;-0.0798;0.1607;1.00E-12;2.1295;1901.9
ENVI;3;51;9.507;42;-157;155.707;12.7594;35.7459;-0.0817;0.1706;1.00E-12;2.1285;1903.1
ENVI;3;51;9.507;42;-158;156.699;12.7444;35.7443;-0.0736;0.1766;1.00E-12;2.128;1904.8
ENVI;3;51;9.507;42;-159;157.69;12.7393;35.7438;-0.0738;0.1759;1.00E-12;2.127;1907.6
ENVI;3;51;9.507;42;-160;158.682;12.7375;35.7433;-0.0828;0.1705;1.00E-12;2.1259;1911
ENVI;3;51;9.507;42;-161;159.673;12.7363;35.743;-0.0911;0.1807;1.00E-12;2.1252;1909.2
ENVI;3;51;9.507;42;-162;160.664;12.7336;35.7425;-0.0946;0.1818;1.00E-12;2.1241;1907.5
ENVI;3;51;9.507;42;-163;161.656;12.7288;35.742;-0.0939;0.1834;1.00E-12;2.1233;1904.3
ENVI;3;51;9.507;42;-164;162.647;12.7081;35.7399;-0.0947;0.1732;1.00E-12;2.1227;1902.6
ENVI;3;51;9.507;42;-165;163.639;12.687;35.7385;-0.0939;0.1686;1.00E-12;2.1223;1903.7
ENVI;3;51;9.507;42;-166;164.63;12.6826;35.7378;-0.093;0.1605;1.00E-12;2.121;1910.4
ENVI;3;51;9.507;42;-167;165.621;12.6752;35.7367;-0.0939;0.1595;1.00E-12;2.1203;1917.5
ENVI;3;51;9.507;42;-168;166.612;12.6711;35.7361;-0.1009;0.156;1.00E-12;2.1191;1916
ENVI;3;51;9.507;42;-169;167.604;12.6663;35.7356;-0.0937;0.1577;1.00E-12;2.1176;1913.4
ENVI;3;51;9.507;42;-170;168.595;12.6652;35.7354;-0.0917;0.171;1.00E-12;2.1168;1912.1
ENVI;3;51;9.507;42;-171;169.586;12.6621;35.7351;-0.0802;0.1715;1.00E-12;2.1163;1909.9
ENVI;3;51;9.507;42;-172;170.578;12.6559;35.7346;-0.0938;0.1777;1.00E-12;2.116;1906.9
ENVI;3;51;9.507;42;-173;171.569;12.652;35.7342;-0.0926;0.1728;1.00E-12;2.1153;1906.1
ENVI;3;51;9.507;42;-174;172.56;12.6489;35.7335;-0.0939;0.1738;1.00E-12;2.1148;1906
ENVI;3;51;9.507;42;-175;173.552;12.6427;35.7327;-0.0926;0.1783;1.00E-12;2.1142;1907.6
ENVI;3;51;9.507;42;-176;174.543;12.6407;35.7324;-0.1034;0.1724;1.00E-12;2.1136;1908.5
ENVI;3;51;9.507;42;-177;175.534;12.6222;35.7301;-0.1053;0.1629;1.00E-12;2.1132;1906.5
ENVI;3;51;9.507;42;-178;176.526;12.61;35.7291;-0.1019;0.1593;1.00E-12;2.1126;1904.5
ENVI;3;51;9.507;42;-179;177.517;12.6029;35.7282;-0.0939;0.1652;1.00E-12;2.1118;1906.2
ENVI;3;51;9.507;42;-180;178.508;12.5943;35.7269;-0.0745;0.1601;1.00E-12;2.1111;1911.2
ENVI;3;51;9.507;42;-181;179.499;12.5894;35.7258;-0.0881;0.1561;1.00E-12;2.1091;1921.3
ENVI;3;51;9.507;42;-182;180.491;12.5885;35.7256;-0.1035;0.1593;1.00E-12;2.1084;1905.1
ENVI;3;51;9.507;42;-183;181.482;12.5876;35.7253;-0.0865;0.1674;1.00E-12;2.1084;1898.2
ENVI;3;51;9.507;42;-184;182.473;12.5847;35.725;-0.0802;0.17;1.00E-12;2.1083;1897.1
ENVI;3;51;9.507;42;-185;183.465;12.578;35.7242;-0.0817;0.1658;1.00E-12;2.1076;1899.4
ENVI;3;51;9.507;42;-186;184.455;12.576;35.7239;-0.0893;0.1609;1.00E-12;2.107;1906
ENVI;3;51;9.507;42;-187;185.447;12.5636;35.7224;-0.0938;0.1578;1.00E-12;2.1061;1910.3
ENVI;3;51;9.507;42;-188;186.438;12.5536;35.7215;-0.0939;0.1688;1.00E-12;2.105;1913.1
ENVI;3;51;9.507;42;-189;187.429;12.5405;35.7198;-0.0979;0.1695;1.00E-12;2.1038;1916
ENVI;3;51;9.507;42;-190;188.421;12.5146;35.7165;-0.1051;0.1651;1.00E-12;2.103;1916.9
ENVI;3;51;9.507;42;-191;189.412;12.493;35.7145;-0.1057;0.1602;1.00E-12;2.1014;1914.4
ENVI;3;51;9.507;42;-192;190.403;12.4878;35.7132;-0.084;0.1573;1.00E-12;2.1011;1912.4
ENVI;3;51;9.507;42;-193;191.394;12.4764;35.7119;-0.0935;0.1499;1.00E-12;2.1004;1914.1
ENVI;3;51;9.507;42;-194;192.386;12.4758;35.7112;-0.0848;0.1484;1.00E-12;2.0999;1918.6
ENVI;3;51;9.507;42;-195;193.377;12.4696;35.7103;-0.109;0.1447;1.00E-12;2.099;1916.2
ENVI;3;51;9.507;42;-196;194.368;12.4466;35.7077;-0.0938;0.1556;1.00E-12;2.0991;1909.3
ENVI;3;51;9.507;42;-197;195.359;12.4225;35.7054;-0.0831;0.1569;1.00E-12;2.099;1906.6
ENVI;3;51;9.507;42;-198;196.351;12.4008;35.7029;-0.0839;0.1648;1.00E-12;2.0981;1908.4
ENVI;3;51;9.507;42;-199;197.341;12.3773;35.7003;-0.0817;0.1785;1.00E-12;2.0972;1911.1
ENVI;3;51;9.507;42;-200;198.332;12.3611;35.6986;-0.1018;0.1498;1.00E-12;2.0956;1909.8
ENVI;3;51;9.507;42;-201;199.324;12.3569;35.6978;-0.1014;0.1479;1.00E-12;2.0938;1910.9
ENVI;3;51;9.507;42;-202;200.315;12.3485;35.6965;-0.0935;0.1527;1.00E-12;2.0921;1912.5
ENVI;3;51;9.507;42;-203;201.306;12.3405;35.6956;-0.0926;0.1568;1.00E-12;2.0908;1912
ENVI;3;51;9.507;42;-204;202.297;12.3319;35.6942;-0.0863;0.1517;1.00E-12;2.09;1912.7
ENVI;3;51;9.507;42;-205;203.289;12.3203;35.6925;-0.0881;0.1469;1.00E-12;2.0892;1919.5
ENVI;3;51;9.507;42;-206;204.28;12.3183;35.6918;-0.0904;0.1461;1.00E-12;2.0898;1920.4
ENVI;3;51;9.507;42;-207;205.271;12.3055;35.6899;-0.0939;0.1472;1.00E-12;2.0903;1910.7
ENVI;3;51;9.507;42;-208;206.262;12.2826;35.6874;-0.0853;0.1519;1.00E-12;2.0902;1908.3
ENVI;3;51;9.507;42;-209;207.253;12.2594;35.685;-0.0901;0.1563;1.00E-12;2.0901;1911.3
ENVI;3;51;9.507;42;-210;208.244;12.2452;35.6833;-0.0933;0.1548;1.00E-12;2.0901;1920.4
ENVI;3;51;9.507;42;-211;209.235;12.2358;35.6818;-0.0939;0.1496;1.00E-12;2.091;1926.4
ENVI;3;51;9.507;42;-212;210.226;12.2128;35.6786;-0.105;0.1574;1.00E-12;2.0927;1916.4
ENVI;3;51;9.507;42;-213;211.217;12.1842;35.6769;-0.0801;0.151;1.00E-12;2.0931;1905.5
ENVI;3;51;9.507;42;-214;212.209;12.1803;35.6762;-0.093;0.1568;1.00E-12;2.0928;1904.1
ENVI;3;51;9.507;42;-215;213.2;12.1754;35.6755;-0.0925;0.1515;1.00E-12;2.0925;1909.2
ENVI;3;51;9.507;42;-216;214.191;12.1735;35.6754;-0.096;0.1468;1.00E-12;2.0916;1915.4
ENVI;3;51;9.507;42;-217;215.182;12.1731;35.6751;-0.106;0.1654;1.00E-12;2.0906;1918.3
ENVI;3;51;9.507;42;-218;216.173;12.1724;35.6749;-0.1061;0.1588;1.00E-12;2.0897;1918.4
ENVI;3;51;9.507;42;-219;217.164;12.1712;35.6747;-0.0937;0.1582;1.00E-12;2.0892;1918.8
ENVI;3;51;9.507;42;-220;218.156;12.1706;35.6744;-0.0812;0.1556;1.00E-12;2.0883;1920
ENVI;3;51;9.507;42;-221;219.147;12.1705;35.6742;-0.0876;0.155;1.00E-12;2.0878;1923.8
ENVI;3;51;9.507;42;-222;220.138;12.1694;35.6737;-0.1046;0.1435;1.00E-12;2.0881;1925.1
ENVI;3;51;9.507;42;-223;221.129;12.1688;35.6738;-0.1103;0.1492;1.00E-12;2.0879;1910
ENVI;3;51;9.507;42;-224;222.12;12.1684;35.6738;-0.0817;0.141;1.00E-12;2.0877;1903.8
ENVI;3;51;9.507;42;-225;223.111;12.1669;35.6736;-0.1032;0.1633;1.00E-12;2.0873;1905.7
ENVI;3;51;9.507;42;-226;224.102;12.1553;35.6724;-0.0955;0.1592;1.00E-12;2.087;1912.7
ENVI;3;51;9.507;42;-227;225.093;12.131;35.6706;-0.0856;0.1538;1.00E-12;2.0865;1920.8
ENVI;3;51;9.507;42;-228;226.084;12.1236;35.67;-0.1048;0.1571;1.00E-12;2.0856;1925.4
ENVI;3;51;9.507;42;-229;227.075;12.1196;35.6692;-0.099;0.1505;1.00E-12;2.0855;1925.7
ENVI;3;51;9.507;42;-230;228.066;12.1045;35.6673;-0.1061;0.1627;1.00E-12;2.0853;1922.2
ENVI;3;51;9.507;42;-231;229.057;12.0891;35.6658;-0.0939;0.1583;1.00E-12;2.0852;1919.1
ENVI;3;51;9.507;42;-232;230.048;12.0768;35.6638;-0.0893;0.1551;1.00E-12;2.0854;1916.3
ENVI;3;51;9.507;42;-233;231.039;12.0754;35.6629;-0.1002;0.1468;1.00E-12;2.0894;1921.9
ENVI;3;51;9.507;42;-234;232.031;12.0707;35.6619;-0.0927;0.1488;1.00E-12;2.0886;1921.7
ENVI;3;51;9.507;42;-235;233.021;12.0698;35.6617;-0.086;0.1584;1.00E-12;2.0892;1928.9
ENVI;3;51;9.507;42;-236;234.012;12.0637;35.6606;-0.0883;0.1665;1.00E-12;2.0896;1925
ENVI;3;51;9.507;42;-237;235.003;12.0595;35.6599;-0.1008;0.1596;1.00E-12;2.0892;1916.9
ENVI;3;51;9.507;42;-238;235.994;12.0502;35.6588;-0.0974;0.1525;1.00E-12;2.0897;1914.2
ENVI;3;51;9.507;42;-239;236.985;12.0497;35.6588;-0.1036;0.1576;1.00E-12;2.0893;1919.1
ENVI;3;51;9.507;42;-240;237.976;12.0557;35.6591;-0.1012;0.1475;1.00E-12;2.091;1927.8
ENVI;3;51;9.507;42;-241;238.967;12.043;35.6577;-0.1017;0.1524;1.00E-12;2.0906;1912.4
ENVI;3;51;9.507;42;-242;239.958;12.0373;35.6568;-0.0842;0.1476;1.00E-12;2.0903;1919.5
ENVI;3;51;9.507;42;-243;240.949;12.0312;35.6561;-0.097;0.1623;1.00E-12;2.0903;1925.3
ENVI;3;51;9.507;42;-244;241.94;12.0391;35.6567;-0.1107;0.1296;1.00E-12;2.0913;1929.6
ENVI;3;6;9.608;42;-7;6.945;14.1623;35.8632;1.0663;0.3114;43.358;2.4806;1936.8
ENVI;3;6;9.608;42;-8;7.937;14.1517;35.7653;1.1887;0.3266;40.924;2.4763;1935.6
ENVI;3;6;9.608;42;-9;8.929;14.1439;35.7653;1.338;0.322;35.814;2.4763;1930.2
ENVI;3;6;9.608;42;-10;9.921;14.1342;35.7652;1.3624;0.3102;31.609;2.4762;1925.7
ENVI;3;6;9.608;42;-11;10.913;14.1272;35.7649;1.6527;0.3189;29.093;2.4762;1922.9
ENVI;3;6;9.608;42;-12;11.905;14.1239;35.7649;1.6607;0.3055;26.758;2.4768;1929.7
ENVI;3;6;9.608;42;-13;12.897;14.1201;35.7648;1.975;0.3238;25.188;2.4757;1939
ENVI;3;6;9.608;42;-14;13.889;14.1177;35.7646;2.0873;0.307;23.768;2.4752;1939.1
ENVI;3;6;9.608;42;-15;14.882;14.1165;35.7646;1.9056;0.32;22.435;2.4748;1936.3
ENVI;3;6;9.608;42;-16;15.874;14.1141;35.7645;2.1032;0.354;21.815;2.4743;1932.4
ENVI;3;6;9.608;42;-17;16.866;14.1115;35.7646;2.1905;0.3195;21.725;2.4732;1928.1
ENVI;3;6;9.608;42;-18;17.858;14.1089;35.7645;2.3458;0.3622;20.736;2.4717;1927.4
ENVI;3;6;9.608;42;-19;18.85;14.1074;35.7645;2.3224;0.3253;20.698;2.47;1929.1
ENVI;3;6;9.608;42;-20;19.842;14.1069;35.7644;2.2236;0.3024;21.815;2.4685;1630.9
ENVI;3;6;9.608;42;-21;20.834;14.1053;35.7643;2.4086;0.2993;21.784;2.468;1966.3
ENVI;3;6;9.608;42;-22;21.826;14.1041;35.7644;2.4777;0.3388;20.129;2.4672;1935.7
ENVI;3;6;9.608;42;-23;22.818;14.1029;35.7642;2.3936;0.3548;19.51;2.4663;1936.3
ENVI;3;6;9.608;42;-24;23.81;14.1028;35.764;2.4305;0.2968;22.468;2.4639;1738.4
ENVI;3;6;9.608;42;-25;24.802;14.102;35.7643;2.2872;0.2912;20.309;2.4627;1927.5
ENVI;3;6;9.608;42;-26;25.794;14.1019;35.7642;2.4204;0.3167;20.255;2.4613;1926.1
ENVI;3;6;9.608;42;-27;26.786;14.1009;35.764;2.4117;0.3339;19.233;2.4602;1585.2
ENVI;3;6;9.608;42;-28;27.778;14.0995;35.764;2.412;0.2976;19.162;2.4589;1604
ENVI;3;6;9.608;42;-29;28.77;14.0987;35.7638;2.5134;0.32;18.145;2.4567;1830.2
ENVI;3;6;9.608;42;-30;29.762;14.0961;35.7637;2.2977;0.3398;17.995;2.4553;1622
ENVI;3;6;9.608;42;-31;30.754;14.094;35.7633;2.454;0.3073;16.799;2.4524;1294.6
ENVI;3;6;9.608;42;-32;31.746;14.0896;35.7629;2.2495;0.2952;14.939;2.4509;1611.8
ENVI;3;6;9.608;42;-33;32.738;14.0876;35.7628;2.1043;0.3005;14.07;2.4493;788.98
ENVI;3;6;9.608;42;-34;33.73;14.0857;35.7626;2.1525;0.3058;13.711;2.4475;1404
ENVI;3;6;9.608;42;-35;34.722;14.0832;35.7626;2.3492;0.3283;13.069;2.4447;729.83
ENVI;3;6;9.608;42;-36;35.714;14.0816;35.7621;2.157;0.2839;11.824;2.4386;1912.2
ENVI;3;6;9.608;42;-37;36.706;14.0764;35.7615;2.0243;0.3203;10.883;2.4364;983.85
ENVI;3;6;9.608;42;-38;37.698;14.0734;35.7612;2.0664;0.3088;9.9669;2.4343;1946.7
ENVI;3;6;9.608;42;-39;38.69;14.0707;35.7612;2.116;0.3329;9.2311;2.433;1938.2
ENVI;3;6;9.608;42;-40;39.682;14.0689;35.7611;2.0181;0.3168;8.669;2.4323;1931.4
ENVI;3;6;9.608;42;-41;40.674;14.0676;35.7608;1.8439;0.3014;8.2356;2.4301;1758.6
ENVI;3;6;9.608;42;-42;41.666;14.067;35.7607;1.7416;0.2858;7.7648;2.4268;1796.7
ENVI;3;6;9.608;42;-43;42.658;14.0658;35.7605;1.6741;0.2696;6.6105;2.4226;1991.5
ENVI;3;6;9.608;42;-44;43.65;14.0641;35.7604;1.6895;0.3051;6.3901;2.4218;1939.9
ENVI;3;6;9.608;42;-45;44.641;14.0632;35.7603;1.4398;0.2941;6.1367;2.4201;1936.2
ENVI;3;6;9.608;42;-46;45.634;14.0627;35.7602;1.4864;0.2887;5.7945;2.4188;1935.8
ENVI;3;6;9.608;42;-47;46.626;14.0628;35.7601;1.387;0.2836;5.3995;2.4175;1932.8
ENVI;3;6;9.608;42;-48;47.617;14.0634;35.7601;1.3094;0.2609;4.757;2.4143;1929.1
ENVI;3;6;9.608;42;-49;48.609;14.0629;35.76;1.3116;0.2724;4.3666;2.414;1933.5
ENVI;3;6;9.608;42;-50;49.601;14.063;35.76;1.3877;0.2793;4.27;2.4139;1937.4
ENVI;3;6;9.608;42;-51;50.593;14.063;35.7601;1.4131;0.3033;4.0753;2.4139;1937.2
ENVI;3;6;9.608;42;-52;51.585;14.0632;35.7599;1.4054;0.2961;3.773;2.4135;1935.5
ENVI;3;6;9.608;42;-53;52.577;14.0632;35.7598;1.393;0.2643;3.3165;2.4125;1932.7
ENVI;3;6;9.608;42;-54;53.569;14.0621;35.76;1.2467;0.2738;3.0151;2.4125;1933.4
ENVI;3;6;9.608;42;-55;54.561;14.0623;35.76;1.2287;0.285;2.8531;2.4127;1934.9
ENVI;3;6;9.608;42;-56;55.553;14.0625;35.7599;1.226;0.2795;2.7187;2.4118;1937.2
ENVI;3;6;9.608;42;-57;56.544;14.0615;35.7596;1.2239;0.2788;2.5778;2.4092;1932.7
ENVI;3;6;9.608;42;-58;57.536;14.0616;35.7597;1.2246;0.2638;2.409;2.4073;1933.2
ENVI;3;6;9.608;42;-59;58.528;14.0619;35.7598;1.2164;0.2736;2.1926;2.4077;1938.8
ENVI;3;6;9.608;42;-60;59.52;14.0619;35.7597;1.1773;0.2792;1.9783;2.4073;1936.5
ENVI;3;6;9.608;42;-61;60.512;14.0614;35.7595;1.1147;0.2705;1.8672;2.4079;1929.2
ENVI;3;6;9.608;42;-62;61.504;14.0615;35.7596;1.1049;0.2802;1.8172;2.4068;1928.5
ENVI;3;6;9.608;42;-63;62.496;14.0609;35.7596;1.1148;0.2761;1.7209;2.406;1927.2
ENVI;3;6;9.608;42;-64;63.487;14.0605;35.7595;1.0901;0.2875;1.6193;2.4053;1927.1
ENVI;3;6;9.608;42;-65;64.479;14.0597;35.7594;1.0511;0.2841;1.5166;2.4043;1930.3
ENVI;3;6;9.608;42;-66;65.471;14.0596;35.7592;1.0274;0.2893;1.2814;2.4042;1935.5
ENVI;3;6;9.608;42;-67;66.463;14.0592;35.7591;0.9792;0.2913;1.2245;2.4034;1937.5
ENVI;3;6;9.608;42;-68;67.455;14.0591;35.7591;0.9686;0.2851;1.1981;2.4024;1934
ENVI;3;6;9.608;42;-69;68.446;14.0592;35.7591;0.9715;0.2943;1.1424;2.4012;1926.9
ENVI;3;6;9.608;42;-70;69.438;14.0591;35.7591;1.0047;0.297;1.0737;2.4007;1921.7
ENVI;3;6;9.608;42;-71;70.43;14.0593;35.7589;1.0416;0.2617;0.93655;2.3995;1933.8
ENVI;3;6;9.608;42;-72;71.422;14.0594;35.759;0.955;0.2688;0.85613;2.4006;1944.4
ENVI;3;6;9.608;42;-73;72.414;14.0594;35.7591;0.9705;0.2848;0.81869;2.4001;1942.1
ENVI;3;6;9.608;42;-74;73.405;14.059;35.7589;0.9501;0.2774;0.78342;2.3988;1937.4
ENVI;3;6;9.608;42;-75;74.397;14.0588;35.759;0.957;0.2775;0.7389;2.3981;1930.9
ENVI;3;6;9.608;42;-76;75.389;14.0589;35.7588;0.941;0.2736;0.67769;2.3979;1926.4
ENVI;3;6;9.608;42;-77;76.381;14.0589;35.7588;1.041;0.243;0.61835;2.3987;1932
ENVI;3;6;9.608;42;-78;77.372;14.0588;35.7587;0.9603;0.2827;0.57912;2.3992;1935.7
ENVI;3;6;9.608;42;-79;78.364;14.0585;35.7587;0.9857;0.2692;0.54766;2.3982;1939.4
ENVI;3;6;9.608;42;-80;79.356;14.0584;35.7587;0.9138;0.2722;0.51728;2.3973;1939.9
ENVI;3;6;9.608;42;-81;80.348;14.0582;35.7586;0.9586;0.264;0.4712;2.3968;1932.9
ENVI;3;6;9.608;42;-82;81.34;14.0579;35.7586;0.9984;0.2534;0.42828;2.3971;1933.4
ENVI;3;6;9.608;42;-83;82.331;14.058;35.7587;0.9885;0.2716;0.39798;2.3968;1935.5
ENVI;3;6;9.608;42;-84;83.323;14.0578;35.7586;0.9667;0.2784;0.3607;2.3963;1935.2
ENVI;3;6;9.608;42;-85;84.315;14.0575;35.7586;0.9213;0.2814;0.32252;2.3955;1936
ENVI;3;6;9.608;42;-86;85.306;14.0571;35.7585;0.9317;0.2875;0.29082;2.395;1936.5
ENVI;3;6;9.608;42;-87;86.298;14.0572;35.7583;0.9251;0.2529;0.31064;2.3936;1937.1
ENVI;3;6;9.608;42;-88;87.29;14.0565;35.7584;0.9575;0.2649;0.27192;2.3941;1944.4
ENVI;3;6;9.608;42;-89;88.282;14.056;35.7583;0.9593;0.2838;0.25761;2.3934;1942.5
ENVI;3;6;9.608;42;-90;89.273;14.0556;35.7581;0.8753;0.2839;0.24824;2.3931;1937.4
ENVI;3;6;9.608;42;-91;90.265;14.0558;35.7582;0.8922;0.2861;0.23416;2.3923;1930.8
ENVI;3;6;9.608;42;-92;91.257;14.0557;35.7581;0.9116;0.2919;0.21667;2.3918;1925.5
ENVI;3;6;9.608;42;-93;92.249;14.0558;35.7579;0.9023;0.2534;0.19313;2.3916;1935
ENVI;3;6;9.608;42;-94;93.24;14.0552;35.7579;0.8816;0.2763;0.17884;2.3919;1946.5
ENVI;3;6;9.608;42;-95;94.232;14.055;35.7578;0.8452;0.2778;0.16886;2.3914;1944.1
ENVI;3;6;9.608;42;-96;95.223;14.0549;35.758;0.8678;0.268;0.15456;2.3917;1943
ENVI;3;6;9.608;42;-97;96.215;14.0549;35.7578;0.8539;0.2783;0.1387;2.3916;1938.8
ENVI;3;6;9.608;42;-98;97.207;14.0544;35.7578;0.807;0.2823;0.12666;2.391;1933.6
ENVI;3;6;9.608;42;-99;98.199;14.0539;35.7576;0.8724;0.2599;0.11636;2.3896;1931.4
ENVI;3;6;9.608;42;-100;99.19;14.0523;35.7574;0.8525;0.2403;0.10996;2.3899;1948.6
ENVI;3;6;9.608;42;-101;100.182;14.0509;35.7574;0.8333;0.2757;0.10186;2.3906;1946.5
ENVI;3;6;9.608;42;-102;101.174;14.05;35.7573;0.802;0.2817;0.092666;2.3899;1944.4
ENVI;3;6;9.608;42;-103;102.165;14.0485;35.7571;0.8169;0.2916;0.082289;2.3893;1941.8
ENVI;3;6;9.608;42;-104;103.157;14.0476;35.7572;0.8345;0.3008;0.070294;2.3886;1937.1
ENVI;3;6;9.608;42;-105;104.148;14.0465;35.7572;0.7952;0.2519;0.065866;2.3855;1932.1
ENVI;3;6;9.608;42;-106;105.14;14.0451;35.7578;0.7885;0.2749;0.062383;2.3836;1943.3
ENVI;3;6;9.608;42;-107;106.132;14.0435;35.7589;0.7654;0.2823;0.055246;2.3832;1943.7
ENVI;3;6;9.608;42;-108;107.124;14.04;35.7597;0.7416;0.286;0.047634;2.3834;1943.3
ENVI;3;6;9.608;42;-109;108.115;14.0355;35.7604;0.6873;0.2704;0.043284;2.3827;1942.8
ENVI;3;6;9.608;42;-110;109.107;14.0315;35.7609;0.7053;0.2434;0.034186;2.374;1933.6
ENVI;3;6;9.608;42;-111;110.098;14.0269;35.7621;0.6163;0.2738;0.031646;2.3717;1939.7
ENVI;3;6;9.608;42;-112;111.09;14.0209;35.7632;0.6198;0.2867;0.027233;2.3711;1940.7
ENVI;3;6;9.608;42;-113;112.082;14.0076;35.7647;0.5834;0.2773;0.026638;2.3696;1940.9
ENVI;3;6;9.608;42;-114;113.073;13.9919;35.7671;0.4938;0.2536;0.024059;2.3656;1941.6
ENVI;3;6;9.608;42;-115;114.065;13.9863;35.7687;0.4483;0.2536;0.018318;2.3593;1941.2
ENVI;3;6;9.608;42;-116;115.056;13.98;35.7707;0.3891;0.2262;0.0071785;2.3436;1936.1
ENVI;3;6;9.608;42;-117;116.048;13.9793;35.7714;0.3945;0.2428;0.007717;2.3393;1937.6
ENVI;3;6;9.608;42;-118;117.039;13.9794;35.7719;0.3945;0.2482;0.0075413;2.3384;1943
ENVI;3;6;9.608;42;-119;118.031;13.9798;35.7725;0.3886;0.2407;0.0024287;2.3369;1943.3
ENVI;3;6;9.608;42;-120;119.023;13.9755;35.7755;0.3715;0.2443;0.00028623;2.336;1941.7
ENVI;3;6;9.608;42;-121;120.014;13.9725;35.7765;0.3129;0.2266;-9.41E-07;2.3322;1937.4
ENVI;3;6;9.608;42;-122;121.006;13.9701;35.7777;0.2879;0.2198;1.00E-12;2.3269;1938.4
ENVI;3;6;9.608;42;-123;121.997;13.9692;35.7783;0.2721;0.2066;1.00E-12;2.3209;1942
ENVI;3;6;9.608;42;-124;122.989;13.9692;35.7792;0.273;0.2293;1.00E-12;2.3205;1940.7
ENVI;3;6;9.608;42;-125;123.98;13.9678;35.7805;0.2765;0.2339;1.00E-12;2.3196;1938.5
ENVI;3;6;9.608;42;-126;124.972;13.9647;35.7826;0.2577;0.2429;1.00E-12;2.318;1937.5
ENVI;3;6;9.608;42;-127;125.963;13.9604;35.7843;0.251;0.256;1.00E-12;2.3173;1936.6
ENVI;3;6;9.608;42;-128;126.955;13.9544;35.7863;0.1864;0.2284;1.00E-12;2.3158;1936
ENVI;3;6;9.608;42;-129;127.947;13.9488;35.7869;0.1616;0.2307;1.00E-12;2.3084;1933.7
ENVI;3;6;9.608;42;-130;128.938;13.9364;35.7875;0.1476;0.2272;1.00E-12;2.3008;1943.2
ENVI;3;6;9.608;42;-131;129.929;13.9264;35.7849;0.148;0.2405;1.00E-12;2.2991;1943.1
ENVI;3;6;9.608;42;-132;130.921;13.8437;35.7837;0.1483;0.2496;1.00E-12;2.2967;1936.8
ENVI;3;6;9.608;42;-133;131.913;13.7984;35.7792;0.1535;0.2287;1.00E-12;2.2916;1926.4
ENVI;3;6;9.608;42;-134;132.904;13.7438;35.7691;0.2074;0.2088;1.00E-12;2.288;1932
ENVI;3;6;9.608;42;-135;133.896;13.7211;35.766;0.2384;0.1991;1.00E-12;2.2931;1944.3
ENVI;3;6;9.608;42;-136;134.887;13.7243;35.7662;0.2276;0.2201;1.00E-12;2.2934;1938.1
ENVI;3;6;9.608;42;-137;135.879;13.7257;35.767;0.2139;0.2252;1.00E-12;2.2925;1938.5
ENVI;3;6;9.608;42;-138;136.87;13.7131;35.7666;0.2003;0.2307;1.00E-12;2.2922;1937.4
ENVI;3;6;9.608;42;-139;137.862;13.6996;35.7672;0.2002;0.2416;1.00E-12;2.2923;1935.9
ENVI;3;6;9.608;42;-140;138.853;13.6895;35.7675;0.2541;0.2075;1.00E-12;2.2888;1932.7
ENVI;3;6;9.608;42;-141;139.845;13.681;35.7681;0.2084;0.2142;1.00E-12;2.2862;1939.1
ENVI;3;6;9.608;42;-142;140.836;13.6788;35.7683;0.2438;0.2223;1.00E-12;2.2846;1939.1
ENVI;3;6;9.608;42;-143;141.827;13.676;35.7686;0.2314;0.2274;1.00E-12;2.283;1941.9
ENVI;3;6;9.608;42;-144;142.819;13.6702;35.7691;0.2262;0.2375;1.00E-12;2.2815;1942.1
ENVI;3;6;9.608;42;-145;143.81;13.6622;35.7696;0.217;0.2315;1.00E-12;2.2793;1936.9
ENVI;3;6;9.608;42;-146;144.802;13.6565;35.7697;0.1858;0.2083;1.00E-12;2.2755;1935.1
ENVI;3;6;9.608;42;-147;145.793;13.6401;35.771;0.1756;0.2281;1.00E-12;2.2733;1938.6
ENVI;3;6;9.608;42;-148;146.784;13.6063;35.7745;0.1275;0.2164;1.00E-12;2.2703;1939.1
ENVI;3;6;9.608;42;-149;147.776;13.579;35.7816;0.0935;0.2068;1.00E-12;2.2639;1937.1
ENVI;3;6;9.608;42;-150;148.767;13.5652;35.7867;0.0826;0.2111;1.00E-12;2.257;1936.2
ENVI;3;6;9.608;42;-151;149.759;13.5501;35.7901;0.0775;0.2123;1.00E-12;2.2524;1938.2
ENVI;3;6;9.608;42;-152;150.75;13.5323;35.7943;0.0765;0.2042;1.00E-12;2.2488;1938.6
ENVI;3;6;9.608;42;-153;151.742;13.501;35.7997;0.077;0.1998;1.00E-12;2.2456;1940.2
ENVI;3;6;9.608;42;-154;152.733;13.4291;35.8057;0.0494;0.2051;1.00E-12;2.2406;1937.9
ENVI;3;6;9.608;42;-155;153.724;13.3725;35.8081;0.0069;0.2045;1.00E-12;2.2342;1936.4
ENVI;3;6;9.608;42;-156;154.716;13.3483;35.8082;-0.0333;0.184;1.00E-12;2.2247;1935
ENVI;3;6;9.608;42;-157;155.707;13.3049;35.8063;-0.0688;0.1845;1.00E-12;2.2126;1934.5
ENVI;3;6;9.608;42;-158;156.699;13.2709;35.8045;-0.0592;0.1833;1.00E-12;2.2004;1933.5
ENVI;3;6;9.608;42;-159;157.69;13.2549;35.8038;-0.0736;0.1877;1.00E-12;2.1913;1933
ENVI;3;6;9.608;42;-160;158.681;13.2344;35.8015;-0.0802;0.1898;1.00E-12;2.1845;1933.3
ENVI;3;6;9.608;42;-161;159.673;13.2234;35.8009;-0.0817;0.19;1.00E-12;2.1776;1933.4
ENVI;3;6;9.608;42;-162;160.664;13.2185;35.8004;-0.073;0.1893;1.00E-12;2.1694;1933.1
ENVI;3;6;9.608;42;-163;161.656;13.2099;35.7998;-0.0748;0.1664;1.00E-12;2.1612;1938.1
ENVI;3;6;9.608;42;-164;162.647;13.2064;35.802;-0.0583;0.1741;1.00E-12;2.1604;1940.1
ENVI;3;6;9.608;42;-165;163.638;13.1978;35.8011;-0.066;0.1797;1.00E-12;2.1585;1939.4
ENVI;3;6;9.608;42;-166;164.63;13.1811;35.8;-0.0817;0.1841;1.00E-12;2.1565;1939.9
ENVI;3;6;9.608;42;-167;165.621;13.1647;35.7974;-0.0824;0.1831;1.00E-12;2.1548;1937.2
ENVI;3;6;9.608;42;-168;166.612;13.0946;35.7884;-0.0817;0.1831;1.00E-12;2.1531;1934.4
ENVI;3;6;9.608;42;-169;167.604;13.0788;35.7858;-0.0817;0.1839;1.00E-12;2.1503;1930.9
ENVI;3;6;9.608;42;-170;168.595;13.0767;35.785;-0.071;0.1895;1.00E-12;2.1483;1927.8
ENVI;3;6;9.608;42;-171;169.586;13.0768;35.7846;-0.0683;0.1865;1.00E-12;2.1472;1926.9
ENVI;3;6;9.608;42;-172;170.578;13.076;35.7842;-0.0756;0.1854;1.00E-12;2.1463;1926.4
ENVI;3;6;9.608;42;-173;171.569;13.0729;35.7835;-0.0892;0.1877;1.00E-12;2.1452;1926.8
ENVI;3;6;9.608;42;-174;172.56;13.0726;35.7828;-0.0811;0.1746;1.00E-12;2.1433;1933
ENVI;3;6;9.608;42;-175;173.552;13.0684;35.782;-0.0811;0.173;1.00E-12;2.1429;1935.7
ENVI;3;6;9.608;42;-176;174.543;13.066;35.7818;-0.0817;0.1847;1.00E-12;2.1424;1933.8
ENVI;3;6;9.608;42;-177;175.534;13.0624;35.7813;-0.0817;0.1967;1.00E-12;2.1417;1932.7
ENVI;3;6;9.608;42;-178;176.525;13.0606;35.781;-0.071;0.1913;1.00E-12;2.1412;1932
ENVI;3;6;9.608;42;-179;177.517;13.0381;35.7794;-0.0751;0.1862;1.00E-12;2.141;1931.6
ENVI;3;6;9.608;42;-180;178.508;13.0164;35.7781;-0.0835;0.1788;1.00E-12;2.1403;1931.8
ENVI;3;6;9.608;42;-181;179.499;13.002;35.7764;-0.081;0.1777;1.00E-12;2.1394;1929.9
ENVI;3;6;9.608;42;-182;180.491;12.9859;35.7746;-0.0817;0.1766;1.00E-12;2.1387;1928.8
ENVI;3;6;9.608;42;-183;181.482;12.977;35.7736;-0.0817;0.1722;1.00E-12;2.1378;1930.1
ENVI;3;6;9.608;42;-184;182.473;12.9625;35.7726;-0.1008;0.172;1.00E-12;2.1367;1928.7
ENVI;3;6;9.608;42;-185;183.465;12.944;35.7713;-0.1057;0.1675;1.00E-12;2.1354;1927.8
ENVI;3;6;9.608;42;-186;184.456;12.9133;35.7674;-0.0932;0.1708;1.00E-12;2.1333;1934
ENVI;3;6;9.608;42;-187;185.447;12.9049;35.7683;-0.0828;0.1657;1.00E-12;2.1325;1936.4
ENVI;3;6;9.608;42;-188;186.438;12.897;35.7677;-0.0817;0.1742;1.00E-12;2.1319;1936.7
ENVI;3;6;9.608;42;-189;187.43;12.8844;35.7667;-0.0853;0.1748;1.00E-12;2.1312;1936.7
ENVI;3;6;9.608;42;-190;188.42;12.8757;35.7656;-0.0931;0.1658;1.00E-12;2.13;1938.8
ENVI;3;6;9.608;42;-191;189.412;12.8544;35.763;-0.0853;0.1741;1.00E-12;2.1283;1940.4
ENVI;3;6;9.608;42;-192;190.403;12.8368;35.7606;-0.0838;0.1781;1.00E-12;2.1261;1939.7
ENVI;3;6;9.608;42;-193;191.394;12.8181;35.7584;-0.0931;0.178;1.00E-12;2.1241;1938.2
ENVI;3;6;9.608;42;-194;192.385;12.8059;35.7562;-0.0939;0.1738;1.00E-12;2.1224;1934.4
ENVI;3;6;9.608;42;-195;193.377;12.7756;35.7524;-0.0939;0.17;1.00E-12;2.12;1930.6
ENVI;3;6;9.608;42;-196;194.368;12.7599;35.7505;-0.0939;0.1645;1.00E-12;2.1181;1930.2
ENVI;3;6;9.608;42;-197;195.359;12.7529;35.7492;-0.0933;0.1673;1.00E-12;2.1167;1927.3
ENVI;3;6;9.608;42;-198;196.351;12.7058;35.742;-0.089;0.1481;1.00E-12;2.1129;1933
ENVI;3;6;9.608;42;-199;197.342;12.6552;35.7345;-0.0886;0.1526;1.00E-12;2.1123;1935.3
ENVI;3;6;9.608;42;-200;198.332;12.6349;35.7321;-0.0889;0.1629;1.00E-12;2.1114;1935.8
ENVI;3;6;9.608;42;-201;199.324;12.6224;35.7307;-0.102;0.1849;1.00E-12;2.1102;1936.3
ENVI;3;6;9.608;42;-202;200.315;12.6177;35.7296;-0.0855;0.1738;1.00E-12;2.1101;1938.6
ENVI;3;6;9.608;42;-203;201.306;12.6114;35.7287;-0.0846;0.1691;1.00E-12;2.1098;1939.3
ENVI;3;6;9.608;42;-204;202.297;12.6083;35.7281;-0.0932;0.1654;1.00E-12;2.1096;1937.1
ENVI;3;6;9.608;42;-205;203.288;12.6044;35.7273;-0.0925;0.1655;1.00E-12;2.109;1933.4
ENVI;3;6;9.608;42;-206;204.28;12.5991;35.7263;-0.0939;0.1651;1.00E-12;2.1087;1925.7
ENVI;3;6;9.608;42;-207;205.271;12.5958;35.7257;-0.0939;0.1648;1.00E-12;2.1085;1922.6
ENVI;3;6;9.608;42;-208;206.262;12.5919;35.7247;-0.0939;0.1586;1.00E-12;2.1084;1923.2
ENVI;3;6;9.608;42;-209;207.253;12.5764;35.7224;-0.0934;0.1605;1.00E-12;2.109;1928.4
ENVI;3;6;9.608;42;-210;208.244;12.5462;35.7188;-0.0891;0.1619;1.00E-12;2.1091;1931.7
ENVI;3;6;9.608;42;-211;209.235;12.5182;35.716;-0.0836;0.1581;1.00E-12;2.1087;1932.3
ENVI;3;6;9.608;42;-212;210.226;12.511;35.7149;-0.094;0.1655;1.00E-12;2.1078;1931.8
ENVI;3;6;9.608;42;-213;211.218;12.5069;35.714;-0.0933;0.1639;1.00E-12;2.1073;1932.2
ENVI;3;6;9.608;42;-214;212.208;12.4945;35.7125;-0.086;0.1586;1.00E-12;2.107;1933.6
ENVI;3;6;9.608;42;-215;213.2;12.4871;35.7115;-0.086;0.1629;1.00E-12;2.1061;1936
ENVI;3;6;9.608;42;-216;214.191;12.4815;35.7108;-0.0927;0.1708;1.00E-12;2.1058;1934.1
ENVI;3;6;9.608;42;-217;215.182;12.4776;35.71;-0.0825;0.1698;1.00E-12;2.105;1930.5
ENVI;3;6;9.608;42;-218;216.173;12.4726;35.709;-0.0936;0.1643;1.00E-12;2.104;1926.5
ENVI;3;6;9.608;42;-219;217.164;12.4712;35.7085;-0.0935;0.1582;1.00E-12;2.1036;1927.4
ENVI;3;6;9.608;42;-220;218.155;12.4678;35.7081;-0.0818;0.164;1.00E-12;2.1034;1930.9
ENVI;3;6;9.608;42;-221;219.146;12.4581;35.7068;-0.104;0.1656;1.00E-12;2.1028;1933
ENVI;3;6;9.608;42;-222;220.137;12.4517;35.7061;-0.104;0.1609;1.00E-12;2.1022;1931.5
ENVI;3;6;9.608;42;-223;221.129;12.4456;35.705;-0.0968;0.1627;1.00E-12;2.1017;1927.6
ENVI;3;6;9.608;42;-224;222.12;12.4441;35.7047;-0.0845;0.1646;1.00E-12;2.1013;1925.7
ENVI;3;6;9.608;42;-225;223.111;12.4438;35.7047;-0.097;0.1604;1.00E-12;2.1018;1923.6
ENVI;3;6;9.608;42;-226;224.102;12.4438;35.7045;-0.1041;0.1586;1.00E-12;2.1016;1924
ENVI;3;6;9.608;42;-227;225.093;12.4431;35.7044;-0.0932;0.1574;1.00E-12;2.1019;1924
ENVI;3;6;9.608;42;-228;226.084;12.4409;35.7041;-0.0924;0.1563;1.00E-12;2.101;1927.1
ENVI;3;6;9.608;42;-229;227.075;12.4377;35.7035;-0.0947;0.1596;1.00E-12;2.1005;1929.9
ENVI;3;6;9.608;42;-230;228.066;12.4256;35.7019;-0.0939;0.1583;1.00E-12;2.1002;1931.5
ENVI;3;6;9.608;42;-231;229.057;12.4022;35.6995;-0.0917;0.1573;1.00E-12;2.0995;1932.9
ENVI;3;6;9.608;42;-232;230.048;12.3773;35.696;-0.0893;0.1507;1.00E-12;2.0989;1934.8
ENVI;3;6;9.608;42;-233;231.039;12.3647;35.6949;-0.0934;0.1456;1.00E-12;2.1002;1935.4
ENVI;3;6;9.608;42;-234;232.031;12.3577;35.6943;-0.0939;0.1472;1.00E-12;2.0992;1935.8
ENVI;3;6;9.608;42;-235;233.021;12.3502;35.6929;-0.0946;0.153;1.00E-12;2.0988;1934.1
ENVI;3;6;9.608;42;-236;234.012;12.3335;35.6914;-0.0947;0.1532;1.00E-12;2.0977;1931.2
ENVI;3;6;9.608;42;-237;235.003;12.3264;35.6905;-0.089;0.1568;1.00E-12;2.0971;1930
ENVI;3;6;9.608;42;-238;235.994;12.3096;35.6885;-0.0819;0.1642;1.00E-12;2.0966;1929.9
ENVI;3;6;9.608;42;-239;236.985;12.2963;35.6874;-0.0923;0.1694;1.00E-12;2.0951;1930.1
ENVI;3;6;9.608;42;-240;237.976;12.2918;35.6866;-0.0987;0.1679;1.00E-12;2.0942;1930.9
ENVI;3;6;9.608;42;-241;238.967;12.2875;35.6861;-0.1056;0.1641;1.00E-12;2.0933;1932.7
ENVI;3;6;9.608;42;-242;239.958;12.2852;35.6858;-0.1068;0.1653;1.00E-12;2.0928;1933
ENVI;3;6;9.608;42;-243;240.949;12.2829;35.6857;-0.0997;0.1588;1.00E-12;2.0926;1934
ENVI;3;6;9.608;42;-244;241.94;12.2868;35.6856;-0.0953;0.1431;1.00E-12;2.091;1933.3
ENVI;3;6;9.608;42;-245;242.931;12.2704;35.6846;-0.0959;0.1522;1.00E-12;2.0904;1933.8
ENVI;3;6;9.608;42;-246;243.922;12.2681;35.6848;-0.0939;0.1544;1.00E-12;2.0903;1934.1
ENVI;3;6;9.608;42;-247;244.913;12.2667;35.6846;-0.0945;0.1588;1.00E-12;2.0894;1935.3
ENVI;3;6;9.608;42;-248;245.904;12.2631;35.6842;-0.1001;0.1665;1.00E-12;2.0868;1932.8
ENVI;3;6;9.608;42;-249;246.895;12.2577;35.6834;-0.0979;0.1452;1.00E-12;2.0818;1925.5
ENVI;3;6;9.608;42;-250;247.886;12.2444;35.6822;-0.0937;0.1575;1.00E-12;2.0792;1930.8
ENVI;3;61;9.708;42;-5;4.961;13.9829;33.3413;1.5227;0.2637;53.642;2.2311;1705.8
ENVI;3;61;9.708;42;-7;6.945;14.0795;35.7824;1.4585;0.2767;42.628;2.4433;1626.3
ENVI;3;61;9.708;42;-8;7.937;14.0692;35.7823;1.4389;0.258;39.06;2.4425;1666.7
ENVI;3;61;9.708;42;-9;8.929;14.0688;35.7825;1.4345;0.2842;34.118;2.442;1663.2
ENVI;3;61;9.708;42;-10;9.921;14.0663;35.7822;1.6549;0.2918;30.788;2.4411;1653.9
ENVI;3;61;9.708;42;-11;10.913;14.065;35.7821;1.6666;0.299;28.652;2.4402;1651
ENVI;3;61;9.708;42;-12;11.905;14.0644;35.7822;1.5269;0.2792;27.386;2.4402;1632.7
ENVI;3;61;9.708;42;-13;12.898;14.0634;35.7821;1.539;0.2793;25.71;2.4396;1632.9
ENVI;3;61;9.708;42;-14;13.89;14.0632;35.7819;1.7527;0.2719;24.767;2.4384;1652.7
ENVI;3;61;9.708;42;-15;14.882;14.0601;35.7817;1.8974;0.2917;26.404;2.4377;1672.1
ENVI;3;61;9.708;42;-16;15.874;14.06;35.7819;1.8182;0.3216;24.986;2.4382;1665.8
ENVI;3;61;9.708;42;-17;16.866;14.0604;35.7822;1.7871;0.2882;27.081;2.4366;1656.1
ENVI;3;61;9.708;42;-18;17.858;14.062;35.7832;1.9276;0.2895;30.428;2.4363;1632.7
ENVI;3;61;9.708;42;-19;18.85;14.0616;35.7834;1.7412;0.2836;27.237;2.4354;1634.5
ENVI;3;61;9.708;42;-20;19.842;14.0616;35.7837;1.6187;0.2786;27.561;2.4337;1650
ENVI;3;61;9.708;42;-21;20.834;14.0647;35.7854;1.6907;0.2856;30.291;2.4326;1662.6
ENVI;3;61;9.708;42;-22;21.826;14.0675;35.7868;1.6539;0.2829;29.115;2.4315;1678.7
ENVI;3;61;9.708;42;-23;22.818;14.0689;35.7876;1.5301;0.2663;29.191;2.4281;1686.3
ENVI;3;61;9.708;42;-24;23.81;14.0729;35.7893;1.4216;0.271;27.222;2.4272;1694.7
ENVI;3;61;9.708;42;-25;24.802;14.0778;35.791;1.4337;0.2474;23.804;2.4256;1705.6
ENVI;3;61;9.708;42;-26;25.794;14.081;35.7925;1.4395;0.2657;25.05;2.425;1689.2
ENVI;3;61;9.708;42;-27;26.786;14.0819;35.7931;1.3489;0.2718;23.434;2.4235;1692.5
ENVI;3;61;9.708;42;-28;27.778;14.0819;35.7932;1.3348;0.2774;21.129;2.4221;1704.6
ENVI;3;61;9.708;42;-29;28.77;14.0828;35.7934;1.3107;0.2769;20.587;2.4208;1723.3
ENVI;3;61;9.708;42;-30;29.762;14.0817;35.7926;1.272;0.2398;18.632;2.4188;1760.1
ENVI;3;61;9.708;42;-31;30.754;14.0854;35.7943;1.197;0.2542;16.981;2.42;1729.4
ENVI;3;61;9.708;42;-32;31.746;14.0869;35.7949;1.2442;0.2554;16.149;2.4183;1726.9
ENVI;3;61;9.708;42;-33;32.738;14.0889;35.7956;2.1914;0.4751;15.452;2.4166;1726.2
ENVI;3;61;9.708;42;-34;33.73;14.0899;35.7961;1.6511;0.3364;14.887;2.4158;1726.7
ENVI;3;61;9.708;42;-35;34.722;14.09;35.7962;1.2278;0.2566;13.978;2.4153;1734.5
ENVI;3;61;9.708;42;-36;35.714;14.0888;35.7953;1.136;0.2506;12.773;2.415;1760.4
ENVI;3;61;9.708;42;-37;36.706;14.0896;35.796;1.1591;0.2738;11.569;2.4151;1740.9
ENVI;3;61;9.708;42;-38;37.698;14.089;35.796;1.1064;0.2549;10.961;2.4145;1741.9
ENVI;3;61;9.708;42;-39;38.69;14.0884;35.796;1.1697;0.2799;10.389;2.4139;1744.7
ENVI;3;61;9.708;42;-40;39.682;14.088;35.7958;1.2403;0.2642;9.7177;2.4126;1747.3
ENVI;3;61;9.708;42;-41;40.674;14.0893;35.7958;1.1101;0.2524;9.0325;2.4119;1765.1
ENVI;3;61;9.708;42;-42;41.666;14.0898;35.7963;1.0882;0.2658;8.759;2.411;1754
ENVI;3;61;9.708;42;-43;42.658;14.0887;35.796;1.0888;0.2929;8.0551;2.4104;1747.9
ENVI;3;61;9.708;42;-44;43.65;14.0887;35.7958;1.0789;0.2536;7.1321;2.4095;1754.6
ENVI;3;61;9.708;42;-45;44.642;14.088;35.7957;1.0691;0.2623;6.7109;2.4102;1757.2
ENVI;3;61;9.708;42;-46;45.634;14.0878;35.7956;1.0984;0.2652;6.4199;2.4101;1743.5
ENVI;3;61;9.708;42;-47;46.625;14.0893;35.796;1.1202;0.2603;6.1902;2.4092;1747.3
ENVI;3;61;9.708;42;-48;47.617;14.0896;35.796;1.2372;0.2625;5.5772;2.4077;1760.4
ENVI;3;61;9.708;42;-49;48.609;14.0923;35.797;1.0357;0.2582;5.0612;2.4083;1759.9
ENVI;3;61;9.708;42;-50;49.601;14.0911;35.7967;1.0736;0.2618;4.8611;2.4083;1754.5
ENVI;3;61;9.708;42;-51;50.593;14.0919;35.7972;1.2313;0.2618;4.5061;2.4083;1748
ENVI;3;61;9.708;42;-52;51.585;14.095;35.7981;1.1072;0.2679;4.2193;2.4072;1743.5
ENVI;3;61;9.708;42;-53;52.577;14.0949;35.7981;1.3387;0.2376;3.876;2.407;1756.4
ENVI;3;61;9.708;42;-54;53.569;14.0959;35.7987;1.0604;0.2498;3.5961;2.4074;1756.7
ENVI;3;61;9.708;42;-55;54.561;14.0886;35.7972;1.0199;0.2582;3.3659;2.4071;1768.4
ENVI;3;61;9.708;42;-56;55.553;14.0866;35.7967;1.0607;0.2634;3.1579;2.406;1774.5
ENVI;3;61;9.708;42;-57;56.544;14.0859;35.7966;1.1057;0.2534;3.0933;2.4057;1756.4
ENVI;3;61;9.708;42;-58;57.536;14.0856;35.7963;1.1161;0.2561;2.9053;2.405;1755
ENVI;3;61;9.708;42;-59;58.528;14.0834;35.7958;1.0694;0.2574;2.6453;2.4036;1764.9
ENVI;3;61;9.708;42;-60;59.52;14.0818;35.7952;1.0714;0.2605;2.3901;2.4039;1772.4
ENVI;3;61;9.708;42;-61;60.512;14.0718;35.7934;1.091;0.2714;2.2514;2.4039;1757.4
ENVI;3;61;9.708;42;-62;61.504;14.0369;35.7893;1.0141;0.2732;2.1482;2.4032;1758.8
ENVI;3;61;9.708;42;-63;62.496;14.0304;35.7886;0.8806;0.2522;1.9999;2.4004;1768.5
ENVI;3;61;9.708;42;-64;63.487;14.0276;35.788;0.9787;0.2881;1.8697;2.392;1769.5
ENVI;3;61;9.708;42;-65;64.479;14.0232;35.7874;0.9219;0.2444;1.7415;2.3865;1766
ENVI;3;61;9.708;42;-66;65.471;14.0218;35.787;0.8559;0.2535;1.6552;2.3845;1745.8
ENVI;3;61;9.708;42;-67;66.463;14.0197;35.7868;0.8052;0.2611;1.5801;2.3843;1750.2
ENVI;3;61;9.708;42;-68;67.455;14.0156;35.7862;0.8018;0.2556;1.5018;2.3831;1757.5
ENVI;3;61;9.708;42;-69;68.446;14.015;35.7859;0.7951;0.2424;1.3345;2.3797;1765.7
ENVI;3;61;9.708;42;-70;69.438;14.0071;35.7846;0.806;0.2405;1.2141;2.3795;1740.5
ENVI;3;61;9.708;42;-71;70.43;13.9818;35.7818;0.7123;0.2402;1.1709;2.3795;1739.7
ENVI;3;61;9.708;42;-72;71.422;13.9688;35.7798;0.6929;0.2464;1.14;2.3786;1743.2
ENVI;3;61;9.708;42;-73;72.414;13.9632;35.7792;0.6743;0.2531;1.1076;2.377;1746.3
ENVI;3;61;9.708;42;-74;73.405;13.9616;35.7793;0.5822;0.2428;1.0481;2.3745;1752
ENVI;3;61;9.708;42;-75;74.397;13.9603;35.7787;0.6726;0.2402;0.96512;2.3719;1764.3
ENVI;3;61;9.708;42;-76;75.389;13.9651;35.7788;0.7369;0.2426;0.87236;2.3689;1777.5
ENVI;3;61;9.708;42;-77;76.381;13.9633;35.7785;0.6709;0.2457;0.7767;2.3691;1734.3
ENVI;3;61;9.708;42;-78;77.373;13.9578;35.7783;0.6419;0.249;0.75086;2.3691;1740.4
ENVI;3;61;9.708;42;-79;78.364;13.9581;35.7783;0.6272;0.2524;0.73003;2.3683;1748.9
ENVI;3;61;9.708;42;-80;79.356;13.9581;35.7783;0.6423;0.248;0.70938;2.3676;1768.8
ENVI;3;61;9.708;42;-81;80.348;13.9582;35.7781;0.6293;0.2329;0.68077;2.3669;1793.1
ENVI;3;61;9.708;42;-82;81.34;13.9592;35.7783;0.6224;0.2316;0.58517;2.3662;1781.1
ENVI;3;61;9.708;42;-83;82.331;13.9598;35.7784;0.6157;0.233;0.53908;2.3654;1714.9
ENVI;3;61;9.708;42;-84;83.323;13.9547;35.7782;0.6135;0.2348;0.50883;2.3653;1712.3
ENVI;3;61;9.708;42;-85;84.315;13.929;35.7747;0.6233;0.2413;0.48991;2.3646;1717
ENVI;3;61;9.708;42;-86;85.307;13.907;35.7722;0.5965;0.2415;0.46725;2.3636;1727.6
ENVI;3;61;9.708;42;-87;86.298;13.917;35.7726;0.5145;0.2258;0.44328;2.3597;1786.1
ENVI;3;61;9.708;42;-88;87.29;13.9045;35.7703;0.5393;0.2318;0.41086;2.3601;1755.8
ENVI;3;61;9.708;42;-89;88.282;13.8685;35.7652;0.5282;0.2515;0.37571;2.3588;1743.7
ENVI;3;61;9.708;42;-90;89.273;13.8553;35.763;0.5346;0.2457;0.34739;2.3556;1728.2
ENVI;3;61;9.708;42;-91;90.265;13.8156;35.7584;0.5109;0.2497;0.33057;2.3532;1731.3
ENVI;3;61;9.708;42;-92;91.257;13.7957;35.7522;0.5863;0.246;0.32238;2.3537;1732.1
ENVI;3;61;9.708;42;-93;92.249;13.7859;35.7504;0.5635;0.2456;0.30454;2.3548;1733.6
ENVI;3;61;9.708;42;-94;93.24;13.7739;35.748;0.5353;0.2478;0.2878;2.3554;1742.4
ENVI;3;61;9.708;42;-95;94.232;13.787;35.7492;0.5828;0.2278;0.26224;2.3607;1759.2
ENVI;3;61;9.708;42;-96;95.224;13.7524;35.7431;0.5475;0.2418;0.23219;2.3605;1716.6
ENVI;3;61;9.708;42;-97;96.215;13.7414;35.7405;0.6102;0.2399;0.21258;2.362;1713
ENVI;3;61;9.708;42;-98;97.207;13.7224;35.7363;0.5528;0.2548;0.2038;2.364;1702.6
ENVI;3;61;9.708;42;-99;98.199;13.7114;35.7337;0.6044;0.2495;0.19753;2.3649;1704.7
ENVI;3;61;9.708;42;-100;99.19;13.6832;35.7286;0.6143;0.2551;0.18547;2.3659;1712.4
ENVI;3;61;9.708;42;-101;100.182;13.6676;35.7262;0.5747;0.2502;0.17371;2.3666;1723.5
ENVI;3;61;9.708;42;-102;101.174;13.6657;35.7245;0.6829;0.2391;0.15511;2.3711;1726.3
ENVI;3;61;9.708;42;-103;102.165;13.6595;35.7234;0.6079;0.2305;0.13699;2.3743;1681.9
ENVI;3;61;9.708;42;-104;103.157;13.6548;35.7225;0.5985;0.242;0.12273;2.3746;1673.1
ENVI;3;61;9.708;42;-105;104.148;13.6495;35.722;0.5813;0.2422;0.1124;2.3738;1671.3
ENVI;3;61;9.708;42;-106;105.14;13.6468;35.7223;0.588;0.2427;0.10528;2.373;1666.1
ENVI;3;61;9.708;42;-107;106.132;13.6465;35.7222;0.5992;0.2483;0.098752;2.3723;1660.3
ENVI;3;61;9.708;42;-108;107.124;13.6451;35.7231;0.5275;0.2437;0.091075;2.3713;1657.8
ENVI;3;61;9.708;42;-109;108.115;13.6422;35.7237;0.484;0.2405;0.084489;2.3695;1657.9
ENVI;3;61;9.708;42;-110;109.107;13.6379;35.7228;0.4445;0.2413;0.076818;2.368;1660.8
ENVI;3;61;9.708;42;-111;110.098;13.6267;35.7202;0.4497;0.2339;0.070497;2.3662;1662.4
ENVI;3;61;9.708;42;-112;111.09;13.6168;35.7184;0.4566;0.2299;0.06148;2.3648;1664.6
ENVI;3;61;9.708;42;-113;112.082;13.5982;35.716;0.3681;0.2493;0.059599;2.3627;1671.3
ENVI;3;61;9.708;42;-114;113.073;13.5805;35.7171;0.3476;0.2132;0.056273;2.3594;1682.9
ENVI;3;61;9.708;42;-115;114.065;13.5762;35.7205;0.3243;0.2189;0.050372;2.3566;1655.5
ENVI;3;61;9.708;42;-116;115.056;13.58;35.724;0.2957;0.2269;0.042377;2.3548;1635.7
ENVI;3;61;9.708;42;-117;116.048;13.5773;35.7255;0.2868;0.2259;0.037754;2.3532;1630
ENVI;3;61;9.708;42;-118;117.04;13.5672;35.7259;0.273;0.2288;0.032947;2.3496;1634.5
ENVI;3;61;9.708;42;-119;118.031;13.5654;35.7274;0.2675;0.2206;0.027158;2.3447;1650.1
ENVI;3;61;9.708;42;-120;119.023;13.5643;35.7287;0.3037;0.2113;0.026844;2.3392;1642.1
ENVI;3;61;9.708;42;-121;120.014;13.5623;35.7301;0.2855;0.2064;0.023082;2.3358;1622.4
ENVI;3;61;9.708;42;-122;121.006;13.5618;35.7305;0.2734;0.2234;0.02049;2.3336;1615.9
ENVI;3;61;9.708;42;-123;121.997;13.5505;35.73;0.2653;0.2238;0.016217;2.3316;1615.6
ENVI;3;61;9.708;42;-124;122.989;13.5425;35.7302;0.248;0.2171;0.0093076;2.3291;1622.9
ENVI;3;61;9.708;42;-125;123.98;13.5338;35.7301;0.2296;0.2233;0.0031997;2.3268;1636.2
ENVI;3;61;9.708;42;-126;124.972;13.5223;35.7293;0.2269;0.2233;-0.0002052;2.3252;1650.5
ENVI;3;61;9.708;42;-127;125.963;13.5205;35.7359;0.2251;0.2124;1.00E-12;2.3236;1661.4
ENVI;3;61;9.708;42;-128;126.955;13.5334;35.7455;0.211;0.189;0.00036722;2.3187;1664.2
ENVI;3;61;9.708;42;-129;127.946;13.5365;35.7535;0.2519;0.2004;-0.00002437;2.3106;1646.4
ENVI;3;61;9.708;42;-130;128.938;13.537;35.7548;0.2246;0.2117;1.00E-12;2.3066;1634.3
ENVI;3;61;9.708;42;-131;129.929;13.5386;35.7561;0.2235;0.2116;1.00E-12;2.3033;1627.6
ENVI;3;61;9.708;42;-132;130.921;13.5402;35.7596;0.2192;0.2103;1.00E-12;2.3;1624.4
ENVI;3;61;9.708;42;-133;131.913;13.5425;35.7689;0.1798;0.207;1.00E-12;2.2968;1622.2
ENVI;3;61;9.708;42;-134;132.904;13.5431;35.7717;0.1418;0.2104;1.00E-12;2.2939;1621
ENVI;3;61;9.708;42;-135;133.895;13.5472;35.7792;0.1107;0.2123;1.00E-12;2.2905;1624
ENVI;3;61;9.708;42;-136;134.887;13.5437;35.7839;0.0395;0.1994;1.00E-12;2.2843;1630.1
ENVI;3;61;9.708;42;-137;135.879;13.5165;35.7841;0.0152;0.2082;1.00E-12;2.2769;1638.8
ENVI;3;61;9.708;42;-138;136.87;13.4787;35.783;-0.0137;0.2172;1.00E-12;2.2665;1649.6
ENVI;3;61;9.708;42;-139;137.862;13.4784;35.7811;-0.0445;0.2061;1.00E-12;2.2358;1649.5
ENVI;3;61;9.708;42;-140;138.853;13.4438;35.7848;-0.0373;0.2042;1.00E-12;2.2198;1634.6
ENVI;3;61;9.708;42;-141;139.844;13.4274;35.7867;-0.0451;0.2135;1.00E-12;2.2188;1633.7
ENVI;3;61;9.708;42;-142;140.836;13.421;35.7868;-0.0568;0.2236;1.00E-12;2.2169;1648.1
ENVI;3;61;9.708;42;-143;141.828;13.4142;35.787;-0.0558;0.2249;1.00E-12;2.2137;1659.2
ENVI;3;61;9.708;42;-144;142.819;13.4115;35.7868;-0.0457;0.2261;1.00E-12;2.2092;1668.2
ENVI;3;61;9.708;42;-145;143.81;13.4032;35.7863;-0.0538;0.2087;1.00E-12;2.2044;1678.3
ENVI;3;61;9.708;42;-146;144.802;13.3865;35.7863;-0.0597;0.2023;1.00E-12;2.2002;1687.7
ENVI;3;61;9.708;42;-147;145.793;13.3804;35.7853;-0.0596;0.1944;1.00E-12;2.1954;1628
ENVI;3;61;9.708;42;-148;146.785;13.3501;35.784;-0.0542;0.1842;1.00E-12;2.1905;1596.5
ENVI;3;61;9.708;42;-149;147.776;13.3022;35.7814;-0.0573;0.2006;1.00E-12;2.1892;1445.5
ENVI;3;61;9.708;42;-150;148.767;13.2515;35.7802;-0.0581;0.2085;1.00E-12;2.1875;1318.2
ENVI;3;61;9.708;42;-151;149.759;13.24;35.7797;-0.0612;0.2143;1.00E-12;2.1852;1356
ENVI;3;61;9.708;42;-152;150.75;13.2378;35.7793;-0.0697;0.2162;1.00E-12;2.1827;1516.3
ENVI;3;61;9.708;42;-153;151.742;13.2303;35.778;-0.0782;0.2084;1.00E-12;2.1801;1639.6
ENVI;3;61;9.708;42;-154;152.733;13.1821;35.7768;-0.0796;0.2056;1.00E-12;2.1771;1674.1
ENVI;3;61;9.708;42;-155;153.725;13.1745;35.7762;-0.0692;0.2122;1.00E-12;2.1739;1617.2
ENVI;3;61;9.708;42;-156;154.716;13.1708;35.7754;-0.0799;0.2116;1.00E-12;2.1714;1550
ENVI;3;61;9.708;42;-157;155.707;13.164;35.7752;-0.0818;0.2039;1.00E-12;2.1692;1545.6
ENVI;3;61;9.708;42;-158;156.699;13.17;35.7749;-0.0817;0.1823;1.00E-12;2.1658;1380.5
ENVI;3;61;9.708;42;-159;157.69;13.1496;35.7746;-0.0693;0.1874;1.00E-12;2.1646;1275.3
ENVI;3;61;9.708;42;-160;158.681;13.1274;35.7732;-0.0768;0.1979;1.00E-12;2.1637;1293.9
ENVI;3;61;9.708;42;-161;159.673;13.089;35.7725;-0.0817;0.2051;1.00E-12;2.1626;1363.8
ENVI;3;61;9.708;42;-162;160.664;13.0825;35.7717;-0.0817;0.1919;1.00E-12;2.1604;1433.2
ENVI;3;61;9.708;42;-163;161.655;13.0769;35.7709;-0.0608;0.195;1.00E-12;2.1585;1455.8
ENVI;3;61;9.708;42;-164;162.647;13.0761;35.7705;-0.0356;0.2004;1.00E-12;2.1566;1455.2
ENVI;3;61;9.708;42;-165;163.638;13.0735;35.77;-0.0662;0.2006;1.00E-12;2.1551;1479.6
ENVI;3;61;9.708;42;-166;164.63;13.0691;35.7695;-0.0755;0.2028;1.00E-12;2.1541;1496.5
ENVI;3;61;9.708;42;-167;165.621;13.0726;35.7695;-0.084;0.2049;1.00E-12;2.1532;1470.7
ENVI;3;61;9.708;42;-168;166.612;13.0513;35.7684;-0.0816;0.1756;1.00E-12;2.1521;1442
ENVI;3;61;9.708;42;-169;167.604;13.0338;35.7672;-0.0822;0.1815;1.00E-12;2.1502;1450.8
ENVI;3;61;9.708;42;-170;168.595;13.0094;35.7654;-0.0813;0.2026;1.00E-12;2.1492;1551.2
ENVI;3;61;9.708;42;-171;169.587;12.9825;35.7627;-0.081;0.1976;1.00E-12;2.147;1595
ENVI;3;61;9.708;42;-172;170.577;12.9527;35.7595;-0.0703;0.2002;1.00E-12;2.1451;1567.4
ENVI;3;61;9.708;42;-173;171.569;12.9439;35.7584;-0.0818;0.1919;1.00E-12;2.1442;1549.1
ENVI;3;61;9.708;42;-174;172.56;12.9336;35.757;-0.0817;0.1997;1.00E-12;2.1438;1540.2
ENVI;3;61;9.708;42;-175;173.552;12.9264;35.7562;-0.0832;0.2035;1.00E-12;2.1435;1536.3
ENVI;3;61;9.708;42;-176;174.543;12.9202;35.7556;-0.0817;0.2043;1.00E-12;2.1426;1538.3
ENVI;3;61;9.708;42;-177;175.534;12.9125;35.7551;-0.0825;0.1986;1.00E-12;2.1419;1544.2
ENVI;3;61;9.708;42;-178;176.525;12.9074;35.7543;-0.0824;0.192;1.00E-12;2.1411;1552.1
ENVI;3;61;9.708;42;-179;177.517;12.8936;35.7525;-0.0825;0.1994;1.00E-12;2.1405;1562.4
ENVI;3;61;9.708;42;-180;178.508;12.8876;35.7517;-0.0823;0.193;1.00E-12;2.1397;1575.9
ENVI;3;61;9.708;42;-181;179.499;12.8809;35.7507;-0.0881;0.1896;1.00E-12;2.1394;1606.7
ENVI;3;61;9.708;42;-182;180.491;12.8712;35.7497;-0.0802;0.1906;1.00E-12;2.1396;1635.9
ENVI;3;61;9.708;42;-183;181.482;12.8582;35.7491;-0.0832;0.1867;1.00E-12;2.1393;1630.6
ENVI;3;61;9.708;42;-184;182.473;12.8496;35.7484;-0.0817;0.1903;1.00E-12;2.1387;1628.8
ENVI;3;61;9.708;42;-185;183.465;12.8451;35.7481;-0.0823;0.1915;1.00E-12;2.1378;1630
ENVI;3;61;9.708;42;-186;184.456;12.8463;35.748;-0.0822;0.1926;1.00E-12;2.1368;1634
ENVI;3;61;9.708;42;-187;185.447;12.8427;35.7474;-0.0817;0.1913;1.00E-12;2.1358;1641.7
ENVI;3;61;9.708;42;-188;186.438;12.8392;35.7472;-0.0817;0.186;1.00E-12;2.135;1650.8
ENVI;3;61;9.708;42;-189;187.43;12.8323;35.7465;-0.0817;0.1996;1.00E-12;2.1345;1657.7
ENVI;3;61;9.708;42;-190;188.421;12.8218;35.7461;-0.0894;0.194;1.00E-12;2.1344;1663.3
ENVI;3;61;9.708;42;-191;189.412;12.8191;35.7456;-0.0938;0.1871;1.00E-12;2.1336;1668.4
ENVI;3;61;9.708;42;-192;190.403;12.7997;35.744;-0.0834;0.1871;1.00E-12;2.1329;1679
ENVI;3;61;9.708;42;-193;191.394;12.7838;35.7441;-0.0823;0.2137;1.00E-12;2.1309;1710
ENVI;3;61;9.708;42;-194;192.386;12.7778;35.7435;-0.0817;0.1863;1.00E-12;2.1289;1742.4
ENVI;3;61;9.708;42;-195;193.377;12.7695;35.743;-0.0822;0.1808;1.00E-12;2.1276;1745.9
ENVI;3;61;9.708;42;-196;194.368;12.7537;35.7424;-0.0817;0.184;1.00E-12;2.1262;1748.2
ENVI;3;61;9.708;42;-197;195.359;12.7306;35.7401;-0.0836;0.1902;1.00E-12;2.1242;1748.9
ENVI;3;61;9.708;42;-198;196.35;12.711;35.7379;-0.0817;0.1921;1.00E-12;2.1225;1743.5
ENVI;3;61;9.708;42;-199;197.341;12.6935;35.7356;-0.0853;0.1942;1.00E-12;2.1202;1733.3
ENVI;3;61;9.708;42;-200;198.333;12.6847;35.7341;-0.0946;0.1999;1.00E-12;2.1192;1727
ENVI;3;61;9.708;42;-201;199.324;12.6785;35.7329;-0.0821;0.1869;1.00E-12;2.118;1724.8
ENVI;3;61;9.708;42;-202;200.315;12.6698;35.7316;-0.0817;0.1887;1.00E-12;2.1177;1727.8
ENVI;3;61;9.708;42;-203;201.306;12.6679;35.7313;-0.0824;0.1919;1.00E-12;2.1172;1734.3
ENVI;3;61;9.708;42;-204;202.297;12.6547;35.7286;-0.0932;0.1868;1.00E-12;2.1163;1743.8
ENVI;3;61;9.708;42;-205;203.288;12.634;35.7258;-0.0897;0.1795;1.00E-12;2.1159;1761.5
ENVI;3;61;9.708;42;-206;204.279;12.6229;35.7233;-0.0882;0.1706;1.00E-12;2.1186;1761.6
ENVI;3;61;9.708;42;-207;205.271;12.619;35.7229;-0.0821;0.1774;1.00E-12;2.1195;1743.9
ENVI;3;61;9.708;42;-208;206.262;12.6086;35.7216;-0.0817;0.1767;1.00E-12;2.1198;1732.7
ENVI;3;61;9.708;42;-209;207.253;12.604;35.721;-0.0801;0.1811;1.00E-12;2.1193;1725.3
ENVI;3;61;9.708;42;-210;208.244;12.5993;35.7202;-0.087;0.1818;1.00E-12;2.1187;1724
ENVI;3;61;9.708;42;-211;209.235;12.5937;35.7191;-0.0948;0.1796;1.00E-12;2.118;1728.4
ENVI;3;61;9.708;42;-212;210.226;12.5913;35.7187;-0.0939;0.1845;1.00E-12;2.1175;1735.8
ENVI;3;61;9.708;42;-213;211.218;12.5856;35.7177;-0.0932;0.1841;1.00E-12;2.1174;1746
ENVI;3;61;9.708;42;-214;212.209;12.5792;35.7171;-0.0811;0.1785;1.00E-12;2.1168;1756
ENVI;3;61;9.708;42;-215;213.2;12.5807;35.7183;-0.0987;0.1781;1.00E-12;2.1166;1765.3
ENVI;3;61;9.708;42;-216;214.191;12.5842;35.7178;-0.0945;0.1594;1.00E-12;2.1176;1764.6
ENVI;3;61;9.708;42;-217;215.182;12.5728;35.7179;-0.0918;0.1675;1.00E-12;2.118;1759.1
ENVI;3;61;9.708;42;-218;216.173;12.5655;35.717;-0.0873;0.1741;1.00E-12;2.1172;1755.5
ENVI;3;61;9.708;42;-219;217.164;12.5605;35.7163;-0.0858;0.1764;1.00E-12;2.1167;1749
ENVI;3;61;9.708;42;-220;218.156;12.5531;35.7149;-0.0923;0.1799;1.00E-12;2.1153;1742.2
ENVI;3;61;9.708;42;-221;219.147;12.5434;35.7141;-0.0931;0.1706;1.00E-12;2.1142;1738.2
ENVI;3;61;9.708;42;-222;220.138;12.537;35.7134;-0.0939;0.1666;1.00E-12;2.1133;1737.8
ENVI;3;61;9.708;42;-223;221.129;12.5267;35.7124;-0.0814;0.162;1.00E-12;2.1123;1743.2
ENVI;3;61;9.708;42;-224;222.119;12.5177;35.711;-0.0817;0.1686;1.00E-12;2.1116;1754.1
ENVI;3;61;9.708;42;-225;223.111;12.5111;35.71;-0.0821;0.1762;1.00E-12;2.111;1770.7
ENVI;3;61;9.708;42;-226;224.102;12.5054;35.7091;-0.0913;0.1705;1.00E-12;2.1108;1761.1
ENVI;3;61;9.708;42;-227;225.093;12.5033;35.7092;-0.0939;0.1799;1.00E-12;2.1118;1737.1
ENVI;3;61;9.708;42;-228;226.084;12.5054;35.7096;-0.0851;0.1665;1.00E-12;2.1118;1735
ENVI;3;61;9.708;42;-229;227.075;12.504;35.7091;-0.0846;0.1637;1.00E-12;2.1117;1745.1
ENVI;3;61;9.708;42;-230;228.066;12.4978;35.7082;-0.0834;0.1669;1.00E-12;2.1117;1760.1
ENVI;3;61;9.708;42;-231;229.057;12.4969;35.7076;-0.087;0.1646;1.00E-12;2.11;1754.8
ENVI;3;61;9.708;42;-232;230.048;12.489;35.7064;-0.0813;0.167;1.00E-12;2.11;1739.6
ENVI;3;61;9.708;42;-233;231.039;12.4891;35.7067;-0.0817;0.1675;1.00E-12;2.11;1752.4
ENVI;3;61;9.708;42;-234;232.03;12.4899;35.7069;-0.0848;0.1673;1.00E-12;2.1101;1755.6
ENVI;3;61;9.708;42;-235;233.021;12.4878;35.707;-0.0943;0.1623;1.00E-12;2.11;1751.4
ENVI;3;61;9.708;42;-236;234.012;12.4723;35.706;-0.0939;0.1773;1.00E-12;2.1101;1740.8
ENVI;3;61;9.708;42;-237;235.003;12.4652;35.7056;-0.0931;0.1859;1.00E-12;2.1097;1729.7
ENVI;3;61;9.708;42;-238;235.994;12.4607;35.7048;-0.0832;0.1681;1.00E-12;2.1086;1728.3
ENVI;3;61;9.708;42;-239;236.985;12.4525;35.7034;-0.0808;0.1703;1.00E-12;2.1075;1734.2
ENVI;3;61;9.708;42;-240;237.976;12.4412;35.7016;-0.0827;0.176;1.00E-12;2.1067;1748.5
ENVI;3;61;9.708;42;-241;238.967;12.4441;35.7012;-0.0903;0.1561;1.00E-12;2.1048;1763.4
ENVI;3;61;9.708;42;-242;239.958;12.4287;35.6989;-0.0829;0.1651;1.00E-12;2.1059;1737.5
ENVI;3;61;9.708;42;-243;240.949;12.408;35.6963;-0.0968;0.1741;1.00E-12;2.1057;1741.1
ENVI;3;61;9.708;42;-244;241.94;12.3997;35.6949;-0.1072;0.1773;1.00E-12;2.1054;1750.6
ENVI;3;61;9.708;42;-245;242.931;12.391;35.6941;-0.0805;0.1618;1.00E-12;2.1046;1758.9
ENVI;3;61;9.708;42;-246;243.922;12.3881;35.6932;-0.0984;0.1627;1.00E-12;2.1046;1761
ENVI;3;61;9.708;42;-247;244.913;12.3819;35.6925;-0.0997;0.1636;1.00E-12;2.1054;1757.5
ENVI;3;61;9.708;42;-248;245.904;12.3712;35.6913;-0.0939;0.1637;1.00E-12;2.1067;1750.8
ENVI;3;61;9.708;42;-249;246.895;12.3655;35.6908;-0.1026;0.1689;1.00E-12;2.1074;1748.9
ENVI;3;61;9.708;42;-250;247.886;12.3648;35.6905;-0.0977;0.1755;1.00E-12;2.1077;1757.9
