cruise;day;st;Longitude;Latitude;presion;depth;temp;sal;fluo;turb;par;oxig;PARsurf
ENVI;7;3;8.956;42;-4;3.968;13.0803;31.0655;3.9535;2.8415;0.74299;2.3987;11.97
ENVI;7;3;8.956;42;-5;4.961;13.101;32.1766;3.7299;2.978;0.9033;2.5293;11.97
ENVI;7;3;8.956;42;-6;5.953;13.1227;32.2813;3.8175;2.8979;0.61326;2.531;11.97
ENVI;7;3;8.956;42;-7;6.945;13.1271;32.3022;3.9482;2.9209;0.46153;2.5328;11.97
ENVI;7;3;8.956;42;-8;7.937;13.1306;32.3221;3.9543;2.9448;0.30708;2.5339;11.97
ENVI;7;3;8.956;42;-9;8.929;13.1719;32.6512;4.0748;2.9888;0.20306;2.5355;11.97
ENVI;7;3;8.956;42;-10;9.921;13.1927;32.846;4.8101;3.0172;0.1113;2.538;11.97
ENVI;7;3;8.956;42;-11;10.913;13.2619;33.4982;5.7573;2.9492;0.06161;2.5422;11.97
ENVI;7;3;8.956;42;-12;11.905;13.2818;33.7058;6.5426;2.6291;0.034645;2.5495;11.97
ENVI;7;3;8.956;42;-13;12.897;13.2823;33.7428;6.739;2.5049;0.014021;2.5543;12.034
ENVI;7;3;8.956;42;-14;13.89;13.2827;33.7671;6.6927;2.4293;0.0017233;2.5568;11.968
ENVI;7;3;8.956;42;-15;14.882;13.2804;33.7607;7.0978;2.5775;-0.00005759;2.5583;11.97
ENVI;7;3;8.956;42;-16;15.874;13.3397;33.9927;7.1298;2.6432;1.00E-12;2.5597;11.97
ENVI;7;3;8.956;42;-17;16.866;13.3635;34.0518;6.7096;2.0812;1.00E-12;2.5548;12.057
ENVI;7;3;8.956;42;-18;17.858;13.4271;34.2903;7.0374;2.0491;1.00E-12;2.545;11.969
ENVI;7;3;8.956;42;-19;18.85;13.5618;34.7861;6.562;2.3444;1.00E-12;2.5442;11.97
ENVI;7;3;8.956;42;-20;19.842;13.6595;34.945;5.7657;2.0994;1.00E-12;2.5445;11.97
ENVI;7;3;8.956;42;-21;20.834;13.7091;35.0175;4.4039;1.8251;1.00E-12;2.5375;12.396
ENVI;7;3;8.956;42;-22;21.826;13.7435;35.0805;3.5779;1.7921;1.00E-12;2.5097;12.526
ENVI;7;3;8.956;42;-23;22.818;13.7315;35.1864;3.2334;1.7929;1.00E-12;2.4789;13.435
ENVI;7;3;8.956;42;-24;23.81;13.7348;35.2373;2.5739;2.0046;1.00E-12;2.4505;13.886
ENVI;7;3;8.956;42;-25;24.802;13.7433;35.2596;2.1598;2.2835;1.00E-12;2.3998;13.616
ENVI;7;3;8.956;42;-26;25.794;13.7775;35.3192;1.7014;2.2417;1.00E-12;2.3557;12.906
ENVI;7;3;8.956;42;-27;26.786;13.8453;35.4527;1.2669;2.4968;1.00E-12;2.3438;13.063
ENVI;7;3;8.956;42;-28;27.778;13.8171;35.5278;1.1391;2.7257;1.00E-12;2.3315;13.801
ENVI;7;3;8.956;42;-29;28.77;13.8045;35.5685;0.9882;2.9419;1.00E-12;2.3166;13.967
ENVI;7;3;8.956;42;-30;29.762;13.7208;35.5737;0.8324;3.0116;1.00E-12;2.3008;13.965
ENVI;7;3;8.956;42;-31;30.754;13.5983;35.5895;0.7245;3.0988;1.00E-12;2.2839;13.965
ENVI;7;3;8.956;42;-32;31.746;13.5493;35.6248;0.7354;2.4721;1.00E-12;2.2679;13.965
ENVI;7;3;8.956;42;-33;32.738;13.5024;35.6315;0.7637;1.8701;1.00E-12;2.2633;13.965
ENVI;7;3;8.956;42;-34;33.73;13.4491;35.6347;0.7361;1.4854;1.00E-12;2.285;13.965
ENVI;7;3;8.956;42;-35;34.722;13.3751;35.6824;0.5913;1.7104;1.00E-12;2.2798;13.965
ENVI;7;3;8.956;42;-36;35.714;13.3325;35.685;0.4149;1.7954;1.00E-12;2.2728;13.965
ENVI;7;3;8.956;42;-37;36.706;13.2896;35.6865;0.3769;1.7461;1.00E-12;2.2627;13.965
ENVI;7;3;8.956;42;-38;37.698;13.2665;35.6891;0.3409;1.7725;1.00E-12;2.2573;13.965
ENVI;7;3;8.956;42;-39;38.69;13.2194;35.6846;0.2894;1.9101;1.00E-12;2.2537;13.965
ENVI;7;3;8.956;42;-40;39.682;13.1876;35.6823;0.2705;1.9814;1.00E-12;2.2501;13.965
ENVI;7;3;8.956;42;-41;40.674;13.1602;35.6827;0.2595;2.2297;1.00E-12;2.2462;13.965
ENVI;7;3;8.956;42;-42;41.666;13.1581;35.6805;0.2413;1.7748;1.00E-12;2.2266;13.965
ENVI;7;3;8.956;42;-43;42.658;13.1163;35.6808;0.2205;1.7003;1.00E-12;2.2159;13.965
ENVI;7;3;8.956;42;-44;43.65;13.1104;35.6805;0.2263;1.992;1.00E-12;2.214;13.965
ENVI;7;3;8.956;42;-45;44.642;13.0085;35.6955;0.1831;2.0993;1.00E-12;2.2116;13.965
ENVI;7;3;8.956;42;-46;45.633;12.9621;35.6979;0.1621;2.1698;1.00E-12;2.2087;13.965
ENVI;7;3;8.956;42;-47;46.625;12.9304;35.6958;0.1317;2.2858;1.00E-12;2.2039;13.965
ENVI;7;3;8.956;42;-48;47.617;12.8092;35.6957;0.1324;2.3577;1.00E-12;2.1939;13.965
ENVI;7;3;8.956;42;-49;48.609;12.7347;35.6997;0.145;2.5698;1.00E-12;2.1858;13.965
ENVI;7;3;8.956;42;-50;49.601;12.7185;35.6975;0.1402;2.8706;1.00E-12;2.1686;13.965
ENVI;7;3;8.956;42;-51;50.593;12.7121;35.6969;0.1389;2.8878;1.00E-12;2.1467;13.965
ENVI;7;3;8.956;42;-52;51.585;12.7107;35.697;0.1522;3.4086;1.00E-12;2.1385;13.965
ENVI;7;3;8.956;42;-53;52.577;12.7102;35.6972;0.1519;3.5375;1.00E-12;2.1319;13.965
ENVI;7;3;8.956;42;-54;53.569;12.7097;35.6978;0.1466;3.7577;1.00E-12;2.1302;13.965
ENVI;7;3;8.956;42;-55;54.561;12.6926;35.6983;0.1421;3.8949;1.00E-12;2.128;13.965
ENVI;7;3;8.956;42;-56;55.552;12.6679;35.7014;0.1539;4.0949;1.00E-12;2.1263;13.965
ENVI;7;3;8.956;42;-57;56.544;12.6397;35.7006;0.1331;4.263;1.00E-12;2.1246;13.965
ENVI;7;3;8.956;42;-58;57.536;12.6018;35.6987;0.1222;3.3155;1.00E-12;2.1144;13.986
ENVI;7;3;8.956;42;-59;58.528;12.6265;35.6972;0.146;3.1523;1.00E-12;2.1084;13.965
ENVI;7;3;8.956;42;-60;59.52;12.5497;35.6978;0.138;4.0403;1.00E-12;2.1079;13.965
ENVI;7;3;8.956;42;-61;60.512;12.5165;35.6975;0.1464;4.4766;1.00E-12;2.1057;13.965
ENVI;7;3;8.956;42;-62;61.504;12.4528;35.6977;0.1404;4.6658;1.00E-12;2.1037;13.965
ENVI;7;3;8.956;42;-63;62.495;12.4066;35.6963;0.1454;4.8949;1.00E-12;2.0977;14.019
ENVI;7;3;8.956;42;-64;63.487;12.3897;35.6944;0.1785;4.9467;1.00E-12;2.0873;15.087
ENVI;7;3;8.956;42;-65;64.479;12.3725;35.694;0.1558;5.0682;1.00E-12;2.0823;15.416
ENVI;7;3;8.956;42;-66;65.471;12.354;35.693;0.1568;4.8486;1.00E-12;2.0756;15.871
ENVI;7;3;8.956;42;-67;66.463;12.3407;35.6922;0.1543;4.5667;1.00E-12;2.0699;15.962
ENVI;7;3;8.956;42;-68;67.455;12.3143;35.6917;0.1607;5.2978;1.00E-12;2.0672;15.96
ENVI;7;3;8.956;42;-69;68.447;12.2974;35.6908;0.1753;5.5337;1.00E-12;2.0638;15.96
ENVI;7;3;8.956;42;-70;69.438;12.287;35.6902;0.1796;5.5527;1.00E-12;2.0607;15.96
ENVI;7;3;8.956;42;-71;70.43;12.2856;35.6894;0.1885;5.1862;1.00E-12;2.0573;15.96
ENVI;7;3;8.956;42;-72;71.422;12.2822;35.6884;0.1783;4.5397;1.00E-12;2.0537;15.96
ENVI;7;3;8.956;42;-73;72.414;12.2735;35.688;0.1498;4.9232;1.00E-12;2.0532;15.96
ENVI;7;3;8.956;42;-74;73.406;12.2682;35.6874;0.1664;5.3116;1.00E-12;2.0526;15.96
ENVI;7;3;8.956;42;-75;74.397;12.2595;35.6873;0.162;5.3269;1.00E-12;2.052;15.96
ENVI;7;3;8.956;42;-76;75.389;12.2372;35.686;0.1632;5.749;1.00E-12;2.0512;15.96
ENVI;7;3;8.956;42;-77;76.381;12.1983;35.6855;0.1625;6.0524;1.00E-12;2.0504;15.96
ENVI;7;3;8.956;42;-78;77.372;12.1595;35.6835;0.1619;6.3616;1.00E-12;2.0485;15.96
ENVI;7;3;8.956;42;-79;78.364;12.1492;35.6826;0.181;5.6849;1.00E-12;2.0459;15.991
ENVI;7;2;8.9145;42;-4;3.969;13.1984;31.7499;2.5254;3.1984;7.1455;2.5389;108.73
ENVI;7;2;8.9145;42;-5;4.961;13.1979;31.356;2.561;3.828;4.5895;2.5406;109.73
ENVI;7;2;8.9145;42;-6;5.953;13.2039;31.8621;2.4857;3.7871;2.9098;2.5391;109.73
ENVI;7;2;8.9145;42;-7;6.945;13.2234;32.0714;2.3937;3.3654;1.9405;2.5371;109.73
ENVI;7;2;8.9145;42;-8;7.937;13.3552;32.7946;2.3089;3.8055;1.0744;2.5366;109.73
ENVI;7;2;8.9145;42;-9;8.929;13.4057;33.0316;2.1953;3.2508;0.80958;2.5329;109.73
ENVI;7;2;8.9145;42;-10;9.921;13.489;33.3509;2.5361;3.2687;0.59977;2.5267;109.73
ENVI;7;2;8.9145;42;-11;10.913;13.5596;33.6509;3.135;2.7587;0.37673;2.5289;109.73
ENVI;7;2;8.9145;42;-12;11.905;13.5581;33.9708;4.1284;1.6206;0.28149;2.5503;109.73
ENVI;7;2;8.9145;42;-13;12.898;13.557;33.9908;3.9469;1.6468;0.24347;2.5676;109.73
ENVI;7;2;8.9145;42;-14;13.889;13.5921;34.0297;4.1231;1.6908;0.14605;2.571;109.73
ENVI;7;2;8.9145;42;-15;14.882;13.7544;34.2143;3.4325;1.8383;0.10095;2.5767;109.73
ENVI;7;2;8.9145;42;-16;15.874;13.7778;34.3346;2.91;1.8475;0.07812;2.5581;109.73
ENVI;7;2;8.9145;42;-17;16.866;13.787;34.3608;2.759;1.8269;0.039934;2.524;109.6
ENVI;7;2;8.9145;42;-18;17.858;13.7987;34.4308;2.6891;1.9664;0.024952;2.5156;107.73
ENVI;7;2;8.9145;42;-19;18.85;13.8031;34.5487;2.4859;2.3241;0.011953;2.5058;107.73
ENVI;7;2;8.9145;42;-20;19.842;13.8506;34.6972;2.0496;2.111;0.0022681;2.4746;107.73
ENVI;7;2;8.9145;42;-21;20.834;13.9421;35.0566;1.996;2.316;-0.00006583;2.4728;107.73
ENVI;7;2;8.9145;42;-22;21.826;13.9352;35.2387;1.6873;2.3335;1.00E-12;2.4567;107.73
ENVI;7;2;8.9145;42;-23;22.818;13.9205;35.2229;1.4446;2.0519;1.00E-12;2.3973;107.73
ENVI;7;2;8.9145;42;-24;23.81;13.9191;35.3435;1.3637;2.3995;1.00E-12;2.3948;107.73
ENVI;7;2;8.9145;42;-25;24.802;13.853;35.4903;1.1016;2.7447;1.00E-12;2.3874;107.73
ENVI;7;2;8.9145;42;-26;25.794;13.8299;35.4947;0.7956;3.2006;1.00E-12;2.3646;107.73
ENVI;7;2;8.9145;42;-27;26.786;13.7697;35.54;0.7009;3.4826;1.00E-12;2.3316;107.1
ENVI;7;2;8.9145;42;-28;27.778;13.7221;35.5597;0.6303;3.8136;1.00E-12;2.3248;107.16
ENVI;7;2;8.9145;42;-29;28.77;13.7153;35.5325;0.5358;3.3467;1.00E-12;2.3028;106.21
ENVI;7;2;8.9145;42;-30;29.762;13.6689;35.5768;0.5254;3.9243;1.00E-12;2.3004;105.72
ENVI;7;2;8.9145;42;-31;30.754;13.6392;35.5898;0.4987;4.1192;1.00E-12;2.2953;105.74
ENVI;7;2;8.9145;42;-32;31.746;13.5599;35.6281;0.4343;4.1726;1.00E-12;2.2884;105.74
ENVI;7;2;8.9145;42;-33;32.738;13.5096;35.6483;0.3123;3.6534;1.00E-12;2.2693;105.74
ENVI;7;2;8.9145;42;-34;33.73;13.4705;35.6682;0.2759;3.6791;1.00E-12;2.2561;105.74
ENVI;7;2;8.9145;42;-35;34.722;13.4702;35.6672;0.2955;3.8965;1.00E-12;2.2477;105.74
ENVI;7;2;8.9145;42;-36;35.714;13.4712;35.6666;0.2952;3.9139;1.00E-12;2.2427;105.74
ENVI;7;2;8.9145;42;-37;36.706;13.4685;35.671;0.2855;3.692;1.00E-12;2.2388;105.74
ENVI;7;2;8.9145;42;-38;37.698;13.4604;35.6742;0.2799;3.5104;1.00E-12;2.2367;105.74
ENVI;7;2;8.9145;42;-39;38.69;13.4615;35.674;0.2787;4.1287;1.00E-12;2.2353;105.47
ENVI;7;2;8.9145;42;-40;39.682;13.4617;35.6736;0.2736;4.118;1.00E-12;2.2344;104.63
ENVI;7;2;8.9145;42;-41;40.674;13.4618;35.6732;0.2616;3.4971;1.00E-12;2.2333;105.68
ENVI;7;2;8.9145;42;-42;41.666;13.4624;35.6771;0.2659;3.0343;1.00E-12;2.2326;103.95
ENVI;7;2;8.9145;42;-43;42.658;13.4048;35.6864;0.2647;3.4468;1.00E-12;2.2314;103.77
ENVI;7;2;8.9145;42;-44;43.65;13.3703;35.6865;0.2533;3.2291;1.00E-12;2.2248;103.74
ENVI;7;2;8.9145;42;-45;44.642;13.2952;35.6914;0.2219;3.5791;1.00E-12;2.2196;103.74
ENVI;7;2;8.9145;42;-46;45.634;13.2763;35.6996;0.2234;4.0097;1.00E-12;2.2146;103.74
ENVI;7;2;8.9145;42;-47;46.625;13.2642;35.7014;0.2035;4.0715;1.00E-12;2.2063;103.74
ENVI;7;2;8.9145;42;-48;47.617;13.2459;35.7023;0.1743;3.0467;1.00E-12;2.1967;103.74
ENVI;7;2;8.9145;42;-49;48.609;13.1957;35.7042;0.1809;3.7823;1.00E-12;2.1944;103.74
ENVI;7;2;8.9145;42;-50;49.601;13.1556;35.7055;0.1732;3.4997;1.00E-12;2.1855;103.74
ENVI;7;2;8.9145;42;-51;50.593;13.0727;35.7037;0.1736;3.495;1.00E-12;2.1739;103.68
ENVI;7;2;8.9145;42;-52;51.585;13.044;35.7035;0.1747;4.8428;1.00E-12;2.1708;103.02
ENVI;7;2;8.9145;42;-53;52.577;13.0363;35.7032;0.1754;4.8957;1.00E-12;2.1671;103.33
ENVI;7;2;8.9145;42;-54;53.569;12.9924;35.7001;0.1801;5.0332;1.00E-12;2.1632;103.71
ENVI;7;2;8.9145;42;-55;54.56;12.9876;35.6995;0.1782;3.6596;1.00E-12;2.1468;103.46
ENVI;7;2;8.9145;42;-56;55.553;12.9712;35.6974;0.162;4.5752;1.00E-12;2.1425;101.76
ENVI;7;2;8.9145;42;-57;56.544;12.9489;35.6946;0.2084;4.211;1.00E-12;2.1321;101.91
ENVI;7;2;8.9145;42;-56;55.552;12.9561;35.6944;0.2152;3.7267;1.00E-12;2.13;101.73
ENVI;7;2;8.9145;42;-55;54.561;12.9576;35.6949;0.2104;3.8092;1.00E-12;2.1311;101.75
ENVI;7;2;8.9145;42;-54;53.569;12.9937;35.6968;0.2055;3.6419;1.00E-12;2.1328;101.75
ENVI;7;31;9.0395;42;-4;3.968;13.4247;34.8515;8.8547;1.8886;37.577;2.5921;132.13
ENVI;7;31;9.0395;42;-5;4.961;13.47;35.0783;8.5929;1.3913;27.502;2.6203;609.43
ENVI;7;31;9.0395;42;-6;5.953;13.5016;35.1595;8.654;1.6093;19.05;2.6221;400.54
ENVI;7;31;9.0395;42;-7;6.945;13.539;35.2896;6.9125;0.9878;13.545;2.6124;417.99
ENVI;7;31;9.0395;42;-8;7.937;13.5445;35.3223;6.3956;0.9018;11.303;2.5992;433.78
ENVI;7;31;9.0395;42;-9;8.929;13.5466;35.3358;6.0152;0.8865;9.6534;2.5846;467.84
ENVI;7;31;9.0395;42;-10;9.921;13.5499;35.364;5.6687;0.8718;8.3459;2.5804;512.96
ENVI;7;31;9.0395;42;-11;10.913;13.5533;35.4054;5.261;0.8128;6.6284;2.5773;530.99
ENVI;7;31;9.0395;42;-12;11.906;13.5547;35.4244;5.3366;0.6848;4.0995;2.5605;368.04
ENVI;7;31;9.0395;42;-13;12.897;13.5571;35.4543;5.0765;0.8071;3.9616;2.5585;522.36
ENVI;7;31;9.0395;42;-14;13.89;13.5641;35.502;4.3635;0.6581;3.2921;2.5561;505.78
ENVI;7;31;9.0395;42;-15;14.882;13.5697;35.5207;3.786;0.531;2.6106;2.5461;373.47
ENVI;7;31;9.0395;42;-16;15.874;13.572;35.5285;3.7101;0.5067;2.217;2.5357;379.12
ENVI;7;31;9.0395;42;-17;16.866;13.5708;35.5368;3.5059;0.5081;1.7746;2.5325;434.25
ENVI;7;31;9.0395;42;-18;17.858;13.5676;35.538;3.7615;0.4966;1.4126;2.5244;356.4
ENVI;7;31;9.0395;42;-19;18.85;13.566;35.5386;3.7795;0.5178;1.4013;2.5219;324.63
ENVI;7;31;9.0395;42;-20;19.842;13.5676;35.5389;3.6926;0.5281;1.205;2.5213;431.01
ENVI;7;31;9.0395;42;-21;20.834;13.5678;35.5391;3.61;0.5149;0.95332;2.5208;371.08
ENVI;7;31;9.0395;42;-22;21.826;13.5684;35.5393;3.6316;0.5045;0.71682;2.5195;313.93
ENVI;7;31;9.0395;42;-23;22.818;13.5676;35.5395;3.6866;0.4916;0.72985;2.5192;348.95
ENVI;7;31;9.0395;42;-24;23.81;13.5651;35.5393;3.5338;0.5082;0.67805;2.5176;390.5
ENVI;7;31;9.0395;42;-25;24.802;13.5618;35.5396;4.1039;0.5465;0.59185;2.5169;319.32
ENVI;7;31;9.0395;42;-26;25.794;13.5601;35.5397;3.6665;0.547;0.47193;2.5163;315.13
ENVI;7;31;9.0395;42;-27;26.786;13.5572;35.5404;3.4496;0.5374;0.41246;2.5136;313.62
ENVI;7;31;9.0395;42;-28;27.778;13.556;35.5407;3.5825;0.5384;0.34445;2.5117;301.15
ENVI;7;31;9.0395;42;-29;28.77;13.5531;35.5412;3.5698;0.55;0.28872;2.5104;302.93
ENVI;7;31;9.0395;42;-30;29.762;13.5492;35.5419;3.692;0.6597;0.28611;2.5087;323.08
ENVI;7;31;9.0395;42;-31;30.754;13.5469;35.5422;3.5546;0.5989;0.28092;2.5053;339.09
ENVI;7;31;9.0395;42;-32;31.746;13.5475;35.5422;3.6246;0.5971;0.21567;2.5019;563.76
ENVI;7;31;9.0395;42;-33;32.738;13.5474;35.542;3.4796;0.5375;0.11337;2.4975;297
ENVI;7;31;9.0395;42;-34;33.73;13.5477;35.5422;3.5713;0.5903;0.12058;2.4957;374.18
ENVI;7;31;9.0395;42;-35;34.722;13.5469;35.5423;4.0095;0.5958;0.10005;2.4959;303.76
ENVI;7;31;9.0395;42;-36;35.714;13.549;35.5422;3.6551;0.6104;0.081066;2.4956;299.27
ENVI;7;31;9.0395;42;-37;36.706;13.5476;35.5422;3.3894;0.6083;0.06156;2.4949;311.05
ENVI;7;31;9.0395;42;-38;37.698;13.5465;35.5422;3.3651;0.5776;0.04182;2.4938;480.51
ENVI;7;31;9.0395;42;-39;38.69;13.5455;35.5424;3.4061;0.5779;0.035865;2.492;299.2
ENVI;7;31;9.0395;42;-40;39.682;13.5422;35.543;3.5127;0.5859;0.025302;2.4914;306.79
ENVI;7;31;9.0395;42;-41;40.674;13.545;35.5426;3.3556;0.5505;0.015617;2.4883;306.52
ENVI;7;31;9.0395;42;-42;41.666;13.5376;35.5438;3.5258;0.5946;0.0077121;2.4883;308.77
ENVI;7;31;9.0395;42;-43;42.658;13.5335;35.5438;3.4072;0.6699;0.0042652;2.4872;303.63
ENVI;7;31;9.0395;42;-44;43.65;13.5311;35.5442;3.3861;0.755;0.0040047;2.4841;394.9
ENVI;7;31;9.0395;42;-45;44.642;13.5203;35.5501;3.0692;0.6593;0.00018676;2.4808;336.67
ENVI;7;31;9.0395;42;-46;45.634;13.5066;35.5654;2.491;0.7047;0.000021602;2.4601;346.48
ENVI;7;31;9.0395;42;-47;46.625;13.4496;35.6328;2.1315;0.7142;1.00E-12;2.4248;624.47
ENVI;7;31;9.0395;42;-48;47.617;13.4207;35.6608;0.1142;0.8632;1.00E-12;2.3912;284.04
ENVI;7;31;9.0395;42;-49;48.609;13.4093;35.6629;0.2691;0.8479;1.00E-12;2.3585;315.56
ENVI;7;31;9.0395;42;-50;49.601;13.3985;35.6658;0.2622;0.8427;1.00E-12;2.3449;515.02
ENVI;7;31;9.0395;42;-51;50.593;13.3782;35.6688;0.2583;0.7367;1.00E-12;2.3225;445.77
ENVI;7;31;9.0395;42;-52;51.585;13.3624;35.6726;0.2828;0.7185;1.00E-12;2.312;414.88
ENVI;7;31;9.0395;42;-53;52.577;13.3441;35.6753;0.191;0.7431;1.00E-12;2.3067;502.6
ENVI;7;31;9.0395;42;-54;53.569;13.3077;35.6778;0.1468;0.6181;1.00E-12;2.2979;286.17
ENVI;7;31;9.0395;42;-55;54.561;13.2368;35.6817;0.1101;0.7486;1.00E-12;2.2931;312.43
ENVI;7;31;9.0395;42;-56;55.553;13.2014;35.6833;0.0989;0.7642;1.00E-12;2.2871;408.15
ENVI;7;31;9.0395;42;-57;56.544;13.1853;35.6831;0.0915;0.6986;1.00E-12;2.2778;557.88
ENVI;7;31;9.0395;42;-58;57.536;13.1728;35.6829;0.073;0.6601;1.00E-12;2.2697;333.88
ENVI;7;31;9.0395;42;-59;58.528;13.1398;35.6858;0.099;0.7238;1.00E-12;2.2676;458.97
ENVI;7;31;9.0395;42;-60;59.52;13.1082;35.6888;0.1016;0.7651;1.00E-12;2.2659;331.59
ENVI;7;31;9.0395;42;-61;60.512;13.0518;35.6954;0.0903;0.7451;1.00E-12;2.2634;317.48
ENVI;7;31;9.0395;42;-62;61.504;13.0266;35.6962;0.0659;0.5672;1.00E-12;2.2513;328.01
ENVI;7;31;9.0395;42;-63;62.495;13.0307;35.6956;0.0766;0.6258;1.00E-12;2.2447;953.38
ENVI;7;31;9.0395;42;-64;63.487;13.0262;35.6953;0.0524;0.6346;1.00E-12;2.2438;759.04
ENVI;7;31;9.0395;42;-65;64.479;13.0005;35.6981;0.0526;0.665;1.00E-12;2.2427;369.87
ENVI;7;31;9.0395;42;-66;65.471;12.9929;35.698;0.0489;0.5675;1.00E-12;2.2397;324.29
ENVI;7;31;9.0395;42;-67;66.463;12.9619;35.7003;0.0362;0.5665;1.00E-12;2.2383;348.15
ENVI;7;31;9.0395;42;-68;67.455;12.9405;35.7015;0.0338;0.6075;1.00E-12;2.237;327.14
ENVI;7;31;9.0395;42;-69;68.446;12.8888;35.7046;0.0213;0.6008;1.00E-12;2.2343;316.27
ENVI;7;31;9.0395;42;-70;69.438;12.8255;35.7043;0.005;0.6527;1.00E-12;2.2294;318.71
ENVI;7;31;9.0395;42;-71;70.43;12.7622;35.7036;0.0197;0.8569;1.00E-12;2.2075;445.93
ENVI;7;31;9.0395;42;-72;71.422;12.7256;35.7072;0.046;0.7713;1.00E-12;2.1924;543.4
ENVI;7;31;9.0395;42;-73;72.413;12.7067;35.7096;0.0532;1.2867;1.00E-12;2.1909;316.39
ENVI;7;31;9.0395;42;-74;73.405;12.6962;35.7122;0.0721;2.7749;1.00E-12;2.1853;313.92
ENVI;7;31;9.0395;42;-75;74.397;12.6897;35.7125;0.0734;2.4868;1.00E-12;2.1539;503.02
ENVI;7;31;9.0395;42;-76;75.389;12.6813;35.7123;0.1267;3.4699;1.00E-12;2.1287;833.07
ENVI;7;31;9.0395;42;-77;76.381;12.6597;35.712;0.1061;3.4495;1.00E-12;2.1201;397.05
ENVI;7;31;9.0395;42;-78;77.373;12.6345;35.7116;0.11;2.7179;1.00E-12;2.1119;317.95
ENVI;7;31;9.0395;42;-79;78.364;12.6165;35.7115;0.1119;3.3191;1.00E-12;2.11;315.92
ENVI;7;31;9.0395;42;-80;79.356;12.6106;35.7113;0.1142;3.2376;1.00E-12;2.1076;340.48
ENVI;7;31;9.0395;42;-81;80.348;12.5691;35.7093;0.1235;3.4237;1.00E-12;2.1062;490.93
ENVI;7;31;9.0395;42;-82;81.34;12.3765;35.7029;0.0965;3.0805;1.00E-12;2.1005;773.57
ENVI;7;31;9.0395;42;-83;82.331;12.2018;35.6911;0.0719;2.9426;1.00E-12;2.0961;932.98
ENVI;7;31;9.0395;42;-84;83.323;12.1737;35.6853;0.0474;2.3342;1.00E-12;2.0901;916.69
ENVI;7;31;9.0395;42;-85;84.315;12.0974;35.679;0.0391;2.0155;1.00E-12;2.0913;918.16
ENVI;7;31;9.0395;42;-86;85.307;12.0159;35.6705;0.0344;1.7078;1.00E-12;2.0928;1197.9
ENVI;7;31;9.0395;42;-87;86.298;11.9698;35.6688;0.0108;1.9468;1.00E-12;2.0916;1188.5
ENVI;7;31;9.0395;42;-88;87.29;11.9569;35.668;0.0035;1.9521;1.00E-12;2.0903;864.59
ENVI;7;31;9.0395;42;-89;88.282;11.9438;35.6671;-0.0002;2.0538;1.00E-12;2.0901;1199.2
ENVI;7;31;9.0395;42;-90;89.273;11.9406;35.6665;-0.0083;1.9997;1.00E-12;2.0897;1245.1
ENVI;7;31;9.0395;42;-91;90.265;11.9402;35.6657;0.0291;1.6448;1.00E-12;2.0866;1209
ENVI;7;31;9.0395;42;-92;91.257;11.9347;35.6651;0.0282;1.9144;1.00E-12;2.0857;1188.7
ENVI;7;31;9.0395;42;-93;92.249;11.9233;35.6652;-0.005;2.0943;1.00E-12;2.0852;1159.8
ENVI;7;31;9.0395;42;-94;93.24;11.9179;35.6695;-0.0242;2.0048;1.00E-12;2.0832;1128.4
ENVI;7;31;9.0395;42;-95;94.232;11.9383;35.6807;0.0296;2.792;1.00E-12;2.0696;1143.9
ENVI;7;31;9.0395;42;-96;95.224;11.9401;35.6815;0.0617;3.5098;1.00E-12;2.0495;1155.3
ENVI;7;31;9.0395;42;-97;96.215;11.9278;35.6804;0.0987;4.7201;1.00E-12;2.0428;1141
ENVI;7;31;9.0395;42;-98;97.207;11.9169;35.6796;0.0902;4.8163;1.00E-12;2.0382;1123.2
ENVI;7;31;9.0395;42;-99;98.199;11.9178;35.679;0.0841;4.0382;1.00E-12;2.0341;1049.1
ENVI;7;31;9.0395;42;-100;99.19;11.9152;35.6788;0.0803;3.2377;1.00E-12;2.0319;938.6
ENVI;7;31;9.0395;42;-101;100.182;11.9105;35.6781;0.1006;3.7684;1.00E-12;2.0315;907.41
ENVI;7;31;9.0395;42;-102;101.174;11.9008;35.677;0.0896;4.6072;1.00E-12;2.0312;873.76
ENVI;7;31;9.0395;42;-103;102.165;11.8971;35.676;0.0634;3.8147;1.00E-12;2.0324;792.16
ENVI;7;31;9.0395;42;-104;103.157;11.8937;35.6762;0.0785;4.0121;1.00E-12;2.034;685.07
ENVI;7;31;9.0395;42;-105;104.149;11.8935;35.6759;0.086;4.2571;1.00E-12;2.0333;662.41
ENVI;7;31;9.0395;42;-106;105.14;11.8881;35.6753;0.0656;4.6296;1.00E-12;2.033;630.63
ENVI;7;31;9.0395;42;-107;106.132;11.887;35.6751;0.0633;4.6368;1.00E-12;2.0333;600.23
ENVI;7;31;9.0395;42;-108;107.123;11.8899;35.6748;0.0708;3.2507;1.00E-12;2.0333;515.27
ENVI;7;31;9.0395;42;-109;108.115;11.8882;35.6746;0.0707;3.1996;1.00E-12;2.0339;472.84
ENVI;7;31;9.0395;42;-110;109.107;11.882;35.6739;0.0684;3.5045;1.00E-12;2.0337;462.61
ENVI;7;31;9.0395;42;-111;110.098;11.8793;35.6736;0.0673;4.0001;1.00E-12;2.0336;449.34
ENVI;7;31;9.0395;42;-112;111.09;11.8775;35.6731;0.0506;3.1798;1.00E-12;2.0346;448.09
ENVI;7;31;9.0395;42;-113;112.082;11.8761;35.6731;0.0712;3.1255;1.00E-12;2.0359;461.91
ENVI;7;31;9.0395;42;-114;113.073;11.8733;35.6726;0.0593;3.6867;1.00E-12;2.0357;455.94
ENVI;7;31;9.0395;42;-115;114.065;11.8717;35.6725;0.0581;3.4852;1.00E-12;2.0361;448
ENVI;7;31;9.0395;42;-116;115.056;11.8699;35.6725;0.0553;3.2002;1.00E-12;2.0365;442.63
ENVI;7;31;9.0395;42;-117;116.048;11.8691;35.6727;0.0529;3.6762;1.00E-12;2.0354;441.33
ENVI;7;31;9.0395;42;-118;117.039;11.8625;35.6733;0.0564;3.5011;1.00E-12;2.0343;435.88
ENVI;7;31;9.0395;42;-119;118.031;11.8622;35.674;0.0558;2.8242;1.00E-12;2.0316;412.61
ENVI;7;31;9.0395;42;-120;119.023;11.8478;35.6752;0.0733;4.0253;1.00E-12;2.0313;407.91
ENVI;7;31;9.0395;42;-121;120.014;11.8486;35.6751;0.0732;3.1239;1.00E-12;2.0256;399.44
ENVI;7;31;9.0395;42;-122;121.006;11.8331;35.6761;0.069;3.2442;1.00E-12;2.0225;399.17
ENVI;7;32;9.1246;42;-4;3.969;13.75;35.3132;2.9767;0.424;55.183;2.4509;839.45
ENVI;7;32;9.1246;42;-5;4.961;13.7416;35.5953;3.1883;0.4725;49.255;2.5329;832.38
ENVI;7;32;9.1246;42;-6;5.953;13.7382;35.5988;2.9278;0.4615;39.81;2.5343;847.85
ENVI;7;32;9.1246;42;-7;6.945;13.7362;35.5994;3.0315;0.4701;34.125;2.5342;861.52
ENVI;7;32;9.1246;42;-8;7.937;13.7347;35.5999;3.2469;0.4671;29.276;2.5339;863.03
ENVI;7;32;9.1246;42;-9;8.929;13.7328;35.5999;3.2387;0.5615;24.562;2.5337;855.01
ENVI;7;32;9.1246;42;-10;9.921;13.7302;35.6007;3.0114;0.4549;21.52;2.5337;844.94
ENVI;7;32;9.1246;42;-11;10.913;13.7286;35.6014;3.1734;0.4421;18.472;2.5329;834.01
ENVI;7;32;9.1246;42;-12;11.905;13.726;35.6022;3.1632;0.5093;15.787;2.531;835.53
ENVI;7;32;9.1246;42;-13;12.897;13.7251;35.6025;3.0001;0.4131;14.172;2.528;833.83
ENVI;7;32;9.1246;42;-14;13.89;13.7243;35.6032;2.9368;0.4828;12.712;2.5266;829.04
ENVI;7;32;9.1246;42;-15;14.882;13.7241;35.6033;2.9683;0.444;11.034;2.5252;819.42
ENVI;7;32;9.1246;42;-16;15.874;13.7224;35.6038;2.9524;0.4305;9.9604;2.5233;804.09
ENVI;7;32;9.1246;42;-17;16.866;13.7202;35.6039;3.0187;0.4184;8.8792;2.5214;794.34
ENVI;7;32;9.1246;42;-18;17.858;13.7145;35.6053;3.1201;0.3986;8.3504;2.5185;789.51
ENVI;7;32;9.1246;42;-19;18.85;13.7113;35.6057;2.9879;0.4691;7.2453;2.5169;792.05
ENVI;7;32;9.1246;42;-20;19.842;13.7052;35.6062;2.8011;0.4947;6.6514;2.5158;792.02
ENVI;7;32;9.1246;42;-21;20.834;13.6996;35.6066;2.8205;0.4344;6.0721;2.5151;786.27
ENVI;7;32;9.1246;42;-22;21.826;13.6922;35.6072;2.7807;0.4497;5.5952;2.5137;789.34
ENVI;7;32;9.1246;42;-23;22.818;13.684;35.6087;3.0188;0.4364;5.1254;2.5118;790.61
ENVI;7;32;9.1246;42;-24;23.81;13.6711;35.6114;2.7234;0.4334;4.5518;2.5114;790.06
ENVI;7;32;9.1246;42;-25;24.802;13.6655;35.6124;3.1028;0.4001;4.0417;2.5061;804.39
ENVI;7;32;9.1246;42;-26;25.794;13.6602;35.6141;2.6478;0.4193;3.7483;2.503;822.89
ENVI;7;32;9.1246;42;-27;26.786;13.6545;35.6156;2.7627;0.4409;3.4466;2.5023;833.05
ENVI;7;32;9.1246;42;-28;27.778;13.6488;35.6159;2.6261;0.4177;3.1843;2.5006;846.07
ENVI;7;32;9.1246;42;-29;28.77;13.6451;35.6158;2.6731;0.405;2.9743;2.4966;927.21
ENVI;7;32;9.1246;42;-30;29.762;13.6436;35.6159;2.1085;0.3919;2.7112;2.4937;1002.1
ENVI;7;32;9.1246;42;-31;30.754;13.6435;35.6158;3.1182;0.3993;2.3978;2.4918;1008.1
ENVI;7;32;9.1246;42;-32;31.746;13.6422;35.6155;2.054;0.4014;2.1273;2.4896;967.68
ENVI;7;32;9.1246;42;-33;32.738;13.6363;35.6154;2.4128;0.4059;1.9722;2.4892;916.74
ENVI;7;32;9.1246;42;-34;33.73;13.6346;35.6154;2.3575;0.3987;1.8226;2.4886;902.09
ENVI;7;32;9.1246;42;-35;34.722;13.6343;35.6153;2.1501;0.4049;1.7128;2.4885;885.04
ENVI;7;32;9.1246;42;-36;35.714;13.6336;35.6155;2.1906;0.3888;1.5659;2.4885;872.45
ENVI;7;32;9.1246;42;-37;36.706;13.6331;35.6156;2.2933;0.384;1.4249;2.4889;885.15
ENVI;7;32;9.1246;42;-38;37.698;13.6307;35.6159;2.1999;0.3782;1.2922;2.4887;953.95
ENVI;7;32;9.1246;42;-39;38.69;13.6226;35.6158;2.0545;0.4062;1.163;2.4871;978.27
ENVI;7;32;9.1246;42;-40;39.682;13.6204;35.6161;2.2435;0.408;1.1816;2.4868;1005.7
ENVI;7;32;9.1246;42;-41;40.674;13.6083;35.6159;2.312;0.4008;1.0746;2.4868;1090.7
ENVI;7;32;9.1246;42;-42;41.666;13.6026;35.6159;1.9776;0.3901;0.96665;2.4856;1139
ENVI;7;32;9.1246;42;-43;42.658;13.597;35.6156;1.9568;0.3798;0.99363;2.4858;1239.4
ENVI;7;32;9.1246;42;-44;43.65;13.5906;35.6172;2.1682;0.4167;0.87835;2.4848;1407.5
ENVI;7;32;9.1246;42;-45;44.642;13.5866;35.6187;1.8562;0.3785;0.77725;2.4822;1477.2
ENVI;7;32;9.1246;42;-46;45.634;13.5807;35.6202;1.7268;0.3777;0.67632;2.4792;1444.2
ENVI;7;32;9.1246;42;-47;46.625;13.5756;35.6211;1.7863;0.3844;0.62341;2.4758;1493.1
ENVI;7;32;9.1246;42;-48;47.617;13.5716;35.6222;1.6324;0.363;0.57383;2.475;1451.6
ENVI;7;32;9.1246;42;-49;48.609;13.5674;35.6227;1.9102;0.387;0.52658;2.4733;1448.9
ENVI;7;32;9.1246;42;-50;49.601;13.5711;35.6229;1.9397;0.3875;0.48122;2.4691;1488
ENVI;7;32;9.1246;42;-51;50.593;13.5719;35.6257;1.5128;0.3493;0.43112;2.4676;1538
ENVI;7;32;9.1246;42;-52;51.585;13.5754;35.6289;1.7597;0.4206;0.39846;2.4666;1559.3
ENVI;7;32;9.1246;42;-53;52.577;13.5776;35.6311;1.8849;0.431;0.37388;2.4632;1600.6
ENVI;7;32;9.1246;42;-54;53.569;13.5766;35.6339;1.343;0.3575;0.33539;2.4588;1624.5
ENVI;7;32;9.1246;42;-55;54.561;13.5743;35.635;1.2917;0.3596;0.28989;2.4505;1627.9
ENVI;7;32;9.1246;42;-56;55.552;13.5618;35.639;1.1293;0.3275;0.24625;2.4409;1595.1
ENVI;7;32;9.1246;42;-57;56.544;13.5525;35.6399;1.0141;0.3555;0.23089;2.4378;1590
ENVI;7;32;9.1246;42;-58;57.536;13.5537;35.6389;0.9117;0.3228;0.23641;2.4217;1563.9
ENVI;7;32;9.1246;42;-59;58.528;13.545;35.6402;0.8347;0.3604;0.20289;2.4194;1588.1
ENVI;7;32;9.1246;42;-60;59.52;13.5351;35.6423;0.8879;0.3699;0.17795;2.4173;1606.7
ENVI;7;32;9.1246;42;-61;60.512;13.5407;35.6416;0.8072;0.3239;0.15926;2.4104;1702.1
ENVI;7;32;9.1246;42;-62;61.504;13.5287;35.647;0.8107;0.3464;0.14785;2.4093;1765
ENVI;7;32;9.1246;42;-63;62.495;13.5268;35.6501;0.8864;0.3581;0.13319;2.4063;1762.6
ENVI;7;32;9.1246;42;-64;63.487;13.5297;35.647;0.8296;0.3625;0.11548;2.4052;1730.4
ENVI;7;32;9.1246;42;-65;64.479;13.5226;35.6531;0.8776;0.3724;0.098875;2.4039;1702.2
ENVI;7;32;9.1246;42;-66;65.471;13.5201;35.6515;1.0191;0.3331;0.08908;2.4039;1699.4
ENVI;7;32;9.1246;42;-67;66.463;13.5016;35.6577;1.0452;0.3624;0.083497;2.4044;1735.9
ENVI;7;32;9.1246;42;-68;67.455;13.4979;35.6581;1.0169;0.3662;0.077786;2.4052;1763
ENVI;7;32;9.1246;42;-69;68.446;13.4854;35.6609;0.9891;0.3509;0.064803;2.4075;1819
ENVI;7;32;9.1246;42;-70;69.438;13.4775;35.663;0.9318;0.3826;0.053143;2.4073;1813.2
ENVI;7;32;9.1246;42;-71;70.43;13.4814;35.6619;0.861;0.3713;0.051254;2.4017;1792.3
ENVI;7;32;9.1246;42;-72;71.422;13.4709;35.6648;0.9246;0.4167;0.045051;2.4005;1850
ENVI;7;32;9.1246;42;-73;72.414;13.4695;35.665;0.7861;0.3814;0.042458;2.3976;1839.9
ENVI;7;32;9.1246;42;-74;73.406;13.4669;35.6661;0.7296;0.3319;0.035603;2.3931;1819.4
ENVI;7;32;9.1246;42;-75;74.397;13.4633;35.668;0.6929;0.3726;0.025878;2.3916;1796.1
ENVI;7;32;9.1246;42;-76;75.389;13.4609;35.6689;0.6757;0.3727;0.024249;2.3891;1769.6
ENVI;7;32;9.1246;42;-77;76.381;13.4592;35.6697;0.6431;0.3855;0.015491;2.3876;1776.9
ENVI;7;32;9.1246;42;-78;77.373;13.4554;35.6709;0.6412;0.3805;0.014459;2.3862;1768.6
ENVI;7;32;9.1246;42;-79;78.365;13.4542;35.6712;0.5823;0.3613;0.0085495;2.3815;1730.5
ENVI;7;32;9.1246;42;-80;79.356;13.4495;35.6725;0.5157;0.3626;0.0011366;2.3762;1833
ENVI;7;32;9.1246;42;-81;80.348;13.4477;35.6734;0.5166;0.38;0.00032434;2.3765;1855.3
ENVI;7;32;9.1246;42;-82;81.34;13.4486;35.6755;0.4761;0.3912;0.0003909;2.3735;1820.6
ENVI;7;32;9.1246;42;-83;82.331;13.4566;35.6799;0.3573;0.3943;-0.00002179;2.3689;1840.8
ENVI;7;32;9.1246;42;-84;83.323;13.472;35.6884;0.3105;0.365;1.00E-12;2.366;1883.3
ENVI;7;32;9.1246;42;-85;84.315;13.4725;35.6905;0.2769;0.3526;1.00E-12;2.3556;1852.3
ENVI;7;32;9.1246;42;-86;85.307;13.4436;35.6884;0.2566;0.3353;1.00E-12;2.3466;1933.3
ENVI;7;32;9.1246;42;-87;86.298;13.4338;35.689;0.2728;0.3897;1.00E-12;2.3457;1952.6
ENVI;7;32;9.1246;42;-88;87.29;13.4341;35.6948;0.2629;0.4114;1.00E-12;2.3454;1959.9
ENVI;7;32;9.1246;42;-89;88.282;13.4331;35.6959;0.2324;0.3621;1.00E-12;2.3432;1915.7
ENVI;7;32;9.1246;42;-90;89.273;13.4324;35.6971;0.2007;0.3224;1.00E-12;2.3373;1951.5
ENVI;7;32;9.1246;42;-91;90.265;13.4285;35.6992;0.2461;0.3337;1.00E-12;2.3347;1964.2
ENVI;7;32;9.1246;42;-92;91.257;13.4165;35.7039;0.1818;0.3501;1.00E-12;2.3327;1955.8
ENVI;7;32;9.1246;42;-93;92.248;13.4212;35.7074;0.1567;0.3736;1.00E-12;2.3287;1982.7
ENVI;7;32;9.1246;42;-94;93.24;13.421;35.7093;0.1304;0.3137;1.00E-12;2.3214;1970
ENVI;7;32;9.1246;42;-95;94.232;13.4269;35.7127;0.1356;0.3275;1.00E-12;2.3148;1966
ENVI;7;32;9.1246;42;-96;95.224;13.457;35.7272;0.1187;0.3397;1.00E-12;2.3112;1992
ENVI;7;32;9.1246;42;-97;96.215;13.4742;35.7392;0.0967;0.3659;1.00E-12;2.309;1969.7
ENVI;7;32;9.1246;42;-98;97.207;13.4823;35.7457;0.0679;0.4045;1.00E-12;2.294;1946.5
ENVI;7;32;9.1246;42;-99;98.199;13.4851;35.7513;0.0633;0.3919;1.00E-12;2.2738;1978.5
ENVI;7;32;9.1246;42;-100;99.191;13.4487;35.7536;0.0602;0.4805;1.00E-12;2.2694;1978.8
ENVI;7;32;9.1246;42;-101;100.182;13.4213;35.7547;0.0345;0.5123;1.00E-12;2.2589;1957.5
ENVI;7;32;9.1246;42;-102;101.174;13.3584;35.7487;0.0272;0.4122;1.00E-12;2.2289;1929.1
ENVI;7;32;9.1246;42;-103;102.165;13.304;35.7454;0.0366;0.5164;1.00E-12;2.2291;1975.9
ENVI;7;32;9.1246;42;-104;103.157;13.2889;35.7453;0.0252;0.5802;1.00E-12;2.2272;1978.4
ENVI;7;32;9.1246;42;-105;104.149;13.2884;35.7449;0.0009;0.5914;1.00E-12;2.224;1973.7
ENVI;7;32;9.1246;42;-106;105.14;13.2773;35.744;-0.0023;0.5915;1.00E-12;2.2217;1955.6
ENVI;7;32;9.1246;42;-107;106.132;13.2672;35.7435;0.0019;0.5862;1.00E-12;2.2185;1939.5
ENVI;7;32;9.1246;42;-108;107.123;13.2576;35.7413;0.0059;0.5737;1.00E-12;2.2166;1928.5
ENVI;7;32;9.1246;42;-109;108.115;13.2298;35.7395;0.0058;0.5977;1.00E-12;2.2146;1921
ENVI;7;32;9.1246;42;-110;109.107;13.2012;35.7372;0.0107;0.5442;1.00E-12;2.2125;1915.8
ENVI;7;32;9.1246;42;-111;110.098;13.1591;35.7324;0.0371;0.4991;1.00E-12;2.2088;1920.4
ENVI;7;32;9.1246;42;-112;111.09;13.044;35.7236;0.0296;0.6119;1.00E-12;2.2061;1945.8
ENVI;7;32;9.1246;42;-113;112.082;13.0245;35.7217;0.0178;0.6597;1.00E-12;2.2033;1956.9
ENVI;7;32;9.1246;42;-114;113.073;12.9766;35.7202;0.0167;0.6663;1.00E-12;2.2011;1967.8
ENVI;7;32;9.1246;42;-115;114.065;12.9573;35.7186;0.077;0.6744;1.00E-12;2.1989;1960.3
ENVI;7;32;9.1246;42;-116;115.056;12.9292;35.7163;0.0462;0.6867;1.00E-12;2.1962;1943
ENVI;7;32;9.1246;42;-117;116.048;12.8286;35.7117;-0.0014;0.6989;1.00E-12;2.1935;1927.5
ENVI;7;32;9.1246;42;-118;117.04;12.7689;35.7103;-0.0279;0.7009;1.00E-12;2.1895;1920.7
ENVI;7;32;9.1246;42;-119;118.031;12.7032;35.7071;0.0036;0.6114;1.00E-12;2.1854;1911
ENVI;7;32;9.1246;42;-120;119.023;12.6309;35.7063;0.0029;0.6321;1.00E-12;2.1765;1897.9
ENVI;7;32;9.1246;42;-121;120.014;12.5375;35.7006;-0.0058;0.7284;1.00E-12;2.1677;1912.2
ENVI;7;32;9.1246;42;-122;121.006;12.5024;35.6995;-0.0051;0.7331;1.00E-12;2.1613;1923.4
ENVI;7;32;9.1246;42;-123;121.997;12.4851;35.6976;-0.0015;0.7592;1.00E-12;2.1558;1922.9
ENVI;7;32;9.1246;42;-124;122.989;12.426;35.695;0.006;0.7915;1.00E-12;2.1502;1914.3
ENVI;7;32;9.1246;42;-125;123.98;12.3406;35.6925;0.0067;0.8021;1.00E-12;2.1435;1905.6
ENVI;7;32;9.1246;42;-126;124.972;12.3102;35.692;-0.0204;0.8204;1.00E-12;2.1372;1900.2
ENVI;7;32;9.1246;42;-127;125.963;12.2973;35.6902;-0.0194;0.8692;1.00E-12;2.1306;1903.5
ENVI;7;32;9.1246;42;-128;126.955;12.2627;35.6874;-0.0289;0.7975;1.00E-12;2.121;1915.6
ENVI;7;32;9.1246;42;-129;127.947;12.2376;35.6864;-0.022;0.8011;1.00E-12;2.1135;1913.9
ENVI;7;32;9.1246;42;-130;128.938;12.2243;35.6857;-0.0241;0.8641;1.00E-12;2.1097;1899.9
ENVI;7;32;9.1246;42;-131;129.93;12.2088;35.6845;-0.035;0.9085;1.00E-12;2.1069;1895.2
ENVI;7;32;9.1246;42;-132;130.921;12.1766;35.6831;-0.0466;0.9344;1.00E-12;2.1035;1897.3
ENVI;7;32;9.1246;42;-133;131.913;12.1533;35.6797;-0.0307;0.7502;1.00E-12;2.0905;1900.1
ENVI;7;32;9.1246;42;-134;132.904;12.1198;35.6766;-0.0293;0.8872;1.00E-12;2.0802;1869.3
ENVI;7;4;9.207;42;-4;3.969;13.8645;34.7151;1.6217;0.3534;409.72;2.3648;1522.8
ENVI;7;4;9.207;42;-5;4.961;13.8558;35.509;1.5995;0.363;344.29;2.4765;1858.4
ENVI;7;4;9.207;42;-6;5.953;13.8525;35.6557;1.6607;0.3463;284.96;2.4961;1914
ENVI;7;4;9.207;42;-7;6.945;13.8564;35.6549;1.7352;0.3782;246.11;2.4957;1908.3
ENVI;7;4;9.207;42;-8;7.937;13.8566;35.6545;1.7848;0.369;194.52;2.4951;1909.6
ENVI;7;4;9.207;42;-9;8.929;13.8477;35.6542;1.9604;0.3763;169.64;2.4941;1915.6
ENVI;7;4;9.207;42;-10;9.921;13.8387;35.6567;2.0075;0.3853;168.89;2.4936;1923.1
ENVI;7;4;9.207;42;-11;10.913;13.8295;35.6639;2.4171;0.386;150.62;2.4936;1940.2
ENVI;7;4;9.207;42;-12;11.905;13.8261;35.6662;2.7522;0.4022;132.68;2.4941;1953.6
ENVI;7;4;9.207;42;-13;12.897;13.8255;35.6657;2.8064;0.3704;93.93;2.4949;1915.5
ENVI;7;4;9.207;42;-14;13.89;13.8237;35.6659;3.0059;0.4006;93.905;2.495;1910.3
ENVI;7;4;9.207;42;-15;14.882;13.8229;35.6661;3.1162;0.3953;79.932;2.4946;1918.7
ENVI;7;4;9.207;42;-16;15.874;13.8223;35.6662;2.6118;0.3971;68.116;2.4935;1924
ENVI;7;4;9.207;42;-17;16.866;13.8224;35.6659;2.9485;0.3958;62.19;2.4932;1930.3
ENVI;7;4;9.207;42;-18;17.858;13.8167;35.6651;2.9503;0.3626;55.52;2.4927;1957.7
ENVI;7;4;9.207;42;-19;18.85;13.8151;35.665;2.6263;0.3765;46.699;2.4922;1935.7
ENVI;7;4;9.207;42;-20;19.842;13.8146;35.6649;3.0141;0.4037;40.45;2.492;1918.3
ENVI;7;4;9.207;42;-21;20.834;13.8139;35.6652;2.69;0.3589;38.854;2.4925;1924.7
ENVI;7;4;9.207;42;-22;21.826;13.8133;35.6655;2.9741;0.3938;32.573;2.4919;1934.7
ENVI;7;4;9.207;42;-23;22.818;13.814;35.6657;3.0195;0.3998;29.203;2.491;1936.2
ENVI;7;4;9.207;42;-24;23.81;13.8132;35.6655;2.9606;0.3951;27.11;2.4904;1938.2
ENVI;7;4;9.207;42;-25;24.802;13.813;35.6653;2.6613;0.3392;22.034;2.4908;1937.6
ENVI;7;4;9.207;42;-26;25.794;13.8084;35.6656;2.6056;0.3983;19.565;2.4901;1909.7
ENVI;7;4;9.207;42;-27;26.786;13.8077;35.6652;2.7558;0.4197;18.399;2.4886;1912
ENVI;7;4;9.207;42;-28;27.778;13.8075;35.665;2.7038;0.3748;16.705;2.4878;1922.2
ENVI;7;4;9.207;42;-29;28.77;13.8062;35.6648;2.9916;0.4486;14.614;2.4874;1929.1
ENVI;7;4;9.207;42;-30;29.762;13.8058;35.6656;2.7494;0.434;13.096;2.4865;1939.7
ENVI;7;4;9.207;42;-31;30.754;13.8056;35.6659;2.5406;0.4026;11.564;2.4861;1940.6
ENVI;7;4;9.207;42;-32;31.746;13.8053;35.6663;2.4911;0.3789;10.339;2.4852;1944.8
ENVI;7;4;9.207;42;-33;32.738;13.805;35.6664;2.7939;0.3368;9.305;2.4837;1923.8
ENVI;7;4;9.207;42;-34;33.73;13.8048;35.6664;3.0631;0.3907;8.1192;2.4831;1924.1
ENVI;7;4;9.207;42;-35;34.722;13.8055;35.6665;2.7507;0.3727;7.4493;2.4828;1935.7
ENVI;7;4;9.207;42;-36;35.714;13.8064;35.6665;2.5228;0.3778;6.6853;2.4817;1941.7
ENVI;7;4;9.207;42;-37;36.706;13.8062;35.6665;2.6561;0.4017;5.8711;2.4816;1948.6
ENVI;7;4;9.207;42;-38;37.698;13.8065;35.6664;2.6413;0.3927;5.3481;2.4809;1946.8
ENVI;7;4;9.207;42;-39;38.69;13.8067;35.6665;2.5273;0.3539;4.7452;2.4809;1934.9
ENVI;7;4;9.207;42;-40;39.682;13.8029;35.668;2.3829;0.3656;4.1498;2.481;1924.5
ENVI;7;4;9.207;42;-41;40.674;13.8031;35.6683;2.2179;0.4071;3.7523;2.4807;1933.9
ENVI;7;4;9.207;42;-42;41.666;13.7998;35.6685;2.5833;0.4601;3.3945;2.4798;1939.4
ENVI;7;4;9.207;42;-43;42.658;13.7961;35.6686;2.5424;0.4305;3.1851;2.4791;1941.9
ENVI;7;4;9.207;42;-44;43.65;13.7951;35.6686;2.3415;0.3966;2.8507;2.4757;1964.1
ENVI;7;4;9.207;42;-45;44.642;13.7944;35.669;2.3233;0.4062;2.4606;2.4683;1935
ENVI;7;4;9.207;42;-46;45.634;13.7938;35.6699;1.8916;0.3481;2.1751;2.464;1934.6
ENVI;7;4;9.207;42;-47;46.626;13.7939;35.6706;1.773;0.3762;1.959;2.4594;1936.2
ENVI;7;4;9.207;42;-48;47.617;13.7938;35.6706;1.6563;0.3764;1.8262;2.4518;1934.9
ENVI;7;4;9.207;42;-49;48.609;13.7937;35.6717;1.7274;0.3574;1.7024;2.4465;1944.4
ENVI;7;4;9.207;42;-50;49.601;13.7868;35.676;1.5732;0.3473;1.5311;2.4447;1955.7
ENVI;7;4;9.207;42;-51;50.593;13.776;35.6825;1.191;0.3462;1.3745;2.4348;1948.9
ENVI;7;4;9.207;42;-52;51.585;13.7798;35.6871;0.8891;0.3116;1.2366;2.4178;1942.5
ENVI;7;4;9.207;42;-53;52.577;13.7485;35.6902;0.7796;0.3232;1.1265;2.412;1942
ENVI;7;4;9.207;42;-54;53.569;13.6982;35.6883;0.6408;0.2679;1.0598;2.3952;1941.7
ENVI;7;4;9.207;42;-55;54.561;13.6654;35.687;0.616;0.2872;0.94901;2.3938;1936.2
ENVI;7;4;9.207;42;-56;55.552;13.645;35.6867;0.6212;0.3047;0.9205;2.3903;1933.5
ENVI;7;4;9.207;42;-57;56.544;13.6251;35.6873;0.5632;0.2723;0.88538;2.3889;1953.5
ENVI;7;4;9.207;42;-58;57.536;13.6153;35.688;0.5417;0.2919;0.80684;2.389;1945.9
ENVI;7;4;9.207;42;-59;58.528;13.6091;35.6881;0.5393;0.2749;0.72367;2.388;1947.1
ENVI;7;4;9.207;42;-60;59.52;13.5942;35.6888;0.5394;0.2589;0.71356;2.3878;1934.7
ENVI;7;4;9.207;42;-61;60.512;13.5861;35.6916;0.4499;0.3075;0.66859;2.3873;1933.5
ENVI;7;4;9.207;42;-62;61.504;13.5851;35.6922;0.4086;0.2626;0.59875;2.3868;1940.5
ENVI;7;4;9.207;42;-63;62.495;13.5845;35.6924;0.3872;0.2776;0.51765;2.386;1950.4
ENVI;7;4;9.207;42;-64;63.487;13.5864;35.6918;0.4114;0.2908;0.50069;2.3844;1949.4
ENVI;7;4;9.207;42;-65;64.479;13.5857;35.6919;0.419;0.2783;0.46444;2.3838;1930.3
ENVI;7;4;9.207;42;-66;65.471;13.5805;35.6931;0.3299;0.2536;0.42145;2.3831;1925.8
ENVI;7;4;9.207;42;-67;66.463;13.5801;35.6929;0.3334;0.2277;0.36309;2.3815;1937.1
ENVI;7;4;9.207;42;-68;67.455;13.5786;35.6928;0.3242;0.2798;0.38917;2.3804;1964
ENVI;7;4;9.207;42;-69;68.446;13.5797;35.6924;0.4475;0.2405;0.36759;2.3802;1965.8
ENVI;7;4;9.207;42;-70;69.438;13.5769;35.6928;0.3611;0.2508;0.34195;2.3799;1936.1
ENVI;7;4;9.207;42;-71;70.43;13.5754;35.6929;0.3474;0.2417;0.34058;2.3796;1938.5
ENVI;7;4;9.207;42;-72;71.422;13.5747;35.6932;0.3857;0.2416;0.33213;2.379;1945.3
ENVI;7;4;9.207;42;-73;72.414;13.5739;35.6936;0.356;0.26;0.30697;2.3794;1959.4
ENVI;7;4;9.207;42;-74;73.406;13.5739;35.6941;0.3254;0.2523;0.27739;2.3788;1967.5
ENVI;7;4;9.207;42;-75;74.397;13.5747;35.6939;0.3101;0.2253;0.24234;2.3779;1932.1
ENVI;7;4;9.207;42;-76;75.389;13.5714;35.6948;0.3314;0.2278;0.23249;2.3783;1906.9
ENVI;7;4;9.207;42;-77;76.381;13.5719;35.695;0.2955;0.2338;0.20271;2.3778;1921.1
ENVI;7;4;9.207;42;-78;77.373;13.5725;35.6953;0.3325;0.2412;0.16811;2.3774;1940.4
ENVI;7;4;9.207;42;-79;78.364;13.5724;35.6956;0.3461;0.2492;0.13991;2.3768;1960.8
ENVI;7;4;9.207;42;-80;79.356;13.5723;35.6954;0.2824;0.2275;0.16734;2.3763;1960.8
ENVI;7;4;9.207;42;-81;80.348;13.5717;35.6956;0.3359;0.2272;0.15002;2.3777;1921.8
ENVI;7;4;9.207;42;-82;81.34;13.5718;35.6963;0.2694;0.2403;0.13321;2.3764;1813.8
ENVI;7;4;9.207;42;-83;82.332;13.5705;35.6964;0.3338;0.2584;0.11829;2.3757;1848.2
ENVI;7;4;9.207;42;-84;83.323;13.5597;35.6948;0.309;0.2502;0.11357;2.3751;1707.1
ENVI;7;4;9.207;42;-85;84.315;13.5496;35.6928;0.2834;0.247;0.11258;2.374;1614.7
ENVI;7;4;9.207;42;-86;85.307;13.5313;35.688;0.382;0.2686;0.10243;2.3742;1629.1
ENVI;7;4;9.207;42;-87;86.298;13.4891;35.6794;0.4473;0.3446;0.090813;2.3731;1772.5
ENVI;7;4;9.207;42;-88;87.29;13.4861;35.6783;0.4043;0.3412;0.085477;2.372;1776.1
ENVI;7;4;9.207;42;-89;88.282;13.4787;35.6767;0.4104;0.3233;0.083201;2.3718;1735.9
ENVI;7;4;9.207;42;-90;89.273;13.4697;35.6762;0.3899;0.3245;0.073938;2.3714;1741.6
ENVI;7;4;9.207;42;-91;90.265;13.4666;35.6762;0.3795;0.3569;0.058712;2.3711;1838.9
ENVI;7;4;9.207;42;-92;91.257;13.4636;35.6772;0.3539;0.3724;0.044927;2.3704;1919.1
ENVI;7;4;9.207;42;-93;92.249;13.4617;35.6771;0.3846;0.3239;0.043837;2.3673;1338.5
ENVI;7;4;9.207;42;-94;93.24;13.4624;35.6805;0.3681;0.3715;0.03737;2.3674;1041.8
ENVI;7;4;9.207;42;-95;94.232;13.4702;35.6831;0.3713;0.3711;0.029165;2.3666;1374.4
ENVI;7;4;9.207;42;-96;95.224;13.4586;35.6843;0.3211;0.364;0.028624;2.3654;1273.1
ENVI;7;4;9.207;42;-97;96.215;13.4544;35.6877;0.291;0.3405;0.031089;2.3627;1044
ENVI;7;4;9.207;42;-98;97.207;13.4543;35.6893;0.2921;0.3343;0.026186;2.3573;1087
ENVI;7;4;9.207;42;-99;98.199;13.4549;35.6899;0.2527;0.3167;0.019014;2.3469;1181.4
ENVI;7;4;9.207;42;-100;99.19;13.4555;35.6935;0.2326;0.3279;0.010821;2.3456;725.45
ENVI;7;4;9.207;42;-101;100.182;13.4547;35.695;0.221;0.3338;0.010603;2.3438;833.84
ENVI;7;4;9.207;42;-102;101.174;13.4548;35.6968;0.209;0.343;0.0092108;2.342;1275.3
ENVI;7;4;9.207;42;-103;102.166;13.4576;35.6984;0.1989;0.3376;0.0061828;2.3396;1376.6
ENVI;7;4;9.207;42;-104;103.157;13.4685;35.7045;0.1718;0.3241;0.0023254;2.3374;1475
ENVI;7;4;9.207;42;-105;104.149;13.522;35.7232;0.148;0.3379;-8.58E-07;2.335;1561.6
ENVI;7;4;9.207;42;-106;105.14;13.5434;35.7291;0.1163;0.3748;1.00E-12;2.3328;1658.6
ENVI;7;4;9.207;42;-107;106.132;13.5559;35.7342;0.1245;0.3989;1.00E-12;2.3307;1697.6
ENVI;7;4;9.207;42;-108;107.124;13.6151;35.7527;0.1029;0.4667;1.00E-12;2.3246;1634.3
ENVI;7;4;9.207;42;-109;108.115;13.6686;35.7716;0.0624;0.5407;1.00E-12;2.3079;1515.7
ENVI;7;4;9.207;42;-110;109.107;13.6697;35.7835;0.0405;0.6408;1.00E-12;2.2905;1417.4
ENVI;7;4;9.207;42;-111;110.098;13.6244;35.7843;0.0356;0.7346;1.00E-12;2.2728;1186.6
ENVI;7;4;9.207;42;-112;111.09;13.5913;35.7842;0.0455;0.747;1.00E-12;2.2457;827.77
ENVI;7;4;9.207;42;-113;112.081;13.5575;35.7825;-0.0003;0.7312;1.00E-12;2.2229;613.44
ENVI;7;4;9.207;42;-114;113.073;13.518;35.7829;0.0076;0.8083;1.00E-12;2.213;606.92
ENVI;7;4;9.207;42;-115;114.065;13.4743;35.7784;0.0077;0.8344;1.00E-12;2.2082;613.37
ENVI;7;4;9.207;42;-116;115.056;13.4393;35.776;0.0079;0.8263;1.00E-12;2.2031;634.9
ENVI;7;4;9.207;42;-117;116.048;13.4074;35.7733;0.0091;0.7833;1.00E-12;2.1983;664.65
ENVI;7;4;9.207;42;-118;117.04;13.3557;35.7716;0.0159;0.7326;1.00E-12;2.1952;682.04
ENVI;7;4;9.207;42;-119;118.031;13.3294;35.7713;0.0077;0.698;1.00E-12;2.1924;670.56
ENVI;7;4;9.207;42;-120;119.023;13.3134;35.7706;-0.0249;0.6422;1.00E-12;2.19;642.78
ENVI;7;4;9.207;42;-121;120.014;13.2918;35.7705;-0.0011;0.5859;1.00E-12;2.1889;618.64
ENVI;7;4;9.207;42;-122;121.006;13.271;35.7713;-0.0018;0.5848;1.00E-12;2.1873;613.35
ENVI;7;4;9.207;42;-123;121.997;13.2263;35.7709;0.021;0.5283;1.00E-12;2.1856;608.19
ENVI;7;4;9.207;42;-124;122.989;13.1927;35.77;0.0019;0.4519;1.00E-12;2.183;598.7
ENVI;7;4;9.207;42;-125;123.98;13.1777;35.769;-0.037;0.4314;1.00E-12;2.1797;594.5
ENVI;7;4;9.207;42;-126;124.972;13.1464;35.7672;-0.0447;0.4408;1.00E-12;2.1766;596.97
ENVI;7;4;9.207;42;-127;125.963;13.0947;35.7651;-0.0451;0.4477;1.00E-12;2.1729;601.77
ENVI;7;4;9.207;42;-128;126.955;13.0802;35.7638;-0.0476;0.4802;1.00E-12;2.1697;605.87
ENVI;7;4;9.207;42;-129;127.947;13.0675;35.7624;-0.0457;0.4948;1.00E-12;2.1661;609.16
ENVI;7;4;9.207;42;-130;128.938;13.0551;35.7612;-0.0458;0.5018;1.00E-12;2.1641;613.43
ENVI;7;4;9.207;42;-131;129.929;13.0395;35.7598;-0.0443;0.5256;1.00E-12;2.1614;618.36
ENVI;7;4;9.207;42;-132;130.921;13.014;35.7573;-0.0451;0.5444;1.00E-12;2.1584;618.87
ENVI;7;4;9.207;42;-133;131.913;12.9761;35.754;-0.0517;0.5647;1.00E-12;2.1547;618.33
ENVI;7;4;9.207;42;-134;132.904;12.9494;35.7517;-0.0444;0.5903;1.00E-12;2.1517;619
ENVI;7;4;9.207;42;-135;133.896;12.941;35.7502;-0.0377;0.6182;1.00E-12;2.1487;617.36
ENVI;7;4;9.207;42;-136;134.887;12.9348;35.7487;-0.0393;0.6423;1.00E-12;2.1454;616.32
ENVI;7;4;9.207;42;-137;135.879;12.9314;35.7474;-0.0352;0.6327;1.00E-12;2.1412;615.03
ENVI;7;4;9.207;42;-138;136.87;12.9216;35.7459;-0.0424;0.6316;1.00E-12;2.1394;614.66
ENVI;7;4;9.207;42;-139;137.862;12.9099;35.7447;-0.0327;0.6733;1.00E-12;2.138;622.13
ENVI;7;4;9.207;42;-140;138.853;12.9007;35.7441;-0.0357;0.7894;1.00E-12;2.1367;757.7
ENVI;7;4;9.207;42;-141;139.844;12.8836;35.7423;-0.0239;0.7645;1.00E-12;2.136;1167.3
ENVI;7;4;9.207;42;-142;140.836;12.86;35.7402;-0.0258;0.7689;1.00E-12;2.135;1621.4
ENVI;7;4;9.207;42;-143;141.828;12.8172;35.7361;-0.0445;0.8093;1.00E-12;2.1334;1406.9
ENVI;7;4;9.207;42;-144;142.819;12.7883;35.7334;-0.0205;0.7671;1.00E-12;2.1313;647.59
ENVI;7;4;9.207;42;-145;143.81;12.7597;35.7291;-0.0387;0.7673;1.00E-12;2.1285;759.1
ENVI;7;4;9.207;42;-146;144.802;12.7054;35.7226;-0.01;0.7765;1.00E-12;2.1256;1181.4
ENVI;7;4;9.207;42;-147;145.793;12.686;35.7199;-0.0163;0.8;1.00E-12;2.1242;1388
ENVI;7;4;9.207;42;-148;146.785;12.6782;35.7181;-0.0083;0.7092;1.00E-12;2.1225;959.71
ENVI;7;4;9.207;42;-149;147.776;12.6293;35.7123;-0.0186;0.6454;1.00E-12;2.1204;1112.4
ENVI;7;4;9.207;42;-150;148.767;12.6057;35.7107;-0.0048;0.7918;1.00E-12;2.1203;1084
ENVI;7;4;9.207;42;-151;149.759;12.5772;35.7082;-0.0102;0.7265;1.00E-12;2.1182;1226
ENVI;7;4;9.207;42;-152;150.75;12.5411;35.7053;-0.0269;0.9272;1.00E-12;2.1172;727.9
ENVI;7;4;9.207;42;-153;151.742;12.5043;35.7026;-0.0167;0.9229;1.00E-12;2.1163;650.16
ENVI;7;4;9.207;42;-154;152.733;12.4708;35.7008;-0.0061;0.9201;1.00E-12;2.1145;849.86
ENVI;7;4;9.207;42;-155;153.725;12.4656;35.6993;-0.0047;0.8352;1.00E-12;2.1117;1122.2
ENVI;7;4;9.207;42;-156;154.716;12.4037;35.6947;-0.0227;0.7057;1.00E-12;2.1093;1969.9
ENVI;7;4;9.207;42;-157;155.707;12.344;35.6916;0.0123;0.8599;1.00E-12;2.1079;1899
ENVI;7;4;9.207;42;-158;156.699;12.3136;35.6899;-0.0187;0.992;1.00E-12;2.1054;1890.7
ENVI;7;4;9.207;42;-159;157.69;12.2317;35.6807;0.0053;0.4917;1.00E-12;2.0874;1908.1
ENVI;7;41;9.308;42;-4;3.969;13.5325;32.737;1.8536;0.4121;556.3;2.4825;1416
ENVI;7;41;9.308;42;-5;4.961;13.6109;35.6248;2.0969;0.4293;319.93;2.5123;1286.4
ENVI;7;41;9.308;42;-6;5.953;13.6114;35.6415;1.9593;0.4466;270.16;2.5142;1258.3
ENVI;7;41;9.308;42;-7;6.945;13.6121;35.642;2.1305;0.4488;223.8;2.5138;1166.4
ENVI;7;41;9.308;42;-8;7.937;13.6101;35.6399;2.4778;0.434;203.46;2.5131;1272.8
ENVI;7;41;9.308;42;-9;8.929;13.5989;35.6375;2.6237;0.4346;163.08;2.5128;1336.2
ENVI;7;41;9.308;42;-10;9.921;13.5909;35.6363;2.7725;0.4423;145.18;2.5135;1426.8
ENVI;7;41;9.308;42;-11;10.913;13.5853;35.6358;2.759;0.4321;138.11;2.5165;1522.4
ENVI;7;41;9.308;42;-12;11.905;13.5856;35.6355;2.786;0.4602;124.64;2.5165;1606.1
ENVI;7;41;9.308;42;-13;12.897;13.5873;35.6354;2.9301;0.4506;113.92;2.5151;1758.8
ENVI;7;41;9.308;42;-14;13.89;13.5921;35.639;2.8987;0.4422;99.479;2.5158;1704.3
ENVI;7;41;9.308;42;-15;14.882;13.6011;35.6424;2.8566;0.4457;88.311;2.516;1555.8
ENVI;7;41;9.308;42;-16;15.874;13.6071;35.6453;2.7565;0.412;66.909;2.5122;1287.2
ENVI;7;41;9.308;42;-17;16.866;13.617;35.6498;2.5921;0.4092;49.041;2.5083;1054
ENVI;7;41;9.308;42;-18;17.858;13.6312;35.6564;2.511;0.4324;42.361;2.5052;1015.7
ENVI;7;41;9.308;42;-19;18.85;13.6349;35.6589;2.7214;0.3927;36.155;2.501;994.37
ENVI;7;41;9.308;42;-20;19.842;13.6351;35.6589;2.4308;0.4228;32.149;2.4966;984.07
ENVI;7;41;9.308;42;-21;20.834;13.6365;35.6597;2.3408;0.4074;29.169;2.4938;970.59
ENVI;7;41;9.308;42;-22;21.826;13.6387;35.6611;2.0859;0.3734;25.106;2.4902;955.07
ENVI;7;41;9.308;42;-23;22.818;13.6408;35.663;2.2486;0.3698;21.948;2.4882;946.11
ENVI;7;41;9.308;42;-24;23.81;13.641;35.6627;2.1644;0.4148;20.155;2.4855;945.55
ENVI;7;41;9.308;42;-25;24.802;13.6415;35.6634;2.1523;0.4054;18.843;2.4827;939.26
ENVI;7;41;9.308;42;-26;25.794;13.6413;35.6636;2.111;0.4051;16.506;2.4825;940.11
ENVI;7;41;9.308;42;-27;26.786;13.643;35.6649;2.1269;0.4001;14.589;2.4817;938.25
ENVI;7;41;9.308;42;-28;27.778;13.6423;35.6648;2.1795;0.3831;13.472;2.4795;923.37
ENVI;7;41;9.308;42;-29;28.77;13.6465;35.6677;2.0693;0.3962;12.028;2.4797;923.4
ENVI;7;41;9.308;42;-30;29.762;13.6525;35.6703;1.8285;0.3479;10.374;2.4749;918.99
ENVI;7;41;9.308;42;-31;30.754;13.658;35.6726;1.8402;0.4144;9.5558;2.4722;925.21
ENVI;7;41;9.308;42;-32;31.746;13.6434;35.6702;1.8241;0.5143;8.5018;2.4715;932
ENVI;7;41;9.308;42;-33;32.738;13.613;35.665;1.6701;0.4151;7.8514;2.4697;933.25
ENVI;7;41;9.308;42;-34;33.73;13.6132;35.6648;1.7157;0.3756;7.365;2.4638;911.01
ENVI;7;41;9.308;42;-35;34.722;13.6174;35.6669;1.9355;0.3994;6.4618;2.4633;911.87
ENVI;7;41;9.308;42;-36;35.714;13.6228;35.6682;1.7154;0.3754;5.9491;2.4634;917.67
ENVI;7;41;9.308;42;-37;36.706;13.6274;35.6698;1.6547;0.37;5.4879;2.4622;921.37
ENVI;7;41;9.308;42;-38;37.698;13.6341;35.6731;1.5349;0.3676;5.1057;2.4603;917.65
ENVI;7;41;9.308;42;-39;38.69;13.6432;35.6779;1.5428;0.36;4.8024;2.4578;914.11
ENVI;7;41;9.308;42;-40;39.682;13.6471;35.6805;1.3977;0.3535;4.3413;2.4553;915.34
ENVI;7;41;9.308;42;-41;40.674;13.6533;35.6853;1.4033;0.3468;3.7626;2.4514;913.4
ENVI;7;41;9.308;42;-42;41.666;13.6618;35.689;1.2393;0.3049;3.5641;2.4468;914.23
ENVI;7;41;9.308;42;-43;42.658;13.6675;35.6917;1.1906;0.3265;3.3995;2.4433;907.14
ENVI;7;41;9.308;42;-44;43.65;13.6676;35.6925;1.2252;0.3295;3.0609;2.4412;910.38
ENVI;7;41;9.308;42;-45;44.642;13.6757;35.6956;1.1608;0.3086;2.7531;2.4382;915.96
ENVI;7;41;9.308;42;-46;45.634;13.6688;35.6957;1.2582;0.2994;2.5895;2.4343;911.28
ENVI;7;41;9.308;42;-47;46.626;13.6666;35.6985;1.0817;0.2993;2.4138;2.432;909.92
ENVI;7;41;9.308;42;-48;47.617;13.6743;35.7047;0.789;0.2644;2.2478;2.4242;905.19
ENVI;7;41;9.308;42;-49;48.609;13.7049;35.7175;0.6585;0.2632;2.0139;2.4196;911.67
ENVI;7;41;9.308;42;-50;49.601;13.7249;35.7222;0.6063;0.2483;1.8847;2.4146;911.8
ENVI;7;41;9.308;42;-51;50.593;13.739;35.7272;0.5881;0.2739;1.8151;2.4049;904.86
ENVI;7;41;9.308;42;-52;51.585;13.7557;35.7318;0.5755;0.2743;1.6841;2.4033;913.97
ENVI;7;41;9.308;42;-53;52.577;13.7507;35.7305;0.518;0.2423;1.588;2.4001;909.39
ENVI;7;41;9.308;42;-54;53.569;13.7295;35.7249;0.5479;0.2512;1.5031;2.3953;905.41
ENVI;7;41;9.308;42;-55;54.561;13.6638;35.7121;0.5623;0.2547;1.4112;2.3935;919.57
ENVI;7;41;9.308;42;-56;55.553;13.6549;35.7097;0.5527;0.2611;1.3016;2.393;909.79
ENVI;7;41;9.308;42;-57;56.544;13.6364;35.7049;0.5218;0.2562;1.2275;2.3945;915.16
ENVI;7;41;9.308;42;-58;57.536;13.6004;35.6979;0.5116;0.2835;1.1508;2.3936;920.53
ENVI;7;41;9.308;42;-59;58.528;13.538;35.6859;0.5268;0.2788;1.1111;2.3924;919.22
ENVI;7;41;9.308;42;-60;59.52;13.5005;35.6774;0.522;0.2999;1.0737;2.3898;905.62
ENVI;7;41;9.308;42;-61;60.512;13.502;35.6787;0.5508;0.3101;0.94424;2.3909;909.49
ENVI;7;41;9.308;42;-62;61.504;13.5079;35.6824;0.4915;0.2766;0.88717;2.3913;912.49
ENVI;7;41;9.308;42;-63;62.496;13.5119;35.6847;0.5075;0.3117;0.83466;2.3904;921.13
ENVI;7;41;9.308;42;-64;63.487;13.5125;35.6851;0.4826;0.3279;0.8122;2.3897;922.09
ENVI;7;41;9.308;42;-65;64.479;13.5127;35.685;0.489;0.3117;0.7869;2.389;917.98
ENVI;7;41;9.308;42;-66;65.471;13.5117;35.6846;0.4896;0.288;0.69899;2.3891;909.96
ENVI;7;41;9.308;42;-67;66.463;13.5079;35.6843;0.4718;0.2916;0.63947;2.3883;911.96
ENVI;7;41;9.308;42;-68;67.455;13.5009;35.6829;0.4671;0.3106;0.62374;2.388;914.18
ENVI;7;41;9.308;42;-69;68.447;13.4822;35.682;0.4598;0.3242;0.58656;2.387;915.71
ENVI;7;41;9.308;42;-70;69.438;13.4812;35.6826;0.4598;0.3316;0.53726;2.386;917.34
ENVI;7;41;9.308;42;-71;70.43;13.4818;35.6827;0.522;0.3073;0.51421;2.3851;915.61
ENVI;7;41;9.308;42;-72;71.422;13.4748;35.6826;0.5066;0.3083;0.46448;2.3854;917.29
ENVI;7;41;9.308;42;-73;72.414;13.4747;35.6824;0.5175;0.3049;0.43459;2.3855;909.64
ENVI;7;41;9.308;42;-74;73.406;13.4751;35.6822;0.4841;0.2931;0.41372;2.387;908.65
ENVI;7;41;9.308;42;-75;74.397;13.4744;35.6822;0.4578;0.2856;0.39396;2.3871;908.13
ENVI;7;41;9.308;42;-76;75.389;13.473;35.6819;0.4737;0.308;0.36804;2.3869;914.58
ENVI;7;41;9.308;42;-77;76.381;13.4679;35.6815;0.4433;0.3017;0.34534;2.3869;920.89
ENVI;7;41;9.308;42;-78;77.372;13.4682;35.6813;0.4429;0.3121;0.31977;2.3863;921.85
ENVI;7;41;9.308;42;-79;78.365;13.4685;35.6811;0.4995;0.2855;0.28914;2.3846;902.47
ENVI;7;41;9.308;42;-80;79.356;13.4692;35.6812;0.4498;0.3189;0.27443;2.3847;903.57
ENVI;7;41;9.308;42;-81;80.348;13.4696;35.6813;0.4607;0.3113;0.25778;2.3849;908.97
ENVI;7;41;9.308;42;-82;81.34;13.4691;35.681;0.4742;0.3104;0.2383;2.3846;919.2
ENVI;7;41;9.308;42;-83;82.331;13.4695;35.6809;0.4658;0.3061;0.22383;2.3839;923.97
ENVI;7;41;9.308;42;-84;83.323;13.469;35.681;0.4561;0.2935;0.21201;2.3833;920.83
ENVI;7;41;9.308;42;-85;84.315;13.4692;35.6809;0.4508;0.2893;0.19701;2.3836;922.63
ENVI;7;41;9.308;42;-86;85.306;13.4666;35.6809;0.4882;0.273;0.1787;2.3834;905.26
ENVI;7;41;9.308;42;-87;86.298;13.4611;35.6825;0.4246;0.3031;0.16919;2.3824;913.25
ENVI;7;41;9.308;42;-88;87.29;13.461;35.6832;0.3787;0.2905;0.15853;2.3812;928.21
ENVI;7;41;9.308;42;-89;88.282;13.4609;35.683;0.3688;0.29;0.14771;2.3798;943.55
ENVI;7;41;9.308;42;-90;89.273;13.4613;35.6832;0.3725;0.2866;0.14175;2.3789;991.08
ENVI;7;41;9.308;42;-91;90.265;13.462;35.6836;0.3488;0.2753;0.14436;2.3772;1072.8
ENVI;7;41;9.308;42;-92;91.257;13.463;35.6844;0.3572;0.2519;0.1566;2.3757;973.85
ENVI;7;41;9.308;42;-93;92.249;13.4635;35.6845;0.364;0.2826;0.15058;2.3754;940.66
ENVI;7;41;9.308;42;-94;93.24;13.4635;35.6844;0.3796;0.268;0.16644;2.3745;1447
ENVI;7;41;9.308;42;-95;94.232;13.4644;35.6849;0.3561;0.3008;0.16272;2.3747;2076
ENVI;7;41;9.308;42;-96;95.224;13.4647;35.685;0.3343;0.2954;0.1549;2.3739;2228.2
ENVI;7;41;9.308;42;-97;96.215;13.4645;35.6847;0.3525;0.2957;0.14692;2.3728;2307.9
ENVI;7;41;9.308;42;-98;97.207;13.4643;35.6846;0.3866;0.2954;0.13782;2.3723;2343.9
ENVI;7;41;9.308;42;-99;98.199;13.4647;35.6847;0.3614;0.2735;0.12999;2.3722;2135.2
ENVI;7;41;9.308;42;-100;99.19;13.465;35.6849;0.345;0.2741;0.12263;2.3734;2337.6
ENVI;7;41;9.308;42;-101;100.182;13.4653;35.6849;0.3695;0.2761;0.1106;2.3727;2261.7
ENVI;7;41;9.308;42;-102;101.174;13.4662;35.6853;0.333;0.3044;0.097415;2.3715;1571.6
ENVI;7;41;9.308;42;-103;102.165;13.4665;35.6855;0.3227;0.3098;0.083651;2.3699;1008.5
ENVI;7;41;9.308;42;-104;103.157;13.4672;35.6868;0.3324;0.297;0.068557;2.3685;1715.4
ENVI;7;41;9.308;42;-105;104.149;13.4672;35.6879;0.317;0.3205;0.054949;2.3683;2309.8
ENVI;7;41;9.308;42;-106;105.14;13.4669;35.6894;0.3004;0.3326;0.042885;2.367;2347.6
ENVI;7;41;9.308;42;-107;106.132;13.4654;35.6902;0.2779;0.3078;0.068844;2.3653;2348.8
ENVI;7;41;9.308;42;-108;107.123;13.4655;35.6906;0.383;0.3018;0.063306;2.3632;2341.5
ENVI;7;41;9.308;42;-109;108.115;13.4659;35.6906;0.3197;0.3193;0.052556;2.3616;2285.5
ENVI;7;41;9.308;42;-110;109.107;13.4655;35.6909;0.2969;0.3268;0.044466;2.3607;1875.8
ENVI;7;41;9.308;42;-111;110.098;13.4654;35.691;0.2953;0.3314;0.034313;2.3595;1656.3
ENVI;7;41;9.308;42;-112;111.09;13.456;35.6936;0.2702;0.3327;0.023773;2.3583;1885.5
ENVI;7;41;9.308;42;-113;112.081;13.4571;35.6933;0.2471;0.3356;0.017405;2.3573;2207.1
ENVI;7;41;9.308;42;-114;113.073;13.4599;35.6924;0.2744;0.3298;0.025775;2.3545;2038.8
ENVI;7;41;9.308;42;-115;114.065;13.45;35.6947;0.2325;0.3187;0.021831;2.3519;1162.5
ENVI;7;41;9.308;42;-116;115.056;13.4488;35.6952;0.2415;0.3261;0.013009;2.3506;1160.8
ENVI;7;41;9.308;42;-117;116.048;13.4476;35.6954;0.2467;0.3395;0.0058588;2.3488;962.53
ENVI;7;41;9.308;42;-118;117.04;13.4405;35.6974;0.2084;0.3516;0.000067825;2.3464;964.25
ENVI;7;41;9.308;42;-119;118.031;13.4379;35.6975;0.1976;0.3539;1.26E-06;2.3446;974.77
ENVI;7;41;9.308;42;-120;119.022;13.4325;35.698;0.1876;0.3569;1.00E-12;2.3431;1221.4
ENVI;7;41;9.308;42;-121;120.014;13.4305;35.6985;0.1892;0.359;1.00E-12;2.3402;1238.6
ENVI;7;41;9.308;42;-122;121.006;13.4225;35.6996;0.1777;0.3574;1.00E-12;2.3379;986.34
ENVI;7;41;9.308;42;-123;121.998;13.4221;35.7002;0.162;0.3273;1.00E-12;2.331;964.65
ENVI;7;41;9.308;42;-124;122.989;13.4176;35.7016;0.175;0.3227;1.00E-12;2.3252;1071.3
ENVI;7;41;9.308;42;-125;123.98;13.4108;35.703;0.1633;0.3724;1.00E-12;2.3239;1030
ENVI;7;41;9.308;42;-126;124.972;13.4062;35.704;0.1517;0.3699;1.00E-12;2.3225;1395.4
ENVI;7;41;9.308;42;-127;125.963;13.3977;35.7046;0.1403;0.3627;1.00E-12;2.321;1204
ENVI;7;41;9.308;42;-128;126.955;13.3491;35.7114;0.1084;0.3757;1.00E-12;2.3186;963.04
ENVI;7;41;9.308;42;-129;127.947;13.323;35.7155;0.0863;0.3749;1.00E-12;2.3153;1491.3
ENVI;7;41;9.308;42;-130;128.938;13.3122;35.7167;0.0529;0.3738;1.00E-12;2.3103;2187.6
ENVI;7;41;9.308;42;-131;129.93;13.3121;35.7157;0.0352;0.3186;1.00E-12;2.2908;1089.7
ENVI;7;41;9.308;42;-132;130.921;13.3003;35.7168;0.0531;0.3068;1.00E-12;2.2793;963.6
ENVI;7;41;9.308;42;-133;131.913;13.2898;35.7186;0.054;0.3422;1.00E-12;2.2755;961.58
ENVI;7;41;9.308;42;-134;132.904;13.2784;35.7199;0.0397;0.3523;1.00E-12;2.2723;961.6
ENVI;7;41;9.308;42;-135;133.896;13.2558;35.7227;0.0269;0.3477;1.00E-12;2.2689;963.49
ENVI;7;41;9.308;42;-136;134.887;13.2271;35.7252;0.017;0.3123;1.00E-12;2.2642;965.24
ENVI;7;41;9.308;42;-137;135.879;13.1673;35.7325;0.0126;0.3044;1.00E-12;2.2578;965.66
ENVI;7;41;9.308;42;-138;136.87;13.1509;35.7345;-0.0183;0.2852;1.00E-12;2.2492;963.14
ENVI;7;41;9.308;42;-139;137.862;13.151;35.7373;-0.0187;0.2898;1.00E-12;2.2394;960.69
ENVI;7;41;9.308;42;-140;138.853;13.1537;35.7395;-0.0174;0.3332;1.00E-12;2.2326;964.43
ENVI;7;41;9.308;42;-141;139.845;13.1548;35.7403;-0.03;0.3553;1.00E-12;2.2278;967.45
ENVI;7;41;9.308;42;-142;140.836;13.1568;35.7417;-0.0237;0.3593;1.00E-12;2.2228;965.57
ENVI;7;41;9.308;42;-143;141.827;13.1597;35.743;-0.0169;0.3605;1.00E-12;2.2174;983.03
ENVI;7;41;9.308;42;-144;142.819;13.1626;35.7441;-0.0223;0.3582;1.00E-12;2.2114;1992.9
ENVI;7;41;9.308;42;-145;143.81;13.1681;35.7464;-0.0311;0.3917;1.00E-12;2.2054;1377.5
ENVI;7;41;9.308;42;-146;144.802;13.1754;35.749;-0.0323;0.399;1.00E-12;2.2005;945.04
ENVI;7;41;9.308;42;-147;145.793;13.1784;35.7502;-0.0319;0.4066;1.00E-12;2.1964;965.67
ENVI;7;41;9.308;42;-148;146.785;13.182;35.7515;-0.0281;0.4238;1.00E-12;2.1943;965.03
ENVI;7;41;9.308;42;-149;147.776;13.186;35.7532;-0.0476;0.4547;1.00E-12;2.192;966.24
ENVI;7;41;9.308;42;-150;148.767;13.1863;35.7534;-0.0574;0.4724;1.00E-12;2.1897;972.44
ENVI;7;41;9.308;42;-151;149.759;13.1863;35.7542;-0.0433;0.4769;1.00E-12;2.1882;985.1
ENVI;7;41;9.308;42;-152;150.75;13.1857;35.7559;-0.0394;0.463;1.00E-12;2.1839;974.21
ENVI;7;41;9.308;42;-153;151.742;13.1841;35.7577;-0.0537;0.4715;1.00E-12;2.1811;993.59
ENVI;7;41;9.308;42;-154;152.733;13.1675;35.7587;-0.053;0.5169;1.00E-12;2.1792;1274.7
ENVI;7;41;9.308;42;-155;153.724;13.1453;35.7588;-0.0557;0.5491;1.00E-12;2.1771;1085.1
ENVI;7;41;9.308;42;-156;154.716;13.125;35.758;-0.0621;0.5847;1.00E-12;2.1748;1023.5
ENVI;7;41;9.308;42;-157;155.707;13.1046;35.7563;-0.043;0.5591;1.00E-12;2.1722;1041.4
ENVI;7;41;9.308;42;-158;156.699;13.0917;35.7551;-0.0464;0.5598;1.00E-12;2.1687;968.45
ENVI;7;41;9.308;42;-159;157.69;13.0702;35.7545;-0.0679;0.569;1.00E-12;2.165;967.48
ENVI;7;41;9.308;42;-160;158.682;13.0679;35.7544;-0.045;0.5621;1.00E-12;2.162;994.54
ENVI;7;41;9.308;42;-161;159.673;13.0573;35.7519;-0.0395;0.5041;1.00E-12;2.1571;2295.8
ENVI;7;41;9.308;42;-162;160.664;12.8756;35.7374;-0.0516;0.5647;1.00E-12;2.1543;2329.4
ENVI;7;41;9.308;42;-163;161.656;12.6469;35.7253;0.0148;0.6698;1.00E-12;2.1504;2212.9
ENVI;7;41;9.308;42;-164;162.647;12.6409;35.7262;-0.0065;0.7823;1.00E-12;2.1441;1345.3
ENVI;7;41;9.308;42;-165;163.638;12.6148;35.7214;-0.0478;0.9398;1.00E-12;2.139;1108.1
ENVI;7;41;9.308;42;-166;164.63;12.5701;35.7181;-0.0392;0.9406;1.00E-12;2.1343;1927.6
ENVI;7;41;9.308;42;-167;165.621;12.5468;35.7165;-0.0473;0.9375;1.00E-12;2.1292;1884.5
ENVI;7;41;9.308;42;-168;166.613;12.5413;35.7149;-0.0608;0.9294;1.00E-12;2.1245;2131.2
ENVI;7;41;9.308;42;-169;167.603;12.5366;35.7133;-0.0448;0.9336;1.00E-12;2.1203;2312.6
ENVI;7;41;9.308;42;-170;168.595;12.5295;35.7126;-0.0386;0.9149;1.00E-12;2.1164;2332.8
ENVI;7;41;9.308;42;-171;169.586;12.5341;35.7108;-0.0378;0.7101;1.00E-12;2.1097;1962.8
ENVI;7;41;9.308;42;-172;170.578;12.5229;35.7094;-0.0221;0.7148;1.00E-12;2.1067;1120.7
ENVI;7;41;9.308;42;-173;171.569;12.4964;35.7076;-0.0326;0.9301;1.00E-12;2.106;1382.3
ENVI;7;41;9.308;42;-174;172.56;12.4813;35.7062;-0.0322;0.9867;1.00E-12;2.1051;983.74
ENVI;7;41;9.308;42;-175;173.551;12.483;35.7057;-0.0186;0.9844;1.00E-12;2.1034;954.39
ENVI;7;41;9.308;42;-176;174.543;12.4812;35.7054;-0.0475;0.9923;1.00E-12;2.1027;1.01E+03
ENVI;7;41;9.308;42;-177;175.534;12.4751;35.7042;-0.0628;1.0037;1.00E-12;2.1014;2.10E+03
ENVI;7;41;9.308;42;-178;176.526;12.4455;35.7023;-0.0586;1.0549;1.00E-12;2.1008;2.00E+03
ENVI;7;41;9.308;42;-179;177.517;12.4536;35.7027;-0.0537;0.9887;1.00E-12;2.0998;2.34E+03
ENVI;7;41;9.308;42;-180;178.508;12.4401;35.7008;-0.047;0.9219;1.00E-12;2.0994;1.51E+03
ENVI;7;41;9.308;42;-181;179.499;12.4128;35.6977;-0.0387;0.7976;1.00E-12;2.0985;9.52E+02
ENVI;7;41;9.308;42;-182;180.49;12.3796;35.6958;-0.0438;0.7833;1.00E-12;2.0969;9.87E+02
ENVI;7;41;9.308;42;-183;181.482;12.3549;35.6942;-0.0328;1.0033;1.00E-12;2.0963;9.78E+02
ENVI;7;41;9.308;42;-184;182.473;12.3343;35.6927;-0.0247;1.1485;1.00E-12;2.0952;9.51E+02
ENVI;7;41;9.308;42;-185;183.465;12.3319;35.692;-0.0332;1.193;1.00E-12;2.0941;9.50E+02
ENVI;7;41;9.308;42;-186;184.456;12.2986;35.6882;-0.0443;1.1935;1.00E-12;2.0936;9.52E+02
ENVI;7;41;9.308;42;-187;185.447;12.2749;35.6882;-0.0322;1.2344;1.00E-12;2.0926;9.55E+02
ENVI;7;41;9.308;42;-188;186.438;12.2556;35.6855;-0.0413;1.256;1.00E-12;2.0915;9.60E+02
ENVI;7;41;9.308;42;-189;187.43;12.2206;35.6828;-0.0451;1.2779;1.00E-12;2.0901;9.63E+02
ENVI;7;41;9.308;42;-190;188.42;12.1388;35.6787;-0.0451;1.4108;1.00E-12;2.0891;9.62E+02
ENVI;7;41;9.308;42;-191;189.412;12.1009;35.6767;-0.057;1.5654;1.00E-12;2.0868;9.65E+02
ENVI;7;41;9.308;42;-192;190.403;12.0901;35.6755;-0.0668;1.7073;1.00E-12;2.0844;9.67E+02
ENVI;7;41;9.308;42;-193;191.394;12.0957;35.6738;-0.0423;1.5213;1.00E-12;2.0815;9.62E+02
ENVI;7;41;9.308;42;-194;192.385;12.0886;35.6725;-0.0199;1.1877;1.00E-12;2.0783;9.48E+02
ENVI;7;41;9.308;42;-195;193.377;12.0719;35.6714;-0.0399;1.7143;1.00E-12;2.0773;9.45E+02
ENVI;7;41;9.308;42;-196;194.368;12.0682;35.6707;-0.0386;1.7703;1.00E-12;2.0759;9.45E+02
ENVI;7;41;9.308;42;-197;195.359;12.0676;35.67;-0.0366;1.648;1.00E-12;2.0744;9.49E+02
ENVI;7;41;9.308;42;-198;196.35;12.0653;35.6697;-0.0383;1.7106;1.00E-12;2.0741;9.59E+02
ENVI;7;41;9.308;42;-199;197.342;12.0635;35.6691;-0.0294;1.612;1.00E-12;2.0738;9.64E+02
ENVI;7;41;9.308;42;-200;198.333;12.0639;35.6692;-0.0323;1.7159;1.00E-12;2.0732;9.69E+02
ENVI;7;41;9.308;42;-201;199.324;12.06;35.6684;-0.0353;1.9382;1.00E-12;2.0728;9.77E+02
ENVI;7;5;9.408;42;-4;3.968;14.0076;35.763;1.2908;0.282;3.96E+02;2.4693;1.54E+03
ENVI;7;5;9.408;42;-5;4.961;14.0057;35.7641;1.3546;0.2948;4.04E+02;2.469;1.68E+03
ENVI;7;5;9.408;42;-6;5.953;14.0048;35.7641;1.3295;0.2975;3.41E+02;2.4674;1.66E+03
ENVI;7;5;9.408;42;-7;6.945;14.0048;35.7663;1.4414;0.3013;2.89E+02;2.4682;1.70E+03
ENVI;7;5;9.408;42;-8;7.937;14.005;35.7662;1.5661;0.2903;2.47E+02;2.4681;1.78E+03
ENVI;7;5;9.408;42;-9;8.929;14.0042;35.7664;1.5844;0.2866;2.30E+02;2.4675;1.76E+03
ENVI;7;5;9.408;42;-10;9.921;14.0044;35.7663;1.684;0.3012;1.81E+02;2.4664;1.65E+03
ENVI;7;5;9.408;42;-11;10.913;14.0045;35.7663;1.8133;0.2834;1.38E+02;2.4662;1.39E+03
ENVI;7;5;9.408;42;-12;11.905;14.0039;35.7663;1.8711;0.3065;1.25E+02;2.4652;1.30E+03
ENVI;7;5;9.408;42;-13;12.898;14.0039;35.7662;2.2444;0.327;1.18E+02;2.4645;1.26E+03
ENVI;7;5;9.408;42;-14;13.89;14.0043;35.7655;3.1371;0.3562;9.87E+01;2.4635;1.25E+03
ENVI;7;5;9.408;42;-15;14.882;14.0044;35.7648;2.3426;0.3001;7.47E+01;2.4639;1.21E+03
ENVI;7;5;9.408;42;-16;15.874;14.0043;35.7649;2.0606;0.2804;7.21E+01;2.4646;1.16E+03
ENVI;7;5;9.408;42;-17;16.866;14.0044;35.7645;2.1701;0.3048;6.51E+01;2.463;1.15E+03
ENVI;7;5;9.408;42;-18;17.858;14.0045;35.7645;2.1936;0.3176;5.82E+01;2.4621;1.15E+03
ENVI;7;5;9.408;42;-19;18.85;14.0042;35.766;2.1974;0.3018;4.77E+01;2.4622;1.16E+03
ENVI;7;5;9.408;42;-20;19.842;14.0048;35.7665;2.279;0.2857;4.28E+01;2.4619;1.17E+03
ENVI;7;5;9.408;42;-21;20.834;14.0042;35.7666;2.2001;0.3096;3.98E+01;2.4606;1.16E+03
ENVI;7;5;9.408;42;-22;21.826;14.0042;35.7664;2.3476;0.3014;3.57E+01;2.4596;1.16E+03
ENVI;7;5;9.408;42;-23;22.818;14.0044;35.7665;2.1497;0.3013;3.41E+01;2.4592;1.19E+03
ENVI;7;5;9.408;42;-24;23.81;14.0045;35.7666;2.2099;0.3053;3.34E+01;2.4592;1.27E+03
ENVI;7;5;9.408;42;-25;24.802;14.0042;35.7667;2.4373;0.3457;3.04E+01;2.4589;1.35E+03
ENVI;7;5;9.408;42;-26;25.794;14.0043;35.7668;2.3256;0.3619;2.70E+01;2.4588;1.38E+03
ENVI;7;5;9.408;42;-27;26.786;14.0048;35.7665;2.3112;0.3224;2.37E+01;2.4573;1.38E+03
ENVI;7;5;9.408;42;-28;27.778;14.0052;35.7666;2.4827;0.2801;2.09E+01;2.4582;1.33E+03
ENVI;7;5;9.408;42;-29;28.77;14.0055;35.7666;2.5203;0.3049;1.98E+01;2.4583;1.25E+03
ENVI;7;5;9.408;42;-30;29.762;14.0059;35.7665;2.0919;0.3137;1.81E+01;2.4579;1.18E+03
ENVI;7;5;9.408;42;-31;30.754;14.0061;35.7664;2.3881;0.3177;1.54E+01;2.4572;1.10E+03
ENVI;7;5;9.408;42;-32;31.746;14.0065;35.7664;2.3247;0.2954;1.42E+01;2.4568;1.05E+03
ENVI;7;5;9.408;42;-33;32.738;14.0063;35.7666;2.0969;0.3134;1.29E+01;2.4569;1.04E+03
ENVI;7;5;9.408;42;-34;33.73;14.0055;35.7666;2.072;0.3063;1.19E+01;2.4559;1.03E+03
ENVI;7;5;9.408;42;-35;34.722;14.0051;35.7666;2.3297;0.2832;1.10E+01;2.4549;1.01E+03
ENVI;7;5;9.408;42;-36;35.714;14.0052;35.7666;2.3135;0.2969;9.81E+00;2.4548;9.89E+02
ENVI;7;5;9.408;42;-37;36.706;14.0048;35.7671;2.4123;0.2886;9.28E+00;2.4541;9.71E+02
ENVI;7;5;9.408;42;-38;37.698;14.0063;35.7669;2.4635;0.2937;8.37E+00;2.4541;9.68E+02
ENVI;7;5;9.408;42;-39;38.69;14.0066;35.7664;2.3456;0.3024;7.60E+00;2.4531;9.60E+02
ENVI;7;5;9.408;42;-40;39.682;14.0063;35.7669;2.1834;0.297;6.96E+00;2.453;9.52E+02
ENVI;7;5;9.408;42;-41;40.674;14.0054;35.7674;2.1112;0.3048;6.52E+00;2.4531;9.50E+02
ENVI;7;5;9.408;42;-42;41.666;14.0055;35.7679;2.23;0.3166;5.98E+00;2.4527;9.48E+02
ENVI;7;5;9.408;42;-43;42.658;14.0057;35.7673;2.3203;0.331;5.42E+00;2.452;9.46E+02
ENVI;7;5;9.408;42;-44;43.65;14.0057;35.767;2.273;0.3119;4.86E+00;2.4509;9.35E+02
ENVI;7;5;9.408;42;-45;44.642;14.0047;35.768;2.0841;0.3038;4.43E+00;2.4512;9.32E+02
ENVI;7;5;9.408;42;-46;45.634;14.0037;35.7682;2.0196;0.3061;4.19E+00;2.45;9.32E+02
ENVI;7;5;9.408;42;-47;46.625;14.0054;35.7678;2.0272;0.2986;3.94E+00;2.4496;9.32E+02
ENVI;7;5;9.408;42;-48;47.617;14.0064;35.7672;2.1353;0.3228;3.53E+00;2.4491;9.30E+02
ENVI;7;5;9.408;42;-49;48.609;14.0052;35.7678;2.462;0.2926;3.07E+00;2.4491;9.22E+02
ENVI;7;5;9.408;42;-50;49.601;14.0054;35.7678;2.1332;0.3024;2.89E+00;2.4485;9.15E+02
ENVI;7;5;9.408;42;-51;50.593;14.004;35.7686;2.2723;0.3027;2.71E+00;2.4475;9.13E+02
ENVI;7;5;9.408;42;-52;51.585;14.0045;35.7689;2.1586;0.3388;2.49E+00;2.4476;9.12E+02
ENVI;7;5;9.408;42;-53;52.577;14.0042;35.7688;2.1755;0.3025;2.21E+00;2.447;9.11E+02
ENVI;7;5;9.408;42;-54;53.569;14.0037;35.7688;2.0723;0.2898;1.98E+00;2.4458;9.05E+02
ENVI;7;5;9.408;42;-55;54.561;14.002;35.7694;2.0498;0.323;1.80E+00;2.4456;9.02E+02
ENVI;7;5;9.408;42;-56;55.552;14.0016;35.7695;3.5717;0.3285;1.64E+00;2.4446;8.99E+02
ENVI;7;5;9.408;42;-57;56.544;14.0029;35.7703;1.9277;0.2866;1.50E+00;2.4435;8.93E+02
ENVI;7;5;9.408;42;-58;57.536;14.0035;35.7707;2.0217;0.3219;1.39E+00;2.4424;8.95E+02
ENVI;7;5;9.408;42;-59;58.528;13.9998;35.7718;1.8417;0.3135;1.27E+00;2.4421;8.96E+02
ENVI;7;5;9.408;42;-60;59.52;13.9997;35.7719;2.0237;0.313;1.16E+00;2.4419;8.94E+02
ENVI;7;5;9.408;42;-61;60.512;14.0008;35.7714;2.1387;0.3099;1.05E+00;2.4402;8.90E+02
ENVI;7;5;9.408;42;-62;61.504;14;35.7719;2.0448;0.2925;9.46E-01;2.4398;8.85E+02
ENVI;7;5;9.408;42;-63;62.495;14.0005;35.7715;2.1767;0.3405;8.70E-01;2.4396;8.83E+02
ENVI;7;5;9.408;42;-64;63.487;13.9983;35.7722;2.2097;0.3068;8.00E-01;2.4387;8.84E+02
ENVI;7;5;9.408;42;-65;64.479;13.9949;35.7723;1.9545;0.2961;7.30E-01;2.4372;8.84E+02
ENVI;7;5;9.408;42;-66;65.471;13.9787;35.7689;1.7334;0.2679;6.77E-01;2.4338;8.86E+02
ENVI;7;5;9.408;42;-67;66.463;13.9513;35.766;1.6472;0.2834;6.22E-01;2.4324;8.88E+02
ENVI;7;5;9.408;42;-68;67.455;13.9474;35.7652;1.3731;0.2684;5.75E-01;2.4252;8.88E+02
ENVI;7;5;9.408;42;-69;68.447;13.9417;35.7642;1.2524;0.2802;5.34E-01;2.4095;9.01E+02
ENVI;7;5;9.408;42;-70;69.438;13.9414;35.7643;1.192;0.2674;5.24E-01;2.4075;9.32E+02
ENVI;7;5;9.408;42;-71;70.43;13.9422;35.7645;1.2515;0.2747;4.98E-01;2.4056;9.61E+02
ENVI;7;5;9.408;42;-72;71.422;13.9426;35.7645;1.2446;0.2775;4.79E-01;2.4037;1.00E+03
ENVI;7;5;9.408;42;-73;72.414;13.9406;35.764;1.1417;0.2603;4.79E-01;2.4023;1.21E+03
ENVI;7;5;9.408;42;-74;73.405;13.9358;35.7636;1.2659;0.2598;4.61E-01;2.4024;1.48E+03
ENVI;7;5;9.408;42;-75;74.397;13.9274;35.7625;1.1641;0.25;4.03E-01;2.401;1.52E+03
ENVI;7;5;9.408;42;-76;75.389;13.921;35.7621;1.0793;0.2472;3.43E-01;2.3976;1.22E+03
ENVI;7;5;9.408;42;-77;76.381;13.9056;35.7616;1.0855;0.2492;3.14E-01;2.3963;1.02E+03
ENVI;7;5;9.408;42;-78;77.373;13.8888;35.761;0.9153;0.2357;2.93E-01;2.3936;9.80E+02
ENVI;7;5;9.408;42;-79;78.364;13.8633;35.7591;0.7515;0.2407;2.77E-01;2.3905;9.69E+02
ENVI;7;5;9.408;42;-80;79.356;13.8552;35.7578;0.5484;0.2233;2.50E-01;2.3791;9.56E+02
ENVI;7;5;9.408;42;-81;80.348;13.8334;35.7548;0.7777;0.2225;2.37E-01;2.3731;9.54E+02
ENVI;7;5;9.408;42;-82;81.34;13.8261;35.7536;0.544;0.2333;2.21E-01;2.3708;9.65E+02
ENVI;7;5;9.408;42;-83;82.331;13.819;35.7523;0.481;0.2244;2.14E-01;2.3681;9.94E+02
ENVI;7;5;9.408;42;-84;83.323;13.8165;35.7517;0.4828;0.2316;2.04E-01;2.3668;1.02E+03
ENVI;7;5;9.408;42;-85;84.315;13.8093;35.7506;0.3923;0.2229;1.98E-01;2.3661;1.04E+03
ENVI;7;5;9.408;42;-86;85.307;13.8043;35.7502;0.4029;0.2201;1.90E-01;2.3649;1.04E+03
ENVI;7;5;9.408;42;-87;86.298;13.8001;35.7493;0.4155;0.2072;1.82E-01;2.3641;1.09E+03
ENVI;7;5;9.408;42;-88;87.29;13.7832;35.7473;0.4343;0.2063;1.77E-01;2.3635;1.14E+03
ENVI;7;5;9.408;42;-89;88.282;13.7795;35.7467;0.3953;0.2228;1.62E-01;2.363;1.12E+03
ENVI;7;5;9.408;42;-90;89.273;13.7703;35.7451;0.427;0.2463;1.50E-01;2.3627;1.10E+03
ENVI;7;5;9.408;42;-91;90.265;13.757;35.7428;0.3782;0.2206;1.37E-01;2.3631;1.12E+03
ENVI;7;5;9.408;42;-92;91.257;13.7551;35.7423;0.3764;0.2066;1.22E-01;2.3654;1.15E+03
ENVI;7;5;9.408;42;-93;92.249;13.7446;35.7404;0.4558;0.2211;1.12E-01;2.3653;1.12E+03
ENVI;7;5;9.408;42;-94;93.24;13.7261;35.7373;0.3336;0.2183;1.00E-01;2.3651;1.06E+03
ENVI;7;5;9.408;42;-95;94.232;13.7191;35.7365;0.3716;0.2168;9.14E-02;2.3661;1.02E+03
ENVI;7;5;9.408;42;-96;95.224;13.7176;35.7366;0.3447;0.2153;8.25E-02;2.367;9.95E+02
ENVI;7;5;9.408;42;-97;96.215;13.7168;35.7363;0.3672;0.211;7.21E-02;2.3687;9.67E+02
ENVI;7;5;9.408;42;-98;97.207;13.717;35.7371;0.3632;0.2029;6.67E-02;2.3694;9.49E+02
ENVI;7;5;9.408;42;-99;98.199;13.7185;35.7375;0.3947;0.2203;5.99E-02;2.3691;9.43E+02
ENVI;7;5;9.408;42;-100;99.19;13.7224;35.7384;0.3865;0.2112;5.33E-02;2.3676;9.44E+02
ENVI;7;5;9.408;42;-101;100.182;13.7269;35.7408;0.3647;0.2196;5.00E-02;2.3665;9.43E+02
ENVI;7;5;9.408;42;-102;101.174;13.7222;35.7401;0.3839;0.2182;4.87E-02;2.3664;9.46E+02
ENVI;7;5;9.408;42;-103;102.165;13.7186;35.7399;0.4227;0.2249;4.26E-02;2.3645;9.47E+02
ENVI;7;5;9.408;42;-104;103.157;13.7107;35.7394;0.3773;0.2162;3.84E-02;2.363;9.47E+02
ENVI;7;5;9.408;42;-105;104.148;13.7023;35.7384;0.3521;0.2032;3.25E-02;2.3623;9.54E+02
ENVI;7;5;9.408;42;-106;105.14;13.6971;35.7394;0.3461;0.2099;2.95E-02;2.362;9.52E+02
ENVI;7;5;9.408;42;-107;106.132;13.6964;35.7404;0.3576;0.2225;2.55E-02;2.3617;9.52E+02
ENVI;7;5;9.408;42;-108;107.124;13.6965;35.7411;0.3497;0.2178;2.23E-02;2.3617;9.54E+02
ENVI;7;5;9.408;42;-109;108.115;13.6969;35.7416;0.3462;0.2176;1.90E-02;2.3602;9.62E+02
ENVI;7;5;9.408;42;-110;109.107;13.6972;35.7419;0.3519;0.2091;1.60E-02;2.3577;9.71E+02
ENVI;7;5;9.408;42;-111;110.099;13.6976;35.7423;0.3693;0.2271;1.52E-02;2.3573;9.73E+02
ENVI;7;5;9.408;42;-112;111.09;13.6981;35.7425;0.3555;0.228;7.26E-03;2.3565;9.74E+02
ENVI;7;5;9.408;42;-113;112.081;13.6995;35.7436;0.349;0.2292;7.36E-03;2.3556;9.74E+02
ENVI;7;5;9.408;42;-114;113.073;13.7008;35.7442;0.3342;0.2335;3.06E-03;2.3545;9.72E+02
ENVI;7;5;9.408;42;-115;114.065;13.7006;35.7442;0.3496;0.2139;2.14E-03;2.3522;9.73E+02
ENVI;7;5;9.408;42;-116;115.056;13.7004;35.7456;0.3201;0.2184;1.53E-03;2.3511;9.78E+02
ENVI;7;5;9.408;42;-117;116.048;13.7007;35.7512;0.3503;0.229;9.79E-05;2.3499;9.82E+02
ENVI;7;5;9.408;42;-118;117.039;13.6887;35.7514;0.3727;0.2106;-2.86E-06;2.3489;9.86E+02
ENVI;7;5;9.408;42;-119;118.031;13.6893;35.752;0.3105;0.2114;1.00E-12;2.3467;9.89E+02
ENVI;7;5;9.408;42;-120;119.023;13.6945;35.753;0.333;0.2459;1.00E-12;2.344;9.92E+02
ENVI;7;5;9.408;42;-121;120.014;13.6917;35.7524;0.3091;0.2097;1.00E-12;2.3413;9.97E+02
ENVI;7;5;9.408;42;-122;121.006;13.693;35.7525;0.2995;0.2189;1.00E-12;2.3388;1.00E+03
ENVI;7;5;9.408;42;-123;121.997;13.6887;35.7511;0.3454;0.2215;1.00E-12;2.3366;1.01E+03
ENVI;7;5;9.408;42;-124;122.989;13.6809;35.7493;0.3118;0.2155;1.00E-12;2.3352;1.01E+03
ENVI;7;5;9.408;42;-125;123.981;13.6784;35.7489;0.309;0.215;1.00E-12;2.3349;1.01E+03
ENVI;7;5;9.408;42;-126;124.972;13.6779;35.7489;0.3189;0.2258;1.00E-12;2.3345;1.02E+03
ENVI;7;5;9.408;42;-127;125.964;13.6773;35.7491;0.2979;0.2272;1.00E-12;2.3346;1.02E+03
ENVI;7;5;9.408;42;-128;126.955;13.6775;35.7492;0.2974;0.2256;1.00E-12;2.3342;1.02E+03
ENVI;7;5;9.408;42;-129;127.946;13.6777;35.7492;0.3214;0.2214;1.00E-12;2.3333;1.02E+03
ENVI;7;5;9.408;42;-130;128.938;13.6779;35.7493;0.3094;0.2217;1.00E-12;2.3328;1.02E+03
ENVI;7;5;9.408;42;-131;129.93;13.6781;35.749;0.3079;0.2215;1.00E-12;2.3323;1.01E+03
ENVI;7;5;9.408;42;-132;130.921;13.6783;35.7489;0.3257;0.2214;1.00E-12;2.3327;1.02E+03
ENVI;7;5;9.408;42;-133;131.913;13.6793;35.7491;0.3663;0.2217;1.00E-12;2.3326;1.03E+03
ENVI;7;5;9.408;42;-134;132.904;13.6811;35.7499;0.3185;0.2167;1.00E-12;2.3324;1.03E+03
ENVI;7;5;9.408;42;-135;133.896;13.6802;35.7501;0.3011;0.2175;1.00E-12;2.3319;1.03E+03
ENVI;7;5;9.408;42;-136;134.887;13.6805;35.7503;0.3068;0.2211;1.00E-12;2.3316;1.03E+03
ENVI;7;5;9.408;42;-137;135.879;13.6807;35.7504;0.2985;0.2051;1.00E-12;2.3309;1.03E+03
ENVI;7;5;9.408;42;-138;136.87;13.6815;35.7505;0.2786;0.2108;1.00E-12;2.3299;1.05E+03
ENVI;7;5;9.408;42;-139;137.862;13.6829;35.7508;0.2478;0.203;1.00E-12;2.3289;1.07E+03
ENVI;7;5;9.408;42;-140;138.853;13.684;35.7544;0.2473;0.1996;1.00E-12;2.3296;1.08E+03
ENVI;7;5;9.408;42;-141;139.845;13.6793;35.7562;0.2605;0.2044;1.00E-12;2.3291;1.08E+03
ENVI;7;5;9.408;42;-142;140.836;13.6715;35.7573;0.2602;0.2282;1.00E-12;2.3279;1.10E+03
ENVI;7;5;9.408;42;-143;141.827;13.6488;35.7601;0.2215;0.2208;1.00E-12;2.3257;1.11E+03
ENVI;7;5;9.408;42;-144;142.819;13.648;35.7596;0.1885;0.2149;1.00E-12;2.3229;1.12E+03
ENVI;7;5;9.408;42;-145;143.81;13.6264;35.7572;0.1986;0.2274;1.00E-12;2.3197;1.13E+03
ENVI;7;5;9.408;42;-146;144.802;13.5975;35.7554;0.1778;0.2169;1.00E-12;2.3163;1.14E+03
ENVI;7;5;9.408;42;-147;145.793;13.5933;35.754;0.1631;0.1942;1.00E-12;2.3079;1.17E+03
ENVI;7;5;9.408;42;-148;146.785;13.5678;35.7534;0.1852;0.1885;1.00E-12;2.3029;1.21E+03
ENVI;7;5;9.408;42;-149;147.776;13.5603;35.7528;0.2261;0.1986;1.00E-12;2.3027;1.23E+03
ENVI;7;5;9.408;42;-150;148.768;13.5523;35.7522;0.2414;0.2076;1.00E-12;2.3014;1.25E+03
ENVI;7;5;9.408;42;-151;149.759;13.5462;35.7518;0.164;0.252;1.00E-12;2.2994;1.29E+03
ENVI;7;5;9.408;42;-152;150.75;13.5292;35.7499;0.1633;0.2354;1.00E-12;2.2973;1.34E+03
ENVI;7;5;9.408;42;-153;151.742;13.516;35.748;0.1625;0.222;1.00E-12;2.2945;1.41E+03
ENVI;7;5;9.408;42;-154;152.733;13.5094;35.7473;0.1514;0.233;1.00E-12;2.2919;1.51E+03
ENVI;7;5;9.408;42;-155;153.725;13.5008;35.7463;0.1395;0.2218;1.00E-12;2.2903;1.61E+03
ENVI;7;5;9.408;42;-156;154.716;13.459;35.7418;0.1262;0.2092;1.00E-12;2.2887;1.71E+03
ENVI;7;5;9.408;42;-157;155.707;13.4227;35.742;0.1068;0.214;1.00E-12;2.2866;1.82E+03
ENVI;7;5;9.408;42;-158;156.699;13.4087;35.7421;0.1132;0.2218;1.00E-12;2.2796;1.93E+03
ENVI;7;5;9.408;42;-159;157.69;13.3904;35.7419;0.1047;0.2211;1.00E-12;2.2711;1.98E+03
ENVI;7;5;9.408;42;-160;158.681;13.3655;35.7427;0.1015;0.2271;1.00E-12;2.268;2.13E+03
ENVI;7;5;9.408;42;-161;159.673;13.3612;35.7425;0.1;0.2219;1.00E-12;2.2653;2.21E+03
ENVI;7;5;9.408;42;-162;160.664;13.3458;35.7414;0.0754;0.2412;1.00E-12;2.2628;2.28E+03
ENVI;7;5;9.408;42;-163;161.655;13.3149;35.741;0.0777;0.2341;1.00E-12;2.2598;2.31E+03
ENVI;7;5;9.408;42;-164;162.647;13.283;35.7393;0.077;0.2271;1.00E-12;2.2564;2.33E+03
ENVI;7;5;9.408;42;-165;163.638;13.2464;35.7377;0.0456;0.2272;1.00E-12;2.2533;2.37E+03
ENVI;7;5;9.408;42;-166;164.63;13.2069;35.734;0.05;0.2232;1.00E-12;2.248;2.38E+03
ENVI;7;5;9.408;42;-167;165.621;13.1616;35.732;0.0387;0.2334;1.00E-12;2.241;2.37E+03
ENVI;7;5;9.408;42;-168;166.612;13.1291;35.7298;0.0229;0.2398;1.00E-12;2.2346;2.38E+03
ENVI;7;5;9.408;42;-169;167.604;13.1077;35.7296;0.0152;0.2419;1.00E-12;2.2297;2.42E+03
ENVI;7;5;9.408;42;-170;168.595;13.1034;35.7289;0.0036;0.2548;1.00E-12;2.2241;2.45E+03
ENVI;7;5;9.408;42;-171;169.587;13.1121;35.7286;-0.0159;0.2648;1.00E-12;2.2157;2.46E+03
ENVI;7;5;9.408;42;-172;170.578;13.0984;35.7276;-0.0162;0.2511;1.00E-12;2.2101;2.50E+03
ENVI;7;5;9.408;42;-173;171.569;13.0962;35.7274;-0.012;0.2405;1.00E-12;2.2089;2.51E+03
ENVI;7;5;9.408;42;-174;172.56;13.0923;35.7273;0.0202;0.2518;1.00E-12;2.2073;2.53E+03
ENVI;7;5;9.408;42;-175;173.552;13.0899;35.7272;0.0046;0.2564;1.00E-12;2.2051;2.47E+03
ENVI;7;5;9.408;42;-176;174.543;13.0795;35.7272;0.0138;0.2578;1.00E-12;2.203;2.17E+03
ENVI;7;5;9.408;42;-177;175.534;13.0698;35.7272;0.0058;0.2584;1.00E-12;2.2019;2.27E+03
ENVI;7;5;9.408;42;-178;176.526;13.0621;35.7273;-0.0046;0.2632;1.00E-12;2.201;2.31E+03
ENVI;7;5;9.408;42;-179;177.517;13.0555;35.7272;-0.0393;0.2895;1.00E-12;2.2001;2.38E+03
ENVI;7;5;9.408;42;-180;178.508;13.0479;35.7273;-0.0418;0.2738;1.00E-12;2.1982;2.45E+03
ENVI;7;5;9.408;42;-181;179.499;13.0434;35.7271;-0.0436;0.2693;1.00E-12;2.196;2.48E+03
ENVI;7;5;9.408;42;-182;180.49;13.0411;35.7268;-0.0334;0.2725;1.00E-12;2.1939;2.52E+03
ENVI;7;5;9.408;42;-183;181.482;13.0377;35.7267;-0.0314;0.2668;1.00E-12;2.1922;2.41E+03
ENVI;7;5;9.408;42;-184;182.473;13.0338;35.7266;-0.0383;0.268;1.00E-12;2.1894;2.08E+03
ENVI;7;5;9.408;42;-185;183.464;13.0311;35.7263;-0.0409;0.2703;1.00E-12;2.1879;1.98E+03
ENVI;7;5;9.408;42;-186;184.456;13.0253;35.7259;-0.0434;0.2603;1.00E-12;2.1872;1.97E+03
ENVI;7;5;9.408;42;-187;185.447;13.0021;35.7266;-0.0284;0.2748;1.00E-12;2.1861;1.92E+03
ENVI;7;5;9.408;42;-188;186.438;12.9878;35.7267;-0.0485;0.2957;1.00E-12;2.1852;1.76E+03
ENVI;7;5;9.408;42;-189;187.429;12.9723;35.727;-0.0378;0.2673;1.00E-12;2.1832;1.69E+03
ENVI;7;5;9.408;42;-190;188.421;12.9644;35.7271;-0.0444;0.2781;1.00E-12;2.1807;1.74E+03
ENVI;7;5;9.408;42;-191;189.412;12.9619;35.7271;-0.0466;0.2805;1.00E-12;2.1788;1.66E+03
ENVI;7;5;9.408;42;-192;190.403;12.944;35.727;-0.0466;0.264;1.00E-12;2.1765;1.49E+03
ENVI;7;5;9.408;42;-193;191.394;12.9074;35.7269;-0.0475;0.2576;1.00E-12;2.1743;1.36E+03
ENVI;7;5;9.408;42;-194;192.386;12.8542;35.7276;-0.0548;0.2413;1.00E-12;2.1701;1.32E+03
ENVI;7;5;9.408;42;-195;193.377;12.8349;35.7271;-0.064;0.2391;1.00E-12;2.1642;1.29E+03
ENVI;7;5;9.408;42;-196;194.368;12.8262;35.7267;-0.069;0.2398;1.00E-12;2.1599;1.26E+03
ENVI;7;5;9.408;42;-197;195.359;12.8219;35.7271;-0.0701;0.2456;1.00E-12;2.1561;1.25E+03
ENVI;7;5;9.408;42;-198;196.35;12.8212;35.7268;-0.08;0.2503;1.00E-12;2.1529;1.24E+03
ENVI;7;5;9.408;42;-199;197.341;12.8198;35.7267;-0.0823;0.2521;1.00E-12;2.1501;1.24E+03
ENVI;7;5;9.408;42;-200;198.333;12.8154;35.7263;-0.0856;0.2454;1.00E-12;2.1483;1.22E+03
ENVI;7;5;9.408;42;-201;199.324;12.8146;35.7262;-0.0854;0.2468;1.00E-12;2.1471;1.16E+03
ENVI;7;5;9.408;42;-202;200.315;12.8148;35.7262;-0.0839;0.2577;1.00E-12;2.1462;1.11E+03
ENVI;7;5;9.408;42;-203;201.306;12.8149;35.7261;-0.0863;0.2578;1.00E-12;2.1448;1.09E+03
ENVI;7;5;9.408;42;-204;202.298;12.8141;35.726;-0.0855;0.2582;1.00E-12;2.1437;1.07E+03
ENVI;7;5;9.408;42;-205;203.289;12.8084;35.7259;-0.0627;0.2762;1.00E-12;2.1426;1.05E+03
ENVI;7;5;9.408;42;-206;204.28;12.803;35.7258;-0.0767;0.2538;1.00E-12;2.1411;1.03E+03
ENVI;7;5;9.408;42;-207;205.271;12.8024;35.7257;-0.0688;0.237;1.00E-12;2.1408;1.01E+03
ENVI;7;5;9.408;42;-208;206.262;12.8012;35.7258;-0.0593;0.2522;1.00E-12;2.1402;1.00E+03
ENVI;7;5;9.408;42;-209;207.253;12.799;35.7257;-0.0723;0.2579;1.00E-12;2.1397;9.95E+02
ENVI;7;5;9.408;42;-210;208.245;12.796;35.7256;-0.0797;0.2581;1.00E-12;2.1388;9.88E+02
ENVI;7;5;9.408;42;-211;209.236;12.7929;35.7253;-0.0834;0.2519;1.00E-12;2.1375;9.77E+02
ENVI;7;5;9.408;42;-212;210.227;12.7886;35.7251;-0.0841;0.2358;1.00E-12;2.1368;9.67E+02
ENVI;7;5;9.408;42;-213;211.218;12.777;35.7242;-0.0828;0.2522;1.00E-12;2.1366;9.61E+02
ENVI;7;5;9.408;42;-214;212.209;12.7619;35.724;-0.0817;0.2578;1.00E-12;2.1362;9.58E+02
ENVI;7;5;9.408;42;-215;213.2;12.7529;35.7237;-0.0732;0.297;1.00E-12;2.1353;9.55E+02
ENVI;7;5;9.408;42;-216;214.191;12.7456;35.7233;-0.0805;0.2682;1.00E-12;2.1339;9.52E+02
ENVI;7;5;9.408;42;-217;215.182;12.7336;35.7227;-0.0778;0.2498;1.00E-12;2.1325;9.47E+02
ENVI;7;5;9.408;42;-218;216.173;12.7235;35.7227;-0.072;0.2517;1.00E-12;2.131;9.43E+02
ENVI;7;5;9.408;42;-219;217.164;12.7141;35.7223;-0.0842;0.282;1.00E-12;2.1295;941.36
ENVI;7;5;9.408;42;-220;218.156;12.6991;35.7216;-0.0747;0.2554;1.00E-12;2.1278;939.32
ENVI;7;5;9.408;42;-221;219.147;12.6536;35.7194;-0.0787;0.2566;1.00E-12;2.1262;935.87
ENVI;7;5;9.408;42;-222;220.137;12.6264;35.7181;-0.0831;0.2639;1.00E-12;2.1231;929.38
ENVI;7;5;9.408;42;-223;221.128;12.5919;35.7164;-0.0813;0.2557;1.00E-12;2.1189;917.88
ENVI;7;5;9.408;42;-224;222.12;12.5642;35.7141;-0.0834;0.3;1.00E-12;2.1169;915.07
ENVI;7;5;9.408;42;-225;223.111;12.543;35.7124;-0.0831;0.2797;1.00E-12;2.1147;915
ENVI;7;5;9.408;42;-226;224.102;12.4479;35.7082;-0.0856;0.2775;1.00E-12;2.112;913.14
ENVI;7;5;9.408;42;-227;225.093;12.4074;35.7083;-0.0823;0.2953;1.00E-12;2.1092;911.4
ENVI;7;5;9.408;42;-228;226.084;12.4;35.7071;-0.0846;0.3124;1.00E-12;2.106;908.49
ENVI;7;5;9.408;42;-229;227.075;12.3965;35.7061;-0.0841;0.3187;1.00E-12;2.1025;906.86
ENVI;7;5;9.408;42;-230;228.066;12.3942;35.7056;-0.085;0.3144;1.00E-12;2.0983;904.57
ENVI;7;5;9.408;42;-231;229.057;12.396;35.7053;-0.0838;0.3263;1.00E-12;2.0952;902.99
ENVI;7;5;9.408;42;-232;230.048;12.3955;35.7052;-0.083;0.3227;1.00E-12;2.0934;901.38
ENVI;7;5;9.408;42;-233;231.039;12.4027;35.7048;-0.0759;0.3136;1.00E-12;2.0909;897.77
ENVI;7;5;9.408;42;-234;232.03;12.4033;35.7042;-0.0781;0.3116;1.00E-12;2.0881;890.59
ENVI;7;5;9.408;42;-235;233.021;12.3946;35.7041;-0.0764;0.3364;1.00E-12;2.0879;886.39
ENVI;7;5;9.408;42;-236;234.012;12.3893;35.7034;-0.0823;0.3644;1.00E-12;2.0875;882.67
ENVI;7;5;9.408;42;-237;235.003;12.3712;35.7031;-0.0739;0.3405;1.00E-12;2.0866;878.38
ENVI;7;5;9.408;42;-238;235.994;12.3348;35.7019;-0.0834;0.3368;1.00E-12;2.0846;871.42
ENVI;7;5;9.408;42;-239;236.985;12.291;35.6984;-0.0643;0.3453;1.00E-12;2.0828;868.8
ENVI;7;5;9.408;42;-240;237.976;12.1815;35.6979;-0.0737;0.3681;1.00E-12;2.0805;867.84
ENVI;7;5;9.408;42;-241;238.967;12.1517;35.6967;-0.0837;0.3868;1.00E-12;2.0772;867.48
ENVI;7;5;9.408;42;-242;239.958;12.1222;35.6946;-0.0817;0.4352;1.00E-12;2.0735;866.23
ENVI;7;5;9.408;42;-243;240.949;12.0863;35.6937;-0.0929;0.4352;1.00E-12;2.0689;864.48
ENVI;7;5;9.408;42;-244;241.94;12.0716;35.6928;-0.1067;0.4351;1.00E-12;2.0641;862.63
ENVI;7;5;9.408;42;-245;242.931;12.0638;35.692;-0.085;0.4412;1.00E-12;2.0596;861.12
ENVI;7;5;9.408;42;-246;243.922;12.0636;35.6914;-0.0832;0.4367;1.00E-12;2.0553;859.58
ENVI;7;5;9.408;42;-247;244.913;12.0609;35.6903;-0.09;0.4387;1.00E-12;2.0489;856.28
ENVI;7;5;9.408;42;-248;245.904;12.0612;35.6895;-0.0824;0.4307;1.00E-12;2.0439;849.97
ENVI;7;5;9.408;42;-249;246.895;12.0471;35.6887;-0.0843;0.4362;1.00E-12;2.0422;844.41
ENVI;7;5;9.408;42;-250;247.886;12.0398;35.688;-0.0855;0.451;1.00E-12;2.0397;837.98
ENVI;7;5;9.408;42;-251;248.877;12.0325;35.6873;-0.0821;0.4282;1.00E-12;2.0385;836.29
ENVI;7;5;9.408;42;-252;249.868;12.008;35.6864;-0.0722;0.4348;1.00E-12;2.0372;834.69
ENVI;7;5;9.408;42;-253;250.859;12.0044;35.6859;-0.0794;0.4786;1.00E-12;2.0363;833.92
ENVI;7;5;9.408;42;-254;251.85;11.9965;35.6851;-0.0825;0.4976;1.00E-12;2.035;833.67
ENVI;7;5;9.408;42;-255;252.841;11.9926;35.6851;-0.0853;0.4168;1.00E-12;2.0339;832.97
ENVI;7;5;9.408;42;-256;253.832;11.9912;35.6846;-0.0971;0.4223;1.00E-12;2.0328;832.03
ENVI;7;5;9.408;42;-257;254.822;11.9883;35.6843;-0.1063;0.4237;1.00E-12;2.032;831.32
ENVI;7;5;9.408;42;-258;255.813;11.9849;35.6839;-0.0863;0.4;1.00E-12;2.0308;829.48
ENVI;7;5;9.408;42;-259;256.804;11.9853;35.6835;-0.0837;0.3496;1.00E-12;2.03;825.2
ENVI;7;5;9.408;42;-260;257.795;11.9849;35.6832;-0.0829;0.3729;1.00E-12;2.0297;815.58
ENVI;7;5;9.408;42;-261;258.786;11.9836;35.6829;-0.0825;0.4228;1.00E-12;2.0293;809.39
ENVI;7;5;9.408;42;-262;259.777;11.9773;35.6823;-0.0837;0.4235;1.00E-12;2.0288;806.32
ENVI;7;51;9.507;42;-5;4.961;13.6006;35.4223;2.651;0.3473;116.3;2.1093;482.77
ENVI;7;51;9.507;42;-6;5.953;14.043;35.6427;2.7437;0.3145;92.809;2.4001;474.27
ENVI;7;51;9.507;42;-7;6.945;13.9872;35.7544;2.9372;0.3401;83.762;2.4861;474.4
ENVI;7;51;9.507;42;-8;7.937;13.9923;35.7626;2.6311;0.3247;73.103;2.493;477.45
ENVI;7;51;9.507;42;-9;8.929;13.9925;35.7629;2.6813;0.3235;65.08;2.4919;477.98
ENVI;7;51;9.507;42;-10;9.921;13.9927;35.7633;2.6275;0.3191;57.57;2.4914;475
ENVI;7;51;9.507;42;-11;10.913;13.9934;35.7644;2.7776;0.3322;49.918;2.4904;480.12
ENVI;7;51;9.507;42;-12;11.905;13.9931;35.7623;2.7327;0.3303;41.945;2.4888;481.67
ENVI;7;51;9.507;42;-13;12.897;13.992;35.76;2.742;0.3217;39.115;2.4899;480.3
ENVI;7;51;9.507;42;-14;13.89;13.9927;35.7609;2.9871;0.337;34.441;2.4904;482.11
ENVI;7;51;9.507;42;-15;14.882;13.9938;35.763;2.986;0.34;29.464;2.4908;483.75
ENVI;7;51;9.507;42;-16;15.874;13.9944;35.7651;2.934;0.3279;26.237;2.4896;483.06
ENVI;7;51;9.507;42;-17;16.866;13.9949;35.7646;2.9726;0.3271;23.57;2.4881;483.07
ENVI;7;51;9.507;42;-18;17.858;13.995;35.7647;2.8305;0.3558;21.353;2.489;485.83
ENVI;7;51;9.507;42;-19;18.85;13.9952;35.7654;2.8805;0.3247;19.111;2.49;488.39
ENVI;7;51;9.507;42;-20;19.842;13.993;35.7714;2.7837;0.314;18.061;2.4886;486.77
ENVI;7;51;9.507;42;-21;20.834;13.9926;35.7717;2.748;0.338;16.045;2.4871;486.62
ENVI;7;51;9.507;42;-22;21.826;13.9934;35.7713;2.7385;0.3316;14.195;2.4816;486.31
ENVI;7;51;9.507;42;-23;22.818;13.9951;35.7708;2.7233;0.3195;13.368;2.4786;486.61
ENVI;7;51;9.507;42;-24;23.81;13.9958;35.7695;2.594;0.3258;11.784;2.4775;488.68
ENVI;7;51;9.507;42;-25;24.802;13.9958;35.7703;2.5134;0.3088;10.72;2.4757;487.09
ENVI;7;51;9.507;42;-26;25.794;13.9963;35.7698;2.6181;0.3506;10.188;2.4746;484.86
ENVI;7;51;9.507;42;-27;26.786;13.9964;35.7698;2.6771;0.346;9.1124;2.4747;487.78
ENVI;7;51;9.507;42;-28;27.778;13.9964;35.7694;2.6124;0.3172;8.3125;2.4743;489.89
ENVI;7;51;9.507;42;-29;28.77;13.9968;35.7705;2.6152;0.3284;7.645;2.4749;485.31
ENVI;7;51;9.507;42;-30;29.762;13.9967;35.7695;2.6628;0.3313;6.8199;2.474;489.02
ENVI;7;51;9.507;42;-31;30.754;13.997;35.7705;2.4485;0.3382;6.4481;2.4741;488.01
ENVI;7;51;9.507;42;-32;31.746;13.9971;35.7705;2.5407;0.3475;5.802;2.4735;485.09
ENVI;7;51;9.507;42;-33;32.738;13.9971;35.7728;2.6728;0.3356;5.2446;2.4723;485.62
ENVI;7;51;9.507;42;-34;33.73;13.9971;35.7734;2.2661;0.3005;4.9559;2.4689;491.69
ENVI;7;51;9.507;42;-35;34.722;13.9972;35.7745;2.4598;0.3571;4.3342;2.4685;489.11
ENVI;7;51;9.507;42;-36;35.714;13.9973;35.772;2.6431;0.3378;3.8919;2.4646;489.32
ENVI;7;51;9.507;42;-37;36.706;13.9979;35.7739;2.4716;0.3432;3.7022;2.4639;490.61
ENVI;7;51;9.507;42;-38;37.698;13.9983;35.7762;2.3611;0.3413;3.4257;2.4645;490.5
ENVI;7;51;9.507;42;-39;38.69;13.9986;35.7762;2.5194;0.3511;3.1774;2.4646;490.76
ENVI;7;51;9.507;42;-40;39.682;13.9986;35.7761;2.4719;0.3189;2.8621;2.4608;490.18
ENVI;7;51;9.507;42;-41;40.674;13.999;35.7761;2.3525;0.292;2.5061;2.4574;487.41
ENVI;7;51;9.507;42;-42;41.666;14.0001;35.7766;2.3667;0.3203;2.3528;2.4584;482.76
ENVI;7;51;9.507;42;-43;42.658;14.0004;35.7768;2.3168;0.3194;2.1543;2.4577;486.64
ENVI;7;51;9.507;42;-44;43.65;14.0008;35.7768;2.2721;0.3285;1.9879;2.4565;489.98
ENVI;7;51;9.507;42;-45;44.642;14.0023;35.7772;2.2309;0.3097;1.8251;2.4553;491.65
ENVI;7;51;9.507;42;-46;45.633;14.002;35.7771;2.2023;0.336;1.6365;2.4546;494.36
ENVI;7;51;9.507;42;-47;46.625;14.0044;35.7781;2.1485;0.3193;1.4977;2.4531;490.22
ENVI;7;51;9.507;42;-48;47.617;14.0053;35.7783;2.0558;0.3252;1.3807;2.4519;486.61
ENVI;7;51;9.507;42;-49;48.609;14.006;35.7784;2.1967;0.2959;1.2541;2.4511;488.51
ENVI;7;51;9.507;42;-50;49.601;14.0062;35.7785;2.358;0.314;1.1469;2.4494;488.79
ENVI;7;51;9.507;42;-51;50.593;14.0059;35.7783;2.1649;0.3342;1.0507;2.4489;488.73
ENVI;7;51;9.507;42;-52;51.585;14.0059;35.7783;2.1435;0.3427;0.9672;2.4486;487.21
ENVI;7;51;9.507;42;-53;52.577;14.0062;35.7783;2.1076;0.3336;0.89822;2.4484;487.27
ENVI;7;51;9.507;42;-54;53.569;14.0067;35.7785;2.2618;0.3602;0.81424;2.4477;487.39
ENVI;7;51;9.507;42;-55;54.56;14.0068;35.7785;2.3081;0.2878;0.72626;2.4479;482.87
ENVI;7;51;9.507;42;-56;55.553;14.0061;35.7781;2.2014;0.3304;0.64346;2.4474;484.17
ENVI;7;51;9.507;42;-57;56.544;14.0058;35.7778;2.2622;0.2959;0.60691;2.4487;483.4
ENVI;7;51;9.507;42;-58;57.536;14.0064;35.7781;2.0417;0.3372;0.56183;2.4482;484.01
ENVI;7;51;9.507;42;-59;58.528;14.006;35.7777;2.0605;0.3386;0.50818;2.4476;485.68
ENVI;7;51;9.507;42;-60;59.52;14.0068;35.7782;2.1603;0.3444;0.46331;2.4469;486.69
ENVI;7;51;9.507;42;-61;60.512;14.0067;35.7778;2.2724;0.2889;0.39848;2.4462;484.59
ENVI;7;51;9.507;42;-62;61.504;14.0073;35.7781;2.2527;0.3142;0.35805;2.4468;478.86
ENVI;7;51;9.507;42;-63;62.496;14.0109;35.7802;2.2548;0.3286;0.33574;2.4468;481.44
ENVI;7;51;9.507;42;-64;63.487;14.0133;35.7811;1.8506;0.3086;0.31033;2.4461;484.64
ENVI;7;51;9.507;42;-65;64.479;14.0143;35.7817;1.8941;0.3082;0.28294;2.444;487.13
ENVI;7;51;9.507;42;-66;65.471;14.0143;35.7816;1.809;0.3132;0.25129;2.4412;488.21
ENVI;7;51;9.507;42;-67;66.463;14.0143;35.7816;1.8454;0.2741;0.22531;2.436;485.81
ENVI;7;51;9.507;42;-68;67.455;14.0145;35.7818;1.9044;0.2983;0.20226;2.436;485.73
ENVI;7;51;9.507;42;-69;68.447;14.0142;35.7816;1.9508;0.2946;0.17548;2.4342;487.85
ENVI;7;51;9.507;42;-70;69.438;14.0134;35.7821;1.7162;0.2867;0.16235;2.4353;488.77
ENVI;7;51;9.507;42;-71;70.43;14.0135;35.7822;1.6304;0.3023;0.14673;2.4349;488.66
ENVI;7;51;9.507;42;-72;71.422;14.0121;35.7832;1.6683;0.3013;0.12885;2.4339;488.17
ENVI;7;51;9.507;42;-73;72.414;14.0107;35.7835;1.6195;0.2843;0.12214;2.4319;490.97
ENVI;7;51;9.507;42;-74;73.406;14.0078;35.7844;1.6784;0.2659;0.1054;2.4249;491.9
ENVI;7;51;9.507;42;-75;74.397;14.0067;35.7848;1.5067;0.2799;0.092513;2.4264;488.73
ENVI;7;51;9.507;42;-76;75.389;14.0052;35.7852;1.6426;0.2821;0.08493;2.4247;490.35
ENVI;7;51;9.507;42;-77;76.381;14.0032;35.7861;1.5893;0.2814;0.078015;2.4224;492.18
ENVI;7;51;9.507;42;-78;77.373;14.0026;35.7863;1.6229;0.2866;0.068174;2.4213;493.74
ENVI;7;51;9.507;42;-79;78.364;14.0032;35.7858;1.6862;0.2659;0.062076;2.4177;495.93
ENVI;7;51;9.507;42;-80;79.356;14.002;35.7864;1.5941;0.2669;0.049374;2.4189;491.83
ENVI;7;51;9.507;42;-81;80.348;14.0013;35.7863;1.6635;0.2685;0.042484;2.4185;490.71
ENVI;7;51;9.507;42;-82;81.34;13.9998;35.7866;1.5665;0.2724;0.03428;2.4184;492.83
ENVI;7;51;9.507;42;-83;82.331;13.9957;35.7879;1.5774;0.2842;0.031781;2.4172;492.61
ENVI;7;51;9.507;42;-84;83.323;13.9914;35.7895;1.4699;0.2744;0.027411;2.416;494.13
ENVI;7;51;9.507;42;-85;84.315;13.9847;35.7919;1.2868;0.2741;0.021972;2.4135;494.21
ENVI;7;51;9.507;42;-86;85.307;13.9739;35.794;0.8832;0.2468;0.01665;2.4093;492.9
ENVI;7;51;9.507;42;-87;86.298;13.9752;35.793;0.5375;0.2152;0.0077884;2.3865;492.46
ENVI;7;51;9.507;42;-88;87.29;13.9683;35.7943;0.4609;0.2153;0.0030042;2.3733;486.17
ENVI;7;51;9.507;42;-89;88.282;13.9637;35.7951;0.3992;0.2147;0.0013946;2.3715;488.3
ENVI;7;51;9.507;42;-90;89.274;13.9611;35.7954;0.3481;0.2096;0.000074899;2.3678;491.31
ENVI;7;51;9.507;42;-91;90.265;13.9603;35.7952;0.3549;0.2091;6.73E-07;2.3604;494.97
ENVI;7;51;9.507;42;-92;91.257;13.9562;35.7951;0.3448;0.2067;0.00018662;2.353;496.69
ENVI;7;51;9.507;42;-93;92.249;13.9415;35.7956;0.3402;0.1864;-0.00001975;2.3498;493.2
ENVI;7;51;9.507;42;-94;93.24;13.9209;35.7969;0.3013;0.2001;1.00E-12;2.3487;488.39
ENVI;7;51;9.507;42;-95;94.232;13.8957;35.7969;0.2768;0.1907;1.00E-12;2.3382;487.58
ENVI;7;51;9.507;42;-96;95.224;13.8424;35.7974;0.2147;0.1983;1.00E-12;2.3332;488.78
ENVI;7;51;9.507;42;-97;96.215;13.8186;35.7972;0.1931;0.1989;1.00E-12;2.3278;490.25
ENVI;7;51;9.507;42;-98;97.207;13.8023;35.7959;0.2047;0.2175;1.00E-12;2.317;493.35
ENVI;7;51;9.507;42;-99;98.199;13.7994;35.7955;0.1906;0.2063;1.00E-12;2.3085;491.61
ENVI;7;51;9.507;42;-100;99.19;13.7928;35.7957;0.1863;0.2154;1.00E-12;2.305;489.13
ENVI;7;51;9.507;42;-101;100.182;13.7828;35.7955;0.1984;0.2027;1.00E-12;2.3019;487.95
ENVI;7;51;9.507;42;-102;101.174;13.7219;35.7945;0.2053;0.2033;1.00E-12;2.2991;488.79
ENVI;7;51;9.507;42;-103;102.165;13.7047;35.7941;0.1665;0.2028;1.00E-12;2.2956;488.78
ENVI;7;51;9.507;42;-104;103.157;13.6981;35.7933;0.1469;0.1976;1.00E-12;2.2859;486.53
ENVI;7;51;9.507;42;-105;104.149;13.6851;35.7933;0.1225;0.193;1.00E-12;2.2815;486.78
ENVI;7;51;9.507;42;-106;105.14;13.6882;35.7932;0.1067;0.1967;1.00E-12;2.2796;486.78
ENVI;7;51;9.507;42;-107;106.132;13.6723;35.7924;0.116;0.2151;1.00E-12;2.2774;486.78
ENVI;7;51;9.507;42;-108;107.123;13.6517;35.7919;0.1049;0.2026;1.00E-12;2.2751;487.14
ENVI;7;51;9.507;42;-109;108.115;13.6037;35.7909;0.0956;0.2044;1.00E-12;2.2732;487.33
ENVI;7;51;9.507;42;-110;109.107;13.5862;35.7907;0.078;0.2263;1.00E-12;2.271;487.81
ENVI;7;51;9.507;42;-111;110.098;13.5402;35.7929;0.0409;0.2047;1.00E-12;2.2674;488.03
ENVI;7;51;9.507;42;-112;111.09;13.5279;35.7936;0.0293;0.1911;1.00E-12;2.2636;488.75
ENVI;7;51;9.507;42;-113;112.081;13.5257;35.7932;0.0358;0.1856;1.00E-12;2.2559;487.97
ENVI;7;51;9.507;42;-114;113.073;13.5248;35.7926;0.0445;0.2004;1.00E-12;2.2459;485.95
ENVI;7;51;9.507;42;-115;114.065;13.5232;35.7925;0.0426;0.1922;1.00E-12;2.2392;484.68
ENVI;7;51;9.507;42;-116;115.056;13.5003;35.7915;0.0404;0.2075;1.00E-12;2.2351;483.97
ENVI;7;51;9.507;42;-117;116.048;13.4049;35.785;0.0226;0.1976;1.00E-12;2.2311;481.74
ENVI;7;51;9.507;42;-118;117.04;13.3823;35.7813;-0.004;0.1976;1.00E-12;2.2256;477.37
ENVI;7;51;9.507;42;-119;118.031;13.3414;35.7757;-0.0023;0.1977;1.00E-12;2.2234;476.8
ENVI;7;51;9.507;42;-120;119.023;13.3041;35.7687;0.0039;0.1916;1.00E-12;2.2207;478.11
ENVI;7;51;9.507;42;-121;120.014;13.2974;35.7674;-0.0054;0.1959;1.00E-12;2.2185;480.3
ENVI;7;51;9.507;42;-122;121.006;13.2874;35.7641;-0.0176;0.2027;1.00E-12;2.2168;481.95
ENVI;7;51;9.507;42;-123;121.997;13.2623;35.7579;-0.0274;0.2028;1.00E-12;2.2158;482.81
ENVI;7;51;9.507;42;-124;122.989;13.2506;35.7554;-0.0167;0.2051;1.00E-12;2.2157;482.79
ENVI;7;51;9.507;42;-125;123.98;13.2483;35.7543;-0.0009;0.2021;1.00E-12;2.2159;480.61
ENVI;7;51;9.507;42;-126;124.972;13.2486;35.7566;0.0059;0.2006;1.00E-12;2.2202;477.39
ENVI;7;51;9.507;42;-127;125.963;13.2618;35.7658;-0.0061;0.2168;1.00E-12;2.2214;475.17
ENVI;7;51;9.507;42;-128;126.955;13.2778;35.7752;-0.0293;0.2267;1.00E-12;2.2214;474.8
ENVI;7;51;9.507;42;-129;127.947;13.3147;35.7934;-0.042;0.1988;1.00E-12;2.2201;474.81
ENVI;7;51;9.507;42;-130;128.938;13.345;35.8082;-0.0466;0.1942;1.00E-12;2.2181;474.81
ENVI;7;51;9.507;42;-131;129.93;13.3437;35.8126;-0.0478;0.1871;1.00E-12;2.2143;474.81
ENVI;7;51;9.507;42;-132;130.921;13.3328;35.8137;-0.0595;0.1746;1.00E-12;2.2016;474.77
ENVI;7;51;9.507;42;-133;131.912;13.2794;35.8149;-0.0644;0.1689;1.00E-12;2.1903;473.02
ENVI;7;51;9.507;42;-134;132.904;13.2387;35.8112;-0.0732;0.1973;1.00E-12;2.1847;471.26
ENVI;7;51;9.507;42;-135;133.896;13.2254;35.8105;-0.0866;0.1707;1.00E-12;2.1796;470.82
ENVI;7;51;9.507;42;-136;134.887;13.2171;35.8103;-0.0868;0.1736;1.00E-12;2.1747;471.35
ENVI;7;51;9.507;42;-137;135.879;13.2123;35.8099;-0.0863;0.185;1.00E-12;2.1708;471.95
ENVI;7;51;9.507;42;-138;136.87;13.2091;35.8093;-0.0838;0.1735;1.00E-12;2.1677;472.84
ENVI;7;51;9.507;42;-139;137.862;13.2063;35.8091;-0.0878;0.1804;1.00E-12;2.1651;473.07
ENVI;7;51;9.507;42;-140;138.853;13.2023;35.8089;-0.0846;0.1906;1.00E-12;2.1629;473.87
ENVI;7;51;9.507;42;-141;139.845;13.1972;35.8085;-0.0846;0.1809;1.00E-12;2.1608;474.74
ENVI;7;51;9.507;42;-142;140.836;13.2056;35.8074;-0.0773;0.1629;1.00E-12;2.157;469.17
ENVI;7;51;9.507;42;-143;141.828;13.1897;35.8078;-0.0872;0.1539;1.00E-12;2.1579;461.5
ENVI;7;51;9.507;42;-144;142.819;13.183;35.8072;-0.0839;0.1593;1.00E-12;2.1576;460.86
ENVI;7;51;9.507;42;-145;143.81;13.134;35.8018;-0.0817;0.1654;1.00E-12;2.1571;462.15
ENVI;7;51;9.507;42;-146;144.802;13.0439;35.793;-0.0772;0.174;1.00E-12;2.1548;463.79
ENVI;7;51;9.507;42;-147;145.793;13.0209;35.7907;-0.0868;0.1557;1.00E-12;2.1519;465.79
ENVI;7;51;9.507;42;-148;146.785;13.0192;35.7898;-0.0846;0.154;1.00E-12;2.1492;466.84
ENVI;7;51;9.507;42;-149;147.776;13.0202;35.7893;-0.0887;0.154;1.00E-12;2.1471;468.63
ENVI;7;51;9.507;42;-150;148.767;13.0186;35.7886;-0.086;0.1598;1.00E-12;2.1458;468.83
ENVI;7;51;9.507;42;-151;149.759;13.0165;35.7881;-0.0846;0.1676;1.00E-12;2.1444;469.21
ENVI;7;51;9.507;42;-152;150.75;13.0166;35.7877;-0.0892;0.1714;1.00E-12;2.1439;468.74
ENVI;7;51;9.507;42;-153;151.742;13.0161;35.7872;-0.0895;0.1668;1.00E-12;2.143;466.54
ENVI;7;51;9.507;42;-154;152.733;13.0175;35.7869;-0.0849;0.1609;1.00E-12;2.1419;461.7
ENVI;7;51;9.507;42;-155;153.724;13.0152;35.7866;-0.0865;0.1645;1.00E-12;2.1412;458.34
ENVI;7;51;9.507;42;-156;154.716;13.0154;35.7866;-0.0864;0.1642;1.00E-12;2.1412;456.99
ENVI;7;51;9.507;42;-157;155.707;13.0137;35.7863;-0.086;0.1612;1.00E-12;2.1401;457.89
ENVI;7;51;9.507;42;-158;156.699;13.0121;35.7858;-0.0819;0.1685;1.00E-12;2.139;458.81
ENVI;7;51;9.507;42;-159;157.69;12.9982;35.7841;-0.0685;0.1706;1.00E-12;2.1387;460.69
ENVI;7;51;9.507;42;-160;158.682;12.9899;35.783;-0.0867;0.1547;1.00E-12;2.1385;460.85
ENVI;7;51;9.507;42;-161;159.673;12.978;35.7816;-0.086;0.1605;1.00E-12;2.1378;458.96
ENVI;7;51;9.507;42;-162;160.664;12.9603;35.779;-0.0874;0.1601;1.00E-12;2.1369;457.63
ENVI;7;51;9.507;42;-163;161.656;12.9254;35.7749;-0.0871;0.1601;1.00E-12;2.1364;457.3
ENVI;7;51;9.507;42;-164;162.647;12.9071;35.7725;-0.0847;0.1543;1.00E-12;2.1348;458.34
ENVI;7;51;9.507;42;-165;163.639;12.9072;35.7713;-0.0914;0.1586;1.00E-12;2.1321;458.85
ENVI;7;51;9.507;42;-166;164.63;12.9139;35.7715;-0.0948;0.1428;1.00E-12;2.1318;450.48
ENVI;7;51;9.507;42;-167;165.621;12.8508;35.7635;-0.0895;0.1487;1.00E-12;2.1313;448.85
ENVI;7;51;9.507;42;-168;166.612;12.8318;35.762;-0.0882;0.155;1.00E-12;2.13;448.88
ENVI;7;51;9.507;42;-169;167.604;12.8275;35.761;-0.1086;0.1609;1.00E-12;2.1289;449.51
ENVI;7;51;9.507;42;-170;168.595;12.8228;35.76;-0.1008;0.1571;1.00E-12;2.128;450.55
ENVI;7;51;9.507;42;-171;169.586;12.82;35.7595;-0.094;0.1544;1.00E-12;2.1268;450.87
ENVI;7;51;9.507;42;-172;170.578;12.8158;35.7586;-0.0961;0.167;1.00E-12;2.126;451.36
ENVI;7;51;9.507;42;-173;171.569;12.8058;35.7572;-0.0962;0.1638;1.00E-12;2.1255;452.8
ENVI;7;51;9.507;42;-174;172.56;12.7988;35.756;-0.0939;0.1608;1.00E-12;2.1249;454.63
ENVI;7;51;9.507;42;-175;173.552;12.7854;35.7539;-0.0946;0.15;1.00E-12;2.1247;455.32
ENVI;7;51;9.507;42;-176;174.543;12.7722;35.7523;-0.0928;0.1594;1.00E-12;2.1233;454.77
ENVI;7;51;9.507;42;-177;175.534;12.7694;35.7505;-0.0899;0.1593;1.00E-12;2.1223;446.35
ENVI;7;51;9.507;42;-178;176.525;12.7417;35.7473;-0.0851;0.1542;1.00E-12;2.1219;444.85
ENVI;7;51;9.507;42;-179;177.517;12.732;35.746;-0.0938;0.1604;1.00E-12;2.1215;445.99
ENVI;7;51;9.507;42;-180;178.508;12.7247;35.7449;-0.0939;0.1564;1.00E-12;2.1209;446.88
ENVI;7;51;9.507;42;-181;179.499;12.7142;35.7429;-0.1005;0.154;1.00E-12;2.1207;446.79
ENVI;7;51;9.507;42;-182;180.491;12.6909;35.7399;-0.102;0.161;1.00E-12;2.1198;444.92
ENVI;7;51;9.507;42;-183;181.482;12.6766;35.738;-0.0884;0.1742;1.00E-12;2.1185;442.99
ENVI;7;51;9.507;42;-184;182.473;12.6666;35.7366;-0.0939;0.1602;1.00E-12;2.1174;441.8
ENVI;7;51;9.507;42;-185;183.465;12.6611;35.7355;-0.0878;0.1601;1.00E-12;2.117;442.78
ENVI;7;51;9.507;42;-186;184.455;12.6579;35.735;-0.085;0.1532;1.00E-12;2.1165;444.94
ENVI;7;51;9.507;42;-187;185.447;12.6558;35.7344;-0.0862;0.148;1.00E-12;2.1162;446.83
ENVI;7;51;9.507;42;-188;186.438;12.6517;35.7337;-0.092;0.1519;1.00E-12;2.1159;446.57
ENVI;7;51;9.507;42;-189;187.43;12.6388;35.7319;-0.0872;0.163;1.00E-12;2.1155;444.92
ENVI;7;51;9.507;42;-190;188.42;12.6291;35.7305;-0.0857;0.1565;1.00E-12;2.1145;443.77
ENVI;7;51;9.507;42;-191;189.412;12.6179;35.7288;-0.0875;0.1605;1.00E-12;2.1138;442.85
ENVI;7;51;9.507;42;-192;190.403;12.5928;35.7255;-0.0935;0.153;1.00E-12;2.1137;442.74
ENVI;7;51;9.507;42;-193;191.395;12.5756;35.7232;-0.0875;0.1439;1.00E-12;2.1143;439.66
ENVI;7;51;9.507;42;-194;192.385;12.5622;35.7213;-0.0861;0.1502;1.00E-12;2.1134;436.88
ENVI;7;51;9.507;42;-195;193.377;12.5429;35.7194;-0.0887;0.1547;1.00E-12;2.1125;434.95
ENVI;7;51;9.507;42;-196;194.368;12.5453;35.7193;-0.0932;0.1543;1.00E-12;2.1118;435.13
ENVI;7;51;9.507;42;-197;195.359;12.5405;35.7185;-0.0872;0.154;1.00E-12;2.1114;436.56
ENVI;7;51;9.507;42;-198;196.35;12.5356;35.7178;-0.0932;0.1492;1.00E-12;2.1102;436.91
ENVI;7;51;9.507;42;-199;197.342;12.534;35.7174;-0.0893;0.1511;1.00E-12;2.1097;438.08
ENVI;7;51;9.507;42;-200;198.333;12.532;35.717;-0.0858;0.154;1.00E-12;2.1092;438.9
ENVI;7;51;9.507;42;-201;199.324;12.5265;35.7162;-0.0953;0.154;1.00E-12;2.1092;439.79
ENVI;7;51;9.507;42;-202;200.315;12.5199;35.7151;-0.0909;0.1464;1.00E-12;2.1082;439.16
ENVI;7;51;9.507;42;-203;201.306;12.5048;35.7135;-0.091;0.1504;1.00E-12;2.1084;435.1
ENVI;7;51;9.507;42;-204;202.297;12.4906;35.7116;-0.0881;0.1541;1.00E-12;2.1085;432.89
ENVI;7;51;9.507;42;-205;203.288;12.4757;35.71;-0.0939;0.154;1.00E-12;2.1079;432.05
ENVI;7;51;9.507;42;-206;204.28;12.4632;35.7086;-0.0939;0.1665;1.00E-12;2.1073;430.92
ENVI;7;51;9.507;42;-207;205.271;12.4564;35.7078;-0.0939;0.1703;1.00E-12;2.1067;430.92
ENVI;7;51;9.507;42;-208;206.262;12.4512;35.7068;-0.0939;0.1547;1.00E-12;2.1059;430.42
ENVI;7;51;9.507;42;-209;207.253;12.4355;35.7047;-0.0952;0.154;1.00E-12;2.1048;429.25
ENVI;7;51;9.507;42;-210;208.244;12.4212;35.7031;-0.0895;0.1475;1.00E-12;2.1036;430.76
ENVI;7;51;9.507;42;-211;209.235;12.4083;35.7011;-0.0989;0.1494;1.00E-12;2.1022;431.96
ENVI;7;51;9.507;42;-212;210.226;12.399;35.6999;-0.083;0.1478;1.00E-12;2.1018;428.85
ENVI;7;51;9.507;42;-213;211.218;12.3939;35.6992;-0.0957;0.1542;1.00E-12;2.1015;427.07
ENVI;7;51;9.507;42;-214;212.209;12.388;35.6985;-0.0947;0.1478;1.00E-12;2.1012;427.82
ENVI;7;51;9.507;42;-215;213.2;12.3785;35.6972;-0.096;0.1419;1.00E-12;2.1005;428.92
ENVI;7;51;9.507;42;-216;214.191;12.3622;35.6954;-0.1058;0.1536;1.00E-12;2.1;429.7
ENVI;7;51;9.507;42;-217;215.182;12.3483;35.6941;-0.1053;0.1525;1.00E-12;2.0994;430.69
ENVI;7;51;9.507;42;-218;216.173;12.3304;35.6919;-0.0945;0.1609;1.00E-12;2.0978;429.35
ENVI;7;51;9.507;42;-219;217.164;12.3177;35.6903;-0.0845;0.1862;1.00E-12;2.0966;426.91
ENVI;7;51;9.507;42;-220;218.155;12.3153;35.69;-0.0868;0.1427;1.00E-12;2.0964;424.09
ENVI;7;51;9.507;42;-221;219.147;12.3141;35.6896;-0.0938;0.1478;1.00E-12;2.0962;422.96
ENVI;7;51;9.507;42;-222;220.138;12.3118;35.689;-0.0945;0.1485;1.00E-12;2.0957;424.27
ENVI;7;51;9.507;42;-223;221.129;12.3083;35.6884;-0.0884;0.1627;1.00E-12;2.0956;424.96
ENVI;7;51;9.507;42;-224;222.12;12.303;35.688;-0.093;0.1546;1.00E-12;2.0952;422.67
ENVI;7;51;9.507;42;-225;223.111;12.3021;35.6876;-0.0933;0.1525;1.00E-12;2.0943;419.78
ENVI;7;51;9.507;42;-226;224.102;12.2989;35.6873;-0.0946;0.154;1.00E-12;2.0939;419.08
ENVI;7;51;9.507;42;-227;225.093;12.2957;35.6867;-0.0947;0.154;1.00E-12;2.0936;420.47
ENVI;7;51;9.507;42;-228;226.084;12.2911;35.6864;-0.0876;0.1438;1.00E-12;2.0928;422.12
ENVI;7;51;9.507;42;-229;227.075;12.2887;35.686;-0.0896;0.1487;1.00E-12;2.0926;422.95
ENVI;7;51;9.507;42;-230;228.066;12.286;35.6855;-0.094;0.164;1.00E-12;2.0918;422.94
ENVI;7;51;9.507;42;-231;229.057;12.2825;35.685;-0.0877;0.1483;1.00E-12;2.0906;421.15
ENVI;7;51;9.507;42;-232;230.048;12.2727;35.6839;-0.0887;0.1416;1.00E-12;2.0903;420.07
ENVI;7;51;9.507;42;-233;231.039;12.2622;35.683;-0.0885;0.1442;1.00E-12;2.0904;418.96
ENVI;7;51;9.507;42;-234;232.03;12.2548;35.6822;-0.0878;0.1537;1.00E-12;2.09;417.7
ENVI;7;51;9.507;42;-235;233.021;12.2501;35.6815;-0.0893;0.1507;1.00E-12;2.0898;418.45
ENVI;7;51;9.507;42;-236;234.012;12.2411;35.6804;-0.0893;0.1398;1.00E-12;2.0894;417.6
ENVI;7;51;9.507;42;-237;235.003;12.2214;35.6782;-0.0845;0.1418;1.00E-12;2.089;414.21
ENVI;7;51;9.507;42;-238;235.994;12.2069;35.6771;-0.0875;0.1436;1.00E-12;2.0885;412.93
ENVI;7;51;9.507;42;-239;236.985;12.1954;35.6759;-0.0941;0.148;1.00E-12;2.0877;412.97
ENVI;7;51;9.507;42;-240;237.976;12.1877;35.6751;-0.1059;0.1487;1.00E-12;2.0867;412.97
ENVI;7;51;9.507;42;-241;238.967;12.1783;35.6738;-0.1002;0.1442;1.00E-12;2.0852;414.53
ENVI;7;51;9.507;42;-242;239.958;12.1723;35.6731;-0.0942;0.1417;1.00E-12;2.0845;414.97
ENVI;7;51;9.507;42;-243;240.949;12.1722;35.6729;-0.0939;0.1418;1.00E-12;2.0851;413.7
ENVI;7;51;9.507;42;-244;241.94;12.1728;35.673;-0.0932;0.1485;1.00E-12;2.0854;412.98
ENVI;7;51;9.507;42;-245;242.931;12.1741;35.6729;-0.0862;0.1514;1.00E-12;2.0852;411.71
ENVI;7;51;9.507;42;-246;243.922;12.1752;35.6729;-0.0862;0.1356;1.00E-12;2.0847;410.96
ENVI;7;51;9.507;42;-247;244.913;12.1765;35.6729;-0.0937;0.1411;1.00E-12;2.0842;409.29
ENVI;7;51;9.507;42;-248;245.904;12.1742;35.6721;-0.0941;0.1419;1.00E-12;2.0838;409.08
ENVI;7;51;9.507;42;-249;246.895;12.1479;35.6681;-0.0878;0.1414;1.00E-12;2.0839;408.97
ENVI;7;51;9.507;42;-250;247.886;12.152;35.6702;-0.0941;0.1361;1.00E-12;2.0843;408.09
ENVI;7;51;9.507;42;-251;248.877;12.1509;35.6699;-0.0931;0.1535;1.00E-12;2.0843;406.62
ENVI;7;51;9.507;42;-252;249.868;12.1449;35.669;-0.0946;0.1522;1.00E-12;2.0841;405.24
ENVI;7;51;9.507;42;-253;250.859;12.1291;35.6676;-0.0939;0.1488;1.00E-12;2.0836;403.43
ENVI;7;51;9.507;42;-254;251.85;12.1187;35.6669;-0.0939;0.1525;1.00E-12;2.0827;402.75
ENVI;7;51;9.507;42;-255;252.84;12.1133;35.6659;-0.0945;0.1501;1.00E-12;2.0815;402.89
ENVI;7;51;9.507;42;-256;253.832;12.1081;35.6654;-0.0945;0.142;1.00E-12;2.0808;404.25
ENVI;7;51;9.507;42;-257;254.822;12.1073;35.6648;-0.0975;0.1418;1.00E-12;2.0818;406.7
ENVI;7;51;9.507;42;-258;255.813;12.1053;35.6645;-0.0972;0.1487;1.00E-12;2.0831;402.56
ENVI;7;51;9.507;42;-259;256.804;12.1029;35.6642;-0.0938;0.1442;1.00E-12;2.0832;398.33
ENVI;7;51;9.507;42;-260;257.795;12.1009;35.6639;-0.0917;0.1432;1.00E-12;2.0827;396.14
ENVI;7;51;9.507;42;-261;258.786;12.0951;35.6634;-0.0857;0.1484;1.00E-12;2.0822;395.26
ENVI;7;51;9.507;42;-262;259.777;12.0901;35.6629;-0.1026;0.1435;1.00E-12;2.082;397.83
ENVI;7;51;9.507;42;-263;260.768;12.0887;35.6618;-0.0876;0.1324;1.00E-12;2.0821;392.35
ENVI;7;6;9.608;42;-5;4.961;13.9351;34.5538;1.5589;0.2833;53.349;2.2978;1025.1
ENVI;7;6;9.608;42;-6;5.953;13.9876;35.7301;1.6495;0.2876;46.696;2.4657;2114.4
ENVI;7;6;9.608;42;-7;6.945;13.9875;35.7736;1.6787;0.288;39.918;2.4703;2140.5
ENVI;7;6;9.608;42;-8;7.937;13.9805;35.7738;1.8871;0.3095;34.737;2.4701;2144.7
ENVI;7;6;9.608;42;-9;8.929;13.9848;35.7737;2.1369;0.3277;31.317;2.4698;2150.2
ENVI;7;6;9.608;42;-10;9.921;13.9893;35.7734;2.0999;0.3232;28.719;2.4703;2140.1
ENVI;7;6;9.608;42;-11;10.913;13.9864;35.7737;2.1214;0.3023;25.638;2.4708;2135.5
ENVI;7;6;9.608;42;-12;11.905;13.9816;35.7737;2.235;0.3188;23.377;2.4707;2141.8
ENVI;7;6;9.608;42;-13;12.897;13.9833;35.7734;2.3222;0.3115;23.206;2.4701;2140.3
ENVI;7;6;9.608;42;-14;13.89;13.9819;35.7735;2.2446;0.2978;25.745;2.4705;2127.7
ENVI;7;6;9.608;42;-15;14.882;13.9813;35.7737;2.3851;0.303;23.379;2.4708;2137.7
ENVI;7;6;9.608;42;-16;15.874;13.9817;35.7737;2.4162;0.324;22.131;2.4707;2107.9
ENVI;7;6;9.608;42;-17;16.866;13.9811;35.7736;2.4635;0.3369;24.634;2.4698;2176.8
ENVI;7;6;9.608;42;-18;17.858;13.9803;35.7737;2.4484;0.3304;28.785;2.4691;2022
ENVI;7;6;9.608;42;-19;18.85;13.9818;35.7736;2.5481;0.3241;28.38;2.468;1801.7
ENVI;7;6;9.608;42;-20;19.842;13.9831;35.7736;2.5124;0.328;25.343;2.4665;1458.1
ENVI;7;6;9.608;42;-21;20.834;13.9836;35.7736;2.6181;0.3052;32.967;2.4673;1340.4
ENVI;7;6;9.608;42;-22;21.826;13.9833;35.7738;2.5005;0.3033;32.366;2.4682;1548.4
ENVI;7;6;9.608;42;-23;22.818;13.984;35.7736;2.2394;0.31;29.65;2.4677;1692.7
ENVI;7;6;9.608;42;-24;23.81;13.9834;35.7737;2.414;0.3519;29.434;2.4671;1643
ENVI;7;6;9.608;42;-25;24.802;13.983;35.7737;2.4215;0.3624;26.606;2.4672;1496.1
ENVI;7;6;9.608;42;-26;25.794;13.985;35.7736;2.2978;0.3256;24.599;2.467;1493.3
ENVI;7;6;9.608;42;-27;26.786;13.9835;35.7737;2.2348;0.3217;24.941;2.4666;1581.3
ENVI;7;6;9.608;42;-28;27.778;13.9823;35.7735;2.266;0.2862;22.744;2.466;1746.6
ENVI;7;6;9.608;42;-29;28.77;13.9832;35.7737;2.2426;0.3165;18.229;2.4652;1875.9
ENVI;7;6;9.608;42;-30;29.762;13.9819;35.7738;2.1399;0.3059;18.044;2.4638;2019.5
ENVI;7;6;9.608;42;-31;30.754;13.9806;35.7743;2.3617;0.3209;17.408;2.4632;1972.2
ENVI;7;6;9.608;42;-32;31.746;13.9804;35.7743;2.2481;0.3312;15.864;2.4626;1860.2
ENVI;7;6;9.608;42;-33;32.738;13.9796;35.7743;2.3205;0.3353;14.368;2.4615;1680.7
ENVI;7;6;9.608;42;-34;33.73;13.9798;35.7743;2.1731;0.3506;12.315;2.459;1625.2
ENVI;7;6;9.608;42;-35;34.722;13.9798;35.7743;2.1635;0.3317;12.01;2.4583;1764.3
ENVI;7;6;9.608;42;-36;35.714;13.9798;35.7742;2.0608;0.3013;10.856;2.4564;1746
ENVI;7;6;9.608;42;-37;36.706;13.9794;35.7743;2.156;0.308;9.8928;2.455;1987.8
ENVI;7;6;9.608;42;-38;37.698;13.9802;35.7747;2.1402;0.3187;9.1585;2.4547;1939.7
ENVI;7;6;9.608;42;-39;38.69;13.9802;35.7747;2.0826;0.3489;8.4049;2.4544;1869.8
ENVI;7;6;9.608;42;-40;39.682;13.9805;35.7749;2.0641;0.3416;7.8294;2.4536;1874.6
ENVI;7;6;9.608;42;-41;40.674;13.9809;35.7749;2.0498;0.3219;7.2418;2.4527;1869.2
ENVI;7;6;9.608;42;-42;41.666;13.9807;35.7746;2.0883;0.294;6.3635;2.4519;1741.9
ENVI;7;6;9.608;42;-43;42.658;13.9808;35.7748;2.1136;0.2964;5.6046;2.4518;1918.9
ENVI;7;6;9.608;42;-44;43.65;13.9811;35.775;2.0347;0.3011;5.1065;2.4516;1988.2
ENVI;7;6;9.608;42;-45;44.642;13.9815;35.7751;1.9477;0.3105;4.8392;2.4508;2051.6
ENVI;7;6;9.608;42;-46;45.633;13.9818;35.7752;2.0699;0.3237;4.6784;2.4496;2095.2
ENVI;7;6;9.608;42;-47;46.625;13.9825;35.7755;2.0882;0.3193;4.3462;2.448;2084.9
ENVI;7;6;9.608;42;-48;47.617;13.9824;35.7754;2.0487;0.2913;3.8925;2.4464;2069.4
ENVI;7;6;9.608;42;-49;48.609;13.9835;35.776;1.9753;0.2936;3.4699;2.4453;2070.8
ENVI;7;6;9.608;42;-50;49.601;13.9851;35.7766;2.1015;0.3261;3.121;2.4447;2071
ENVI;7;6;9.608;42;-51;50.593;13.9856;35.7769;1.9447;0.3227;2.8986;2.4443;2070.6
ENVI;7;6;9.608;42;-52;51.585;13.9861;35.777;1.9435;0.3078;2.7972;2.4424;2072.9
ENVI;7;6;9.608;42;-53;52.577;13.9865;35.7771;1.9452;0.2735;2.4456;2.4396;2061.4
ENVI;7;6;9.608;42;-54;53.569;13.9866;35.7773;1.8698;0.2919;2.1703;2.4377;2056.6
ENVI;7;6;9.608;42;-55;54.561;13.9871;35.7774;1.881;0.308;2.0015;2.437;2059.6
ENVI;7;6;9.608;42;-56;55.552;13.9874;35.7774;1.9323;0.3112;1.8662;2.4372;2061.6
ENVI;7;6;9.608;42;-57;56.545;13.9877;35.7774;1.8827;0.3005;1.7548;2.437;2064
ENVI;7;6;9.608;42;-58;57.536;13.9876;35.7773;1.9038;0.3163;1.6972;2.437;2067.3
ENVI;7;6;9.608;42;-59;58.528;13.9876;35.7771;1.823;0.2941;1.5854;2.4366;2073.7
ENVI;7;6;9.608;42;-60;59.52;13.9882;35.7776;1.9645;0.2755;1.4071;2.4364;2059.2
ENVI;7;6;9.608;42;-61;60.512;13.9883;35.7777;1.9278;0.2869;1.2856;2.4369;2067.4
ENVI;7;6;9.608;42;-62;61.504;13.9888;35.778;1.9497;0.3054;1.1285;2.4364;2081.4
ENVI;7;6;9.608;42;-63;62.496;13.9908;35.7794;2.1006;0.3015;1.0472;2.4355;2075
ENVI;7;6;9.608;42;-64;63.487;13.9925;35.7807;1.91;0.3018;0.96404;2.435;2058
ENVI;7;6;9.608;42;-65;64.479;13.9932;35.7811;1.9508;0.2899;0.90357;2.4358;2049.2
ENVI;7;6;9.608;42;-66;65.471;13.9907;35.7818;1.7641;0.2958;0.8367;2.4363;2044.9
ENVI;7;6;9.608;42;-67;66.463;13.9933;35.7838;1.6354;0.2991;0.78315;2.4364;2046.2
ENVI;7;6;9.608;42;-68;67.455;13.9927;35.783;1.6548;0.271;0.71337;2.4296;2061.8
ENVI;7;6;9.608;42;-69;68.446;13.9919;35.784;1.7518;0.2759;0.61314;2.4258;2053.1
ENVI;7;6;9.608;42;-70;69.438;13.9938;35.7861;1.6393;0.2764;0.56171;2.425;2064.1
ENVI;7;6;9.608;42;-71;70.43;13.9896;35.7881;1.5529;0.2775;0.51995;2.4245;2069.3
ENVI;7;6;9.608;42;-72;71.422;13.9866;35.7883;1.1397;0.2649;0.48336;2.4212;2060.9
ENVI;7;6;9.608;42;-73;72.413;13.9846;35.7894;0.9587;0.2393;0.46676;2.4134;2047.5
ENVI;7;6;9.608;42;-74;73.405;13.9843;35.792;0.8898;0.2582;0.43438;2.4097;2047.4
ENVI;7;6;9.608;42;-75;74.397;13.9908;35.7966;0.9257;0.2449;0.40879;2.4058;2051.5
ENVI;7;6;9.608;42;-76;75.389;13.9915;35.7973;1.0895;0.2455;0.38664;2.4014;2050.9
ENVI;7;6;9.608;42;-77;76.381;13.9898;35.7979;0.9687;0.2333;0.3526;2.3998;2063.4
ENVI;7;6;9.608;42;-78;77.372;13.9903;35.7995;0.9739;0.2269;0.31019;2.3988;2068
ENVI;7;6;9.608;42;-79;78.364;13.9904;35.8001;1.0023;0.2272;0.27786;2.3989;2056.9
ENVI;7;6;9.608;42;-80;79.356;13.9921;35.8008;1.0016;0.2327;0.25152;2.3984;2052.1
ENVI;7;6;9.608;42;-81;80.348;13.9921;35.8006;0.9503;0.2308;0.23598;2.3977;2053.8
ENVI;7;6;9.608;42;-82;81.34;13.9937;35.8017;0.8852;0.2269;0.21423;2.3963;2058.3
ENVI;7;6;9.608;42;-83;82.331;13.9939;35.8011;0.7984;0.2178;0.22803;2.3943;2063.9
ENVI;7;6;9.608;42;-84;83.323;13.996;35.803;0.8811;0.2134;0.20458;2.3946;2046.5
ENVI;7;6;9.608;42;-85;84.315;13.9979;35.8052;0.8346;0.215;0.19422;2.3945;2054.2
ENVI;7;6;9.608;42;-86;85.306;13.9949;35.8062;0.7469;0.2194;0.17848;2.3937;2057.6
ENVI;7;6;9.608;42;-87;86.298;13.9951;35.8072;0.6192;0.227;0.16524;2.3927;2060.1
ENVI;7;6;9.608;42;-88;87.29;13.9892;35.8062;0.5408;0.214;0.15998;2.3897;2065.6
ENVI;7;6;9.608;42;-89;88.282;13.9865;35.8061;0.4632;0.1944;0.16223;2.3842;2073.9
ENVI;7;6;9.608;42;-90;89.274;13.9738;35.8042;0.4477;0.1967;0.14195;2.3815;2065.8
ENVI;7;6;9.608;42;-91;90.265;13.9302;35.7966;0.4375;0.1868;0.12119;2.3781;2068.3
ENVI;7;6;9.608;42;-92;91.257;13.9074;35.796;0.4032;0.1974;0.10601;2.377;2060.2
ENVI;7;6;9.608;42;-93;92.249;13.9124;35.7961;0.3683;0.2088;0.093925;2.3755;2052.4
ENVI;7;6;9.608;42;-94;93.24;13.9085;35.7963;0.3617;0.2025;0.081458;2.374;2051.4
ENVI;7;6;9.608;42;-95;94.232;13.9077;35.7965;0.3501;0.1956;0.083619;2.3717;2053.2
ENVI;7;6;9.608;42;-96;95.224;13.9113;35.7968;0.3532;0.1899;0.096518;2.3685;2063
ENVI;7;6;9.608;42;-97;96.215;13.8988;35.7963;0.3448;0.2031;0.088088;2.3677;2059.3
ENVI;7;6;9.608;42;-98;97.207;13.8689;35.7913;0.3464;0.1958;0.081988;2.3655;2052.1
ENVI;7;6;9.608;42;-99;98.199;13.8699;35.7906;0.3199;0.1934;0.060653;2.3608;2068.1
ENVI;7;6;9.608;42;-100;99.19;13.8435;35.7852;0.3319;0.2262;0.051133;2.3601;2058.7
ENVI;7;6;9.608;42;-101;100.182;13.805;35.7797;0.3146;0.2137;0.04461;2.3588;2050.2
ENVI;7;6;9.608;42;-102;101.174;13.8043;35.7815;0.3018;0.2057;0.035048;2.357;2044.7
ENVI;7;6;9.608;42;-103;102.165;13.8116;35.784;0.2836;0.1972;0.028042;2.355;2044.2
ENVI;7;6;9.608;42;-104;103.157;13.8174;35.7859;0.2617;0.1915;0.022171;2.3531;2045.7
ENVI;7;6;9.608;42;-105;104.149;13.8252;35.7884;0.2534;0.1911;0.01766;2.3515;2049
ENVI;7;6;9.608;42;-106;105.14;13.8181;35.7887;0.2343;0.1906;0.026846;2.3508;2046.7
ENVI;7;6;9.608;42;-107;106.132;13.8173;35.788;0.2679;0.1859;0.033067;2.3439;2050.5
ENVI;7;6;9.608;42;-108;107.124;13.7966;35.7891;0.2585;0.1899;0.024397;2.342;2060.4
ENVI;7;6;9.608;42;-109;108.115;13.7842;35.7897;0.2336;0.1974;0.016983;2.3407;2066.2
ENVI;7;6;9.608;42;-110;109.107;13.7839;35.7902;0.2212;0.2028;0.0094734;2.3381;2071.1
ENVI;7;6;9.608;42;-111;110.098;13.7788;35.7914;0.2158;0.2028;0.0024037;2.3351;2069.5
ENVI;7;6;9.608;42;-112;111.09;13.7621;35.7936;0.2081;0.2028;0.0033898;2.3317;2060.2
ENVI;7;6;9.608;42;-113;112.082;13.7493;35.7963;0.1994;0.2028;0.0018494;2.3284;2045.8
ENVI;7;6;9.608;42;-114;113.073;13.7398;35.7967;0.1961;0.2028;0.0043101;2.3249;2034
ENVI;7;6;9.608;42;-115;114.065;13.7347;35.7966;0.1962;0.2028;0.0010287;2.3199;2034.3
ENVI;7;6;9.608;42;-116;115.057;13.7272;35.7972;0.1656;0.2028;0.00014912;2.3146;2041.1
ENVI;7;6;9.608;42;-117;116.048;13.6849;35.8052;0.154;0.1945;0.000043249;2.3085;2052.7
ENVI;7;6;9.608;42;-118;117.04;13.7115;35.8012;0.1084;0.2007;0.000078721;2.2934;2039.9
ENVI;7;6;9.608;42;-119;118.031;13.6641;35.8075;0.1409;0.179;-0.000003102;2.2851;2020.7
ENVI;7;6;9.608;42;-120;119.023;13.6261;35.8104;0.1026;0.1844;1.00E-12;2.2846;2029.8
ENVI;7;6;9.608;42;-121;120.014;13.6086;35.815;0.0991;0.1959;1.00E-12;2.2795;2039
ENVI;7;6;9.608;42;-122;121.006;13.61;35.8162;0.0841;0.1922;1.00E-12;2.2729;2047.9
ENVI;7;6;9.608;42;-123;121.997;13.6091;35.8175;0.0643;0.1843;1.00E-12;2.265;2049.7
ENVI;7;6;9.608;42;-124;122.989;13.5968;35.8193;0.0544;0.205;1.00E-12;2.2578;2045.1
ENVI;7;6;9.608;42;-125;123.98;13.5798;35.8209;0.0353;0.1902;1.00E-12;2.2469;2037.3
ENVI;7;6;9.608;42;-126;124.972;13.544;35.8232;0.0384;0.1844;1.00E-12;2.2359;2040.3
ENVI;7;6;9.608;42;-127;125.964;13.5175;35.8252;0.0181;0.185;1.00E-12;2.2284;2039
ENVI;7;6;9.608;42;-128;126.955;13.4958;35.8269;-0.0034;0.1876;1.00E-12;2.2219;2030.4
ENVI;7;6;9.608;42;-129;127.946;13.444;35.8284;0.0021;0.1965;1.00E-12;2.2157;2022.1
ENVI;7;6;9.608;42;-130;128.938;13.4095;35.8262;-0.0406;0.1847;1.00E-12;2.2096;2025.3
ENVI;7;6;9.608;42;-131;129.93;13.3793;35.8246;-0.0474;0.1982;1.00E-12;2.2027;2038.7
ENVI;7;6;9.608;42;-132;130.921;13.3571;35.8227;-0.0415;0.197;1.00E-12;2.1957;2051.4
ENVI;7;6;9.608;42;-133;131.912;13.324;35.8208;-0.0339;0.191;1.00E-12;2.1889;2050.4
ENVI;7;6;9.608;42;-134;132.904;13.2824;35.8171;-0.0462;0.1909;1.00E-12;2.1829;2034
ENVI;7;6;9.608;42;-135;133.896;13.2704;35.8165;-0.0742;0.1903;1.00E-12;2.1768;2021.3
ENVI;7;6;9.608;42;-136;134.887;13.2534;35.8144;-0.0758;0.1736;1.00E-12;2.1714;2023.8
ENVI;7;6;9.608;42;-137;135.879;13.237;35.8127;-0.0763;0.1819;1.00E-12;2.1667;2034.9
ENVI;7;6;9.608;42;-138;136.87;13.228;35.8118;-0.0694;0.1787;1.00E-12;2.1625;2035.4
ENVI;7;6;9.608;42;-139;137.862;13.2201;35.8107;-0.0838;0.171;1.00E-12;2.159;2029.9
ENVI;7;6;9.608;42;-140;138.853;13.2149;35.8101;-0.0823;0.182;1.00E-12;2.1573;2030
ENVI;7;6;9.608;42;-141;139.845;13.2109;35.8099;-0.081;0.1916;1.00E-12;2.1556;2029.5
ENVI;7;6;9.608;42;-142;140.836;13.209;35.8096;-0.0874;0.197;1.00E-12;2.1538;2030.6
ENVI;7;6;9.608;42;-143;141.827;13.205;35.8093;-0.0875;0.2018;1.00E-12;2.1528;2027.9
ENVI;7;6;9.608;42;-144;142.819;13.1968;35.809;-0.0884;0.1842;1.00E-12;2.1517;2021.2
ENVI;7;6;9.608;42;-145;143.81;13.1774;35.8066;-0.089;0.1817;1.00E-12;2.1508;2020.3
ENVI;7;6;9.608;42;-146;144.802;13.1324;35.8037;-0.0875;0.1829;1.00E-12;2.1493;2020.1
ENVI;7;6;9.608;42;-147;145.793;13.1226;35.8025;-0.088;0.1796;1.00E-12;2.1471;2022.9
ENVI;7;6;9.608;42;-148;146.785;13.1159;35.8012;-0.0884;0.1892;1.00E-12;2.1451;2027.7
ENVI;7;6;9.608;42;-149;147.776;13.1069;35.7995;-0.087;0.182;1.00E-12;2.1434;2024.6
ENVI;7;6;9.608;42;-150;148.767;13.0989;35.7985;-0.0901;0.1813;1.00E-12;2.1421;2018.8
ENVI;7;6;9.608;42;-151;149.759;13.0872;35.7968;-0.0949;0.1818;1.00E-12;2.1415;2021.6
ENVI;7;6;9.608;42;-152;150.75;13.0717;35.7949;-0.086;0.1843;1.00E-12;2.14;2024.7
ENVI;7;6;9.608;42;-153;151.742;13.0638;35.7935;-0.0847;0.192;1.00E-12;2.1392;2025.8
ENVI;7;6;9.608;42;-154;152.733;13.0578;35.7928;-0.0855;0.1746;1.00E-12;2.1383;2023.5
ENVI;7;6;9.608;42;-155;153.725;13.0542;35.7919;-0.0884;0.1817;1.00E-12;2.1384;2021.8
ENVI;7;6;9.608;42;-156;154.716;13.0527;35.7917;-0.0779;0.1846;1.00E-12;2.1373;2017.3
ENVI;7;6;9.608;42;-157;155.707;13.0527;35.7914;-0.0797;0.1862;1.00E-12;2.1368;2015.1
ENVI;7;6;9.608;42;-158;156.699;13.051;35.7912;-0.0859;0.1906;1.00E-12;2.136;2018
ENVI;7;6;9.608;42;-159;157.69;13.0454;35.7904;-0.086;0.1811;1.00E-12;2.1355;2021.6
ENVI;7;6;9.608;42;-160;158.681;13.0344;35.7888;-0.0874;0.1783;1.00E-12;2.1349;2025.3
ENVI;7;6;9.608;42;-161;159.673;13.0232;35.7876;-0.0869;0.1723;1.00E-12;2.1339;2024.6
ENVI;7;6;9.608;42;-162;160.664;13.0201;35.7864;-0.0877;0.1729;1.00E-12;2.1328;2016.2
ENVI;7;6;9.608;42;-163;161.656;12.9989;35.7845;-0.0891;0.1725;1.00E-12;2.1327;2020.8
ENVI;7;6;9.608;42;-164;162.647;12.9961;35.7841;-0.0898;0.1731;1.00E-12;2.1322;2021.9
ENVI;7;6;9.608;42;-165;163.638;12.9942;35.7839;-0.0945;0.1737;1.00E-12;2.1307;2018.5
ENVI;7;6;9.608;42;-166;164.63;12.9856;35.7823;-0.0867;0.1665;1.00E-12;2.1296;2018.8
ENVI;7;6;9.608;42;-167;165.621;12.94;35.7765;-0.0926;0.1693;1.00E-12;2.1289;2020.7
ENVI;7;6;9.608;42;-168;166.612;12.9041;35.7737;-0.094;0.1743;1.00E-12;2.1279;2024.8
ENVI;7;6;9.608;42;-169;167.604;12.8871;35.7705;-0.1079;0.1668;1.00E-12;2.1262;2028.5
ENVI;7;6;9.608;42;-170;168.595;12.8781;35.769;-0.0971;0.1664;1.00E-12;2.123;2025.3
ENVI;7;6;9.608;42;-171;169.587;12.867;35.7669;-0.0878;0.1538;1.00E-12;2.1203;2016.6
ENVI;7;6;9.608;42;-172;170.578;12.8523;35.7647;-0.0863;0.1665;1.00E-12;2.1191;2014.9
ENVI;7;6;9.608;42;-173;171.569;12.8203;35.7612;-0.0884;0.1665;1.00E-12;2.1176;2019
ENVI;7;6;9.608;42;-174;172.56;12.8193;35.761;-0.086;0.1705;1.00E-12;2.1158;2025.3
ENVI;7;6;9.608;42;-175;173.552;12.8178;35.7601;-0.0879;0.1742;1.00E-12;2.1146;2029.6
ENVI;7;6;9.608;42;-176;174.543;12.8193;35.76;-0.0923;0.1502;1.00E-12;2.1133;2021.2
ENVI;7;6;9.608;42;-177;175.534;12.8197;35.76;-0.0877;0.1613;1.00E-12;2.1125;2014.8
ENVI;7;6;9.608;42;-178;176.526;12.8183;35.7595;-0.0875;0.1662;1.00E-12;2.1122;2016.6
ENVI;7;6;9.608;42;-179;177.517;12.8133;35.7589;-0.0897;0.1765;1.00E-12;2.1115;2022.1
ENVI;7;6;9.608;42;-180;178.508;12.812;35.7586;-0.1024;0.1677;1.00E-12;2.1108;2026
ENVI;7;6;9.608;42;-181;179.499;12.8152;35.759;-0.104;0.1585;1.00E-12;2.1103;2025.5
ENVI;7;6;9.608;42;-182;180.491;12.8117;35.7581;-0.0879;0.154;1.00E-12;2.1097;2022.4
ENVI;7;6;9.608;42;-183;181.482;12.8051;35.7574;-0.0938;0.1593;1.00E-12;2.1093;2020.1
ENVI;7;6;9.608;42;-184;182.473;12.7829;35.7542;-0.0911;0.1601;1.00E-12;2.1086;2017.1
ENVI;7;6;9.608;42;-185;183.465;12.7655;35.7527;-0.0877;0.1601;1.00E-12;2.1074;2016.2
ENVI;7;6;9.608;42;-186;184.456;12.7479;35.7506;-0.0919;0.1564;1.00E-12;2.1059;2018
ENVI;7;6;9.608;42;-187;185.447;12.7318;35.7486;-0.093;0.1578;1.00E-12;2.1037;2017.6
ENVI;7;6;9.608;42;-188;186.438;12.7232;35.7472;-0.0867;0.157;1.00E-12;2.1014;2021
ENVI;7;6;9.608;42;-189;187.43;12.7152;35.7458;-0.0923;0.1629;1.00E-12;2.0997;2025
ENVI;7;6;9.608;42;-190;188.421;12.6956;35.7435;-0.0962;0.1646;1.00E-12;2.0982;2027.5
ENVI;7;6;9.608;42;-191;189.412;12.6883;35.7424;-0.0939;0.1601;1.00E-12;2.0972;2026.2
ENVI;7;6;9.608;42;-192;190.403;12.6796;35.7412;-0.0951;0.1542;1.00E-12;2.0959;2023.6
ENVI;7;6;9.608;42;-193;191.395;12.6793;35.7412;-0.0886;0.154;1.00E-12;2.0948;2020.3
ENVI;7;6;9.608;42;-194;192.386;12.6774;35.7404;-0.0918;0.154;1.00E-12;2.0931;2015
ENVI;7;6;9.608;42;-195;193.376;12.6744;35.7401;-0.096;0.154;1.00E-12;2.0926;2013.9
ENVI;7;6;9.608;42;-196;194.368;12.6697;35.7389;-0.0909;0.165;1.00E-12;2.0911;2014.6
ENVI;7;6;9.608;42;-197;195.359;12.6557;35.7374;-0.0906;0.1616;1.00E-12;2.0894;2017.3
ENVI;7;6;9.608;42;-198;196.351;12.6524;35.7365;-0.0983;0.1407;1.00E-12;2.0876;2029.4
ENVI;7;6;9.608;42;-199;197.342;12.6212;35.7335;-0.0879;0.1533;1.00E-12;2.0884;2023.7
ENVI;7;6;9.608;42;-200;198.333;12.6081;35.7319;-0.0901;0.154;1.00E-12;2.0877;2022.1
ENVI;7;6;9.608;42;-201;199.324;12.5981;35.731;-0.0945;0.1546;1.00E-12;2.0863;2018.3
ENVI;7;6;9.608;42;-202;200.315;12.5897;35.7299;-0.1098;0.1604;1.00E-12;2.0843;2014.8
ENVI;7;6;9.608;42;-203;201.306;12.5841;35.7294;-0.0967;0.1551;1.00E-12;2.082;2013.3
ENVI;7;6;9.608;42;-204;202.297;12.5826;35.7291;-0.0953;0.154;1.00E-12;2.0804;2016.6
ENVI;7;6;9.608;42;-205;203.289;12.5791;35.7286;-0.0896;0.154;1.00E-12;2.0782;2024.3
ENVI;7;6;9.608;42;-206;204.28;12.5775;35.7282;-0.0977;0.1527;1.00E-12;2.0754;2029.8
ENVI;7;6;9.608;42;-207;205.271;12.574;35.728;-0.1092;0.1482;1.00E-12;2.0745;2015.7
ENVI;7;6;9.608;42;-208;206.262;12.5732;35.7278;-0.0939;0.154;1.00E-12;2.0739;2006.6
ENVI;7;6;9.608;42;-209;207.253;12.5712;35.7276;-0.0939;0.1643;1.00E-12;2.0729;2004.2
ENVI;7;6;9.608;42;-210;208.244;12.5706;35.7274;-0.0946;0.1722;1.00E-12;2.0723;2009.4
ENVI;7;6;9.608;42;-211;209.235;12.5675;35.727;-0.0972;0.1598;1.00E-12;2.0711;2017.6
ENVI;7;6;9.608;42;-212;210.227;12.5649;35.7267;-0.1046;0.1527;1.00E-12;2.0698;2023.9
ENVI;7;6;9.608;42;-213;211.218;12.5624;35.7263;-0.0978;0.1534;1.00E-12;2.0685;2013.8
ENVI;7;6;9.608;42;-214;212.209;12.5596;35.7257;-0.087;0.1652;1.00E-12;2.0681;2003.4
ENVI;7;6;9.608;42;-215;213.2;12.5472;35.7247;-0.0927;0.1631;1.00E-12;2.0675;2016.6
ENVI;7;6;9.608;42;-216;214.191;12.5396;35.7238;-0.0966;0.156;1.00E-12;2.0674;2025.1
ENVI;7;6;9.608;42;-217;215.182;12.5393;35.7236;-0.0953;0.1601;1.00E-12;2.0663;2026.1
ENVI;7;6;9.608;42;-218;216.173;12.5336;35.7226;-0.0953;0.1547;1.00E-12;2.0651;2024.3
ENVI;7;6;9.608;42;-219;217.164;12.5176;35.7211;-0.0895;0.1543;1.00E-12;2.0644;2020.4
ENVI;7;6;9.608;42;-220;218.155;12.5133;35.7208;-0.0884;0.154;1.00E-12;2.0628;2020.6
ENVI;7;6;9.608;42;-221;219.146;12.5033;35.7193;-0.0881;0.154;1.00E-12;2.0616;2021.2
ENVI;7;6;9.608;42;-222;220.138;12.4993;35.719;-0.0943;0.154;1.00E-12;2.0604;2017.7
ENVI;7;6;9.608;42;-223;221.129;12.496;35.7183;-0.0959;0.1525;1.00E-12;2.0598;2016.4
ENVI;7;6;9.608;42;-224;222.12;12.489;35.7176;-0.0964;0.1538;1.00E-12;2.0586;2016.4
ENVI;7;6;9.608;42;-225;223.111;12.4817;35.7165;-0.0955;0.1647;1.00E-12;2.0576;2015.8
ENVI;7;6;9.608;42;-226;224.102;12.473;35.7155;-0.0927;0.16;1.00E-12;2.0571;2012.5
ENVI;7;6;9.608;42;-227;225.093;12.4673;35.7148;-0.0876;0.1601;1.00E-12;2.0572;2015.5
ENVI;7;6;9.608;42;-228;226.084;12.4619;35.7142;-0.0945;0.1545;1.00E-12;2.0562;2019.7
ENVI;7;6;9.608;42;-229;227.075;12.4574;35.7135;-0.0932;0.1632;1.00E-12;2.055;2021.2
ENVI;7;6;9.608;42;-230;228.066;12.455;35.7131;-0.0884;0.1525;1.00E-12;2.054;2016.9
ENVI;7;6;9.608;42;-231;229.057;12.4454;35.712;-0.094;0.1487;1.00E-12;2.0534;2014.9
ENVI;7;6;9.608;42;-232;230.049;12.4405;35.7116;-0.0881;0.154;1.00E-12;2.0528;2016
ENVI;7;6;9.608;42;-233;231.039;12.4403;35.7114;-0.0912;0.154;1.00E-12;2.0516;2019.4
ENVI;7;6;9.608;42;-234;232.03;12.4364;35.7109;-0.0946;0.1492;1.00E-12;2.051;2023.5
ENVI;7;6;9.608;42;-235;233.021;12.4337;35.7105;-0.0962;0.1425;1.00E-12;2.0501;2023.9
ENVI;7;6;9.608;42;-236;234.012;12.4285;35.7097;-0.1033;0.1501;1.00E-12;2.0496;2022.5
ENVI;7;6;9.608;42;-237;235.003;12.4229;35.7089;-0.0883;0.1399;1.00E-12;2.0496;2025.4
ENVI;7;6;9.608;42;-238;235.994;12.4216;35.7088;-0.0941;0.1547;1.00E-12;2.0498;2021.1
ENVI;7;6;9.608;42;-239;236.985;12.4158;35.7081;-0.0946;0.1597;1.00E-12;2.0494;2014.2
ENVI;7;6;9.608;42;-240;237.976;12.4074;35.7072;-0.0892;0.1511;1.00E-12;2.0489;2010.9
ENVI;7;6;9.608;42;-241;238.967;12.3992;35.7064;-0.0889;0.1419;1.00E-12;2.0484;2008.5
ENVI;7;6;9.608;42;-242;239.958;12.396;35.7061;-0.0933;0.1481;1.00E-12;2.0478;2007
ENVI;7;6;9.608;42;-243;240.949;12.3931;35.7056;-0.1021;0.1542;1.00E-12;2.0466;2007.9
ENVI;7;6;9.608;42;-244;241.94;12.3893;35.7052;-0.1093;0.1606;1.00E-12;2.0461;2010.4
ENVI;7;6;9.608;42;-245;242.931;12.3903;35.7051;-0.0892;0.1548;1.00E-12;2.0454;2015.6
ENVI;7;6;9.608;42;-246;243.922;12.3873;35.7042;-0.104;0.1342;1.00E-12;2.0456;2024.8
ENVI;7;6;9.608;42;-247;244.913;12.3758;35.7035;-0.0853;0.1675;1.00E-12;2.0463;2008.7
ENVI;7;6;9.608;42;-248;245.904;12.3753;35.7032;-0.0853;0.1514;1.00E-12;2.046;2009.4
ENVI;7;6;9.608;42;-249;246.895;12.3691;35.7025;-0.0895;0.1415;1.00E-12;2.0451;2017.5
ENVI;7;6;9.608;42;-250;247.886;12.3692;35.7024;-0.0953;0.148;1.00E-12;2.0447;2029.3
ENVI;7;6;9.608;42;-251;248.877;12.3701;35.7024;-0.0963;0.1516;1.00E-12;2.0438;2037.1
ENVI;7;6;9.608;42;-252;249.868;12.3695;35.702;-0.0954;0.1328;1.00E-12;2.0434;2024.2
ENVI;7;6;9.608;42;-253;250.859;12.3663;35.7018;-0.1064;0.1368;1.00E-12;2.0438;2008.1
ENVI;7;6;9.608;42;-254;251.85;12.3638;35.7013;-0.0933;0.1421;1.00E-12;2.0435;2001.5
ENVI;7;6;9.608;42;-255;252.84;12.3586;35.7007;-0.1059;0.1508;1.00E-12;2.0431;2002.1
ENVI;7;6;9.608;42;-256;253.832;12.3546;35.7001;-0.1095;0.1545;1.00E-12;2.0431;2009.4
ENVI;7;6;9.608;42;-257;254.822;12.3356;35.6982;-0.0942;0.1602;1.00E-12;2.0426;2014.8
ENVI;7;6;9.608;42;-258;255.813;12.3292;35.6977;-0.0962;0.1485;1.00E-12;2.0422;2019.4
ENVI;7;6;9.608;42;-259;256.804;12.3304;35.6975;-0.0936;0.1456;1.00E-12;2.0414;2022.2
ENVI;7;6;9.608;42;-260;257.795;12.3362;35.6976;-0.09;0.1502;1.00E-12;2.0424;2030.4
ENVI;7;6;9.608;42;-261;258.786;12.3307;35.6968;-0.091;0.1449;1.00E-12;2.0414;2021.5
ENVI;7;6;9.608;42;-262;259.777;12.3295;35.6964;-0.0896;0.1473;1.00E-12;2.0426;2002
ENVI;7;61;9.708;42;-7;6.945;14.0722;35.821;1.4786;0.2301;30.693;2.4546;141.66
ENVI;7;61;9.708;42;-8;7.937;14.0678;35.804;1.5032;0.2311;25.723;2.4479;141.65
ENVI;7;61;9.708;42;-9;8.929;14.069;35.8044;1.4646;0.2274;22.518;2.4478;140.99
ENVI;7;61;9.708;42;-10;9.921;14.0705;35.8047;1.4978;0.2496;21.005;2.4478;139.61
ENVI;7;61;9.708;42;-11;10.913;14.0702;35.8045;1.4358;0.2485;19.878;2.4473;139.65
ENVI;7;61;9.708;42;-12;11.905;14.07;35.8045;1.4342;0.2423;17.624;2.4473;140.96
ENVI;7;61;9.708;42;-13;12.898;14.0713;35.8048;1.5175;0.2447;15.744;2.4467;142.95
ENVI;7;61;9.708;42;-14;13.89;14.0703;35.8045;1.494;0.2392;14.37;2.4464;143.68
ENVI;7;61;9.708;42;-15;14.882;14.0742;35.8054;1.4319;0.2398;13.367;2.446;143.64
ENVI;7;61;9.708;42;-16;15.874;14.0723;35.8048;1.5202;0.2451;12.314;2.4458;143.49
ENVI;7;61;9.708;42;-17;16.866;14.0695;35.804;1.517;0.2351;10.917;2.4451;141
ENVI;7;61;9.708;42;-18;17.858;14.0735;35.805;1.5;0.2484;10.218;2.4444;139.73
ENVI;7;61;9.708;42;-19;18.85;14.0745;35.8051;1.5316;0.2507;9.3404;2.4433;139.84
ENVI;7;61;9.708;42;-20;19.842;14.0736;35.8046;1.5486;0.2551;8.9128;2.4436;141.7
ENVI;7;61;9.708;42;-21;20.834;14.0735;35.8046;1.5508;0.233;8.4237;2.444;143.67
ENVI;7;61;9.708;42;-22;21.826;14.0729;35.8045;1.4976;0.2354;7.8206;2.444;143.64
ENVI;7;61;9.708;42;-23;22.818;14.0722;35.8045;1.5015;0.2445;7.093;2.4432;143.64
ENVI;7;61;9.708;42;-24;23.81;14.072;35.8045;1.5207;0.2403;6.5342;2.443;143.64
ENVI;7;61;9.708;42;-25;24.802;14.0739;35.8048;1.5191;0.2301;6.1842;2.4429;143.17
ENVI;7;61;9.708;42;-26;25.794;14.0734;35.8048;1.4272;0.2303;5.8141;2.442;141.58
ENVI;7;61;9.708;42;-27;26.786;14.0754;35.8051;1.48;0.2425;5.4747;2.4417;141.65
ENVI;7;61;9.708;42;-28;27.778;14.0769;35.8055;1.59;0.2409;5.0646;2.4411;141.65
ENVI;7;61;9.708;42;-29;28.77;14.078;35.8063;1.5922;0.2464;4.647;2.4417;142.61
ENVI;7;61;9.708;42;-30;29.762;14.0723;35.8063;1.5897;0.2461;4.3476;2.4421;143.65
ENVI;7;61;9.708;42;-31;30.754;14.0726;35.8062;1.5569;0.2464;4.1377;2.442;142.95
ENVI;7;61;9.708;42;-32;31.746;14.0707;35.8061;1.5251;0.248;3.9163;2.4418;142.95
ENVI;7;61;9.708;42;-33;32.738;14.066;35.8057;1.5681;0.2542;3.6431;2.441;143.65
ENVI;7;61;9.708;42;-34;33.73;14.0675;35.8058;1.6424;0.2573;3.3545;2.4403;144.23
ENVI;7;61;9.708;42;-35;34.722;14.0653;35.8055;1.6008;0.2356;3.0161;2.4371;142.76
ENVI;7;61;9.708;42;-36;35.714;14.0686;35.8058;1.6444;0.2313;2.835;2.4359;141.67
ENVI;7;61;9.708;42;-37;36.706;14.0671;35.8058;1.6232;0.2514;2.6888;2.4359;141.65
ENVI;7;61;9.708;42;-38;37.698;14.0707;35.8061;1.5357;0.258;2.5515;2.4355;141.65
ENVI;7;61;9.708;42;-39;38.69;14.0719;35.8063;1.57;0.2471;2.3972;2.4363;141.65
ENVI;7;61;9.708;42;-40;39.682;14.0722;35.8062;1.5803;0.2524;2.2306;2.4356;143.45
ENVI;7;61;9.708;42;-41;40.674;14.0722;35.8063;1.54;0.2618;2.0541;2.4351;144.09
ENVI;7;61;9.708;42;-42;41.666;14.0722;35.8059;1.5636;0.2287;1.8409;2.4354;144.98
ENVI;7;61;9.708;42;-43;42.658;14.072;35.8061;1.5479;0.2383;1.734;2.4355;141.51
ENVI;7;61;9.708;42;-44;43.65;14.0729;35.8064;1.5679;0.2475;1.6188;2.4348;141.65
ENVI;7;61;9.708;42;-45;44.641;14.0739;35.8066;1.5448;0.2439;1.5144;2.4344;143.07
ENVI;7;61;9.708;42;-46;45.634;14.0721;35.8065;1.5978;0.2374;1.4213;2.434;143.64
ENVI;7;61;9.708;42;-47;46.625;14.0672;35.8059;1.4227;0.2388;1.3117;2.4329;143.64
ENVI;7;61;9.708;42;-48;47.617;14.0616;35.805;1.4947;0.2318;1.2177;2.4314;143.64
ENVI;7;61;9.708;42;-49;48.609;14.0619;35.8052;1.4136;0.2323;1.1414;2.4301;143.64
ENVI;7;61;9.708;42;-50;49.601;14.0618;35.8051;1.4433;0.2517;1.0681;2.4293;143.64
ENVI;7;61;9.708;42;-51;50.593;14.0616;35.805;1.5062;0.2668;0.99173;2.4277;144.94
ENVI;7;61;9.708;42;-52;51.585;14.0621;35.805;1.4823;0.2806;0.92054;2.4268;144.93
ENVI;7;61;9.708;42;-53;52.577;14.063;35.8051;1.396;0.2447;0.85704;2.4275;143.55
ENVI;7;61;9.708;42;-54;53.569;14.0627;35.8051;1.4262;0.2439;0.80131;2.4274;143.64
ENVI;7;61;9.708;42;-55;54.561;14.0632;35.8053;1.4525;0.255;0.74768;2.4269;143.64
ENVI;7;61;9.708;42;-56;55.553;14.0625;35.805;1.4235;0.2599;0.68845;2.4259;143.64
ENVI;7;61;9.708;42;-57;56.544;14.0641;35.8052;1.457;0.2319;0.63806;2.4256;145.51
ENVI;7;61;9.708;42;-58;57.536;14.0652;35.8055;1.9178;0.2312;0.59746;2.4256;144.85
ENVI;7;61;9.708;42;-59;58.528;14.0651;35.8055;1.4107;0.2256;0.56303;2.4253;143.46
ENVI;7;61;9.708;42;-60;59.52;14.0658;35.8056;1.3833;0.2326;0.52359;2.4247;143.47
ENVI;7;61;9.708;42;-61;60.512;14.0654;35.8055;1.4345;0.2395;0.48862;2.4244;143.83
ENVI;7;61;9.708;42;-62;61.504;14.065;35.8053;1.5722;0.2423;0.44622;2.4242;144.9
ENVI;7;61;9.708;42;-63;62.496;14.0648;35.8054;1.4694;0.2149;0.41171;2.4247;143.57
ENVI;7;61;9.708;42;-64;63.488;14.0643;35.8054;1.4602;0.2286;0.37591;2.4242;143.86
ENVI;7;61;9.708;42;-65;64.479;14.0649;35.8052;1.4511;0.2358;0.34778;2.4236;145.51
ENVI;7;61;9.708;42;-66;65.471;14.0647;35.805;1.4175;0.2247;0.32914;2.4218;145.66
ENVI;7;61;9.708;42;-67;66.463;14.0641;35.8052;1.5554;0.2808;0.30906;2.4223;145.64
ENVI;7;61;9.708;42;-68;67.455;14.0644;35.8051;1.4668;0.2629;0.28383;2.422;145.64
ENVI;7;61;9.708;42;-69;68.447;14.0646;35.805;1.3694;0.2332;0.25783;2.4214;145.2
ENVI;7;61;9.708;42;-70;69.438;14.0641;35.8046;1.3826;0.23;0.23536;2.4204;146.21
ENVI;7;61;9.708;42;-71;70.43;14.0636;35.8049;1.366;0.2315;0.21711;2.4215;145.45
ENVI;7;61;9.708;42;-72;71.422;14.0606;35.8042;1.3828;0.2311;0.20049;2.4213;143.74
ENVI;7;61;9.708;42;-73;72.414;14.0618;35.8044;1.4226;0.2359;0.18722;2.4209;144.8
ENVI;7;61;9.708;42;-74;73.405;14.062;35.8045;1.3834;0.2349;0.17153;2.42;145.65
ENVI;7;61;9.708;42;-75;74.397;14.0607;35.8043;1.429;0.2384;0.1585;2.4198;145.64
ENVI;7;61;9.708;42;-76;75.389;14.0605;35.8041;1.4215;0.2358;0.14318;2.4184;146.86
ENVI;7;61;9.708;42;-77;76.381;14.0608;35.804;1.3557;0.2351;0.12284;2.418;146.55
ENVI;7;61;9.708;42;-78;77.373;14.0588;35.8036;1.292;0.2252;0.11148;2.418;145.65
ENVI;7;61;9.708;42;-79;78.364;14.0592;35.8036;1.3623;0.2234;0.10381;2.4178;145.64
ENVI;7;61;9.708;42;-80;79.356;14.0551;35.8028;1.4253;0.2282;0.095285;2.4173;145.64
ENVI;7;61;9.708;42;-81;80.348;14.0563;35.8029;1.3681;0.2365;0.088262;2.4164;145.64
ENVI;7;61;9.708;42;-82;81.34;14.0556;35.8028;1.2938;0.2455;0.078402;2.4156;146.92
ENVI;7;61;9.708;42;-83;82.331;14.0563;35.8028;1.4043;0.2236;0.071076;2.4145;147.54
ENVI;7;61;9.708;42;-84;83.323;14.0576;35.8031;1.328;0.2167;0.061775;2.4146;147.03
ENVI;7;61;9.708;42;-85;84.315;14.0524;35.8021;1.3352;0.217;0.054068;2.4143;145.62
ENVI;7;61;9.708;42;-86;85.307;14.0505;35.8014;1.2869;0.23;0.045694;2.414;145.64
ENVI;7;61;9.708;42;-87;86.298;14.0514;35.8016;1.3241;0.2326;0.040968;2.4128;146.87
ENVI;7;61;9.708;42;-88;87.29;14.0548;35.8021;1.5194;0.2189;0.038345;2.4117;147.69
ENVI;7;61;9.708;42;-89;88.282;14.0582;35.8031;1.3386;0.2341;0.034583;2.4125;147.63
ENVI;7;61;9.708;42;-90;89.274;14.0569;35.8026;1.3571;0.2381;0.028543;2.4126;146.08
ENVI;7;61;9.708;42;-91;90.265;14.0463;35.8004;1.2735;0.2273;0.026202;2.4124;146.79
ENVI;7;61;9.708;42;-92;91.257;14.0464;35.8006;1.2229;0.2364;0.020016;2.4112;147.56
ENVI;7;61;9.708;42;-93;92.249;14.0471;35.8003;1.557;0.2091;0.011674;2.4089;147.66
ENVI;7;61;9.708;42;-94;93.24;14.0486;35.8008;1.3386;0.2064;0.00904;2.4097;147.63
ENVI;7;61;9.708;42;-95;94.232;14.0475;35.8005;1.2908;0.2205;0.0054463;2.4084;147.63
ENVI;7;61;9.708;42;-96;95.224;14.0482;35.801;1.2454;0.2443;0.0014467;2.4075;147.63
ENVI;7;61;9.708;42;-97;96.215;14.0528;35.8015;1.239;0.2446;0.00021408;2.4067;147.53
ENVI;7;61;9.708;42;-98;97.207;14.0526;35.8015;1.2491;0.2325;1.90E-06;2.4067;147.63
ENVI;7;61;9.708;42;-99;98.199;14.0527;35.8014;1.4086;0.2278;1.00E-12;2.4065;147.91
ENVI;7;61;9.708;42;-100;99.19;14.0526;35.8016;1.5968;0.216;1.00E-12;2.4076;147.6
ENVI;7;61;9.708;42;-101;100.182;14.0532;35.8016;1.4086;0.223;1.00E-12;2.4078;147.71
ENVI;7;61;9.708;42;-102;101.174;14.0462;35.7999;1.2839;0.2284;1.00E-12;2.4076;147.71
ENVI;7;61;9.708;42;-103;102.165;14.0313;35.797;1.148;0.2329;1.00E-12;2.4065;147.63
ENVI;7;61;9.708;42;-104;103.157;14.034;35.7972;0.9788;0.2211;1.00E-12;2.4053;147.63
ENVI;7;61;9.708;42;-105;104.149;14.0347;35.7972;0.9555;0.2178;1.00E-12;2.404;147.63
ENVI;7;61;9.708;42;-106;105.14;14.0256;35.7951;0.9351;0.2146;1.00E-12;2.4022;147.63
ENVI;7;61;9.708;42;-107;106.132;14.0121;35.7916;0.7368;0.2027;1.00E-12;2.4007;148.64
ENVI;7;61;9.708;42;-108;107.123;14.0005;35.7898;0.6353;0.1924;1.00E-12;2.3994;149.56
ENVI;7;61;9.708;42;-109;108.115;14.0006;35.7893;0.8768;0.2158;1.00E-12;2.3955;149.63
ENVI;7;61;9.708;42;-110;109.107;14.0002;35.7891;1.1255;0.2212;1.00E-12;2.3913;149.63
ENVI;7;61;9.708;42;-111;110.098;13.9992;35.789;0.8336;0.2122;1.00E-12;2.3896;149.54
ENVI;7;61;9.708;42;-112;111.09;14.0005;35.789;0.6841;0.1965;1.00E-12;2.3884;147.61
ENVI;7;61;9.708;42;-113;112.082;13.9996;35.7891;0.6857;0.1951;1.00E-12;2.3873;147.63
ENVI;7;61;9.708;42;-114;113.073;13.9957;35.788;0.6869;0.1905;1.00E-12;2.386;147.63
ENVI;7;61;9.708;42;-115;114.065;13.9932;35.7875;0.6218;0.1966;1.00E-12;2.3852;147.63
ENVI;7;61;9.708;42;-116;115.056;13.9902;35.7869;0.5696;0.1919;1.00E-12;2.3838;148.59
ENVI;7;61;9.708;42;-117;116.048;13.9894;35.7866;0.5018;0.1845;1.00E-12;2.3828;149.59
ENVI;7;61;9.708;42;-118;117.04;13.9896;35.7867;0.4622;0.1752;1.00E-12;2.382;149.63
ENVI;7;61;9.708;42;-119;118.031;13.9919;35.7876;0.5347;0.186;1.00E-12;2.3814;149.63
ENVI;7;61;9.708;42;-120;119.023;13.9913;35.787;0.5228;0.1859;1.00E-12;2.3805;149.63
ENVI;7;61;9.708;42;-121;120.014;14.011;35.7936;0.5313;0.1779;1.00E-12;2.3789;149.63
ENVI;7;61;9.708;42;-122;121.006;13.9971;35.7921;0.4833;0.1935;1.00E-12;2.3795;149.63
ENVI;7;61;9.708;42;-123;121.997;13.9905;35.7918;0.4549;0.1929;1.00E-12;2.3791;149.63
ENVI;7;61;9.708;42;-124;122.989;13.9741;35.7891;0.4312;0.1864;1.00E-12;2.3773;149.63
ENVI;7;61;9.708;42;-125;123.98;13.9509;35.788;0.4139;0.1788;1.00E-12;2.3754;149.63
ENVI;7;61;9.708;42;-126;124.972;13.9325;35.7879;0.3547;0.1847;1.00E-12;2.3733;149.63
ENVI;7;61;9.708;42;-127;125.963;13.9218;35.7869;0.3163;0.1898;1.00E-12;2.3706;149.63
ENVI;7;61;9.708;42;-128;126.955;13.9096;35.786;0.3163;0.1869;1.00E-12;2.3672;149.63
ENVI;7;61;9.708;42;-129;127.947;13.8991;35.7859;0.313;0.1966;1.00E-12;2.3631;149.86
ENVI;7;61;9.708;42;-130;128.938;13.8952;35.7864;0.2973;0.22;1.00E-12;2.3595;151.38
ENVI;7;61;9.708;42;-131;129.93;13.895;35.786;0.3259;0.1929;1.00E-12;2.3544;151.58
ENVI;7;61;9.708;42;-132;130.921;13.8928;35.7866;0.3062;0.1861;1.00E-12;2.3512;149.56
ENVI;7;61;9.708;42;-133;131.913;13.8901;35.7884;0.3167;0.1895;1.00E-12;2.351;148.94
ENVI;7;61;9.708;42;-134;132.904;13.8777;35.794;0.3196;0.1846;1.00E-12;2.35;147.65
ENVI;7;61;9.708;42;-135;133.896;13.8545;35.7992;0.2964;0.1783;1.00E-12;2.3484;147.63
ENVI;7;61;9.708;42;-136;134.887;13.8044;35.8013;0.265;0.1855;1.00E-12;2.3465;148.02
ENVI;7;61;9.708;42;-137;135.879;13.6303;35.8029;0.2024;0.1961;1.00E-12;2.3426;149.55
ENVI;7;61;9.708;42;-138;136.87;13.444;35.793;0.0948;0.197;1.00E-12;2.3333;150.93
ENVI;7;61;9.708;42;-139;137.862;13.3863;35.7885;0.0531;0.191;1.00E-12;2.3185;151.61
ENVI;7;61;9.708;42;-140;138.853;13.3685;35.7838;0.0254;0.1851;1.00E-12;2.2936;151.62
ENVI;7;61;9.708;42;-141;139.845;13.3534;35.7789;0.0335;0.173;1.00E-12;2.2527;151.62
ENVI;7;61;9.708;42;-142;140.836;13.3233;35.7745;0.0317;0.1833;1.00E-12;2.2366;150.5
ENVI;7;61;9.708;42;-143;141.827;13.3119;35.7726;0.0131;0.1845;1.00E-12;2.2317;149.63
ENVI;7;61;9.708;42;-144;142.819;13.3106;35.7719;-0.0011;0.1849;1.00E-12;2.2279;149.63
ENVI;7;61;9.708;42;-145;143.81;13.3038;35.7707;-0.0038;0.1968;1.00E-12;2.2244;150.72
ENVI;7;61;9.708;42;-146;144.802;13.2898;35.7695;-0.0102;0.1865;1.00E-12;2.2212;151.58
ENVI;7;61;9.708;42;-147;145.793;13.2713;35.7679;-0.0179;0.1731;1.00E-12;2.2181;151.62
ENVI;7;61;9.708;42;-148;146.785;13.2368;35.7652;-0.0383;0.1776;1.00E-12;2.2148;151.62
ENVI;7;61;9.708;42;-149;147.776;13.1122;35.7593;-0.0331;0.1784;1.00E-12;2.2112;151.62
ENVI;7;61;9.708;42;-150;148.767;13.018;35.7559;-0.0395;0.1792;1.00E-12;2.2035;151.62
ENVI;7;61;9.708;42;-151;149.759;12.9736;35.7504;-0.0616;0.1697;1.00E-12;2.1908;151.62
ENVI;7;61;9.708;42;-152;150.75;12.9612;35.749;-0.0638;0.1673;1.00E-12;2.185;151.62
ENVI;7;61;9.708;42;-153;151.742;12.9452;35.7478;-0.0637;0.1662;1.00E-12;2.1803;151.11
ENVI;7;61;9.708;42;-154;152.733;12.9323;35.7467;-0.0686;0.1746;1.00E-12;2.1766;150.53
ENVI;7;61;9.708;42;-155;153.725;12.92;35.7461;-0.0664;0.1786;1.00E-12;2.174;151.56
ENVI;7;61;9.708;42;-156;154.716;12.9138;35.7459;-0.0661;0.1781;1.00E-12;2.1718;151.62
ENVI;7;61;9.708;42;-157;155.707;12.9092;35.7458;-0.072;0.1726;1.00E-12;2.1701;151.62
ENVI;7;61;9.708;42;-158;156.699;12.9054;35.7461;-0.0746;0.1727;1.00E-12;2.1681;151.62
ENVI;7;61;9.708;42;-159;157.69;12.9035;35.7462;-0.0759;0.1723;1.00E-12;2.1665;152.13
ENVI;7;61;9.708;42;-160;158.681;12.9016;35.7465;-0.0826;0.1725;1.00E-12;2.1648;153.2
ENVI;7;61;9.708;42;-161;159.673;12.901;35.7461;-0.0714;0.1671;1.00E-12;2.1622;151.88
ENVI;7;61;9.708;42;-162;160.664;12.8893;35.7463;-0.0722;0.1601;1.00E-12;2.1609;152.07
ENVI;7;61;9.708;42;-163;161.656;12.8588;35.7437;-0.0682;0.176;1.00E-12;2.1601;152.22
ENVI;7;61;9.708;42;-164;162.647;12.8128;35.7393;-0.0756;0.1802;1.00E-12;2.1584;152.82
ENVI;7;61;9.708;42;-165;163.638;12.7455;35.7356;-0.0815;0.1757;1.00E-12;2.1549;153.55
ENVI;7;61;9.708;42;-166;164.63;12.6694;35.7285;-0.0842;0.1776;1.00E-12;2.1495;153.62
ENVI;7;61;9.708;42;-167;165.621;12.6614;35.7271;-0.0848;0.1662;1.00E-12;2.1474;152.92
ENVI;7;61;9.708;42;-168;166.612;12.6565;35.7261;-0.0848;0.1719;1.00E-12;2.1457;151.88
ENVI;7;61;9.708;42;-169;167.604;12.6518;35.7255;-0.0874;0.1723;1.00E-12;2.1439;151.62
ENVI;7;61;9.708;42;-170;168.595;12.6466;35.7247;-0.0858;0.1723;1.00E-12;2.1423;152.01
ENVI;7;61;9.708;42;-171;169.586;12.6293;35.7225;-0.0848;0.1635;1.00E-12;2.1406;153.61
ENVI;7;61;9.708;42;-172;170.578;12.6155;35.7209;-0.0848;0.1719;1.00E-12;2.1388;153.62
ENVI;7;61;9.708;42;-173;171.569;12.6084;35.7196;-0.0853;0.1682;1.00E-12;2.1378;153.92
ENVI;7;61;9.708;42;-174;172.56;12.601;35.7186;-0.0843;0.1662;1.00E-12;2.138;153.7
ENVI;7;61;9.708;42;-175;173.552;12.5984;35.7178;-0.0851;0.1617;1.00E-12;2.1378;153.62
ENVI;7;61;9.708;42;-176;174.543;12.5918;35.7172;-0.086;0.163;1.00E-12;2.1377;154.46
ENVI;7;61;9.708;42;-177;175.534;12.5821;35.7154;-0.0851;0.1729;1.00E-12;2.1373;155.49
ENVI;7;61;9.708;42;-178;176.525;12.5692;35.7141;-0.0883;0.162;1.00E-12;2.1359;155.45
ENVI;7;61;9.708;42;-179;177.517;12.5288;35.7098;-0.0835;0.1501;1.00E-12;2.1364;153.49
ENVI;7;61;9.708;42;-180;178.508;12.5154;35.7082;-0.0843;0.1602;1.00E-12;2.1355;153.62
ENVI;7;61;9.708;42;-181;179.499;12.4963;35.7056;-0.0855;0.1831;1.00E-12;2.135;153.62
ENVI;7;61;9.708;42;-182;180.491;12.4732;35.7036;-0.0848;0.1822;1.00E-12;2.1344;153.62
ENVI;7;61;9.708;42;-183;181.482;12.4634;35.7024;-0.0839;0.1789;1.00E-12;2.1331;153.62
ENVI;7;61;9.708;42;-184;182.473;12.455;35.7013;-0.0773;0.188;1.00E-12;2.1329;153.62
ENVI;7;61;9.708;42;-185;183.464;12.4477;35.7001;-0.082;0.1701;1.00E-12;2.132;155.47
ENVI;7;61;9.708;42;-186;184.456;12.445;35.6993;-0.0943;0.1684;1.00E-12;2.1324;155.61
ENVI;7;61;9.708;42;-187;185.447;12.4401;35.6989;-0.0901;0.1659;1.00E-12;2.132;155.61
ENVI;7;61;9.708;42;-188;186.438;12.4415;35.6992;-0.0846;0.1624;1.00E-12;2.1319;155.61
ENVI;7;61;9.708;42;-189;187.43;12.4425;35.6991;-0.0831;0.1662;1.00E-12;2.1321;155.61
ENVI;7;61;9.708;42;-190;188.421;12.4416;35.6992;-0.0948;0.1735;1.00E-12;2.1321;155.61
ENVI;7;61;9.708;42;-191;189.411;12.4396;35.6994;-0.0908;0.1738;1.00E-12;2.1313;155.61
ENVI;7;61;9.708;42;-192;190.403;12.4397;35.6994;-0.0838;0.1727;1.00E-12;2.1307;155.61
ENVI;7;61;9.708;42;-193;191.394;12.4399;35.6994;-0.0847;0.1667;1.00E-12;2.1294;155.61
ENVI;7;61;9.708;42;-194;192.386;12.4397;35.6993;-0.0894;0.1843;1.00E-12;2.1285;155.61
ENVI;7;61;9.708;42;-195;193.377;12.4401;35.699;-0.0871;0.1708;1.00E-12;2.1265;156.81
ENVI;7;61;9.708;42;-196;194.368;12.4378;35.6981;-0.0845;0.1372;1.00E-12;2.1255;156.49
ENVI;7;61;9.708;42;-197;195.359;12.4066;35.695;-0.0835;0.1563;1.00E-12;2.1257;155.6
ENVI;7;61;9.708;42;-198;196.35;12.3895;35.6937;-0.0863;0.1677;1.00E-12;2.1254;155.61
ENVI;7;61;9.708;42;-199;197.342;12.3787;35.6924;-0.0948;0.1786;1.00E-12;2.1243;155.61
ENVI;7;61;9.708;42;-200;198.333;12.3779;35.6922;-0.0939;0.1752;1.00E-12;2.1238;155.61
ENVI;7;61;9.708;42;-201;199.324;12.3573;35.6892;-0.0954;0.1727;1.00E-12;2.1229;155.85
ENVI;7;61;9.708;42;-202;200.315;12.3365;35.6879;-0.0946;0.191;1.00E-12;2.1228;157.14
ENVI;7;61;9.708;42;-203;201.306;12.329;35.687;-0.0907;0.1813;1.00E-12;2.1218;157.61
ENVI;7;61;9.708;42;-204;202.297;12.3226;35.6864;-0.0855;0.1723;1.00E-12;2.1213;157.61
ENVI;7;61;9.708;42;-205;203.289;12.3126;35.6854;-0.0942;0.16;1.00E-12;2.1209;158.34
ENVI;7;61;9.708;42;-206;204.28;12.3204;35.6854;-0.088;0.1493;1.00E-12;2.1203;158.87
ENVI;7;61;9.708;42;-207;205.271;12.3187;35.6842;-0.0852;0.1416;1.00E-12;2.1214;155.89
ENVI;7;61;9.708;42;-208;206.262;12.2896;35.6823;-0.1064;0.1585;1.00E-12;2.1212;155.61
ENVI;7;61;9.708;42;-209;207.253;12.2812;35.6818;-0.1025;0.1601;1.00E-12;2.1202;155.61
ENVI;7;61;9.708;42;-210;208.245;12.2799;35.6813;-0.0952;0.1601;1.00E-12;2.1193;155.61
ENVI;7;61;9.708;42;-211;209.236;12.2754;35.6808;-0.0939;0.1659;1.00E-12;2.118;157.39
ENVI;7;61;9.708;42;-212;210.227;12.2651;35.6796;-0.0939;0.1595;1.00E-12;2.1169;157.61
ENVI;7;61;9.708;42;-213;211.218;12.2592;35.679;-0.0919;0.1516;1.00E-12;2.116;157.72
ENVI;7;61;9.708;42;-214;212.209;12.2548;35.6783;-0.0847;0.1415;1.00E-12;2.1156;159.33
ENVI;7;61;9.708;42;-215;213.2;12.2554;35.6779;-0.0846;0.1472;1.00E-12;2.1151;159.61
ENVI;7;61;9.708;42;-216;214.191;12.2492;35.6776;-0.0878;0.1483;1.00E-12;2.1147;160.17
ENVI;7;61;9.708;42;-217;215.182;12.2472;35.6777;-0.0902;0.1489;1.00E-12;2.1148;161.33
ENVI;7;61;9.708;42;-218;216.173;12.2411;35.677;-0.0938;0.1457;1.00E-12;2.1144;159.25
ENVI;7;61;9.708;42;-219;217.164;12.2199;35.6766;-0.0851;0.1531;1.00E-12;2.1133;157.62
ENVI;7;61;9.708;42;-220;218.155;12.2203;35.6765;-0.0849;0.1623;1.00E-12;2.1118;157.61
ENVI;7;61;9.708;42;-221;219.146;12.2226;35.6765;-0.0894;0.1662;1.00E-12;2.1098;157.61
ENVI;7;61;9.708;42;-222;220.137;12.2202;35.6757;-0.0938;0.1666;1.00E-12;2.1083;158.1
ENVI;7;61;9.708;42;-223;221.129;12.1975;35.6739;-0.0939;0.161;1.00E-12;2.1072;159.45
ENVI;7;61;9.708;42;-224;222.12;12.1847;35.673;-0.0939;0.1558;1.00E-12;2.1063;159.6
ENVI;7;61;9.708;42;-225;223.111;12.1803;35.6725;-0.0947;0.148;1.00E-12;2.1052;160.84
ENVI;7;61;9.708;42;-226;224.102;12.1758;35.6719;-0.0851;0.1531;1.00E-12;2.1042;161.63
ENVI;7;61;9.708;42;-227;225.093;12.1745;35.6717;-0.0844;0.1568;1.00E-12;2.1031;161.6
ENVI;7;61;9.708;42;-228;226.084;12.1731;35.6713;-0.0863;0.1501;1.00E-12;2.101;163.02
ENVI;7;61;9.708;42;-229;227.075;12.1688;35.6706;-0.0934;0.1473;1.00E-12;2.0997;162.46
ENVI;7;61;9.708;42;-230;228.066;12.1651;35.6701;-0.0944;0.1479;1.00E-12;2.0991;161.46
ENVI;7;61;9.708;42;-231;229.057;12.1639;35.67;-0.0945;0.1482;1.00E-12;2.0985;161.07
ENVI;7;61;9.708;42;-232;230.048;12.1616;35.6697;-0.0961;0.1479;1.00E-12;2.0979;161.6
ENVI;7;61;9.708;42;-233;231.039;12.1592;35.6693;-0.0993;0.151;1.00E-12;2.0971;161.6
ENVI;7;61;9.708;42;-234;232.03;12.1477;35.6683;-0.0938;0.154;1.00E-12;2.0961;161.6
ENVI;7;61;9.708;42;-235;233.021;12.1327;35.667;-0.0822;0.154;1.00E-12;2.0954;161.6
ENVI;7;61;9.708;42;-236;234.012;12.1247;35.6664;-0.0987;0.1499;1.00E-12;2.0947;162.16
ENVI;7;61;9.708;42;-237;235.003;12.122;35.6659;-0.1046;0.1479;1.00E-12;2.094;163.56
ENVI;7;61;9.708;42;-238;235.994;12.1185;35.6653;-0.0958;0.1479;1.00E-12;2.0937;163.59
ENVI;7;61;9.708;42;-239;236.985;12.1134;35.6647;-0.0949;0.1432;1.00E-12;2.0928;164.64
ENVI;7;61;9.708;42;-240;237.976;12.108;35.664;-0.089;0.1474;1.00E-12;2.0916;165.59
ENVI;7;61;9.708;42;-241;238.967;12.1026;35.6633;-0.102;0.1568;1.00E-12;2.0909;165.08
ENVI;7;61;9.708;42;-242;239.958;12.0993;35.6628;-0.0934;0.1503;1.00E-12;2.0902;163.62
ENVI;7;61;9.708;42;-243;240.949;12.0947;35.6624;-0.0838;0.1476;1.00E-12;2.0898;163.59
ENVI;7;61;9.708;42;-244;241.94;12.0906;35.6621;-0.081;0.1479;1.00E-12;2.0892;163.48
ENVI;7;61;9.708;42;-245;242.931;12.0738;35.6607;-0.0926;0.1479;1.00E-12;2.0884;163.59
ENVI;7;61;9.708;42;-246;243.922;12.0608;35.6594;-0.0939;0.15;1.00E-12;2.0873;163.59
ENVI;7;61;9.708;42;-247;244.913;12.0433;35.6577;-0.0952;0.1538;1.00E-12;2.0862;163.59
ENVI;7;61;9.708;42;-248;245.904;12.0308;35.6563;-0.0918;0.1591;1.00E-12;2.0854;165.01
ENVI;7;61;9.708;42;-249;246.895;12.0209;35.6551;-0.0939;0.155;1.00E-12;2.0843;165.58
ENVI;7;61;9.708;42;-250;247.886;12.0178;35.6547;-0.1049;0.1474;1.00E-12;2.0841;165.93
ENVI;7;61;9.708;42;-251;248.877;12.0167;35.6543;-0.0933;0.1415;1.00E-12;2.0847;167.56
ENVI;7;61;9.708;42;-252;249.868;12.0171;35.6541;-0.0943;0.1464;1.00E-12;2.086;167.58
ENVI;7;61;9.708;42;-253;250.859;12.02;35.6538;-0.095;0.1421;1.00E-12;2.0882;167.34
ENVI;7;61;9.708;42;-254;251.85;12.0139;35.6534;-0.0851;0.1437;1.00E-12;2.0896;165.53
ENVI;7;61;9.708;42;-255;252.841;12.0144;35.653;-0.093;0.1613;1.00E-12;2.0899;165.11
ENVI;7;61;9.708;42;-256;253.832;12.0152;35.6532;-0.1185;0.1201;1.00E-12;2.0903;166.39
